customer_id,tenure_days,mrr_brl,seats,logins_7d,logins_30d,feature_adoption,avg_session_min,api_calls_7d,days_since_last_login,tickets_30d,failed_pay_90d,nps_last,is_anomalous
C000108,309,2760.22,16,69,284,0.446,9.6,660,5,0,0,3.9,0
C005485,186,5468.34,16,66,251,0.397,31.8,2281,17,0,0,6.8,0
C006999,288,15897.83,11,37,127,0.779,26.4,3095,2,0,0,4.1,0
C003985,204,1294.69,16,88,347,0.799,26.4,1762,8,0,0,4.5,0
C003112,239,7069.81,8,32,130,0.747,14.7,1340,1,0,0,4.8,0
C004041,244,7533.7,18,78,327,0.703,14.0,1068,6,0,0,7.5,0
C003014,315,12157.23,13,30,113,0.658,26.1,1053,1,0,0,6.8,0
C006608,847,35447.88,11,67,234,0.376,31.2,3047,5,0,0,4.2,0
C004220,745,1838.74,17,76,311,0.63,15.1,513,1,0,0,5.6,0
C008751,271,12639.76,19,81,341,0.561,28.2,1438,1,0,0,4.8,0
C005666,382,5117.47,12,55,220,0.977,18.3,171,2,0,0,5.3,0
C009226,87,2243.36,16,78,278,0.829,35.3,1664,12,0,0,4.6,0
C008031,347,5229.57,13,65,219,0.98,14.4,1274,0,0,0,5.8,0
C009887,566,4415.69,7,25,106,0.384,28.7,2483,0,0,0,7.2,0
C001852,203,7219.68,17,83,328,0.578,25.3,706,14,0,0,5.4,0
C001124,427,8059.79,17,58,248,0.796,22.4,348,12,0,0,7.4,0
C003044,307,5206.82,21,88,362,0.622,20.5,615,4,0,0,3.6,0
C003370,314,5412.74,15,85,327,0.499,24.7,226,2,0,0,10.0,0
C006830,184,4347.69,15,66,246,0.16,20.5,718,0,0,0,4.1,0
A000960,217,5192.46,13,6,54,0.388,6.4,177,2,0,0,0.1,1
C003089,723,2657.41,11,56,207,0.547,23.1,288,9,0,0,6.9,0
C009406,323,1720.77,19,92,339,0.355,19.5,914,7,0,0,10.0,0
C009536,219,653.31,16,3,229,0.827,20.1,52,8,0,1,9.9,0
C004994,653,4737.03,14,59,229,0.783,30.2,258,0,0,0,9.3,0
C004210,411,2570.36,7,32,128,0.787,15.3,1609,1,0,1,4.9,0
A000928,469,1353.59,20,4,57,0.174,3.9,39,3,0,0,4.9,1
C006168,683,7067.64,21,78,300,0.787,23.2,3393,14,0,0,9.8,0
C004689,703,5276.58,10,32,116,0.754,29.5,2937,0,0,0,6.4,0
C006878,535,4827.77,10,50,195,0.325,14.4,1206,1,1,0,3.1,0
A000724,762,3178.07,16,0,0,0.167,8.0,53,30,2,0,4.4,1
C008413,94,2101.01,9,55,186,0.72,25.3,715,2,0,0,8.7,0
A000137,492,3511.93,14,3,58,0.09,5.8,25,26,0,1,5.2,1
A000964,202,4031.15,17,3,28,0.185,5.8,790,14,0,0,3.9,1
C009346,436,6797.87,11,54,188,0.63,28.8,1053,4,0,0,10.0,0
C002515,115,8899.78,13,59,252,0.943,25.5,955,3,0,0,7.6,0
C002909,518,2742.08,15,76,323,0.853,27.0,1112,3,1,0,7.3,0
C005939,409,3278.58,17,55,251,0.653,21.8,564,5,1,2,7.8,0
C005016,222,4693.25,12,70,248,0.53,17.3,1038,0,0,0,3.6,0
C009596,750,9721.77,25,152,561,0.692,20.3,2164,0,0,0,5.9,0
C008770,177,1840.79,9,62,215,0.538,18.8,1524,1,2,0,4.4,0
C004787,231,4983.11,14,62,230,0.803,23.0,961,0,0,0,4.3,0
C002603,132,4476.92,7,34,137,0.846,15.4,2853,1,0,0,4.0,0
C007780,283,4688.42,16,72,261,0.799,7.5,2195,12,0,0,10.0,0
C002827,262,7085.19,19,105,411,0.759,17.1,1802,3,0,0,6.9,0
C001119,597,7109.72,10,47,186,0.332,25.2,2882,0,0,0,6.8,0
C003486,558,5017.86,15,44,161,0.779,15.0,804,8,0,0,8.1,0
C002981,1145,4816.37,16,70,264,0.652,25.3,900,3,0,0,4.5,0
A000494,724,3854.37,24,22,165,0.48,8.4,148,1,0,2,5.0,1
C007720,379,1836.8,17,70,274,0.777,21.4,317,3,0,0,2.7,0
C006576,412,14336.87,17,86,373,0.634,23.6,704,0,0,0,9.1,0
C001723,332,4932.19,13,50,224,0.511,13.6,371,11,0,0,10.0,0
C007235,968,2674.64,11,50,203,0.947,23.0,3092,0,0,0,6.8,0
C008367,592,4123.54,19,110,416,0.686,18.8,1839,1,0,0,4.6,0
C003949,324,3656.46,13,68,287,0.957,25.6,664,3,0,0,6.2,0
C005494,245,3008.09,10,11,144,0.711,16.2,1037,0,0,0,5.5,0
A000722,568,10285.79,14,11,81,0.23,6.7,141,9,1,0,10.0,1
C008112,763,8527.31,12,43,186,0.876,20.4,270,1,0,0,4.3,0
C002821,603,2088.44,9,40,154,0.614,24.9,467,3,0,0,4.6,0
C005338,149,2456.01,15,75,27,0.88,29.0,1452,0,1,0,0.0,0
C005370,143,5276.59,20,138,471,0.777,28.0,12855,1,0,0,4.1,0
C004185,365,4789.76,20,101,417,0.621,27.6,1056,3,1,0,0.0,0
C009404,436,3997.13,16,94,326,0.514,14.4,2000,1,0,0,5.3,0
C009626,325,3025.66,16,74,303,0.82,19.6,589,3,0,0,8.5,0
C000304,543,5124.95,15,69,290,0.885,21.2,1102,2,0,0,3.5,0
C000034,664,9938.45,15,53,179,0.803,17.2,526,4,0,0,4.1,0
C003275,581,9655.05,17,109,387,0.586,25.0,3997,3,0,1,9.1,0
C001942,593,4569.41,13,54,224,0.464,22.4,1341,4,0,1,5.4,0
C009117,257,9563.36,25,142,527,0.811,17.9,2322,8,0,0,10.0,0
C009284,517,22603.9,19,85,344,0.87,19.1,1409,2,1,0,7.8,0
C003523,718,6100.43,20,66,247,0.469,35.2,2737,3,1,0,3.4,0
C004837,796,6733.08,13,79,284,0.6,20.5,29,3,0,0,7.3,0
C007108,207,18547.57,12,53,244,0.756,20.6,915,1,0,0,3.2,0
C000252,78,4121.81,12,47,183,0.656,19.3,1441,2,0,0,4.3,0
C009072,212,6303.48,16,61,270,0.788,8.6,199,1,0,2,2.9,0
C006900,561,12256.87,10,65,239,0.497,18.4,5025,1,0,0,3.6,0
C009734,219,5466.66,13,52,218,0.747,28.5,5774,9,2,1,8.1,0
C009441,723,7750.63,23,111,388,0.841,15.3,546,4,0,0,8.9,0
C000458,222,12165.37,14,59,266,0.51,19.8,5227,12,0,0,8.6,0
C002955,998,2281.04,18,77,300,0.759,25.3,1250,2,0,0,9.7,0
C001840,367,2814.14,14,72,311,0.839,27.2,870,2,0,0,2.6,0
C005866,459,3560.72,8,46,157,0.635,23.0,1322,4,0,0,10.0,0
C008501,704,12232.86,19,80,294,0.668,17.9,915,5,0,0,6.8,0
C009560,1090,6173.51,11,42,163,0.726,19.3,2612,2,0,1,2.6,0
C001278,528,5066.91,22,69,310,0.726,26.5,1154,4,0,0,7.2,0
C001146,1160,6738.16,18,91,338,0.856,27.2,1167,3,0,0,4.3,0
A000098,560,8224.8,19,10,145,0.226,6.7,69,0,0,1,1.4,1
C009288,347,2718.66,17,73,279,0.812,15.6,1526,13,0,1,6.1,0
C008444,402,3612.79,14,66,272,0.673,17.7,507,5,0,0,6.2,0
C009784,494,3094.23,12,55,197,0.495,26.4,718,2,0,0,9.3,0
C009957,391,872.2,15,83,333,0.279,21.5,1377,4,0,0,8.1,0
A000081,730,13463.28,16,6,91,0.041,5.6,57,18,1,2,1.8,1
C003205,101,10582.28,11,35,136,0.43,31.0,2996,0,0,0,8.4,0
C006815,235,4140.87,16,89,369,0.675,19.3,1222,0,1,1,1.1,0
C004554,134,14849.81,15,75,269,0.837,21.6,4067,17,0,0,8.3,0
C006378,304,3658.88,16,70,238,0.532,23.5,1617,1,0,0,0.0,0
C005573,356,4426.44,18,104,349,0.864,20.1,466,1,0,0,3.3,0
C001179,360,7712.04,11,61,221,0.503,30.4,788,4,0,0,6.3,0
C005033,334,4786.36,8,41,75,0.821,5.4,745,0,0,0,7.2,0
C001794,889,7789.27,16,49,176,0.838,22.8,1713,1,1,0,7.5,0
C004454,550,1226.97,10,66,223,0.477,21.7,496,1,2,0,6.6,0
C004830,1772,7859.98,13,51,206,0.641,20.8,891,3,0,1,3.1,0
C000674,1377,3145.19,13,50,220,0.813,21.3,2554,8,0,0,8.2,0
C002725,339,4574.96,8,27,110,0.616,24.9,353,24,0,0,4.7,0
C005423,490,7416.5,16,67,237,0.908,22.7,3754,4,0,0,7.5,0
C008575,286,2726.42,21,120,462,0.833,41.3,516,1,0,0,10.0,0
A000629,258,1241.24,15,5,327,0.709,7.1,50,8,2,1,1.8,1
C007710,482,3905.66,22,152,527,0.489,31.4,1187,4,0,1,6.8,0
C007075,690,6859.43,17,99,346,0.663,24.9,744,1,0,0,6.7,0
C002222,1478,3394.75,22,119,426,0.716,20.4,957,4,0,0,7.1,0
C006274,769,9841.58,15,54,226,0.721,26.9,1365,18,0,0,2.3,0
C008493,318,3266.44,15,95,353,0.735,27.6,682,2,0,0,5.3,0
A000876,755,40153.32,13,11,94,0.048,4.9,84,1,1,1,1.1,1
C004890,395,7633.84,22,124,503,0.812,24.2,462,7,0,0,3.4,0
C001624,166,4936.09,14,64,267,0.938,25.8,360,0,0,0,2.0,0
A000579,55,11635.49,12,9,96,0.099,4.4,53,15,1,0,6.7,1
C000884,409,3946.92,11,46,174,0.686,13.4,1289,0,0,0,4.0,0
C005262,361,10215.82,9,35,141,0.807,31.6,470,9,0,0,8.0,0
C001618,441,2407.64,13,73,286,0.819,33.0,1252,2,1,0,3.1,0
C002493,105,12318.81,19,84,56,0.426,17.4,1079,5,0,0,6.4,0
C008331,536,10428.94,12,63,222,0.777,18.7,194,5,0,0,6.2,0
C006927,650,7959.87,14,83,32,0.661,5.5,1726,6,0,0,8.5,0
C001502,742,18917.28,12,40,178,0.808,21.5,1445,2,0,0,3.6,0
C007865,590,10075.74,17,101,365,0.798,30.8,3665,2,0,0,7.8,0
C006166,124,6864.73,12,55,252,0.825,16.7,1460,2,0,0,3.3,0
C002019,562,4504.61,11,64,273,0.867,30.0,670,7,0,0,8.9,0
C008447,343,1932.14,14,57,237,0.443,37.7,1227,0,0,0,3.3,0
C001057,382,1615.41,14,58,207,0.919,23.5,1292,1,2,0,8.8,0
C004611,422,1225.29,12,55,226,0.877,22.4,676,6,0,0,0.0,0
C005219,689,4474.0,20,90,371,0.76,17.8,1706,1,0,0,5.6,0
C001143,273,2569.57,19,115,486,0.811,15.8,2572,4,1,0,10.0,0
C000319,991,2299.39,14,80,283,0.725,15.4,1282,0,0,0,1.6,0
C003652,320,23886.94,15,57,201,0.783,26.7,2314,1,0,0,4.7,0
C009694,698,5966.17,18,100,403,0.828,21.8,312,1,0,0,8.7,0
C006012,597,7841.83,16,49,207,0.847,25.1,602,1,0,0,7.4,0
C007220,424,3697.39,11,54,224,0.82,22.1,1446,5,1,0,6.1,0
C003422,815,5344.38,9,33,133,0.704,28.1,1038,10,0,1,3.4,0
A000661,665,2362.67,20,3,69,0.169,8.2,204,5,0,1,3.4,1
C002956,562,9808.14,18,105,384,0.742,18.3,847,0,0,1,3.5,0
C006685,641,18999.48,12,47,172,0.77,26.5,263,1,0,0,9.5,0
C006949,552,7765.0,16,63,278,0.536,17.3,1939,2,0,0,4.4,0
C001455,242,4130.4,17,70,301,0.727,14.3,495,1,0,1,5.7,0
A000565,30,1628.37,19,13,143,0.715,7.2,161,16,1,1,9.5,1
C003594,185,5959.44,12,51,195,0.482,26.7,2058,3,0,0,4.7,0
A000027,245,11883.62,16,3,29,0.213,7.7,78,14,0,2,2.6,1
C004195,784,6378.28,14,59,250,0.852,24.3,5233,1,1,1,3.9,0
C008300,355,1794.25,13,52,216,0.598,20.3,6438,0,2,0,6.7,0
C001454,452,9246.44,10,45,174,0.793,21.4,4329,2,0,0,5.9,0
C001890,298,6707.27,16,73,335,0.859,18.8,1104,1,0,0,1.5,0
C008761,411,4107.46,14,72,261,0.722,15.5,710,1,0,0,4.2,0
C003778,303,15432.66,13,39,105,0.751,6.7,285,3,0,1,10.0,0
C008036,273,6970.22,18,105,359,0.517,13.0,1733,2,0,0,8.3,0
C008115,153,1658.19,14,67,240,0.691,24.5,463,2,1,0,4.5,0
C005365,593,6870.7,21,112,391,0.93,31.5,1769,0,2,0,5.4,0
C000219,356,10127.08,12,70,282,0.823,21.1,2378,13,1,0,5.9,0
C004803,528,9327.23,15,64,274,0.677,18.8,1481,2,0,0,9.3,0
C007888,215,7607.63,9,48,172,0.938,10.8,2492,1,0,0,4.1,0
C003255,69,7467.22,17,101,359,0.837,19.3,7268,2,0,1,4.7,0
C001577,152,5811.54,17,70,258,0.655,18.6,2506,8,1,0,6.8,0
C000519,266,2300.64,11,60,250,0.834,28.4,765,10,1,1,6.8,0
C000555,215,3436.1,16,66,249,0.66,17.5,225,6,0,1,7.8,0
C002593,173,3075.37,18,79,296,0.596,13.3,1196,18,0,0,8.1,0
C002837,309,2757.78,15,42,189,0.547,18.8,1328,2,0,0,7.3,0
C001209,329,10686.01,10,44,168,0.592,27.7,1305,9,1,0,4.1,0
C004686,233,4245.94,14,73,269,0.676,19.6,645,9,0,0,7.6,0
C000915,325,5019.73,13,61,228,0.72,26.2,1447,6,0,0,4.7,0
C002250,346,2157.61,19,58,248,0.854,19.2,950,2,0,0,2.1,0
C005326,215,8795.73,18,125,440,0.815,19.8,3051,0,0,0,7.4,0
C005606,1292,7591.11,14,82,310,0.922,25.3,793,3,0,1,7.2,0
C009727,291,993.7,17,87,302,0.927,22.1,2265,0,1,0,6.7,0
A000169,382,665.26,11,5,50,0.262,8.0,34,30,1,3,5.9,1
C003544,262,1170.61,10,49,193,0.739,26.1,738,2,0,0,10.0,0
C003574,426,1831.85,15,72,264,0.87,20.2,916,3,0,0,8.3,0
C003502,308,7945.1,16,57,204,0.647,21.9,862,0,0,0,9.3,0
C002590,501,6812.12,12,53,199,0.316,4.7,166,3,0,0,3.5,0
C009479,378,17378.87,4,15,66,0.636,21.4,356,1,0,0,4.0,0
C006497,674,1536.06,10,53,197,0.671,13.4,3154,3,0,0,9.1,0
C002693,323,6902.02,11,58,242,0.978,26.7,672,1,0,0,7.0,0
C006160,680,5621.52,10,66,255,0.504,18.8,935,9,1,1,2.6,0
C006120,220,597.28,20,110,371,0.306,10.6,1472,12,0,0,5.1,0
C009045,881,2670.85,16,64,281,0.614,23.8,1746,3,0,0,8.1,0
C003707,351,3670.47,12,56,208,0.953,16.1,938,0,0,0,4.4,0
C004467,981,1576.41,15,41,183,0.878,19.4,677,3,0,0,9.2,0
C004603,1249,23160.42,14,71,239,0.643,22.3,2357,3,0,0,6.6,0
C009574,906,1750.41,15,80,284,0.708,28.2,1309,3,1,0,6.3,0
C000305,834,3165.32,15,52,224,0.764,20.2,794,3,2,0,5.6,0
C009586,631,4573.27,10,58,224,0.381,23.8,2374,1,0,1,10.0,0
C000857,132,8690.34,12,65,234,0.654,21.0,636,2,1,0,9.7,0
C004784,417,2091.24,14,90,352,0.774,28.2,189,0,0,0,8.0,0
C001689,214,19358.01,12,55,195,0.774,5.6,44,0,1,0,0.0,0
C000036,193,4939.93,18,61,274,0.902,22.3,1687,11,0,0,6.9,0
C007071,70,9968.19,18,71,310,0.877,23.5,679,18,0,0,5.2,0
C002311,502,15333.67,18,127,425,0.646,20.0,726,2,1,1,4.0,0
C003287,67,5282.78,14,65,218,0.675,28.1,3838,2,1,0,5.8,0
A000580,473,27972.75,19,33,33,0.845,6.8,131,8,0,0,4.1,1
C009075,158,1966.03,11,42,156,0.936,25.4,583,4,0,0,9.6,0
C008130,354,5094.62,9,42,167,0.698,17.7,2935,0,0,0,4.3,0
C009154,656,5159.06,17,90,370,0.948,30.9,999,3,1,0,3.9,0
C009907,317,8244.17,20,94,371,0.732,18.5,1300,4,0,1,6.0,0
C009884,274,2076.0,14,77,303,0.764,24.6,1163,0,0,0,9.5,0
A000087,431,3313.7,14,4,93,0.462,5.9,498,6,1,1,2.7,1
C006787,71,5148.36,22,98,345,0.855,19.0,767,0,0,0,6.1,0
C005432,976,7586.98,14,44,193,0.894,28.1,733,2,0,0,6.0,0
C000409,311,3580.36,7,30,131,0.504,20.8,2716,1,0,0,8.0,0
C006948,1143,5823.26,13,86,299,0.887,19.2,709,4,0,0,9.9,0
C001563,1870,3437.48,18,85,332,0.536,30.8,912,11,0,0,2.9,0
C001510,533,2548.97,18,80,307,0.423,26.9,464,5,0,0,5.3,0
C000096,297,2889.52,20,84,322,0.899,27.4,1532,0,0,0,7.4,0
C001513,359,4449.01,16,73,271,0.439,23.8,3125,8,1,1,4.3,0
C002413,838,2345.83,17,76,262,0.519,20.4,928,7,1,0,5.7,0
C004707,387,2161.09,20,104,382,0.85,28.6,228,6,1,0,1.5,0
C009648,445,2775.84,16,91,310,0.602,11.2,699,3,1,1,5.1,0
C007347,309,4421.9,18,48,195,0.731,22.7,315,1,0,0,8.2,0
C006202,373,6350.38,18,80,339,0.861,18.4,2552,0,0,0,0.0,0
A000840,1060,6079.05,21,5,50,0.143,6.6,31,1,0,0,5.6,1
C009599,893,17487.44,16,46,211,0.888,10.4,419,17,0,0,4.4,0
C004550,438,8861.68,14,84,308,0.976,26.1,1064,11,1,0,6.4,0
C001262,98,3673.49,16,75,259,0.68,18.2,480,2,0,1,4.7,0
C003881,743,1943.48,13,49,218,0.78,29.6,878,2,1,0,10.0,0
C004880,579,13381.36,11,59,248,0.577,24.2,920,6,2,0,4.8,0
C005215,612,15536.25,16,94,393,0.571,19.4,631,3,0,0,9.8,0
C009641,157,10845.1,16,81,336,0.951,23.7,561,0,0,0,6.4,0
C001480,422,4117.1,16,56,203,0.927,21.5,1093,0,0,0,4.3,0
C006614,473,9405.04,16,72,293,0.718,16.2,1621,7,0,0,8.3,0
C009584,1192,3604.58,28,87,368,0.821,26.2,2350,0,0,0,8.6,0
A000264,246,8368.6,15,10,116,0.318,3.1,39,0,0,0,6.7,1
C002110,814,3870.91,14,77,289,0.846,16.6,415,6,1,1,9.0,0
C008743,539,6230.87,12,71,273,0.724,17.8,558,4,0,0,3.9,0
C003998,215,1414.98,14,74,259,0.959,26.1,774,2,0,0,0.6,0
C000215,198,4902.2,19,91,331,0.909,25.3,885,0,0,0,4.9,0
A000756,232,8512.31,18,10,162,0.095,4.4,629,12,0,1,9.0,1
C004000,91,3699.2,19,95,350,0.662,23.6,603,10,0,0,6.7,0
C004666,391,3385.11,15,85,307,0.433,20.7,1332,1,1,0,8.0,0
C005961,258,5080.46,12,45,189,0.493,30.7,1052,5,0,0,10.0,0
C009625,107,8749.52,17,75,299,0.685,16.2,139,0,0,0,6.8,0
C004412,359,9667.62,15,5,347,0.877,28.8,125,4,0,0,5.2,0
C005618,146,5299.58,20,140,480,0.262,31.0,1444,4,0,0,0.5,0
C005876,758,928.96,19,116,412,0.861,24.8,2634,0,0,0,4.9,0
C000652,57,9513.87,9,44,177,0.662,21.4,616,0,0,0,5.0,0
C002349,640,2746.29,17,90,334,0.786,16.6,211,16,1,0,5.5,0
C000102,59,12712.67,15,68,308,0.911,26.3,1133,1,0,0,3.9,0
A000851,492,8032.67,20,13,92,0.272,7.3,79,5,1,1,9.3,1
C002908,466,4715.37,18,50,198,0.434,17.3,735,8,0,0,8.4,0
C006577,231,5396.8,8,32,126,0.577,25.9,623,14,1,0,4.8,0
C007453,135,5874.8,10,36,165,0.575,27.8,1278,3,1,0,6.1,0
C004510,504,9796.74,14,69,243,0.486,21.3,1225,5,0,1,3.8,0
C002517,161,1915.57,21,102,424,0.695,24.8,1487,3,0,0,3.0,0
C007597,134,7069.82,13,67,293,0.826,29.7,1613,6,0,0,8.3,0
C004891,144,4926.35,15,59,256,0.579,22.5,1672,2,0,0,7.4,0
C004735,425,8548.85,14,66,288,0.684,29.0,58,1,0,0,9.1,0
C003839,110,3292.11,13,73,287,0.707,23.4,517,0,0,0,1.8,0
C007188,170,4135.14,10,27,123,0.695,23.8,2184,2,0,0,3.0,0
C002120,532,3296.07,15,82,319,0.475,22.1,678,3,0,0,5.3,0
C007336,337,3985.03,10,46,163,0.702,23.7,971,1,1,0,6.4,0
C009423,879,3978.58,22,104,358,0.415,16.9,897,12,0,1,8.3,0
C006368,891,2641.5,22,110,463,0.602,15.7,778,17,0,0,9.1,0
C001471,548,4062.17,20,84,371,0.713,23.6,1671,0,0,0,8.0,0
C006743,634,20869.04,13,83,344,0.932,10.1,2896,2,0,0,8.8,0
C009051,662,4646.4,9,42,158,0.825,29.0,1216,0,3,0,7.0,0
C001111,379,15205.74,21,85,387,0.716,22.4,736,2,2,1,8.3,0
C008792,682,13951.31,13,40,157,0.893,25.8,1008,3,0,1,5.2,0
C006376,613,2009.53,10,34,155,0.836,17.7,463,0,1,0,5.8,0
C003596,342,3166.12,14,79,297,0.534,27.8,672,5,0,1,7.1,0
C007204,224,15557.55,27,108,471,0.654,20.0,629,11,1,0,9.1,0
C002190,168,3109.89,13,73,260,0.955,19.3,16346,5,0,0,5.0,0
A000103,130,22326.72,8,5,59,0.344,4.8,152,2,1,0,4.3,1
A000641,754,8552.03,18,60,208,0.194,9.9,58,13,0,2,0.3,1
C008004,762,1410.26,15,82,324,0.808,20.3,2266,3,0,0,6.3,0
A000922,165,9856.71,17,6,70,0.304,6.8,69,12,2,2,1.0,1
A000585,602,2144.04,18,6,48,0.309,5.2,36,5,0,1,1.9,1
C002953,404,6893.14,15,68,292,0.842,18.0,3228,13,0,0,8.7,0
C009301,828,1499.42,10,63,222,0.609,25.9,1736,6,1,1,4.6,0
C009757,802,4456.77,11,46,193,0.776,28.8,908,0,1,0,6.2,0
C005737,684,6716.04,18,109,402,0.527,22.7,1625,2,2,0,0.0,0
A000080,307,6301.25,10,7,61,0.195,6.6,229,11,0,1,5.3,1
C009755,359,6968.6,15,63,288,0.704,16.6,796,3,0,0,7.1,0
C006514,88,1571.77,19,101,389,0.72,19.5,1532,3,0,0,8.0,0
C007810,151,6831.91,12,59,239,0.794,17.7,735,3,0,0,8.5,0
C006836,344,8003.73,19,69,304,0.619,16.3,707,6,0,1,7.3,0
C003959,97,14995.16,16,8,321,0.883,23.4,299,8,0,0,2.7,0
C003593,169,10995.13,13,59,254,0.638,22.9,2210,10,0,0,5.7,0
C000399,167,3644.05,16,56,220,0.716,28.1,911,6,0,2,6.3,0
C009052,348,4692.46,11,43,193,0.938,16.5,1368,0,0,0,8.4,0
A000255,460,15498.52,15,2,40,0.426,6.7,108,14,1,0,0.4,1
C005435,193,12945.3,19,97,374,0.562,16.9,1277,0,1,1,3.4,0
C008135,371,7038.38,12,4,222,0.635,23.9,14,4,0,0,7.6,0
C001672,177,3837.87,15,66,231,0.86,21.6,1890,1,0,1,6.1,0
C006009,1718,10309.99,12,57,230,0.742,33.1,670,2,0,0,3.7,0
C005759,753,5280.01,16,69,287,0.691,24.7,1861,5,0,0,8.5,0
A000609,332,4313.46,16,1,13,0.111,5.3,155,2,1,1,2.0,1
C003533,704,8506.66,14,77,285,0.595,26.4,2511,5,0,0,7.9,0
C008305,378,7273.41,19,74,334,0.788,20.2,244,0,0,0,1.7,0
C000361,175,6653.5,13,56,211,0.823,19.2,497,7,2,0,7.4,0
C005915,443,3359.43,21,91,405,0.886,18.2,624,0,0,0,7.1,0
C001011,273,10460.57,19,115,395,0.386,32.1,602,1,0,0,1.6,0
C008543,192,7793.97,9,45,173,0.951,19.2,647,5,0,0,7.6,0
A000733,601,17135.73,22,10,129,0.161,5.7,52,14,0,0,7.4,1
C003861,185,12057.62,15,51,203,0.548,22.7,602,3,0,0,6.6,0
C003669,404,6467.54,15,49,201,0.501,19.1,731,8,0,0,2.7,0
C003423,315,3722.79,11,38,142,0.697,14.1,7358,5,0,0,5.6,0
C007911,609,15471.55,12,74,268,0.456,15.9,2919,7,0,1,8.3,0
C005115,40,4230.79,21,82,299,0.463,24.0,442,2,0,0,10.0,0
C005999,245,3612.84,12,51,183,0.852,23.8,990,7,1,0,6.5,0
C006605,744,7956.07,22,93,360,0.268,9.8,392,2,0,0,2.1,0
C008470,827,2611.55,14,76,277,0.772,16.4,837,1,1,0,8.3,0
C007144,183,6204.56,10,48,194,0.42,17.1,2116,4,0,0,10.0,0
C008251,831,7102.51,13,58,209,0.502,25.3,1937,15,0,0,8.9,0
C008058,243,4921.31,16,88,358,0.433,31.2,2508,16,1,0,3.5,0
C004163,365,13641.99,15,51,177,0.825,19.5,4253,1,1,0,6.0,0
C007243,717,13519.95,22,114,493,0.838,28.2,334,20,1,0,8.1,0
A000810,170,7117.74,18,19,139,0.44,5.7,25,0,0,1,1.9,1
C008884,1067,7904.42,22,108,373,0.683,15.7,1059,6,0,0,4.5,0
C001184,108,4709.78,16,81,281,0.862,16.0,1603,7,0,0,5.0,0
A000297,604,8654.75,21,10,95,0.133,7.5,102,5,1,1,9.5,1
C008944,208,13843.35,18,43,151,0.959,34.7,1372,3,0,0,5.7,0
C000840,264,4104.72,14,84,296,0.926,20.7,2254,9,0,0,9.6,0
C001769,224,9069.74,17,111,404,0.478,28.1,328,3,0,0,9.2,0
C008099,192,5274.54,21,92,342,0.511,23.1,540,4,1,0,10.0,0
C006965,633,7080.75,20,70,259,0.929,18.4,641,0,0,1,10.0,0
C003704,134,2284.19,20,61,215,0.756,9.5,1358,11,0,0,4.2,0
C007019,495,4960.97,22,103,437,0.694,33.7,523,1,0,0,6.3,0
C009160,199,7977.13,12,35,151,0.288,28.1,2900,0,0,1,4.3,0
C001787,1214,9522.98,14,63,246,0.716,23.2,502,10,0,1,9.5,0
C006415,258,3247.82,10,52,198,0.88,17.5,2937,0,0,0,5.8,0
C007104,888,8091.57,13,52,227,0.541,21.3,927,3,0,1,10.0,0
C002109,186,3027.89,17,97,348,0.695,32.0,626,2,0,0,6.6,0
C006313,1263,11719.54,20,113,417,0.748,20.1,919,12,1,0,5.7,0
C005255,768,2206.79,11,42,153,0.209,26.0,596,5,0,0,8.4,0
C000867,420,10329.93,17,91,320,0.948,21.3,930,3,0,1,9.8,0
C008525,300,8089.27,11,44,189,0.627,26.5,1808,3,0,0,9.4,0
C008418,887,6460.42,14,83,83,0.77,22.1,7375,6,0,1,6.2,0
C002610,503,1474.95,16,82,281,0.66,18.8,1119,16,0,0,6.1,0
A000296,253,11715.43,17,9,73,0.562,7.6,43,30,0,1,2.4,1
C005668,481,3436.87,12,52,189,0.517,20.8,946,9,0,0,5.3,0
C007503,540,2167.87,18,82,323,0.84,23.4,1336,9,1,0,3.8,0
C006532,250,3308.29,14,89,335,0.899,15.6,791,0,1,0,7.0,0
C005776,291,9899.42,17,82,345,0.918,28.5,1515,11,1,0,9.4,0
C005943,271,3833.66,14,85,314,0.542,22.9,564,7,0,0,8.5,0
C009121,235,9019.53,21,70,318,0.883,31.1,857,1,0,0,6.0,0
C003708,445,2633.57,8,41,163,0.6,23.3,170,21,0,0,5.9,0
C004743,222,4724.76,9,47,162,0.877,8.7,1398,4,1,0,7.3,0
C002246,641,7854.58,11,64,228,0.616,28.3,382,0,0,0,3.0,0
C003232,1559,5303.08,8,47,182,0.908,17.5,235,4,0,0,9.2,0
C004429,383,6939.53,16,73,254,0.819,23.3,1068,13,1,0,10.0,0
C008348,92,3936.51,14,73,278,0.658,20.6,1805,4,1,0,7.4,0
C007190,439,7085.45,14,49,218,0.543,17.3,2107,0,0,0,10.0,0
C000217,126,22470.71,16,70,257,0.594,20.2,417,0,0,0,5.9,0
A000624,414,2675.79,19,10,85,0.119,8.3,128,10,1,1,5.5,1
C008255,316,6643.33,25,143,486,0.78,20.2,2095,3,0,0,5.5,0
C003647,409,14445.42,18,103,402,0.592,19.6,772,2,0,0,4.0,0
C004430,677,1451.06,10,43,182,0.581,24.6,309,2,1,0,5.1,0
C002911,430,7910.89,18,57,192,0.79,28.7,1042,1,0,0,5.6,0
C004393,490,2889.33,15,85,288,0.684,29.6,328,8,0,0,10.0,0
A000925,190,5473.4,14,5,48,0.544,5.4,47,7,1,1,5.6,1
C004448,559,2675.21,15,68,235,0.693,15.4,1478,11,0,0,10.0,0
C003510,112,7922.48,15,65,244,0.686,29.8,2511,0,0,0,4.8,0
C001671,828,17439.65,17,68,241,0.42,23.6,1010,2,0,0,7.1,0
C000695,167,13418.83,11,42,167,0.732,22.8,728,8,0,1,3.4,0
C007212,865,2400.74,12,72,308,0.723,24.2,1609,1,0,1,7.6,0
C007164,508,2117.45,21,76,334,0.552,20.4,181,2,1,0,7.4,0
C006106,746,5112.32,11,63,261,0.462,22.5,446,2,1,0,5.3,0
C000796,170,9653.57,14,67,251,0.684,24.8,1981,0,0,0,1.9,0
A000102,93,10541.71,16,8,89,0.112,4.5,121,2,0,2,8.3,1
C004218,889,10077.47,18,92,321,0.883,23.0,1071,0,0,0,7.5,0
C001085,86,26660.79,13,57,197,0.807,24.9,2461,0,0,1,3.7,0
C006930,230,3701.47,14,73,279,0.735,33.6,1621,6,0,0,9.2,0
C006974,203,3483.91,17,84,332,0.462,24.0,1544,4,0,1,6.5,0
C003419,309,8214.14,17,71,249,0.852,12.4,1522,0,0,1,8.2,0
A000838,315,4535.32,18,8,100,0.182,8.5,61,30,0,1,1.2,1
C008061,572,8979.14,10,48,164,0.653,30.6,533,13,0,0,6.5,0
A000219,309,4738.42,17,3,49,0.058,6.1,100,3,0,0,4.5,1
C000347,285,6063.41,18,78,328,0.946,25.7,1637,21,0,0,8.4,0
C003289,353,2789.67,16,69,261,0.847,24.5,1857,1,2,0,5.7,0
C002200,623,2592.21,16,72,246,0.803,20.7,671,1,2,0,10.0,0
A000306,169,29067.39,17,8,104,0.664,6.0,88,18,1,1,3.1,1
C009402,261,7246.42,21,86,391,0.687,25.9,533,2,0,0,6.5,0
C003049,259,7324.66,21,98,432,0.68,30.4,6171,0,1,0,0.6,0
C007877,350,1890.82,17,77,272,0.885,20.3,386,15,0,0,2.7,0
C007199,256,9993.03,12,58,218,0.64,16.5,343,12,0,0,5.1,0
C001524,436,3032.91,10,59,205,0.865,18.2,723,0,0,0,8.5,0
C001684,1129,3616.96,18,74,300,0.69,19.2,756,4,0,0,1.4,0
C005502,345,10180.82,9,3,183,0.435,26.8,542,2,1,0,3.8,0
C007909,364,2263.68,15,83,322,0.68,32.2,1653,0,0,0,3.5,0
C005082,117,10078.71,13,47,175,0.865,16.8,777,0,0,0,3.6,0
C000622,180,5690.16,15,58,199,0.815,18.3,760,0,1,0,5.6,0
C000484,180,2573.81,11,72,263,0.986,21.6,2427,1,0,0,7.4,0
C007624,288,5598.15,15,72,253,0.892,25.5,573,6,1,0,5.6,0
C008224,339,3109.27,13,69,310,0.854,15.1,2204,2,0,0,5.7,0
C005027,1407,4759.35,18,2,404,0.702,17.0,437,30,0,0,4.5,0
A000301,903,2898.65,12,9,65,0.487,6.2,303,7,0,1,7.6,1
C003059,697,7033.75,21,80,364,0.922,15.0,689,0,1,0,5.7,0
C001122,753,5746.64,14,76,273,0.488,16.9,387,7,0,1,6.4,0
C000748,157,2513.12,14,71,247,0.512,16.2,447,1,0,0,2.6,0
C008643,714,4843.02,16,71,81,0.655,7.8,719,0,0,0,5.1,0
C006224,184,3077.56,11,70,251,0.742,19.5,1246,1,0,0,5.8,0
C002629,545,6341.34,13,62,246,0.771,25.8,391,0,0,1,2.0,0
C000400,223,1352.12,21,134,460,0.712,14.2,1776,3,0,1,6.8,0
C000071,53,1906.47,15,56,216,0.745,21.8,1012,3,0,0,3.0,0
C001731,135,3426.7,19,96,393,0.804,30.9,2770,3,0,0,9.6,0
C009680,861,5701.6,13,70,265,0.961,29.5,457,8,0,0,7.4,0
C005126,519,2294.47,9,37,157,0.733,17.8,816,1,0,0,4.3,0
C006523,254,7494.05,17,92,332,0.312,24.5,2615,6,1,0,6.4,0
C004221,175,2301.21,13,60,241,0.624,12.2,4020,1,0,0,10.0,0
C002615,1221,8255.44,14,51,195,0.755,14.4,5288,14,1,1,7.2,0
C001282,186,2396.73,12,51,189,0.876,25.3,1449,10,0,0,9.4,0
C007034,101,6568.52,20,104,444,0.641,28.7,1228,2,0,0,9.1,0
C007031,490,11215.06,14,79,297,0.457,21.3,127,0,0,0,8.2,0
C000609,126,4831.94,18,84,289,0.683,27.1,572,16,0,0,5.8,0
C003740,526,5949.44,16,80,348,0.578,37.4,1913,1,0,0,3.9,0
C005515,456,2241.01,18,108,403,0.849,22.4,442,1,0,1,8.9,0
C009198,550,786.95,17,106,392,0.5,19.8,1594,3,1,0,2.0,0
C003405,263,17507.53,19,72,284,0.614,25.6,781,1,1,0,5.6,0
C004990,770,10355.86,17,70,243,0.585,25.0,638,4,0,0,3.3,0
C006128,485,7100.41,15,85,336,0.749,25.0,2024,0,0,0,6.3,0
C009251,285,8407.42,18,83,289,0.793,24.0,4191,12,0,0,7.1,0
C005415,228,18460.79,14,62,223,0.949,22.2,997,0,0,0,5.2,0
C004825,267,10132.1,13,86,291,0.837,21.7,1532,1,0,0,4.0,0
C005481,734,7507.33,16,68,243,0.907,21.0,195,7,0,0,8.6,0
A000460,558,4066.05,11,14,97,0.055,8.0,39,30,0,0,1.0,1
C004148,122,1228.73,11,45,194,0.559,19.5,1177,8,0,0,5.3,0
C006866,819,23782.61,15,63,246,0.774,21.6,5052,3,0,1,9.7,0
C009803,145,759.67,11,57,238,0.692,22.8,1425,10,0,0,4.9,0
A000853,403,7032.08,12,65,81,0.421,14.3,220,1,0,0,2.5,1
C001435,777,9070.19,12,44,182,0.877,29.2,1708,5,1,1,7.1,0
C002616,330,2953.31,17,98,372,0.681,24.1,32,11,0,0,3.4,0
C003127,162,3995.66,25,128,517,0.867,29.2,939,6,0,0,4.0,0
C000972,241,8721.03,18,86,334,0.61,20.0,576,1,1,0,5.2,0
C009264,336,1680.62,15,80,301,0.845,25.5,1090,4,1,0,6.6,0
C003001,342,4374.96,11,2,253,0.937,9.4,15,3,0,0,6.0,0
C004229,394,3968.02,17,86,354,0.581,19.7,937,1,1,0,3.8,0
C000174,476,5601.06,16,110,417,0.895,13.0,613,0,1,0,4.5,0
C000593,582,8256.4,10,39,154,0.669,26.6,2505,5,0,0,7.2,0
C007889,114,3508.45,13,64,235,0.73,25.4,6268,3,0,0,4.5,0
C003651,429,18851.97,7,33,146,0.856,19.2,612,2,1,0,9.8,0
A000687,475,1792.25,16,9,86,0.13,4.6,116,0,0,0,8.1,1
C003048,310,2674.27,17,62,248,0.563,27.1,571,1,0,0,3.7,0
C006664,1050,12909.24,13,52,203,0.936,30.2,389,7,0,0,2.0,0
C008343,319,6213.12,13,74,265,0.66,12.8,469,4,0,0,7.0,0
C001434,677,3837.42,12,55,190,0.682,14.5,451,1,2,0,5.0,0
C004129,306,1714.73,12,48,197,0.664,14.2,482,3,0,0,7.8,0
C001495,106,18652.63,12,61,228,0.699,14.5,913,2,1,0,4.1,0
C005426,163,1990.07,14,64,218,0.434,10.3,968,5,1,0,4.2,0
A000800,544,12874.85,17,7,63,0.389,4.5,88,14,0,2,1.6,1
C005533,623,21230.16,17,73,322,0.791,17.1,1684,0,0,1,3.9,0
C002408,564,20407.58,17,83,372,0.684,19.8,1369,2,0,0,3.2,0
C003144,418,6663.72,16,98,370,0.77,27.2,1106,5,0,0,4.2,0
C001394,707,4158.14,11,46,174,0.692,13.4,1079,5,1,0,4.2,0
C001733,775,5941.66,22,102,375,0.79,28.5,949,1,0,0,3.9,0
C001214,649,4336.1,9,34,121,0.538,18.5,1702,6,0,0,3.4,0
C007266,297,6375.05,16,63,227,0.545,19.0,321,11,0,0,10.0,0
C004561,700,2502.31,20,93,399,0.549,20.8,2246,2,0,0,3.8,0
C004769,567,2831.17,20,117,410,0.654,10.3,701,10,0,0,8.0,0
C001982,483,2051.64,11,43,180,0.798,17.2,1804,3,0,0,8.1,0
C002146,392,1648.11,11,38,171,0.87,19.0,281,1,1,0,6.7,0
C003147,711,1109.17,14,38,168,0.589,30.0,3607,7,1,0,5.6,0
C003995,330,6650.74,17,75,310,0.437,27.3,210,1,0,2,4.9,0
C006951,190,4606.98,21,85,372,0.914,23.5,2635,10,0,0,9.0,0
C007423,720,1900.12,15,87,326,0.353,26.7,264,1,1,1,7.9,0
C009259,555,5628.84,20,145,493,0.516,18.0,3652,1,0,0,0.0,0
C000901,70,3010.06,18,87,365,0.893,24.2,1165,0,0,1,5.5,0
C006533,253,5426.07,13,59,212,0.659,25.0,1569,1,1,1,6.2,0
A000677,709,9725.37,20,18,145,0.223,7.0,177,14,1,2,1.0,1
C009542,1395,9309.32,13,50,188,0.881,28.2,907,2,0,0,4.9,0
C006665,151,1334.94,21,10,445,0.521,25.1,68,0,0,1,6.8,0
C005993,356,5679.69,8,46,165,0.526,17.5,245,7,0,1,7.5,0
C008574,322,4590.91,15,45,182,0.583,23.0,580,1,1,0,7.3,0
C004696,104,6299.4,12,51,215,0.81,18.5,481,11,0,0,4.0,0
C009657,1449,2484.0,21,109,368,0.446,24.0,1219,1,0,0,3.3,0
C006023,467,3214.07,15,75,277,0.592,6.2,400,22,1,0,6.5,0
C007690,582,5485.36,13,77,290,0.965,22.3,1465,7,0,0,4.3,0
C002338,190,4634.57,12,56,211,0.857,5.3,1378,6,0,1,3.7,0
C006731,833,1800.97,21,107,420,0.838,29.4,437,0,0,1,8.7,0
C003376,1053,3383.81,14,67,263,0.487,25.2,778,8,0,0,10.0,0
C009246,545,12713.61,17,77,333,0.844,22.7,758,5,1,0,8.2,0
C001596,481,4722.31,20,73,289,0.66,19.9,1296,3,0,1,0.0,0
C007682,241,4921.61,16,67,284,0.529,21.2,1605,9,0,0,2.9,0
C005268,467,1701.76,16,55,250,0.599,15.4,1236,9,0,1,10.0,0
A000109,1026,7772.64,15,7,89,0.214,5.2,71,30,0,2,6.5,1
C009294,786,2827.74,15,61,251,0.366,22.6,2777,0,1,0,5.0,0
C006995,747,3695.0,15,35,120,0.791,24.0,1302,2,1,0,6.9,0
C002626,637,1812.94,10,33,132,0.726,22.1,803,3,0,0,9.1,0
C004416,546,19501.01,14,88,302,0.817,18.2,1130,10,0,0,6.5,0
C000048,134,39275.28,14,62,249,0.849,17.2,606,5,0,0,4.0,0
C008671,134,4932.45,12,61,217,0.862,27.6,405,2,0,0,9.9,0
C000040,523,15246.02,25,110,420,0.402,27.0,490,8,0,0,7.5,0
C001598,373,15755.0,17,89,358,0.446,18.8,640,7,0,1,5.0,0
C007251,176,7924.77,12,56,210,0.881,26.2,220,5,0,0,5.5,0
A000949,88,4100.5,12,8,98,0.105,4.0,66,8,1,0,7.0,1
C006674,119,3021.81,13,59,227,0.585,25.1,474,9,0,1,6.9,0
C003245,422,4626.86,17,64,269,0.873,19.4,343,9,0,0,8.2,0
C009916,1162,10010.3,17,85,339,0.658,22.8,2019,9,0,0,8.4,0
C001595,306,3053.61,10,42,164,0.462,18.3,784,3,2,0,7.8,0
C002520,878,5037.54,14,57,208,0.804,23.6,1431,2,1,0,10.0,0
C001158,196,2331.44,22,77,315,0.599,15.9,536,0,0,0,7.1,0
C007274,581,979.5,14,73,288,0.542,25.2,372,0,0,0,4.8,0
C000435,374,12392.6,15,64,238,0.581,21.1,604,0,0,0,6.9,0
C000563,330,4019.89,16,69,254,0.904,32.0,278,0,0,0,6.9,0
C001195,202,5962.01,29,140,636,0.793,18.5,1582,13,0,0,9.2,0
C002345,464,11856.95,17,78,294,0.143,19.4,1657,0,1,0,8.6,0
C001531,88,2983.44,10,46,158,0.884,20.1,651,11,0,0,5.7,0
A000570,432,4793.33,16,9,81,0.306,7.0,88,20,2,1,7.4,1
C005736,423,2703.73,18,78,299,0.916,28.7,910,8,0,0,3.4,0
C004522,190,2521.29,18,89,307,0.872,20.9,140,11,1,0,10.0,0
C002627,533,5178.43,17,56,248,0.64,21.8,369,10,1,0,9.0,0
C002496,305,3595.86,12,47,212,0.623,14.7,2463,13,0,0,10.0,0
C009262,640,3371.58,15,86,289,0.7,16.8,1897,4,1,1,7.0,0
C001567,456,5048.53,13,82,288,0.615,16.3,3136,1,0,2,2.7,0
C000534,242,5778.23,10,35,148,0.376,25.9,1356,3,0,0,4.8,0
C005266,188,7252.52,19,64,288,0.934,27.2,1336,11,0,0,10.0,0
C002076,176,10994.69,18,78,335,0.664,24.1,533,1,0,0,8.2,0
C002139,284,1301.31,13,56,246,0.715,14.9,994,2,0,0,3.8,0
C000762,577,6176.45,12,69,239,0.794,25.2,4480,0,1,0,6.3,0
C006598,296,1810.77,9,45,177,0.724,22.3,1327,0,0,0,8.9,0
C007965,322,2954.85,13,40,138,0.719,26.9,451,0,0,0,5.4,0
A000718,193,3115.3,10,6,49,0.448,6.2,142,5,1,2,3.8,1
C006803,135,21674.66,15,50,199,0.834,22.2,2275,4,0,0,5.2,0
C004355,892,6313.32,11,37,166,0.43,27.5,3171,6,0,0,8.8,0
C004961,561,4810.33,17,76,301,0.843,23.5,2696,7,0,0,9.9,0
A000845,72,7735.07,11,3,25,0.176,8.2,281,2,0,1,2.5,1
C002255,637,7913.15,15,64,241,0.725,25.3,760,2,0,1,4.4,0
C002755,506,12737.11,13,63,274,0.77,18.7,918,2,0,0,6.6,0
C002261,472,1691.7,14,67,285,0.853,30.1,2767,0,0,0,5.0,0
C006746,354,13604.63,10,47,210,0.804,23.9,1629,0,0,1,6.1,0
C003134,550,1267.62,16,67,285,0.817,18.8,1592,1,0,0,2.2,0
C008609,749,4454.09,17,72,297,0.72,17.4,1138,2,0,0,7.8,0
C002302,844,5023.61,15,68,309,0.753,11.9,1004,0,0,0,1.5,0
C000741,484,5960.33,24,123,464,0.808,19.9,2023,21,0,0,8.1,0
C009343,606,7597.06,19,63,283,0.415,32.5,544,0,1,0,6.0,0
C007529,1057,3859.4,16,68,254,0.852,29.0,3873,3,0,0,8.7,0
C002099,355,29230.13,12,65,238,0.63,19.9,1856,4,0,0,3.4,0
C004344,787,4344.29,14,75,259,0.976,17.9,357,4,0,0,7.4,0
C000292,861,3950.63,14,75,272,0.602,18.8,1291,4,0,0,0.0,0
A000210,656,9191.1,18,73,93,0.772,21.1,201,0,0,1,0.0,1
C005013,539,3798.24,19,130,478,0.653,24.3,6056,3,1,0,6.8,0
C004609,211,2430.99,12,54,237,0.655,16.3,947,7,0,0,3.2,0
A000612,741,3713.44,13,10,76,0.265,5.8,145,0,0,2,5.7,1
C001892,171,7611.8,21,83,306,0.782,24.7,942,2,1,0,5.8,0
A000859,154,5445.23,19,9,70,0.478,6.5,125,6,0,3,4.1,1
C004541,149,8026.33,10,39,177,0.689,23.0,4935,5,0,0,5.5,0
C004030,609,2986.78,14,45,206,0.903,25.1,1159,2,1,0,8.3,0
C000331,1019,5225.39,16,46,208,0.842,33.5,612,9,0,0,5.1,0
C008363,406,6442.85,16,88,337,0.677,21.1,5271,3,0,0,1.0,0
C007397,373,5099.67,14,41,152,0.861,29.6,1475,3,2,0,8.2,0
C008529,758,5034.56,16,87,359,0.54,15.0,398,0,0,0,1.1,0
C000015,269,6639.77,12,53,192,0.519,29.9,1657,17,2,0,5.3,0
C004922,542,5522.55,18,107,452,0.532,24.7,385,1,0,0,4.5,0
C004048,209,3281.04,17,88,357,0.821,26.7,702,5,3,0,3.6,0
A000954,252,5172.99,17,6,56,0.167,8.7,55,30,0,0,5.1,1
C000488,319,7878.86,18,97,325,0.944,18.6,610,0,0,0,4.5,0
C007392,246,7437.24,15,76,297,0.94,19.9,1990,2,0,0,2.9,0
A000061,552,1232.67,16,12,84,0.072,6.4,34,17,1,0,1.2,1
A000380,595,9385.03,16,9,88,0.378,4.5,222,0,0,2,0.0,1
C007373,473,4672.13,14,58,257,0.81,15.9,9390,8,1,0,7.5,0
A000487,217,12382.03,14,1,28,0.179,8.0,57,3,0,0,7.0,1
C003828,201,2413.94,17,72,43,0.91,18.1,1232,1,1,0,7.0,0
C004330,399,2653.95,12,44,201,0.73,27.6,1298,11,0,0,5.5,0
C008975,127,6015.22,13,46,193,0.955,19.6,1476,2,0,0,3.7,0
C005929,573,11065.98,11,74,263,0.626,17.0,3383,3,0,0,4.1,0
C000669,1119,6616.03,18,52,237,0.852,27.1,2495,0,0,0,10.0,0
C006222,212,22183.46,23,118,453,0.7,12.8,184,2,0,0,9.6,0
C002056,336,2352.67,10,48,167,0.824,18.9,406,5,0,0,7.1,0
C002272,234,1830.44,17,84,310,0.499,18.9,2611,1,0,0,8.3,0
C008567,238,4703.31,17,50,203,0.577,22.9,1705,4,0,0,5.5,0
A000923,234,3519.31,12,7,72,0.174,5.9,101,18,0,1,2.1,1
C003615,789,2044.32,13,62,258,0.762,7.6,1888,0,0,0,4.6,0
C004339,135,2015.78,12,72,244,0.863,15.9,2057,0,0,0,5.3,0
C000266,916,3834.12,17,75,259,0.508,26.0,1401,7,1,1,7.2,0
A000989,314,7860.82,15,1,22,0.117,6.7,33,5,3,1,5.9,1
A000176,650,3356.68,12,4,77,0.04,3.0,55,5,0,2,4.4,1
C006783,260,1509.73,13,65,231,0.406,27.5,562,4,0,0,7.8,0
C006373,337,6808.5,9,40,148,0.64,26.7,1457,6,0,1,2.3,0
C008315,833,6903.53,12,57,219,0.65,31.7,1577,5,0,0,5.6,0
C004318,356,6853.49,13,70,285,0.862,4.6,331,3,0,0,1.9,0
C001776,882,3167.44,14,58,229,0.507,14.9,1947,4,0,0,7.9,0
C000511,403,4559.44,11,45,196,0.564,17.8,1481,0,0,1,4.4,0
C003394,407,4421.53,13,71,282,0.903,18.3,827,1,0,0,3.3,0
C002975,80,9245.71,16,72,280,0.901,27.4,648,20,0,1,8.0,0
C003182,991,2691.97,14,111,402,0.78,24.2,812,6,0,0,5.5,0
C000851,462,5044.0,18,90,371,0.674,18.1,2195,7,1,0,10.0,0
C004537,319,5382.52,18,64,230,0.536,26.5,1049,8,1,0,10.0,0
C005791,215,4335.07,17,54,191,0.828,10.6,1119,0,0,0,4.8,0
C006844,121,7039.77,8,28,106,0.247,27.1,4062,2,0,0,6.9,0
C009031,1389,4180.33,14,75,309,0.631,18.2,2123,11,0,1,4.0,0
C007746,1615,4917.91,10,65,226,0.966,28.8,2197,1,0,0,0.0,0
C001283,878,5519.18,16,73,289,0.777,17.6,1466,2,0,0,10.0,0
A000794,289,3609.45,19,6,76,0.152,5.9,171,0,0,0,0.1,1
C004680,505,5887.28,16,52,229,0.81,11.9,1387,8,0,2,0.0,0
C004145,765,10975.41,14,73,285,0.674,10.0,1651,3,0,0,1.3,0
C001255,1137,3885.06,8,31,137,0.844,22.4,2948,7,0,0,5.8,0
C008123,463,5081.15,11,48,170,0.708,20.5,312,1,0,0,10.0,0
C007298,572,16961.6,13,77,284,0.916,24.5,3169,2,1,0,3.8,0
C008873,457,2253.48,17,90,372,0.611,26.3,570,7,2,0,6.3,0
C009480,430,3836.14,16,73,306,0.602,25.5,2330,0,0,0,5.0,0
C005567,279,13118.39,12,62,219,0.76,27.8,649,6,0,2,9.1,0
A000651,367,2475.75,18,10,107,0.319,2.4,61,2,0,0,7.5,1
C005207,737,5142.07,16,72,286,0.91,27.5,1226,16,0,0,4.6,0
C004731,323,2514.02,10,76,259,0.737,24.3,1523,0,0,1,9.8,0
C001635,847,6158.46,13,80,286,0.391,20.6,308,2,0,0,6.9,0
C000968,80,4625.43,18,113,378,0.852,16.7,3789,15,1,0,7.6,0
C009064,200,6364.63,14,63,269,0.848,23.0,893,0,0,0,7.9,0
A000242,287,15677.09,10,4,78,0.637,5.9,25,1,0,3,5.7,1
C004478,1133,7236.37,21,76,312,0.873,26.9,1291,1,0,0,6.8,0
C001202,577,1989.84,25,91,350,0.746,27.3,1773,1,1,1,4.4,0
C009969,486,8918.93,15,66,226,0.468,16.4,638,7,0,1,9.6,0
C003946,621,1560.35,19,80,321,0.774,22.4,515,4,1,0,10.0,0
C001834,411,1560.16,16,57,235,0.617,27.4,1385,3,0,0,6.0,0
C001845,198,4830.63,10,58,230,0.708,30.2,1521,1,0,0,5.0,0
C002808,362,4432.96,22,87,327,0.642,14.4,1005,16,2,0,9.1,0
C004565,363,6108.94,16,63,274,0.831,20.3,823,2,0,0,4.6,0
C003539,671,2994.21,8,33,153,0.415,23.2,539,5,0,0,10.0,0
C003239,306,9755.35,8,32,141,0.593,22.7,751,0,1,0,6.5,0
A000338,521,4896.31,12,4,43,0.067,7.8,129,6,0,1,5.2,1
C005258,781,2127.67,15,65,249,0.838,22.3,6985,3,0,0,9.5,0
C003017,1272,5526.86,18,84,346,0.592,21.9,596,10,0,0,9.2,0
C009593,570,3958.47,16,74,260,0.885,25.4,2277,3,0,0,8.5,0
C007761,486,4097.6,10,56,201,0.7,15.9,172,7,0,0,4.9,0
C007149,994,11738.67,10,49,177,0.715,22.3,1987,2,0,0,4.2,0
C003354,181,2074.57,12,56,203,0.516,17.3,330,4,0,0,5.4,0
C001984,213,7588.54,10,38,165,0.769,28.2,1870,5,0,0,3.8,0
C000953,30,6470.67,10,54,202,0.173,4.5,685,0,0,1,5.9,0
C005786,290,4146.3,19,117,409,0.69,27.2,913,6,0,0,4.6,0
A000108,1154,6262.73,14,4,51,0.498,5.5,33,1,1,3,4.8,1
C009260,361,6288.74,14,72,285,0.798,14.4,3782,0,0,0,6.3,0
C004066,358,6336.3,13,67,241,0.921,33.8,428,4,1,0,5.8,0
C008683,736,1681.08,11,52,209,0.695,28.6,364,1,0,2,3.0,0
C008290,189,3260.96,15,64,262,0.929,21.3,1063,6,1,0,8.3,0
C005610,44,3153.39,15,77,272,0.749,30.4,971,13,0,0,5.8,0
A000911,495,2683.18,17,6,66,0.396,6.1,726,8,0,1,3.5,1
C002352,512,8315.85,15,54,238,0.701,20.6,1501,0,0,1,4.4,0
C000368,469,2138.87,16,78,281,0.75,26.7,490,0,1,1,7.2,0
C003545,819,11352.2,17,92,333,0.791,24.2,721,0,1,0,7.2,0
C000425,1143,21174.39,11,69,247,0.536,25.7,2750,1,1,0,9.2,0
C002983,422,9383.63,18,88,328,0.803,20.4,4175,2,1,1,3.0,0
C009844,761,6700.46,22,102,403,0.755,26.0,3225,0,0,0,8.0,0
C005527,186,5256.6,14,57,212,0.667,20.2,530,15,0,0,0.8,0
C004223,621,6305.52,17,79,309,0.941,24.4,544,3,1,0,2.7,0
C006367,104,10552.13,12,34,152,0.661,19.8,643,2,0,0,2.5,0
C009572,666,3158.12,13,53,231,0.966,21.9,1357,2,0,1,5.6,0
C009976,290,3773.45,13,58,239,0.679,30.4,750,2,0,0,3.7,0
C005130,878,5581.86,12,47,187,0.873,21.0,3347,5,0,0,6.1,0
C003509,251,11422.91,20,127,443,0.613,25.1,983,2,0,0,6.2,0
C004949,96,5189.96,11,57,226,0.956,20.3,4332,9,0,0,5.8,0
C006569,190,6106.71,22,101,377,0.562,28.5,1567,9,0,1,8.5,0
C004076,1303,4169.35,14,38,160,0.861,26.6,1757,7,0,1,4.7,0
C000136,404,2073.0,17,75,311,0.538,21.1,6750,8,0,0,9.3,0
C001692,75,4512.72,12,34,150,0.876,22.2,883,0,0,0,6.2,0
C007559,509,4066.58,15,74,299,0.911,26.9,955,9,0,0,2.7,0
C009706,1101,7664.35,14,83,300,0.858,25.5,1159,6,0,0,5.7,0
A000717,817,10109.11,14,6,49,0.218,6.0,18,18,0,1,4.8,1
A000174,658,3623.0,11,2,400,0.216,13.2,240,9,0,1,0.0,1
C009711,107,12767.66,16,30,118,0.598,26.4,549,4,0,0,10.0,0
C003133,497,17783.14,18,104,371,0.961,17.4,1986,3,0,0,5.5,0
C004065,711,10087.18,8,45,154,0.713,27.5,1321,4,0,0,7.6,0
C006251,323,4572.74,16,77,352,0.607,24.5,1543,22,0,1,2.2,0
A000034,871,9892.98,9,2,38,0.099,20.1,121,2,0,2,6.6,1
A000182,813,14503.77,18,1,24,0.126,7.4,94,9,1,1,6.0,1
C007647,186,3193.32,12,55,245,0.931,15.1,1071,8,0,1,7.9,0
C002185,529,4564.34,10,50,206,0.777,13.1,396,8,0,0,6.1,0
C007455,492,5384.83,17,67,228,0.884,24.2,2389,11,1,0,9.0,0
C005225,364,3485.96,16,54,212,0.486,24.3,3838,0,0,2,4.0,0
C003401,634,2677.2,11,59,222,0.799,19.9,478,1,0,0,6.1,0
C008252,323,3023.71,15,75,293,0.744,20.2,1219,3,0,0,4.7,0
C002863,89,1782.58,15,75,285,0.604,17.1,802,0,0,0,7.3,0
C001286,717,16298.43,22,97,438,0.954,15.1,1718,3,1,0,7.9,0
C007479,96,2545.41,8,27,124,0.843,29.5,301,14,0,0,2.4,0
C002686,679,2453.34,22,106,445,0.346,21.1,1650,23,0,0,6.2,0
C004641,490,1264.43,9,42,149,0.758,20.7,1045,6,0,0,4.1,0
C003617,318,5414.6,15,58,264,0.541,17.2,991,1,0,0,5.1,0
C000928,729,2990.52,17,70,278,0.695,16.7,1270,10,0,2,5.7,0
C003884,489,9137.41,16,84,335,0.905,22.9,768,3,0,0,9.3,0
C005655,1418,5937.73,11,46,184,0.6,25.5,1606,2,1,0,10.0,0
A000836,1294,4828.69,7,63,54,0.299,5.1,43,8,0,1,10.0,1
C001906,309,7179.07,11,50,215,0.587,32.7,3043,1,0,0,6.9,0
C008396,364,2462.0,13,76,268,0.378,23.8,1005,4,0,0,5.9,0
A000953,731,3518.74,17,8,122,0.272,6.5,58,10,0,3,3.5,1
C008183,494,1984.9,21,67,279,0.687,25.7,529,10,0,0,6.2,0
C003887,1282,1114.33,13,48,212,0.91,24.6,785,1,0,1,10.0,0
C002997,446,2218.09,13,66,247,0.387,26.7,1229,5,0,1,7.5,0
C005119,723,4752.42,15,57,250,0.578,13.3,1004,7,0,0,3.6,0
C008324,521,9009.49,15,47,178,0.688,20.5,1397,2,2,0,7.1,0
C003446,205,9918.69,12,51,215,0.735,25.6,512,4,0,1,1.9,0
C009027,339,4435.6,5,20,74,0.644,21.9,6410,1,0,0,6.6,0
C009470,574,16958.93,16,73,293,0.897,20.6,864,1,0,0,7.5,0
C001042,425,9157.8,16,58,238,0.703,17.1,280,2,0,0,7.1,0
C001023,404,6092.55,15,51,228,0.69,33.8,5672,2,1,0,10.0,0
C000544,419,3417.3,11,57,195,0.483,26.4,1073,0,2,0,7.1,0
C005804,183,1983.6,16,81,331,0.621,26.5,3146,4,0,0,3.4,0
C006312,1123,8075.22,10,45,164,0.834,11.1,456,4,2,0,7.7,0
C008458,513,5126.89,16,81,283,0.917,24.5,2071,1,0,1,1.9,0
C009633,474,7258.47,20,85,360,0.423,26.0,1763,6,0,0,7.0,0
C007650,229,4928.32,17,59,255,0.688,22.3,1052,3,0,0,3.3,0
C000583,111,3584.78,14,80,291,0.728,28.8,572,1,0,1,10.0,0
C007842,315,6605.39,13,39,175,0.505,30.4,1791,1,0,0,4.6,0
A000173,433,8595.51,11,7,56,0.08,8.6,96,27,0,3,5.8,1
C005894,634,1781.78,14,53,235,0.59,23.5,245,5,0,0,8.2,0
C001114,125,2159.77,19,85,376,0.574,21.7,835,11,0,0,9.9,0
C000004,385,2432.02,11,70,255,0.706,27.9,4050,5,2,0,7.8,0
A000181,497,1616.11,13,5,82,0.199,4.8,133,12,0,0,2.4,1
C008399,374,3813.13,12,53,229,0.918,17.5,620,1,0,0,8.4,0
C009020,410,6187.14,16,64,280,0.9,10.5,543,5,0,0,0.5,0
C009496,1929,6554.89,17,82,329,0.569,16.2,87,7,0,0,1.5,0
C004408,363,5675.3,13,59,207,0.153,18.2,750,0,1,0,8.7,0
C002141,410,14866.11,14,55,251,0.806,29.7,565,1,0,0,5.1,0
C000440,615,4231.69,13,63,262,0.707,18.2,967,0,0,0,5.0,0
A000955,551,2885.1,11,3,49,0.322,7.9,24,3,0,0,1.7,1
C007086,488,5104.58,13,61,232,0.95,18.0,884,0,1,0,2.6,0
C003062,839,3894.97,11,52,186,0.82,29.7,10033,0,0,0,8.4,0
C001181,539,5832.24,11,55,228,0.557,13.0,771,3,0,0,2.5,0
C003252,242,5823.75,18,100,351,0.858,28.6,2793,8,0,1,7.9,0
C007797,116,7102.89,13,57,214,0.884,29.0,591,0,0,0,0.0,0
C008041,744,2655.89,11,66,230,0.887,15.8,252,4,0,0,7.4,0
C002532,236,6747.92,17,89,305,0.732,21.5,4936,0,1,0,8.8,0
C000089,359,7065.86,16,88,297,0.509,20.1,808,11,0,1,7.6,0
C003856,436,12968.48,17,62,284,0.769,21.5,1671,5,1,0,6.0,0
C007105,1457,2322.5,11,62,240,0.898,21.1,412,5,0,0,4.6,0
A000649,255,4379.38,19,4,39,0.743,23.3,46,6,0,0,6.2,1
C001747,343,3663.25,18,77,325,0.656,20.8,3568,3,0,0,5.2,0
C002070,259,6653.35,13,53,227,0.792,21.2,1215,4,0,0,4.7,0
A000095,241,3951.08,13,2,46,0.486,5.9,40,10,0,1,1.6,1
C009143,460,4918.17,10,52,225,0.637,30.1,2628,5,0,0,7.4,0
C009805,1676,1479.01,21,101,371,0.872,25.4,583,12,0,0,8.8,0
C002239,311,2215.43,13,46,197,0.598,19.8,66,12,0,0,10.0,0
A000578,425,1968.91,15,1,12,0.408,4.0,78,0,2,2,6.6,1
C002904,259,3231.26,17,75,326,0.645,19.4,4031,1,0,0,3.2,0
C004059,336,2882.81,11,25,163,0.894,8.0,491,2,0,1,3.9,0
C004520,511,2632.45,19,85,364,0.892,20.4,257,5,1,0,7.7,0
C008140,290,6966.51,20,100,379,0.558,17.2,397,18,0,1,9.9,0
C001804,323,1877.95,12,46,202,0.888,22.0,2762,5,0,0,8.3,0
C006022,1008,2184.52,15,63,250,0.908,15.2,855,6,0,0,6.4,0
C008762,261,3260.82,9,44,165,0.17,20.4,146,28,0,0,8.4,0
C009537,232,3782.52,18,93,361,0.681,29.1,881,2,0,0,7.4,0
C004723,1001,2184.91,22,128,453,0.699,22.4,966,3,0,0,7.3,0
C005400,1287,15889.16,21,99,399,0.805,24.8,1615,3,0,0,7.4,0
C004774,325,6304.27,10,37,166,0.819,25.3,4481,2,0,0,9.5,0
C005031,950,2123.93,13,57,242,0.483,25.1,954,0,0,0,9.4,0
C008067,677,6709.69,13,53,185,0.693,19.0,558,1,1,0,8.6,0
C006838,710,4132.38,8,29,130,0.635,13.4,2594,6,0,0,9.6,0
C000711,397,6984.3,15,70,282,0.772,15.5,551,7,0,0,4.7,0
C002772,372,11687.78,16,79,302,0.782,22.7,1881,5,0,0,5.4,0
C003686,74,2672.65,21,132,450,0.794,28.1,1738,4,0,0,5.4,0
C000408,356,5856.47,15,99,354,0.856,13.5,623,1,0,0,4.2,0
C002153,188,4446.58,20,96,415,0.434,24.4,6357,5,1,0,2.4,0
C002856,500,2056.81,16,58,225,0.482,28.8,748,3,1,0,10.0,0
C004514,119,2331.73,15,72,265,0.687,16.8,1518,5,0,0,10.0,0
C006324,332,5595.87,16,70,315,0.638,20.2,4591,5,0,0,6.6,0
C006921,505,8331.17,11,61,223,0.675,14.0,4690,3,0,0,1.9,0
A000920,493,777.79,16,4,44,0.527,7.3,254,6,1,1,5.0,1
C006766,97,3961.92,18,102,383,0.856,13.2,923,10,0,0,4.5,0
C009643,674,3696.96,11,53,191,0.84,22.5,1766,8,1,0,5.1,0
C001161,1678,4055.83,22,107,381,0.783,18.9,655,2,0,0,3.3,0
A000737,368,2844.83,15,8,122,0.251,4.4,23,10,0,2,0.3,1
A000905,367,3749.58,18,45,134,0.332,19.3,153,2,1,3,8.9,1
C006621,683,7665.4,16,76,302,0.942,17.9,1254,0,0,0,1.2,0
C006364,753,22461.91,11,48,187,0.824,20.0,2824,1,0,0,4.8,0
A000133,517,932.0,20,6,82,0.387,4.2,113,22,1,1,1.8,1
A000017,878,732.56,13,5,84,0.19,5.6,55,8,0,2,3.9,1
C002318,250,9165.25,14,71,301,0.666,26.6,1136,7,0,0,5.4,0
C005024,126,4511.5,12,59,220,0.901,28.0,2230,7,0,0,8.1,0
C003563,430,3807.99,16,67,271,0.708,23.2,949,1,0,0,3.4,0
C008266,505,2997.05,10,55,200,0.812,29.0,277,2,1,0,5.6,0
C002692,324,3404.27,13,82,352,0.764,30.6,1778,8,0,0,6.0,0
C003220,398,17866.15,22,115,420,0.83,31.0,755,1,0,0,4.0,0
C005397,302,7992.62,16,87,298,0.472,31.5,1157,0,1,0,7.1,0
C001871,627,4823.71,18,80,297,0.783,23.1,883,5,1,0,6.7,0
C002792,261,5512.67,17,74,296,0.88,24.9,1611,0,0,0,6.1,0
C003412,330,27456.77,15,64,277,0.481,26.7,1126,1,1,0,7.3,0
C005689,213,7597.22,16,57,232,0.695,19.5,1279,2,0,1,9.5,0
C006479,663,4735.6,15,88,314,0.806,29.8,173,2,0,0,2.9,0
A000809,1116,8351.94,15,9,83,0.615,7.3,59,3,1,1,5.9,1
C005351,566,7055.74,21,91,364,0.347,21.1,330,17,0,0,10.0,0
C007224,1045,8260.47,11,67,230,0.569,14.6,452,4,0,0,8.0,0
C008020,467,2208.39,7,38,138,0.593,14.1,830,11,1,0,7.8,0
C008172,666,8066.62,17,95,389,0.797,23.4,2182,6,0,0,4.2,0
C001497,743,4794.75,13,40,182,0.848,19.3,2411,4,0,0,10.0,0
C004694,590,2227.05,19,99,374,0.828,16.8,408,2,0,0,9.2,0
C002930,801,4615.71,15,86,310,0.646,21.7,674,3,0,0,8.4,0
C000132,330,5495.45,12,66,224,0.751,16.8,447,1,1,0,9.3,0
C002341,242,3951.68,12,51,205,0.533,12.6,1743,3,0,0,7.6,0
C001651,238,5407.17,15,58,250,0.822,29.7,3076,6,3,0,8.2,0
C003126,156,6044.93,12,59,250,0.766,20.0,1527,7,0,0,4.7,0
C007092,651,13518.49,10,46,198,0.846,23.2,944,7,0,0,3.2,0
C000097,164,1978.87,12,60,219,0.627,22.5,1611,0,1,0,3.6,0
C000775,632,4623.43,11,37,167,0.843,23.3,700,4,0,0,0.3,0
C005748,364,8695.98,9,41,181,0.307,21.8,1101,11,0,0,4.8,0
C000312,611,7108.36,14,68,288,0.674,22.2,774,1,0,0,5.5,0
C005683,49,3150.67,9,43,163,0.669,23.5,1638,2,0,0,9.3,0
C002910,297,3192.17,11,9,198,0.902,11.8,466,1,0,0,1.9,0
C006521,94,8214.61,11,47,209,0.6,20.8,4009,0,0,0,10.0,0
C000701,123,5071.58,12,56,240,0.639,19.0,1226,3,0,0,2.9,0
A000564,402,5102.6,19,15,143,0.257,5.0,41,5,0,2,0.4,1
C000470,477,10057.15,14,82,292,0.552,15.7,678,2,0,0,6.2,0
A000497,504,722.27,12,6,55,0.321,4.9,28,6,1,1,0.0,1
C007613,829,4328.72,14,59,232,0.921,25.3,686,2,0,0,5.7,0
C008133,514,3051.3,8,40,171,0.822,17.2,624,8,0,0,4.2,0
C009093,867,6718.71,16,59,256,0.573,20.2,678,13,0,0,5.4,0
C000120,170,7202.43,21,86,340,0.695,24.9,934,4,0,1,3.9,0
C008879,458,3073.87,18,74,316,0.914,19.8,2108,2,0,0,3.3,0
C003406,426,5009.23,15,86,336,0.356,23.8,1906,9,0,1,10.0,0
C001351,408,4764.46,13,58,261,0.989,29.1,1622,3,2,0,6.1,0
C008840,739,6414.92,15,70,271,0.168,28.4,4171,4,0,0,4.4,0
C006011,625,2469.11,17,53,218,0.897,26.7,3362,2,0,0,7.0,0
C002763,523,3049.1,14,66,298,0.628,18.2,1492,4,0,0,5.5,0
C001534,267,3388.53,14,63,231,0.784,24.2,435,5,1,1,1.0,0
A000475,480,12194.8,15,7,356,0.271,19.7,570,5,2,0,0.8,1
C005482,404,6455.66,10,57,223,0.862,16.6,380,6,1,0,3.3,0
C004975,306,3602.09,17,62,221,0.965,29.5,2433,0,0,0,7.5,0
C003435,355,2857.64,20,73,296,0.702,24.0,3905,2,0,0,8.6,0
C008013,554,8691.22,15,53,209,0.836,22.3,1749,0,0,0,1.4,0
C004316,254,7888.98,11,57,203,0.952,29.2,405,0,0,0,5.3,0
C005118,302,6983.04,15,64,232,0.472,21.2,811,11,0,0,5.3,0
C002685,246,4253.24,13,66,255,0.801,22.4,1108,3,0,0,4.3,0
C003066,171,7434.72,6,33,117,0.962,24.2,660,1,0,0,3.8,0
C007441,280,6072.48,21,124,462,0.708,26.5,2679,3,0,1,3.0,0
C000564,322,3600.94,17,71,301,0.757,27.4,918,6,0,0,5.1,0
C009429,288,5794.45,11,55,233,0.814,14.6,385,0,0,0,4.2,0
C004583,455,6938.97,19,99,360,0.847,13.6,1697,0,0,0,4.9,0
C008295,486,4855.55,14,74,277,0.56,21.5,1247,18,2,0,5.9,0
C004388,30,4481.76,8,38,137,0.782,19.7,2193,3,0,0,9.6,0
C000961,292,3163.57,13,61,222,0.779,22.6,438,1,0,0,4.9,0
C008763,532,5577.99,16,86,367,0.989,13.6,2420,5,0,0,8.6,0
C009452,486,4078.82,15,79,272,0.87,21.2,582,1,0,0,7.9,0
C004485,62,6003.72,15,71,253,0.797,34.6,2175,0,1,0,10.0,0
C007470,262,8205.07,14,57,220,0.817,19.9,1381,5,1,0,4.0,0
C009114,280,7086.75,17,55,227,0.708,14.5,2464,3,0,0,8.3,0
C002010,1310,3990.94,10,37,165,0.517,23.1,5110,0,0,0,6.6,0
C003886,331,2085.06,16,82,59,0.802,21.1,2125,1,1,0,5.8,0
C008077,357,1715.3,18,95,360,0.643,25.4,2196,2,0,0,2.8,0
C005528,746,2981.74,15,70,240,0.588,14.1,554,1,0,0,6.4,0
C002108,786,7497.5,16,88,369,0.5,19.8,1264,0,1,1,6.5,0
C002125,278,21799.74,15,63,235,0.873,10.8,2250,12,0,1,0.0,0
C005956,465,7054.21,19,94,416,0.629,21.0,857,2,1,0,7.9,0
C001384,239,2572.2,18,89,302,0.931,28.7,2577,0,1,0,6.7,0
C006561,403,1491.32,8,46,169,0.578,22.3,1035,13,0,0,5.0,0
C007009,441,1887.13,21,119,488,0.798,21.7,1358,10,0,0,10.0,0
C000334,807,21373.48,8,37,144,0.783,17.7,1529,2,1,0,9.0,0
C007937,795,2969.26,20,75,326,0.671,17.2,904,2,0,0,10.0,0
C008644,414,7122.15,14,68,250,0.318,23.0,4323,1,0,0,4.0,0
C009381,788,6314.88,15,76,289,0.595,17.8,3485,1,0,0,10.0,0
C009482,213,6660.82,18,84,298,0.887,24.5,989,5,0,0,6.2,0
C003873,452,9496.95,17,89,356,0.904,14.4,4094,8,0,0,5.8,0
C004451,106,5785.83,15,93,320,0.616,28.1,683,0,0,0,7.1,0
C001285,487,10749.1,10,39,54,0.664,29.9,204,2,0,0,9.0,0
C000451,236,3189.31,15,48,209,0.691,21.6,4985,1,0,0,1.8,0
C002907,632,8250.97,16,91,351,0.886,17.0,1453,1,1,1,2.6,0
C009710,498,4964.24,13,70,293,0.893,19.6,1586,2,0,0,8.1,0
C007894,250,2037.63,14,55,208,0.408,21.3,1490,6,0,0,6.6,0
C005911,658,5039.81,18,89,359,0.842,17.6,423,2,1,0,3.5,0
C008512,262,6097.85,18,77,319,0.638,17.7,849,1,1,0,2.1,0
C000294,317,3567.56,16,91,317,0.767,16.8,2796,0,0,0,2.9,0
C003648,251,1977.15,12,71,240,0.67,27.5,2125,2,0,0,4.9,0
C004635,83,3037.05,21,87,379,0.905,20.9,860,3,0,0,8.3,0
C009155,184,1914.22,14,46,211,0.918,27.1,2962,8,0,0,10.0,0
C009240,247,3837.63,11,44,200,0.84,23.5,2285,10,0,1,5.2,0
C001579,400,9622.76,12,61,241,0.754,30.1,565,2,0,0,8.1,0
C005965,624,2929.81,18,83,292,0.728,15.5,266,5,1,0,7.0,0
C006650,632,6021.26,7,25,96,0.622,21.4,970,4,0,0,7.7,0
C001409,711,4182.96,14,40,184,0.517,22.5,1686,10,0,0,2.8,0
A000285,586,13988.53,15,3,34,0.325,28.5,66,0,1,0,3.1,1
C007066,501,11004.29,18,81,299,0.813,23.8,1270,6,0,0,9.0,0
C009357,862,1121.95,13,67,293,0.75,15.3,539,6,0,0,10.0,0
C009547,608,10281.04,16,69,289,0.848,20.9,4556,1,0,1,2.0,0
C000853,44,10945.97,18,68,266,0.938,21.1,1197,2,1,0,4.0,0
C004246,222,3502.77,16,88,349,0.64,19.8,631,0,0,0,10.0,0
C005465,489,2565.55,10,40,119,0.714,3.7,3099,2,0,0,6.3,0
C004402,1132,11827.55,12,47,206,0.852,24.3,952,13,0,0,4.2,0
C008422,709,10718.42,11,47,180,0.73,22.1,422,4,1,1,0.0,0
C005966,1131,4977.17,13,62,261,0.938,16.3,767,6,0,1,3.2,0
A000656,741,5374.36,15,3,46,0.505,6.9,26,11,0,0,0.0,1
C008427,502,6182.46,18,87,389,0.558,25.9,662,2,0,0,1.0,0
C005156,847,6330.33,20,92,338,0.563,20.2,376,20,1,0,6.5,0
C008764,1398,5691.94,19,78,337,0.481,22.1,5132,11,0,0,9.5,0
C004644,189,7407.46,17,93,335,0.8,21.5,754,0,0,0,4.7,0
C003330,289,7662.8,14,65,241,0.895,16.4,2203,6,0,0,1.4,0
C007638,85,4232.36,15,82,325,0.663,22.4,746,5,0,1,5.5,0
C008365,364,1632.95,14,49,185,0.552,23.1,2000,5,0,0,7.7,0
C008215,593,3203.19,22,67,86,0.666,12.4,771,3,0,0,4.9,0
C002271,717,8185.78,17,41,153,0.713,24.6,810,4,0,0,3.2,0
C009958,422,1510.14,12,47,195,0.95,19.2,980,0,0,0,2.8,0
C001150,536,9551.82,11,37,169,0.382,21.8,3116,3,0,0,10.0,0
C005000,442,5763.69,20,85,311,0.698,16.6,2177,0,0,0,3.8,0
C004650,329,25474.4,18,77,304,0.62,23.2,1469,1,0,0,2.2,0
C003938,578,781.78,15,68,305,0.476,32.6,1548,4,0,0,5.8,0
C008693,447,10744.26,15,87,292,0.682,20.4,2226,1,0,0,10.0,0
C003571,560,21515.63,15,85,330,0.54,20.7,1136,1,0,0,6.6,0
C007646,387,7441.45,17,84,372,0.97,13.0,887,0,0,0,3.3,0
C000501,630,19992.99,10,34,121,0.463,24.5,386,8,0,0,4.9,0
C008629,347,4027.0,14,62,221,0.554,19.0,2959,5,1,0,8.1,0
C006007,746,5812.24,18,97,354,0.945,16.0,601,0,0,0,3.9,0
C008202,210,7084.77,14,54,197,0.711,22.5,437,0,0,1,6.3,0
C008179,304,6279.76,18,121,460,0.705,33.4,918,2,1,0,8.3,0
C000933,151,15491.44,20,127,464,0.817,9.4,770,0,0,0,1.3,0
C009878,1315,673.86,18,83,367,0.885,14.7,2156,6,0,0,8.2,0
A000100,176,20831.72,19,11,115,0.254,5.2,113,4,2,1,6.0,1
A000212,208,8675.71,16,7,55,0.633,4.8,188,4,1,0,4.0,1
C008070,128,2224.42,7,35,118,0.713,22.6,573,2,1,0,8.1,0
C004075,156,5636.28,7,28,121,0.748,22.2,787,3,1,0,0.0,0
C008818,443,5732.16,14,59,219,0.556,19.0,2335,13,0,0,6.1,0
C000260,639,1838.44,11,54,195,0.764,14.9,300,1,0,0,7.6,0
C005299,539,3340.26,24,112,419,0.495,13.9,1861,1,0,2,1.7,0
C000051,303,6928.82,11,61,223,0.789,30.0,243,6,0,0,4.7,0
C003706,141,4779.17,19,97,346,0.595,28.1,2073,3,0,0,7.4,0
A000353,523,11807.19,9,6,64,0.159,5.6,98,4,1,0,5.4,1
C006887,222,2281.18,9,53,182,0.419,22.0,1451,2,0,0,4.3,0
A000882,835,3619.39,14,14,167,0.332,5.5,272,0,2,2,5.9,1
C004534,169,3740.19,24,83,351,0.813,20.6,3875,6,0,0,10.0,0
C006992,540,3709.31,15,48,188,0.904,18.5,667,8,0,0,0.7,0
C001148,652,6133.53,18,76,342,0.877,19.6,3,11,1,0,5.8,0
A000720,655,2631.24,16,6,103,0.736,3.4,1402,0,1,2,9.0,1
C004029,881,1433.81,18,74,330,0.853,22.4,457,3,0,0,8.2,0
C008138,30,11129.35,16,70,304,0.647,21.9,906,3,0,0,6.8,0
C000625,80,4002.42,16,76,269,0.787,18.4,3059,3,0,0,5.4,0
C008046,480,2620.07,10,47,166,0.714,21.2,538,14,0,0,7.2,0
C007026,197,3479.95,23,105,394,0.839,28.3,505,1,0,0,3.0,0
C005616,546,9945.44,22,112,464,0.861,26.8,1138,30,0,0,5.9,0
C004610,288,4482.89,21,101,372,0.718,23.7,1639,2,1,0,4.4,0
C001069,301,3805.59,17,71,284,0.808,26.8,751,6,1,0,8.8,0
C004639,445,7512.61,17,62,236,0.891,20.3,1469,1,0,0,9.0,0
C009098,199,8118.11,16,71,296,0.292,11.7,2350,1,0,0,7.6,0
C007667,198,4880.15,19,101,346,0.955,27.3,2054,5,0,0,7.3,0
C003300,352,6886.12,13,49,170,0.66,9.2,408,1,0,0,4.1,0
C002361,459,1091.62,8,41,164,0.836,25.0,72,6,0,0,1.8,0
C005439,363,3707.79,7,19,79,0.673,24.1,2240,0,0,0,6.9,0
C007648,363,4297.43,13,62,217,0.351,27.0,1374,0,1,0,4.8,0
C002460,122,5172.53,11,49,184,0.616,21.9,644,3,0,0,8.3,0
C008584,483,5368.58,21,66,291,0.776,21.0,2235,0,1,0,8.7,0
C004327,573,2436.54,13,62,269,0.841,17.0,1043,13,1,0,0.0,0
C008270,419,5652.34,18,67,298,0.766,18.6,1414,11,0,0,8.8,0
C009489,971,2558.35,17,87,319,0.963,25.0,260,6,0,0,9.3,0
C005154,654,4986.69,17,92,310,0.85,25.6,1512,9,0,0,1.2,0
C003622,271,2954.28,15,60,245,0.904,25.1,1627,1,0,0,7.7,0
C008834,365,2029.95,10,39,164,0.91,25.1,2576,3,0,0,6.5,0
C003350,274,10654.45,18,67,270,0.795,15.5,1264,7,0,0,7.1,0
C009823,1213,8315.49,17,67,242,0.797,22.9,447,1,0,0,5.9,0
A000990,154,9580.3,16,5,97,0.204,3.5,155,27,0,2,2.9,1
A000763,301,2603.73,10,3,427,0.29,7.4,392,8,2,0,2.1,1
A000664,283,1934.21,22,9,89,0.444,6.0,126,16,2,1,3.6,1
C006235,352,2099.19,17,61,267,0.791,33.5,1733,12,0,1,5.9,0
C007349,662,2964.89,16,89,378,0.7,26.1,2234,0,0,0,5.3,0
A000346,533,12576.96,18,3,42,0.477,5.2,111,19,1,1,5.1,1
A000373,201,6747.55,19,6,292,0.729,6.2,42,0,0,2,7.4,1
C009195,325,9433.77,11,50,175,0.481,25.0,1979,1,0,0,8.1,0
C002086,300,3409.55,15,77,333,0.443,16.2,71,0,0,0,9.2,0
C003119,275,3883.98,25,10,413,0.853,11.0,188,1,0,0,7.3,0
C003216,680,3300.5,17,82,365,0.894,26.7,1701,5,0,0,10.0,0
C002628,113,7144.86,15,73,329,0.712,35.9,1954,10,1,0,7.3,0
C002216,177,1542.01,17,67,247,0.68,36.5,1630,4,0,0,4.7,0
C001836,282,6059.24,22,102,370,0.768,22.0,704,2,0,0,8.5,0
C007300,172,6931.19,21,109,369,0.451,13.7,1010,0,1,0,5.9,0
C008084,350,2635.93,11,59,219,0.606,27.0,3213,4,0,0,3.3,0
C005630,289,18633.84,19,106,379,0.647,24.0,370,1,0,0,7.3,0
C003095,281,3206.59,19,97,432,0.52,33.1,991,23,0,0,1.4,0
C007616,559,3016.41,16,69,274,0.839,25.6,2196,6,2,0,10.0,0
C008911,156,12780.92,21,74,292,0.697,21.8,1378,4,0,0,5.1,0
C004095,537,1683.56,22,107,96,0.439,15.0,422,1,0,0,1.6,0
C001656,407,8324.03,23,101,436,0.578,27.6,1132,0,1,1,5.3,0
C000896,309,7643.65,14,52,191,0.165,21.7,434,0,0,0,6.0,0
C005203,163,5612.23,16,87,297,0.591,10.7,1164,3,0,0,7.1,0
C002630,537,3231.65,15,47,189,0.911,28.4,585,0,0,0,7.1,0
C000766,945,8135.98,18,79,293,0.942,33.0,1190,5,0,0,4.5,0
C004093,175,8707.93,19,94,322,0.598,28.2,786,1,0,0,8.8,0
C003621,514,2059.17,14,58,218,0.844,29.5,387,4,1,0,10.0,0
C005265,174,1838.84,7,38,133,0.58,17.2,729,4,0,0,5.4,0
C000462,874,5278.73,18,83,331,0.766,23.6,985,6,0,0,7.7,0
C004266,324,4049.33,19,82,315,0.885,25.4,1542,9,0,0,10.0,0
C005147,122,5480.16,15,79,297,0.599,16.9,3411,6,0,0,4.1,0
C005771,224,2717.88,16,84,298,0.879,22.0,2220,2,0,0,9.0,0
C004272,871,14841.42,12,55,223,0.769,22.1,1394,0,0,0,7.4,0
C001704,427,12625.74,19,111,373,0.858,17.7,159,0,0,0,6.9,0
C005077,305,13297.14,12,52,230,0.849,25.0,953,2,0,0,6.2,0
C003890,106,4074.63,13,42,187,0.935,30.9,1891,0,0,0,0.1,0
C002169,339,7742.9,19,70,290,0.726,18.7,729,1,0,0,6.5,0
C003064,677,2074.17,12,71,279,0.936,21.3,3084,9,0,1,4.1,0
C001897,433,17856.11,13,84,309,0.373,25.6,715,4,1,0,10.0,0
C009849,146,4163.85,15,79,305,0.786,23.9,1714,1,0,0,5.3,0
C000566,56,12380.05,27,129,552,0.793,14.0,1785,3,0,0,4.1,0
C009012,585,4747.44,20,79,280,0.707,20.9,1424,2,0,0,3.5,0
C008226,658,7637.66,16,66,246,0.737,29.3,2095,7,1,0,1.6,0
A000180,75,3680.32,16,3,39,0.304,7.2,53,1,0,1,2.0,1
C003853,232,9664.34,16,74,284,0.87,27.3,2076,6,0,0,3.0,0
C002743,1145,9518.7,18,46,202,0.477,26.9,1347,2,0,0,2.0,0
C005385,97,3205.12,14,51,212,0.756,17.4,418,2,1,0,8.0,0
C008775,1357,9810.66,14,71,241,0.581,31.2,450,3,1,0,6.0,0
C007655,301,4626.33,20,90,350,0.896,13.9,1780,1,0,1,2.6,0
C005505,1154,2799.1,19,81,344,0.889,16.4,3023,5,0,1,10.0,0
C009995,790,6250.01,14,53,244,0.386,19.3,418,3,0,0,5.8,0
C000170,178,2420.39,20,104,362,0.646,25.9,1251,0,0,0,5.9,0
C004620,258,9815.24,17,104,378,0.796,18.0,1333,4,1,0,6.7,0
C003456,97,4448.31,15,71,287,0.809,21.7,808,2,0,0,8.2,0
C009053,1063,20095.08,14,55,202,0.604,23.4,860,11,0,1,8.6,0
C008721,300,4584.43,15,93,312,0.86,36.0,1087,8,0,0,7.5,0
C007237,58,6159.88,15,99,378,0.864,31.1,1599,11,0,0,0.0,0
C007289,1001,2642.01,17,86,324,0.905,22.9,2419,2,0,0,5.1,0
C005757,387,746.01,14,96,326,0.834,24.2,3667,7,0,0,8.1,0
C007744,718,10914.45,19,84,308,0.895,16.0,1218,1,0,0,5.9,0
C001374,99,4018.25,19,98,421,0.838,19.3,1726,8,0,0,2.7,0
C003469,208,3927.79,19,67,253,0.625,16.0,1526,2,0,0,9.2,0
C006640,413,6626.29,16,76,322,0.787,22.9,437,1,1,0,3.4,0
A000941,534,2250.06,22,15,124,0.179,7.4,59,23,0,0,2.3,1
C008184,101,4906.29,18,93,406,0.363,24.3,8511,0,0,0,2.0,0
A000956,620,1835.07,21,55,230,0.739,5.6,203,16,0,0,1.3,1
A000446,324,12652.46,23,7,72,0.021,6.3,91,6,0,1,3.0,1
C007691,263,13871.08,12,65,249,0.76,14.7,269,0,0,1,5.1,0
C003756,111,3551.68,16,100,365,0.723,14.5,576,10,0,0,9.9,0
C007714,178,2338.28,21,72,293,0.447,20.6,2319,0,0,0,0.0,0
C000322,341,2040.51,10,49,169,0.648,25.2,457,0,0,0,4.6,0
C005129,772,6897.38,14,66,257,0.099,6.1,237,0,0,0,8.6,0
C000427,425,6413.13,9,36,155,0.756,26.5,356,8,0,0,10.0,0
C004569,570,8621.83,15,67,265,0.627,20.2,439,1,0,0,4.0,0
C000428,1984,7728.29,20,85,369,0.774,10.8,938,0,0,0,10.0,0
C006703,364,4668.34,14,76,296,0.415,26.6,1151,4,0,0,1.8,0
C004755,271,10528.75,16,81,311,0.92,23.8,1173,6,1,0,4.7,0
C006244,434,3167.63,15,52,201,0.91,31.0,486,3,0,0,3.0,0
C001517,901,1420.03,18,67,255,0.625,27.7,873,0,2,0,3.8,0
C004157,330,3474.27,22,95,352,0.423,25.5,320,0,0,0,8.0,0
C006366,1055,7042.94,12,55,240,0.416,19.1,269,0,0,0,4.5,0
C005822,303,4746.69,11,37,152,0.892,23.1,1730,1,0,0,5.0,0
C006604,975,5094.08,11,50,188,0.809,24.8,431,1,0,0,5.1,0
C004958,455,11359.98,14,76,305,0.848,15.6,840,2,0,1,6.8,0
C000081,1269,7570.03,15,81,277,0.785,22.7,2080,5,0,1,10.0,0
C002931,174,4649.55,15,65,247,0.717,21.0,1451,3,1,0,3.6,0
C002326,368,6687.65,18,122,445,0.686,21.2,222,7,0,0,4.5,0
C004293,395,3545.14,18,81,302,0.868,15.1,1576,4,0,0,4.1,0
C004334,587,5204.48,11,41,180,0.886,24.0,925,10,0,0,5.9,0
C006742,547,3592.63,15,95,384,0.763,13.4,755,4,1,0,3.8,0
C001251,392,854.59,14,38,170,0.867,18.1,238,0,0,0,5.5,0
C000336,196,1185.87,16,67,246,0.787,24.2,925,0,0,0,7.6,0
C001884,371,7639.61,13,58,215,0.77,32.4,2903,3,0,0,6.4,0
C007996,289,2253.01,11,43,167,0.865,27.3,2372,6,0,0,3.9,0
C002407,1130,1962.37,14,54,238,0.801,15.6,1309,3,0,0,9.7,0
C003530,326,7813.95,14,73,279,0.888,19.9,2014,4,0,0,2.9,0
C002999,666,8469.15,15,70,303,0.686,32.0,445,2,0,0,5.1,0
C002378,182,5508.74,15,62,269,0.511,23.5,2177,0,0,1,7.6,0
C003636,326,13542.42,18,58,265,0.737,24.5,721,2,1,1,9.9,0
C005578,756,2643.33,9,35,146,0.934,10.0,840,15,0,0,2.6,0
C008349,598,2166.55,15,53,203,0.394,12.7,791,0,1,0,4.3,0
C005169,88,5160.1,14,69,235,0.942,19.8,929,3,0,0,5.6,0
C008161,762,1600.19,15,90,336,0.719,17.8,1588,2,2,0,7.9,0
C003657,321,8014.17,9,35,42,0.741,6.3,509,2,0,0,10.0,0
C007170,781,6655.69,16,77,333,0.752,26.7,646,0,1,0,6.3,0
C008776,304,5967.38,10,47,180,0.403,20.2,868,10,1,0,8.3,0
C006506,220,2850.26,17,69,312,0.536,21.8,675,7,0,0,8.3,0
A000890,442,3859.69,18,5,81,0.363,5.9,32,5,0,0,4.1,1
C001414,758,3805.62,15,54,223,0.574,20.2,483,9,0,0,7.6,0
C000032,610,7441.2,9,27,120,0.585,14.9,3487,1,2,1,8.7,0
C007444,177,13365.48,17,82,330,0.216,23.4,879,0,0,0,7.4,0
C006226,197,8771.53,14,63,267,0.6,24.1,855,4,0,0,9.1,0
C007749,541,5939.4,18,65,278,0.74,19.2,3839,3,0,1,7.0,0
A000539,291,7349.16,15,4,65,0.504,4.8,76,3,1,1,3.4,1
C005260,292,8922.57,14,44,193,0.747,21.6,1806,0,0,0,7.7,0
C005083,363,1265.12,15,59,256,0.845,15.8,1317,1,0,0,8.4,0
C009204,1265,4087.47,19,82,357,0.824,22.1,2520,9,0,0,5.8,0
A000908,274,6794.03,6,3,40,0.158,5.8,227,30,2,1,3.2,1
C008442,331,3057.11,14,69,236,0.388,17.0,2393,2,0,0,3.2,0
C005844,587,772.44,17,79,328,0.825,33.4,566,8,0,0,3.9,0
C009634,761,3686.32,19,65,289,0.667,16.4,1771,3,0,1,2.8,0
C000374,98,2636.57,13,64,247,0.772,27.0,2075,6,0,0,7.0,0
C007632,39,5918.37,12,59,211,0.878,21.4,492,0,0,0,1.3,0
C009444,254,8772.36,19,99,352,0.807,15.5,1216,4,0,0,7.1,0
C003470,259,7991.05,16,91,346,0.911,26.1,1746,7,0,0,0.7,0
A000577,305,12509.24,15,5,48,0.331,5.6,25,2,1,0,8.0,1
C005067,521,1460.19,16,81,332,0.696,30.1,867,7,0,0,4.8,0
C004166,254,5217.35,14,53,198,0.496,17.7,3395,1,0,0,10.0,0
C009237,250,5273.14,10,53,202,0.948,20.7,122,2,0,0,3.5,0
C003317,555,5526.85,14,56,215,0.589,22.0,1163,2,0,0,5.1,0
C006347,73,2616.86,10,57,244,0.558,24.4,690,0,0,0,9.2,0
C009321,301,20436.99,23,82,356,0.731,26.5,1694,15,1,0,2.5,0
C009178,302,1561.44,14,72,277,0.737,19.9,1124,0,0,1,4.1,0
C004415,290,21496.34,6,28,109,0.78,19.8,810,0,0,0,7.0,0
C007557,144,9426.8,15,69,289,0.471,10.8,1948,0,0,0,8.5,0
C005677,416,4552.47,19,98,329,0.709,21.2,1293,1,0,0,7.3,0
C009558,502,3682.63,17,76,316,0.609,20.9,652,6,0,1,7.3,0
C005036,371,2966.59,17,90,304,0.913,26.8,1183,1,1,0,5.0,0
C006537,489,9545.34,15,69,266,0.772,17.2,2105,4,1,0,3.7,0
C009223,137,3205.17,13,70,307,0.796,24.2,515,1,0,0,5.1,0
C005650,698,10247.48,14,55,216,0.564,23.8,138,3,0,0,8.0,0
C000316,528,9462.07,19,121,410,0.876,25.4,1052,6,0,0,6.4,0
C003922,393,2530.47,13,74,250,0.749,25.6,3945,3,1,0,6.4,0
C001670,30,7974.1,16,86,309,0.633,18.0,197,5,0,1,6.2,0
C005504,397,3585.6,19,106,410,0.669,8.9,3244,1,0,0,4.9,0
C008615,320,3084.95,13,59,213,0.523,15.3,1358,13,1,0,7.1,0
C002406,438,11663.85,18,59,204,0.741,28.7,1880,1,0,1,8.4,0
C006631,466,5473.51,15,57,255,0.76,11.4,836,9,0,0,4.7,0
C007773,137,6342.46,14,89,309,0.735,27.7,1011,9,0,1,4.7,0
C007443,478,5330.04,13,68,288,0.493,16.3,2447,1,1,0,7.7,0
C001407,1154,2995.9,9,50,170,0.941,16.4,613,29,0,0,6.0,0
C003799,623,4554.66,17,75,254,0.492,21.7,757,10,0,0,10.0,0
C009557,770,4619.24,13,51,203,0.786,29.0,1601,7,1,1,4.8,0
A000698,230,8773.7,13,77,339,0.439,4.6,1160,3,0,2,7.3,1
C003026,331,5337.09,18,76,318,0.727,22.9,1366,9,0,0,6.9,0
C002612,321,1471.54,11,47,163,0.954,23.5,1509,3,0,0,7.1,0
C006499,611,3219.9,14,62,270,0.625,16.8,3995,2,0,0,3.0,0
C008145,508,2676.98,17,50,207,0.904,24.9,1391,0,0,0,0.3,0
C006891,555,4834.25,16,116,416,0.826,15.7,470,8,1,1,1.8,0
C003140,469,6550.75,19,96,428,0.715,26.0,643,2,0,0,0.0,0
C009619,489,2055.79,18,57,206,0.817,15.9,4412,16,1,0,7.4,0
C003950,91,9688.4,11,56,207,0.73,7.2,505,0,1,1,7.4,0
C003285,566,4618.85,12,51,211,0.582,29.2,1008,5,0,0,3.7,0
C008639,518,4180.36,21,106,465,0.777,20.8,1577,4,0,0,6.5,0
A000359,1633,4436.54,18,9,83,0.264,5.3,30,9,0,2,0.0,1
C006465,670,10784.47,14,0,14,0.888,25.5,647,7,1,0,4.1,0
C001693,505,4033.05,10,6,193,0.818,6.2,562,1,0,0,7.0,0
C004843,381,8887.62,17,59,220,0.595,10.9,374,0,0,0,8.5,0
C001953,594,3642.03,17,72,281,0.293,31.2,873,2,0,0,10.0,0
C008098,973,5953.98,19,102,364,0.883,17.1,834,6,0,0,2.8,0
C000714,194,4598.98,13,43,172,0.787,25.3,791,3,0,0,8.8,0
C001580,84,12325.73,23,86,336,0.96,21.1,2014,8,0,0,7.2,0
C000938,417,3138.83,8,39,133,0.743,14.6,1003,0,1,0,3.4,0
C002996,452,9395.46,18,74,318,0.382,21.9,1747,3,0,0,9.5,0
C001088,615,6405.17,23,113,445,0.708,17.1,763,4,0,0,9.3,0
C002358,471,2917.07,13,61,254,0.711,23.5,1263,7,1,0,10.0,0
C005492,1216,7842.59,20,74,322,0.675,30.2,1572,0,0,1,3.6,0
C003032,157,6326.22,9,38,161,0.819,21.6,173,2,1,0,0.0,0
C008329,390,6941.1,15,60,230,0.746,17.5,553,0,0,0,4.7,0
C008709,223,2359.53,14,73,278,0.9,5.8,2203,0,0,0,4.5,0
C003972,485,8485.45,15,80,326,0.863,15.7,4698,0,1,0,6.9,0
C003028,432,14914.05,15,78,273,0.895,20.6,1378,8,0,0,6.4,0
C000882,1708,11220.54,17,94,318,0.486,24.8,808,6,0,0,3.0,0
C004756,129,5204.73,13,56,222,0.908,20.1,4427,1,0,0,7.6,0
C006309,414,3879.44,15,60,243,0.573,17.6,702,5,0,1,7.7,0
C007059,552,10099.09,19,65,279,0.869,31.8,1273,2,1,0,3.9,0
C009807,745,1981.63,21,94,320,0.642,13.8,1326,1,0,0,6.3,0
A000128,136,4176.5,12,2,19,0.319,4.3,41,2,0,1,3.7,1
A000467,1074,3135.32,19,5,48,0.308,7.6,130,1,0,3,0.3,1
C006435,1001,5254.14,18,88,313,0.605,25.2,4375,8,0,0,7.8,0
C003932,544,6138.98,22,136,551,0.829,22.6,1504,5,0,1,6.3,0
C004270,447,6182.48,12,64,242,0.745,14.2,287,0,0,0,2.6,0
C009351,120,8549.97,13,66,248,0.797,31.3,1948,5,0,0,7.0,0
C003013,909,4765.99,14,58,219,0.592,35.9,447,4,0,0,4.8,0
C005581,404,10680.64,14,58,239,0.962,28.0,759,11,0,0,3.0,0
C000533,281,4459.88,19,78,329,0.691,22.1,1452,3,0,0,9.9,0
C005398,432,9141.52,12,72,267,0.805,21.0,637,2,0,0,4.7,0
C006647,1816,10415.42,13,59,219,0.609,19.2,404,1,1,0,6.6,0
C002715,111,2471.57,9,53,228,0.614,20.7,1012,0,0,0,5.0,0
C008777,820,12381.23,10,34,155,0.853,24.1,325,3,0,1,6.4,0
C004404,282,3024.58,10,64,233,0.773,18.6,450,0,1,0,4.8,0
C002632,111,2444.88,20,148,502,0.807,16.9,1265,1,0,0,3.8,0
C001711,139,5334.8,8,39,153,0.544,15.9,4804,1,0,0,7.5,0
C006747,229,1894.85,19,102,416,0.797,26.0,336,1,0,0,8.1,0
C008010,395,4989.51,18,83,281,0.688,28.3,1469,1,0,0,6.4,0
C001786,373,7349.09,12,37,163,0.902,18.9,1732,2,0,0,2.1,0
C004053,626,1974.64,11,77,286,0.901,20.3,2269,12,0,0,6.4,0
C000959,177,1324.06,14,63,235,0.574,23.5,1097,23,0,0,7.4,0
C003023,365,9605.49,13,56,240,0.814,19.9,799,0,0,0,3.9,0
C002985,339,1655.07,20,105,377,0.864,16.7,904,12,0,0,9.3,0
C000734,129,5413.43,16,58,228,0.626,11.6,1799,1,0,0,3.2,0
C008883,132,4986.97,18,48,218,0.757,16.1,1799,1,1,1,3.3,0
C006909,212,3024.0,19,95,414,0.737,28.5,383,0,0,1,3.6,0
C006456,240,7623.59,20,78,266,0.717,18.9,362,7,1,1,8.9,0
C004939,379,5508.92,14,53,193,0.907,17.8,1095,7,1,0,9.7,0
C003335,354,8920.51,17,99,375,0.215,20.1,1638,0,0,0,4.3,0
C009392,238,1424.75,13,57,218,0.569,36.5,809,6,0,2,8.0,0
C003956,101,3597.54,14,47,180,0.903,20.7,145,5,1,0,9.9,0
C008560,752,7041.25,12,53,184,0.789,26.7,3530,18,1,0,5.1,0
C003078,470,1568.94,12,39,155,0.908,28.9,1780,4,0,0,6.8,0
C001194,469,4937.49,13,54,235,0.177,15.1,2265,9,1,0,9.6,0
A000755,576,12924.58,16,8,92,0.33,8.2,441,5,1,0,3.7,1
C000543,516,8429.7,18,81,346,0.893,18.1,1043,1,1,1,4.5,0
A000648,149,4446.24,11,2,33,0.959,5.9,835,6,0,1,4.8,1
C008185,589,2253.21,12,82,276,0.809,21.8,3472,6,0,2,5.8,0
C007564,164,18767.33,10,49,188,0.217,26.0,1325,9,0,0,3.2,0
C004861,707,1214.85,14,56,258,0.486,19.2,1417,3,0,0,0.0,0
C002128,784,5337.98,25,114,387,0.837,23.8,991,1,0,0,6.9,0
C005153,380,7665.56,19,80,308,0.876,29.6,1556,4,1,0,5.3,0
A000021,319,18586.82,14,0,9,0.273,6.6,45,0,0,1,4.2,1
C004925,150,4535.73,14,59,247,0.931,25.5,546,0,0,0,9.2,0
C004150,137,2662.89,27,106,475,0.642,24.4,1253,6,1,1,7.2,0
A000917,774,6284.73,16,3,249,0.797,5.8,77,18,1,0,7.1,1
C007110,550,1815.4,12,62,240,0.782,12.2,585,1,0,0,6.2,0
C009526,246,4866.23,18,77,262,0.782,24.2,858,5,0,0,9.0,0
C004542,750,5688.96,13,77,260,0.9,27.2,573,1,0,1,6.2,0
A000023,118,2956.57,13,6,55,0.205,7.0,1034,5,1,1,5.5,1
C006888,503,2403.1,15,75,315,0.818,29.3,800,1,1,0,7.9,0
C003699,194,5239.46,18,75,310,0.865,24.6,654,0,0,0,7.1,0
C005471,983,5405.93,13,63,261,0.737,26.7,776,9,1,0,0.0,0
C002847,591,7345.37,6,38,137,0.455,20.3,1631,13,0,0,8.0,0
C005693,415,2302.6,11,51,183,0.752,16.8,1309,0,0,0,8.8,0
C004103,656,6511.29,20,66,240,0.641,21.9,475,4,0,1,9.1,0
A000091,312,3615.06,19,8,95,0.407,6.9,250,12,0,1,2.9,1
C000296,153,8928.34,13,57,251,0.592,30.7,1602,2,0,0,7.7,0
C003007,365,15176.63,17,82,289,0.509,26.3,1139,7,0,0,9.3,0
C002639,109,5182.07,12,49,200,0.87,11.4,2663,12,0,1,9.1,0
C003288,434,2838.9,10,45,172,0.89,19.0,1013,0,0,0,9.4,0
C000287,349,3161.91,9,38,150,0.795,23.9,3193,8,0,0,4.7,0
C000211,219,1439.64,16,123,430,0.716,23.1,1300,1,0,1,10.0,0
C005358,161,7292.38,17,82,331,0.813,20.5,985,1,0,0,6.3,0
C006850,475,4256.6,15,68,266,0.579,15.7,4951,3,0,0,7.6,0
C007493,241,1559.98,20,112,463,0.382,26.3,4671,16,1,0,7.0,0
C008983,130,8470.71,16,85,315,0.771,19.9,2678,0,1,0,10.0,0
C006885,323,3671.05,15,61,244,0.767,26.7,643,0,1,0,4.7,0
C001714,1186,4954.34,19,106,376,0.223,25.0,641,2,0,0,10.0,0
C000550,536,3415.18,17,61,268,0.868,20.4,562,26,0,0,3.2,0
C006052,275,24228.83,14,61,266,0.773,21.8,1074,1,1,0,6.2,0
C000677,558,7733.11,21,93,407,0.614,29.9,956,4,1,0,7.8,0
C004105,196,37296.28,13,44,200,0.661,11.5,859,6,0,1,1.2,0
C002866,877,12576.42,19,55,69,0.533,26.4,541,1,0,0,7.0,0
C008852,166,6693.41,11,52,205,0.701,27.6,1954,3,0,0,10.0,0
C007280,348,5086.78,13,51,205,0.847,23.6,172,4,0,0,7.2,0
C003818,209,10850.65,17,97,356,0.596,25.8,1619,2,0,0,1.6,0
C006365,1168,8446.22,13,69,291,0.588,25.3,1228,0,0,0,9.4,0
C006193,196,11294.21,21,87,380,0.856,28.7,3122,18,1,0,8.2,0
C005014,302,3266.21,13,64,258,0.387,12.2,387,9,0,0,6.2,0
C002168,508,3298.85,18,86,321,0.813,23.1,1589,9,0,1,8.5,0
C009973,515,3923.69,17,77,260,0.733,16.3,42961,1,1,1,4.0,0
C003291,242,3149.52,15,59,250,0.286,19.9,314,4,0,1,6.6,0
C004216,920,5641.3,12,68,239,0.577,17.1,3230,0,0,0,5.6,0
C008888,238,1175.32,18,89,355,0.649,19.6,1229,4,0,0,8.3,0
C002993,439,4088.75,19,87,381,0.505,13.4,638,0,0,0,10.0,0
C003496,313,3302.52,12,64,225,0.94,36.3,719,1,1,0,6.3,0
A000058,678,17529.94,23,19,138,0.155,4.4,15,1,0,3,1.8,1
C009383,70,2469.78,11,50,203,0.873,21.7,2308,2,0,0,6.3,0
A000553,536,6859.73,12,4,37,0.588,5.3,87,4,0,1,6.4,1
C001826,479,2373.22,17,74,286,0.639,22.2,408,0,0,0,6.5,0
C005503,790,7398.76,11,49,196,0.72,14.4,89,7,1,0,8.7,0
C003674,405,3856.32,15,44,187,0.588,21.5,2006,3,0,0,5.6,0
C005903,1722,6286.2,16,67,254,0.688,17.5,462,1,0,0,7.4,0
C009116,482,10039.28,18,76,338,0.599,26.9,718,0,0,1,3.5,0
C001745,583,7673.79,9,45,173,0.791,17.6,2825,0,0,0,6.1,0
C004598,319,18068.22,14,89,331,0.885,21.6,1916,0,1,0,2.8,0
C008794,311,1470.2,12,62,230,0.088,28.8,1346,9,0,1,9.6,0
C006187,266,5021.31,11,52,47,0.397,25.5,1824,2,0,0,4.4,0
C006248,682,4724.23,10,62,216,0.595,31.8,492,1,0,0,9.7,0
A000626,371,2628.41,8,7,56,0.219,4.0,242,14,0,2,7.2,1
C005363,150,9869.46,11,51,209,0.889,15.7,3950,1,1,0,6.9,0
C002021,567,4791.71,17,108,361,0.699,24.3,2493,3,0,0,8.3,0
C004420,35,3918.11,19,85,364,0.343,22.6,538,10,0,0,9.0,0
C001433,504,11774.62,20,94,350,0.771,11.4,1525,9,0,0,10.0,0
A000046,179,3931.02,16,11,90,0.213,6.3,121,0,0,0,0.9,1
C008655,151,4645.45,16,76,260,0.72,28.6,485,1,1,0,8.0,0
C007135,342,4977.51,12,66,255,0.76,26.0,2835,5,0,1,5.3,0
C002089,179,3921.84,11,50,221,0.657,24.1,4644,0,0,0,6.5,0
C006933,582,2850.31,21,96,322,0.834,26.7,643,3,0,0,4.7,0
C004871,542,6996.49,8,30,109,0.903,10.5,719,3,3,1,2.9,0
C008278,618,1328.21,16,70,269,0.936,15.6,1552,0,0,0,5.5,0
C003282,231,1236.38,12,61,220,0.79,14.3,1437,2,0,0,4.5,0
A000392,570,3395.92,19,10,138,0.353,7.8,139,5,1,1,4.6,1
C008405,459,4524.05,16,70,301,0.61,20.0,948,4,0,0,9.8,0
C004120,238,4522.05,18,89,363,0.651,33.1,1858,3,1,1,5.7,0
C000468,391,3206.73,18,75,323,0.264,4.2,440,10,1,0,7.7,0
C010000,924,5293.59,16,51,208,0.703,22.1,4775,3,0,0,4.8,0
C009745,228,22062.75,9,43,184,0.734,19.8,874,0,0,0,8.8,0
C006322,159,2921.99,12,40,176,0.75,28.3,681,1,0,0,5.2,0
C007768,105,7242.52,24,137,558,0.742,14.0,1024,1,0,1,3.2,0
C001781,378,5196.76,21,96,329,0.829,21.5,725,1,1,1,8.3,0
A000476,135,14310.97,15,4,55,0.418,8.5,256,30,1,2,1.4,1
C000107,534,621.93,11,37,159,0.759,22.4,995,3,0,1,10.0,0
C006642,57,13645.3,15,79,300,0.487,20.0,3949,0,0,0,4.6,0
C006438,525,9131.48,12,50,196,0.676,34.5,231,5,0,0,8.2,0
C000591,511,5558.27,17,79,326,0.599,25.5,636,1,0,0,5.4,0
C001905,373,6879.49,13,57,210,0.867,30.1,216,0,1,0,3.2,0
C005708,464,4729.18,20,66,37,0.926,20.3,72,0,0,1,9.0,0
C005066,1576,5465.53,15,56,218,0.704,16.9,580,0,0,0,6.9,0
C005246,537,4140.57,10,66,237,0.638,28.0,899,6,0,0,9.4,0
C009814,1589,9414.56,15,61,228,0.703,9.0,1550,3,0,0,7.4,0
C004227,611,2996.88,16,90,309,0.717,25.1,592,4,0,0,9.3,0
A000351,242,1384.11,14,4,93,0.108,6.7,122,21,1,2,4.3,1
C005643,452,12814.26,8,36,143,0.922,16.5,539,2,0,1,4.7,0
C006905,246,5283.21,19,86,386,0.846,17.6,2756,4,0,0,5.7,0
C009318,1250,3386.93,17,78,307,0.559,18.1,582,0,0,0,4.7,0
A000657,364,7346.5,13,3,29,0.212,4.4,120,1,1,0,3.4,1
C006463,63,9976.86,15,70,263,0.556,18.6,1202,0,0,1,0.3,0
C002448,477,2628.71,14,35,132,0.688,31.4,4019,5,1,0,4.9,0
C007863,226,4150.09,12,32,117,0.19,22.3,233,1,1,0,7.4,0
C003091,1043,24633.69,15,87,322,0.33,28.8,710,0,0,0,3.4,0
C001985,161,10977.41,14,60,203,0.829,16.3,1079,7,1,0,3.2,0
C003659,653,4358.68,14,94,316,0.584,17.6,1589,3,0,0,10.0,0
A000422,332,3143.41,18,1,22,0.176,6.0,11,4,4,1,1.6,1
C007603,96,2406.44,10,50,201,0.887,22.0,3487,0,0,0,10.0,0
C006546,280,3889.8,15,82,345,0.852,19.0,1388,3,0,0,3.6,0
C009659,421,14143.22,14,88,315,0.284,30.0,1503,0,0,0,8.0,0
C008719,231,2273.99,10,44,150,0.825,23.9,542,7,0,0,4.2,0
C006841,1111,9249.41,13,55,192,0.934,15.9,978,1,0,0,4.1,0
C004031,444,2623.14,16,73,267,0.71,26.8,751,1,0,0,5.2,0
A000849,91,8815.8,14,4,39,0.236,6.4,25,2,0,1,3.3,1
C005134,253,8887.06,21,90,381,0.461,21.1,1006,3,0,0,2.3,0
C006283,150,10732.97,15,96,382,0.692,12.9,3017,3,1,0,3.1,0
C007440,1531,4255.35,14,61,235,0.727,17.9,6082,2,0,0,10.0,0
C008301,327,6528.31,14,80,272,0.579,11.6,1377,0,0,0,5.5,0
C000030,92,6861.0,15,39,175,0.856,27.3,745,1,0,0,6.9,0
C005454,467,2259.63,16,98,333,0.873,27.3,652,0,0,0,3.6,0
C003161,358,6337.94,24,118,435,0.671,12.3,343,2,1,0,5.2,0
C002037,1357,8889.99,11,39,149,0.776,28.3,271,2,0,0,3.4,0
C000466,346,9366.2,12,59,202,0.397,29.1,3605,0,1,0,4.2,0
C008619,728,7097.51,15,53,222,0.896,18.5,2499,0,0,0,5.3,0
C005390,407,3199.19,14,72,255,0.588,23.5,3100,0,1,1,10.0,0
C000569,840,3129.86,16,62,238,0.399,28.9,3106,3,0,0,5.3,0
C003680,411,2632.48,14,90,305,0.374,22.7,463,0,0,0,10.0,0
C003051,324,1359.87,17,53,185,0.492,20.2,1067,2,0,0,6.4,0
C004386,427,2611.95,14,81,298,0.805,20.6,4931,4,0,0,2.0,0
C001246,948,5245.38,18,84,376,0.578,15.3,1770,0,0,1,4.0,0
C000218,174,17624.41,21,99,394,0.844,19.4,501,1,0,0,7.3,0
C003990,480,6822.17,15,67,277,0.731,15.5,531,1,1,0,2.9,0
C007676,238,1960.47,13,59,256,0.872,22.5,1185,0,0,0,6.5,0
C001767,988,8749.61,13,38,170,0.692,12.5,2165,1,0,0,1.0,0
C000109,550,4521.69,21,92,402,0.767,15.1,1550,0,1,0,8.0,0
A000262,272,4059.6,20,14,95,0.359,6.8,210,11,0,0,3.8,1
C002155,112,3812.77,13,40,148,0.713,13.0,971,0,0,0,5.0,0
C005182,104,3444.51,15,49,217,0.935,24.3,1412,1,0,0,4.6,0
C007671,1025,16881.08,12,47,211,0.403,13.9,1219,12,1,0,7.5,0
C001865,221,3347.43,16,98,355,0.723,27.7,9745,3,0,0,3.1,0
C008898,425,3820.3,8,27,125,0.716,14.0,895,1,0,1,5.7,0
A000228,170,4983.03,11,8,64,0.531,6.8,44,3,1,0,7.7,1
C003468,341,983.25,12,47,206,0.589,23.4,2500,0,0,0,3.9,0
C009697,562,1120.43,20,82,339,0.712,21.0,426,2,0,0,7.7,0
A000787,245,1076.17,16,10,78,0.205,19.2,78,0,0,1,4.7,1
C001091,344,2121.71,15,61,277,0.714,27.6,1135,17,0,0,2.5,0
C007592,580,10128.25,12,67,274,0.73,16.3,2255,0,0,0,6.3,0
C008114,304,8888.33,12,56,216,0.935,12.2,1779,1,0,1,8.8,0
C006467,367,17120.06,11,67,257,0.806,21.8,1516,3,1,0,5.4,0
C004773,391,5438.06,6,33,115,0.865,21.3,473,4,0,0,4.2,0
C003326,748,2608.2,9,53,199,0.746,25.3,1075,1,0,0,5.1,0
C007183,366,3914.74,19,80,352,0.832,26.6,1612,19,0,0,8.7,0
C008702,153,3831.37,13,73,284,0.836,30.1,1245,3,0,0,8.2,0
C008027,214,3308.68,14,92,361,0.758,19.1,1530,9,1,0,4.3,0
C003356,71,2231.76,11,55,247,0.871,19.0,408,1,0,0,9.8,0
C003762,241,5010.41,16,61,246,0.507,20.2,334,7,0,0,6.2,0
C005199,355,3284.16,12,73,246,0.48,18.8,700,4,0,1,5.3,0
C007950,373,3316.39,18,73,254,0.792,22.1,290,8,0,0,5.2,0
A000206,544,5035.54,17,7,118,0.159,4.4,84,15,1,2,0.0,1
C009772,500,2601.53,14,65,246,0.684,7.6,26,4,0,0,7.6,0
C007906,526,15472.05,10,31,122,0.518,6.2,45,30,0,0,5.5,0
C008066,171,4249.22,17,61,233,0.733,20.4,3519,1,1,1,0.9,0
C006031,1278,8273.91,14,89,305,0.477,18.6,1781,2,0,0,3.3,0
C005380,381,12787.62,19,90,315,0.402,31.1,919,13,1,1,1.5,0
C007869,652,12312.39,13,51,77,0.254,23.2,1213,0,0,1,1.4,0
C004575,1025,5240.58,12,43,182,0.842,26.4,1205,7,0,0,0.0,0
C008314,245,5526.25,11,62,236,0.874,25.8,787,3,0,0,8.5,0
C006303,366,2642.59,24,131,447,0.92,16.9,637,13,0,1,8.6,0
C006154,342,7032.3,21,112,416,0.888,28.7,30,10,2,0,6.2,0
C007353,557,1830.86,18,107,377,0.561,26.5,546,3,0,0,2.4,0
C000577,704,3261.52,15,73,284,0.643,16.4,1206,4,0,0,4.2,0
C006340,844,4185.14,15,65,288,0.526,24.1,1015,4,0,0,4.6,0
A000942,555,2995.14,7,5,36,0.257,6.1,153,4,0,1,0.0,1
C006622,236,3104.73,17,113,402,0.527,27.0,1432,0,1,0,6.8,0
C004464,868,5910.34,14,70,236,0.769,22.7,2761,0,0,0,7.9,0
C000411,460,2130.6,12,50,231,0.698,16.8,692,0,0,0,7.7,0
C006694,399,18443.73,19,84,302,0.601,23.3,2873,1,0,0,0.0,0
A000001,202,5806.15,12,6,45,0.215,6.3,62,25,1,1,6.9,1
C009298,235,1552.42,12,57,250,0.902,17.9,2657,4,0,0,7.0,0
C008426,401,4232.44,16,91,335,0.546,24.5,1964,1,0,0,9.5,0
C005599,474,3392.71,17,72,243,0.773,23.1,704,2,0,0,3.9,0
C000011,811,5740.52,9,47,180,0.826,22.1,504,5,0,0,10.0,0
C004458,602,4593.01,16,85,291,0.614,20.3,4211,2,0,0,8.8,0
C006736,843,27619.56,13,55,195,0.725,18.8,442,2,0,1,4.0,0
C001218,551,3871.29,10,47,183,0.908,22.2,504,0,0,0,9.5,0
C004962,133,4851.37,14,6,244,0.363,19.1,50,29,1,0,2.7,0
C009952,361,2978.73,21,111,374,0.965,16.0,4117,2,0,0,3.4,0
C000719,368,2654.1,17,55,243,0.486,18.2,901,12,0,0,6.3,0
C002900,278,5199.72,13,54,200,0.755,31.6,421,7,0,0,9.6,0
C009101,336,1052.45,21,124,422,0.728,15.3,2252,2,0,0,0.2,0
C007999,504,4056.98,16,71,259,0.665,17.7,2055,11,0,0,5.8,0
C009968,495,10112.26,15,87,344,0.611,26.9,1847,6,0,0,7.6,0
C000737,348,3563.49,14,75,280,0.703,23.3,678,1,0,1,6.5,0
C000736,770,3774.0,13,48,190,0.529,21.0,372,4,0,0,3.9,0
C003892,151,2910.71,19,93,359,0.711,23.6,1424,11,0,0,6.5,0
C006508,1294,3718.06,12,41,172,0.561,22.3,1212,2,0,0,3.8,0
C002488,566,1747.97,17,87,312,0.724,16.0,1348,0,0,0,8.1,0
C001458,313,9569.12,10,33,146,0.752,24.4,831,14,0,1,5.0,0
C000093,440,2889.78,11,36,161,0.198,14.2,5313,2,0,0,6.2,0
C007756,725,2044.56,20,155,522,0.259,18.4,1202,1,0,1,5.1,0
A000347,333,10490.22,11,1,34,0.475,5.6,213,15,1,1,1.8,1
A000148,330,5511.74,19,3,63,0.149,4.3,162,1,1,1,6.6,1
C006170,126,3917.35,17,64,226,0.659,28.5,1148,19,0,0,9.2,0
C006827,297,5819.26,17,78,318,0.778,26.0,359,9,0,0,4.8,0
C008208,509,6149.88,19,93,375,0.907,25.6,740,2,0,0,9.9,0
C000497,315,3096.21,20,77,302,0.663,25.0,600,0,1,0,3.7,0
A000421,142,5029.29,14,2,32,0.075,4.8,111,9,1,0,7.6,1
C005166,184,46241.28,15,61,244,0.736,14.4,1184,17,0,1,10.0,0
C008831,417,8390.58,14,62,251,0.763,22.9,1223,6,0,0,6.8,0
A000909,730,3513.54,15,11,140,0.188,8.5,44,23,0,0,3.1,1
C001207,109,13825.36,16,76,258,0.125,34.5,5384,10,1,0,5.9,0
C001459,668,6862.24,11,59,207,0.618,21.8,928,2,0,0,9.9,0
C001176,768,1825.1,10,48,177,0.72,19.9,2672,7,0,0,6.0,0
C009555,546,3272.31,11,42,193,0.764,29.0,447,5,0,0,3.5,0
C002289,316,2346.37,15,76,285,0.876,20.4,523,5,0,0,8.6,0
C001627,379,5836.59,9,36,143,0.602,26.3,1321,3,1,0,5.7,0
C001196,472,7301.93,21,132,447,0.646,19.5,4265,9,0,0,0.2,0
A000935,343,20006.66,13,11,99,0.669,18.8,465,4,1,0,0.2,1
A000409,601,5370.42,15,19,152,0.125,7.0,295,3,0,0,3.9,1
C006726,380,4522.25,11,59,225,0.511,23.6,2344,2,0,0,10.0,0
C006437,183,1574.22,19,88,358,0.621,23.4,838,9,2,0,5.1,0
C001370,420,3490.26,13,65,251,0.688,30.1,1214,16,0,0,6.1,0
C005160,428,6028.52,16,79,289,0.678,14.9,1644,4,0,0,4.8,0
C006163,130,7744.77,13,37,149,0.728,24.7,690,3,0,0,9.4,0
C000289,118,5260.07,14,66,230,0.58,20.2,3183,2,0,0,7.1,0
C001663,629,2490.79,13,51,199,0.741,34.8,1114,2,0,0,9.4,0
C007294,458,2061.03,13,49,73,0.68,22.7,640,12,0,1,6.3,0
C009881,111,2907.87,14,53,206,0.837,16.8,1449,0,0,0,6.3,0
C005803,316,8722.21,11,32,137,0.677,22.0,515,5,0,0,7.2,0
C008926,179,13044.27,11,42,160,0.705,19.8,2395,5,0,0,5.1,0
C009307,824,11051.37,18,81,302,0.951,24.1,1210,5,0,0,5.6,0
C007038,316,14476.12,12,52,188,0.704,27.6,514,20,0,0,10.0,0
C000389,139,11705.12,10,51,194,0.603,10.7,1659,3,1,0,8.6,0
C000837,112,1424.98,14,49,221,0.55,18.6,1544,6,2,1,4.0,0
C003069,1175,9827.11,12,68,235,0.88,16.3,1885,15,1,0,4.6,0
C003039,494,4712.19,10,61,216,0.833,15.7,2177,1,0,0,5.0,0
C007663,34,7823.61,16,42,170,0.391,27.6,673,0,0,0,10.0,0
C006570,164,9109.0,15,74,334,0.891,12.4,171,0,0,0,5.3,0
C006370,358,3519.57,18,81,327,0.693,18.5,357,7,1,0,6.0,0
C002211,439,1783.63,13,60,212,0.774,19.4,2719,1,0,0,2.6,0
A000947,356,1470.2,22,14,98,0.273,5.1,37,0,1,2,0.0,1
C001473,141,3516.3,9,54,221,0.728,31.0,1450,11,2,0,7.7,0
C004897,112,3651.64,22,112,390,0.504,17.0,699,16,0,0,9.2,0
C001113,814,12509.65,15,47,184,0.611,23.3,529,3,0,0,6.1,0
C006591,305,6679.82,18,139,472,0.696,21.8,671,6,0,0,7.6,0
C006099,346,4912.28,17,69,299,0.641,27.2,3645,0,0,0,9.3,0
C004375,808,2789.68,18,130,463,0.604,15.2,1603,3,0,0,5.0,0
C002390,813,4024.57,17,58,247,0.632,27.8,973,5,0,0,7.7,0
C000268,301,3006.68,19,79,287,0.911,19.4,1315,1,0,0,5.1,0
C003527,256,5097.76,14,69,270,0.889,18.7,430,0,1,0,5.1,0
C003814,378,8612.99,11,50,224,0.495,31.5,382,15,0,0,3.9,0
C006015,462,14294.15,16,64,249,0.818,20.5,1153,0,0,1,4.0,0
C007361,214,1780.48,20,100,395,0.909,20.2,1197,0,0,0,9.4,0
A000094,219,3520.8,18,12,133,0.444,5.6,144,0,1,1,6.1,1
C003835,246,1759.1,18,82,332,0.909,25.2,3117,1,0,0,5.9,0
C005062,459,3591.11,10,39,178,0.966,17.4,991,3,0,0,2.6,0
C005523,515,6386.59,12,56,210,0.572,17.9,3625,0,1,1,5.1,0
C004465,154,6225.41,15,67,248,0.918,18.7,1072,1,0,0,5.9,0
C004263,482,4089.49,17,63,277,0.438,17.0,1316,7,0,1,10.0,0
C000417,75,3878.58,16,63,271,0.881,27.2,1017,1,0,0,8.9,0
A000464,331,18983.86,11,9,77,0.46,4.6,129,13,1,2,7.2,1
C003106,387,6274.69,12,43,184,0.595,8.6,2118,12,0,0,6.5,0
C008286,382,7192.46,13,63,244,0.57,25.4,736,0,0,0,6.3,0
C001784,132,2738.44,11,40,149,0.705,13.5,849,3,1,0,6.0,0
C003934,661,6055.39,14,77,286,0.397,11.3,8501,1,0,0,10.0,0
C005272,257,6000.12,15,59,265,0.934,15.9,1829,2,0,0,10.0,0
C008093,378,6565.59,15,67,257,0.196,26.8,957,5,0,0,3.2,0
C002329,302,5829.4,12,50,227,0.695,27.2,277,10,0,0,6.8,0
C005658,607,12088.89,19,104,381,0.901,26.6,675,0,0,1,0.8,0
C004708,137,10527.21,18,87,344,0.817,32.3,207,9,0,0,2.4,0
C008346,592,2469.86,18,109,367,0.85,21.3,1507,5,0,0,3.2,0
C005289,236,2984.45,14,78,272,0.576,15.5,976,1,0,0,6.2,0
C002817,387,3860.31,12,59,267,0.704,19.7,1999,0,1,0,4.1,0
C000009,672,5280.14,11,69,242,0.754,24.2,1971,1,1,0,5.1,0
C007277,513,2305.51,13,66,234,0.934,24.8,1633,14,0,0,8.1,0
C000469,787,1066.07,20,93,386,0.852,18.2,1121,1,0,0,6.1,0
C008745,395,6021.4,20,102,398,0.538,21.8,898,2,0,1,2.6,0
A000572,294,3996.06,17,9,95,0.24,6.4,399,24,1,2,3.1,1
C002681,1193,3009.53,17,85,346,0.831,31.2,1550,2,0,0,5.2,0
C009718,826,3176.93,9,46,176,0.74,20.3,243,1,0,0,7.6,0
C000922,454,8222.68,10,46,188,0.757,24.6,1185,1,1,0,9.2,0
C001924,148,6879.68,18,97,440,0.325,10.3,301,2,0,0,4.1,0
C008398,322,3778.98,18,75,295,0.82,14.1,398,7,1,0,4.3,0
C004873,760,2426.47,13,56,236,0.698,23.6,1026,6,0,1,3.9,0
C002936,438,1949.29,15,90,334,0.862,16.8,1961,3,1,0,4.1,0
C003705,222,4804.51,18,98,361,0.841,16.4,307,2,0,0,4.2,0
C005707,951,5482.99,13,50,196,0.564,19.8,2670,14,0,0,5.9,0
C008577,119,2340.49,12,67,229,0.71,22.1,3191,19,1,1,0.4,0
C007929,422,955.99,18,83,282,0.819,20.2,1440,1,0,1,6.6,0
C004930,941,8592.08,15,91,336,0.187,24.8,5452,1,1,0,7.1,0
C003980,591,13036.19,10,52,209,0.792,21.3,3986,0,0,1,2.8,0
C006394,287,16594.03,23,105,399,0.78,30.2,698,4,1,0,1.7,0
C001951,504,5582.34,13,57,227,0.954,18.5,369,7,0,1,4.3,0
C005303,754,2711.74,16,70,305,0.896,20.6,1903,6,1,0,10.0,0
C007429,250,7836.66,14,6,257,0.892,6.5,1822,13,0,0,4.8,0
C003685,227,6187.51,6,30,117,0.656,30.0,4400,4,0,0,0.0,0
C000971,458,3137.63,26,0,410,0.739,28.5,942,1,0,0,6.6,0
C000795,456,4549.99,24,106,380,0.61,25.1,719,2,0,0,4.7,0
C000731,227,1623.68,15,69,258,0.523,19.2,993,4,1,0,9.4,0
C007365,156,1686.68,10,33,143,0.787,16.4,756,1,1,0,9.1,0
C002456,87,4777.31,18,79,354,0.836,30.3,2158,9,0,0,8.0,0
C005719,608,1727.27,16,80,305,0.887,32.7,505,9,0,1,6.1,0
A000063,189,5868.18,16,3,67,0.037,4.6,199,4,0,0,7.9,1
C005093,734,9697.01,11,47,165,0.719,17.5,652,3,0,0,8.3,0
C002944,495,7591.2,21,110,388,0.77,25.9,2805,0,0,0,8.2,0
C005442,325,7572.68,18,77,346,0.988,6.4,927,6,0,1,5.2,0
C006638,157,3685.13,6,29,104,0.947,25.2,2165,11,0,0,10.0,0
C002233,268,3136.71,16,51,224,0.471,17.4,1440,4,0,0,1.7,0
C003681,525,6367.56,13,53,188,0.678,21.7,193,1,0,0,5.9,0
C008245,1121,5918.92,12,66,236,0.831,22.2,1038,3,0,0,3.9,0
A000727,308,8024.9,13,8,69,0.647,5.6,50,0,0,0,6.6,1
C007074,395,10444.65,16,90,307,0.541,16.7,815,0,0,0,3.1,0
C000705,589,3760.74,7,36,125,0.661,19.7,1809,1,0,0,1.9,0
C009806,520,2955.18,9,43,167,0.506,23.0,332,5,0,0,7.2,0
C003273,325,3295.49,17,108,407,0.831,34.2,1104,3,1,0,2.7,0
C009535,352,1855.63,11,59,241,0.864,11.8,887,3,0,0,8.2,0
C000246,217,4644.4,21,104,415,0.631,28.8,2572,1,0,0,2.0,0
C005769,556,1014.4,14,60,240,0.324,13.8,3046,5,0,0,7.8,0
C005552,458,3838.3,18,82,329,0.76,19.5,661,1,0,0,4.8,0
C001079,205,14091.62,16,69,300,0.775,17.3,955,9,0,0,9.2,0
C009775,875,1309.46,9,41,186,0.683,23.3,1945,1,0,0,8.2,0
C009590,110,5014.45,8,30,140,0.705,17.5,1782,0,0,0,5.0,0
C005744,647,16135.49,17,91,325,0.816,22.8,1858,5,0,0,6.8,0
C004826,466,2992.53,18,74,303,0.899,26.9,1810,3,0,0,8.0,0
C001499,303,3639.15,14,78,285,0.714,28.0,1142,2,2,0,5.7,0
C007640,361,7390.26,12,58,224,0.781,18.2,1531,0,0,1,9.2,0
C008420,62,34024.92,19,118,431,0.789,27.0,304,4,0,0,4.4,0
A000669,257,1032.79,18,18,156,0.062,6.6,19,0,0,1,5.6,1
C002710,696,4741.19,15,76,286,0.56,21.6,1619,5,1,0,5.2,0
C008055,129,4581.85,25,118,435,0.778,24.4,2931,0,0,0,7.8,0
C001112,196,6193.67,17,66,292,0.618,18.8,934,6,0,0,7.1,0
A000376,352,5830.38,13,4,65,0.436,2.1,108,0,0,2,2.4,1
C003788,82,8966.41,16,65,219,0.818,25.5,770,0,0,0,8.4,0
A000830,443,9775.25,12,41,153,0.424,7.7,200,28,0,0,4.4,1
C006481,363,3687.02,19,116,438,0.675,12.2,635,1,1,0,2.9,0
C001512,371,33762.94,12,71,255,0.686,23.8,2109,5,0,0,5.6,0
C000249,754,2001.18,16,78,279,0.809,21.0,1102,0,0,0,2.7,0
C007742,499,2142.16,10,47,210,0.835,25.1,2954,16,0,0,5.9,0
A000275,345,5948.12,11,6,57,0.084,5.7,28,10,0,0,5.2,1
C000064,243,4670.27,19,96,322,0.948,21.6,1344,2,0,0,8.8,0
C008078,451,2859.45,7,29,101,0.796,14.7,1392,4,0,1,8.2,0
C003306,761,5881.5,13,60,224,0.458,20.8,928,2,1,0,6.8,0
C006227,215,4120.2,10,53,240,0.546,22.7,2223,3,1,0,9.7,0
C007061,343,18519.37,14,83,286,0.711,27.3,448,1,0,0,1.8,0
C001487,979,3006.86,21,91,335,0.907,25.6,825,8,0,0,10.0,0
C007037,702,11356.79,16,72,305,0.689,21.7,203,3,0,0,7.2,0
C008352,295,6591.12,23,109,386,0.816,28.7,493,1,0,0,5.7,0
C003397,276,3849.99,21,143,499,0.707,36.7,4621,12,0,0,3.2,0
C007812,279,8019.21,18,65,258,0.607,22.5,815,10,0,1,3.8,0
C005793,734,4839.0,17,82,307,0.901,24.9,1407,4,0,0,5.2,0
C001356,299,4196.19,15,59,267,0.829,20.2,4921,11,1,0,6.4,0
C003689,285,16621.77,13,54,202,0.914,19.3,744,2,0,0,8.3,0
C003404,459,3095.29,13,61,217,0.848,32.3,689,13,0,0,5.6,0
C004278,423,2353.12,14,84,316,0.567,20.0,799,2,0,1,5.3,0
C001331,495,4988.5,16,80,286,0.796,14.5,606,6,0,0,10.0,0
C002426,331,2205.52,16,85,305,0.806,22.8,1701,0,0,0,6.8,0
C001003,433,4196.82,15,81,297,0.846,21.7,279,1,1,0,3.2,0
C008102,514,18116.64,15,50,193,0.326,26.2,3051,3,0,0,5.4,0
C008700,482,2268.37,16,64,232,0.623,18.0,985,18,2,0,7.5,0
C002392,105,5733.13,11,57,214,0.474,25.7,444,1,1,1,9.2,0
C009361,523,1560.12,14,95,338,0.377,22.1,1339,2,0,0,5.1,0
C001083,572,2529.84,12,62,228,0.924,26.5,1442,4,0,0,4.5,0
C003774,434,5840.97,12,50,198,0.722,22.2,1240,3,0,0,5.3,0
A000389,613,20545.44,24,95,78,0.22,8.2,231,19,0,0,10.0,1
C001040,245,2693.68,13,4,215,0.867,30.4,27,2,0,0,5.0,0
C005091,254,4712.93,10,64,215,0.931,21.3,400,0,0,0,4.8,0
A000803,284,3289.07,12,2,33,0.364,8.0,112,1,1,2,10.0,1
C001027,466,4363.45,13,58,259,0.64,18.9,921,1,0,0,7.6,0
C000264,861,3164.67,15,82,299,0.831,13.4,390,10,0,1,7.5,0
C003943,1217,4735.69,13,64,246,0.958,21.0,1123,3,0,0,5.9,0
C001248,251,10362.7,21,62,280,0.91,20.2,856,6,0,0,9.8,0
A000513,333,6580.74,15,9,80,0.062,7.1,90,0,3,1,1.8,1
C007540,687,2396.57,20,66,241,0.888,20.7,555,1,0,0,6.8,0
C000656,304,1107.24,14,55,220,0.973,23.3,550,4,0,0,5.0,0
C000624,408,2885.44,15,73,297,0.938,16.2,2513,0,0,0,4.8,0
A000934,689,13541.76,18,7,67,0.136,6.7,97,13,1,1,4.9,1
C006261,461,7084.03,13,42,181,0.938,25.5,1275,3,0,0,6.0,0
C006876,323,8777.24,18,89,307,0.817,25.9,1071,9,0,0,2.6,0
C005307,443,17455.73,10,43,155,0.794,22.8,2494,2,0,0,0.0,0
C002389,398,7320.33,26,109,481,0.95,20.8,1084,0,1,0,4.0,0
C002583,615,836.88,16,84,325,0.577,24.7,1001,2,0,0,2.3,0
C005817,77,9026.96,19,91,367,0.572,20.0,112,0,0,0,4.9,0
C006157,588,3485.82,14,53,230,0.928,23.4,1272,1,0,0,4.8,0
C001792,1493,4745.95,20,106,385,0.603,30.5,561,3,0,0,9.3,0
C004701,337,3680.04,11,48,217,0.797,20.4,811,10,1,0,4.9,0
C001167,938,9902.06,13,71,287,0.677,25.4,2366,7,0,0,2.2,0
C001108,533,8070.68,21,99,436,0.924,18.5,1667,4,0,0,4.5,0
A000305,316,6502.28,12,6,48,0.804,25.0,115,0,0,1,8.0,1
C008274,326,3467.84,14,55,253,0.835,26.6,541,9,0,0,0.0,0
C009801,339,30975.01,13,50,199,0.782,25.5,767,1,0,2,6.9,0
C007014,233,2806.74,14,63,287,0.8,15.7,2771,8,0,0,4.6,0
C005197,264,6082.19,15,76,328,0.513,13.6,470,2,0,1,8.3,0
A000878,136,17448.59,11,2,46,0.384,5.7,94,8,0,0,2.3,1
C000578,259,9302.97,16,75,256,0.773,18.5,851,5,0,0,4.1,0
C005596,406,3784.7,17,82,281,0.542,22.5,1025,12,0,0,9.4,0
C008725,640,6076.19,16,53,234,0.812,20.0,5410,5,0,0,7.0,0
C004588,198,3227.25,15,77,269,0.812,14.8,60,1,0,0,6.1,0
C006572,343,11472.52,16,62,276,0.549,10.3,214,2,0,0,8.8,0
C009067,221,7178.27,16,75,287,0.787,28.9,3585,1,0,0,6.7,0
A000706,77,3411.31,19,8,71,0.467,4.8,164,0,0,2,5.7,1
C008849,770,4873.9,14,53,181,0.704,16.5,1267,1,0,1,6.6,0
C003038,211,10305.22,15,62,263,0.765,33.3,258,2,0,0,7.9,0
C008740,377,3599.8,18,91,335,0.794,19.7,1129,1,0,1,9.4,0
C005304,116,10679.21,16,102,400,0.442,25.6,863,1,1,0,7.1,0
C007809,670,3141.01,15,80,364,0.529,12.5,1127,3,0,0,5.4,0
C001955,121,3919.39,13,65,267,0.763,33.5,2626,2,0,0,6.8,0
C000410,338,7622.21,16,62,269,0.917,11.0,3252,0,0,0,4.5,0
C008651,351,17423.34,12,54,195,0.535,17.7,2299,1,1,0,3.8,0
C005675,66,10393.49,12,67,243,0.95,9.0,1446,14,0,0,2.9,0
C000077,375,10051.16,15,84,324,0.964,23.1,8547,0,0,0,10.0,0
C003834,139,7344.18,18,86,300,0.854,24.1,1464,10,0,0,5.4,0
C005194,291,2388.37,18,92,347,0.879,19.4,563,0,0,1,7.1,0
C007511,248,6612.03,10,65,219,0.433,22.5,2105,0,0,0,3.4,0
C009857,905,1440.18,15,60,265,0.811,33.1,1204,8,0,0,2.7,0
C006692,351,2841.34,13,54,199,0.523,22.7,1421,13,1,0,2.4,0
C006387,1487,2768.64,17,74,267,0.563,29.9,730,7,1,0,9.4,0
C009341,297,5448.3,17,97,344,0.772,21.0,1090,1,0,0,1.9,0
C004376,234,5352.38,16,78,303,0.567,20.5,1280,2,0,0,2.5,0
C009698,531,8235.43,20,110,407,0.669,21.2,546,13,1,0,7.5,0
C004239,238,11139.52,14,54,215,0.497,30.0,1040,13,0,1,9.5,0
C002485,283,2159.83,11,37,158,0.821,20.4,8619,3,0,1,7.8,0
C003838,75,7916.87,14,57,227,0.699,18.3,272,12,1,0,8.5,0
C001719,103,16597.16,15,69,250,0.952,14.2,1018,0,0,1,10.0,0
C000094,128,4151.92,14,60,211,0.64,22.2,610,11,0,0,5.7,0
C003101,895,2810.95,11,66,251,0.602,24.1,2645,2,1,0,9.9,0
C006880,715,12726.24,12,66,241,0.724,23.1,5468,6,0,0,5.9,0
C000684,498,4946.88,15,77,293,0.936,28.0,388,4,0,0,7.5,0
C003785,384,4391.0,21,71,296,0.796,25.2,630,1,0,2,3.3,0
C000648,54,3683.8,19,1,339,0.571,22.0,813,2,0,0,7.8,0
C003054,429,18368.11,15,57,214,0.94,21.1,3723,4,0,0,7.4,0
C000715,688,2768.4,13,75,284,0.622,22.8,1214,13,0,0,4.6,0
C007317,458,8556.43,15,103,376,0.743,24.3,865,13,0,0,7.9,0
C001077,573,3105.56,14,68,236,0.751,17.3,4791,4,0,1,10.0,0
C000291,442,6189.42,9,57,208,0.195,29.3,1863,5,1,0,6.3,0
C009325,161,4747.65,14,64,239,0.875,25.1,1172,0,0,0,9.2,0
C009373,169,2908.48,14,69,232,0.974,27.3,1633,1,0,0,8.1,0
C006134,193,8789.92,11,67,235,0.722,19.0,477,2,0,0,5.3,0
C002228,312,2113.43,19,11,81,0.84,17.0,1459,3,0,0,7.7,0
C008526,287,3401.62,14,56,235,0.726,13.8,610,0,0,0,6.3,0
C008962,108,6152.99,20,90,355,0.921,12.8,1296,6,0,0,0.0,0
C006352,1557,3329.95,21,115,390,0.627,23.8,705,0,0,0,5.3,0
C007467,162,4406.28,22,101,344,0.659,21.5,1055,2,0,0,8.3,0
C001489,999,20387.64,12,64,260,0.801,7.4,104,1,0,0,6.7,0
C008810,242,14732.39,12,44,190,0.808,21.9,1608,6,0,0,6.5,0
C008056,282,4791.65,19,96,348,0.607,17.7,1601,2,0,0,5.2,0
C009650,102,5678.26,15,86,300,0.447,21.3,2419,0,0,0,9.3,0
C008711,1295,5195.95,12,61,249,0.83,29.4,298,0,0,1,4.7,0
C009425,233,8578.83,7,23,106,0.621,23.2,1093,2,0,0,2.5,0
C002459,441,28433.07,11,54,220,0.664,11.6,1127,0,1,0,7.8,0
C005538,299,9411.27,19,90,388,0.779,18.5,356,4,0,0,10.0,0
C005146,266,3536.87,15,67,306,0.542,23.4,2207,6,0,1,5.0,0
C003248,824,17847.63,18,94,361,0.697,26.0,520,5,0,0,5.8,0
C009016,68,3699.73,26,102,450,0.561,20.4,98,0,0,0,3.3,0
C006272,235,2559.55,19,83,348,0.641,21.3,679,1,0,0,8.5,0
C003773,595,9121.28,13,56,248,0.621,26.9,908,14,0,0,5.7,0
C000186,210,14719.32,9,30,129,0.488,26.5,889,0,0,0,8.9,0
C004900,386,2657.87,18,100,334,0.847,19.9,771,1,1,0,2.9,0
C008110,750,2725.32,11,53,193,0.873,21.2,1351,2,1,0,8.6,0
C007832,510,1821.83,17,89,311,0.91,24.9,1360,1,0,1,5.5,0
C006761,268,4009.87,6,29,105,0.612,17.8,362,1,0,0,8.7,0
C005698,525,2576.88,8,51,175,0.794,19.7,2449,2,0,0,9.1,0
A000493,847,5735.18,13,7,104,0.189,8.3,639,26,1,0,0.0,1
C000020,154,18004.92,17,94,337,0.619,33.6,1409,2,0,0,8.3,0
C001298,132,4709.34,13,64,284,0.664,22.8,937,2,0,0,2.1,0
A000030,525,6082.81,9,3,58,0.618,6.3,328,30,1,2,3.3,1
C004562,211,7501.07,16,57,231,0.826,23.7,249,2,0,1,7.6,0
C003315,310,1499.96,13,74,250,0.717,28.8,503,1,0,0,2.3,0
C008585,58,5964.9,10,48,163,0.491,32.2,589,3,0,0,5.8,0
C003529,234,16594.17,21,108,385,0.894,26.4,2125,0,0,0,1.2,0
C008089,413,6062.85,17,75,336,0.805,27.2,2880,7,0,0,10.0,0
C006181,192,9774.05,16,82,279,0.705,15.9,1350,2,0,0,4.7,0
C007841,423,8211.02,15,63,267,0.723,22.5,1462,2,0,0,4.9,0
C009369,114,7405.79,11,64,225,0.541,24.6,836,1,0,0,10.0,0
C003188,197,11319.45,16,49,223,0.629,25.2,5569,5,1,0,7.2,0
C005350,725,9453.99,11,47,195,0.463,20.3,1961,4,0,0,7.7,0
C008791,440,2372.98,25,89,400,0.951,20.3,1514,1,0,0,9.3,0
A000218,978,5585.41,15,5,64,0.545,5.0,186,1,1,0,0.6,1
C000382,1079,2938.98,12,54,227,0.834,31.5,301,2,0,0,10.0,0
C003466,909,1008.45,14,81,299,0.842,24.2,103,0,0,0,3.9,0
C009486,176,2577.08,18,103,350,0.625,19.6,904,4,0,0,10.0,0
C004304,405,2802.12,19,73,251,0.72,17.9,1584,2,0,0,10.0,0
C001796,644,4587.21,11,57,219,0.601,24.5,1096,7,0,0,7.9,0
C009701,586,3325.64,12,48,220,0.504,18.4,2002,3,0,0,7.4,0
C007664,1536,5713.77,7,34,122,0.795,22.3,2156,11,1,0,2.2,0
C004274,356,5957.47,18,85,349,0.72,28.9,508,8,0,0,8.6,0
C002869,82,2705.79,20,66,239,0.918,25.3,990,1,0,0,3.0,0
A000985,211,2132.13,9,2,306,0.258,7.8,657,22,0,0,6.3,1
C008038,60,5865.87,15,73,252,0.897,22.0,1388,1,0,1,5.0,0
C001254,336,6590.85,15,69,266,0.66,33.5,915,7,0,0,6.0,0
C006837,459,23060.61,12,70,270,0.586,18.3,2846,0,0,0,7.3,0
C003280,789,4652.18,11,43,198,0.467,29.6,717,0,2,0,2.1,0
C002240,196,6610.22,14,78,299,0.703,25.5,1770,4,0,1,7.1,0
C009203,159,29249.06,18,90,314,0.965,21.1,4194,3,0,0,7.3,0
C009739,214,6704.61,7,37,138,0.68,25.4,772,4,0,0,1.8,0
C005475,999,5045.19,26,131,544,0.361,25.6,885,2,1,0,2.4,0
C000416,156,6600.32,17,100,341,0.83,21.1,2544,5,0,0,3.3,0
C004688,1617,4018.13,17,62,254,0.578,18.2,1967,5,0,0,2.6,0
C002192,407,5131.36,9,47,190,0.549,26.0,302,7,1,1,10.0,0
C004767,778,5230.79,13,70,253,0.807,20.5,1404,5,0,1,1.3,0
C001966,375,12938.57,15,89,328,0.774,19.5,4204,4,1,0,5.1,0
C006635,267,7192.04,14,82,278,0.844,24.7,626,1,0,0,4.6,0
C003543,92,5037.66,17,69,277,0.495,27.3,2137,6,0,1,8.1,0
C009984,548,8539.21,17,59,251,0.907,24.8,15653,1,0,0,10.0,0
C001609,942,28213.62,15,88,329,0.641,11.7,1170,0,1,0,6.7,0
C004405,143,37848.32,12,67,250,0.925,22.8,932,10,0,1,4.9,0
A000455,500,2752.66,14,1,27,0.289,5.7,55,5,0,0,7.2,1
C003434,784,20130.06,13,61,209,0.776,15.3,721,15,0,0,2.8,0
C009804,682,3145.39,18,114,387,0.569,21.1,1008,9,0,0,1.2,0
C005059,158,4353.09,13,51,210,0.817,12.3,1361,15,1,0,4.3,0
C005826,445,28239.43,12,40,158,0.603,21.2,303,3,0,0,8.5,0
C008773,519,6828.04,11,42,170,0.634,20.2,1513,2,0,0,3.6,0
A000791,454,7845.22,17,7,85,0.03,7.9,41,21,0,1,9.6,1
C003379,303,4865.32,13,49,165,0.808,14.3,1145,5,0,0,2.2,0
C000531,422,3914.37,15,74,257,0.735,22.9,1148,4,0,0,10.0,0
C001369,294,5590.63,13,50,217,0.73,21.0,566,7,0,0,4.0,0
A000354,972,11611.15,19,5,57,0.363,7.8,207,30,1,2,1.8,1
C006855,829,6511.54,14,67,260,0.816,22.2,2074,1,0,1,5.3,0
C005507,264,4889.43,15,56,242,0.917,32.5,1620,3,1,0,8.5,0
C009231,48,8974.61,14,51,215,0.728,28.6,1035,3,1,0,5.5,0
C005741,718,5371.39,24,127,535,0.654,25.0,1047,6,2,0,2.0,0
C002158,560,5865.25,9,41,148,0.778,24.6,1910,5,0,0,4.9,0
C001438,308,2561.71,15,83,347,0.684,20.5,402,2,0,0,6.4,0
C006947,380,1703.46,15,65,272,0.683,24.2,933,4,0,0,7.0,0
C007537,682,7752.93,21,55,222,0.943,23.3,537,2,0,0,8.1,0
C003791,1182,10108.1,19,71,297,0.417,14.9,633,0,0,1,8.7,0
A000962,238,6679.87,9,3,38,0.198,7.1,207,5,0,1,4.8,1
C000275,326,10794.35,16,91,340,0.793,26.0,615,6,0,0,0.1,0
C000145,163,4433.28,13,56,228,0.648,23.6,668,4,0,0,6.7,0
C004024,881,4867.36,18,128,457,0.764,30.9,850,10,0,0,10.0,0
C001863,959,3438.51,12,55,194,0.616,17.8,2362,8,0,0,8.8,0
C007261,557,4137.64,13,65,292,0.656,29.9,434,1,0,1,3.4,0
C007279,481,2479.58,19,76,298,0.805,24.1,1898,13,0,0,6.9,0
C005279,114,5773.46,11,51,173,0.497,19.5,2943,0,0,0,3.7,0
C005171,44,7187.21,23,104,444,0.466,22.2,1056,1,1,1,5.4,0
C004124,443,2870.61,12,61,247,0.568,19.4,1511,7,0,0,8.5,0
C006963,914,2748.98,15,60,235,0.814,21.7,1636,7,0,0,5.2,0
C000759,342,3129.56,10,57,213,0.383,16.7,194,5,0,0,4.3,0
C004771,30,4125.48,18,65,281,0.654,21.2,989,3,0,0,4.9,0
C008811,319,3273.23,12,63,220,0.905,19.8,1329,7,1,0,5.2,0
C003170,182,2436.78,15,71,263,0.817,24.2,404,0,0,0,5.5,0
C007621,399,1538.47,13,76,257,0.384,26.1,1606,1,0,1,5.2,0
C004979,356,6871.32,17,112,397,0.565,12.4,1723,3,0,0,6.7,0
C005305,706,19070.41,9,43,163,0.951,25.4,710,14,0,0,2.4,0
C003820,879,2668.93,20,82,365,0.682,17.1,2196,5,0,0,5.7,0
C002733,645,3235.26,21,94,403,0.401,16.6,1143,3,1,0,6.0,0
C008766,562,2261.84,23,91,411,0.698,23.2,346,0,1,1,0.9,0
C001808,192,4612.1,14,69,255,0.653,14.0,3011,2,0,0,6.3,0
C000789,98,16174.41,12,67,253,0.931,20.8,936,16,0,0,2.0,0
C009516,284,12147.4,14,76,277,0.561,26.8,294,1,0,0,5.8,0
A000508,211,5482.32,17,9,85,0.03,5.3,400,15,0,1,5.5,1
C007303,611,5873.37,14,61,208,0.706,19.0,3107,1,0,0,2.5,0
C005420,136,4611.9,9,59,214,0.779,18.2,2047,4,0,0,5.1,0
C001403,658,2651.49,12,38,151,0.804,14.0,2141,3,0,0,8.3,0
A000310,552,14185.04,7,7,52,0.202,22.4,69,7,1,0,8.5,1
C006721,114,4731.38,11,46,159,0.951,23.7,5418,8,0,0,5.7,0
C004072,86,1376.34,10,48,203,0.643,19.7,1560,8,0,0,3.6,0
C006679,175,4241.46,12,64,226,0.783,18.4,2636,0,0,0,5.2,0
C008347,502,31535.18,10,51,192,0.728,25.9,878,7,0,0,9.0,0
C002237,243,3811.27,14,66,245,0.714,21.3,1458,9,0,0,6.9,0
C001759,967,2008.07,22,113,404,0.593,30.2,2416,5,1,0,9.5,0
C009327,504,3096.82,13,54,56,0.554,20.4,1077,1,0,0,3.9,0
C006135,1117,6498.61,9,39,150,0.519,11.1,908,7,0,0,9.2,0
C002849,249,10997.8,16,73,257,0.834,30.1,2415,1,1,0,8.1,0
C005994,191,3139.93,23,122,456,0.402,20.8,1006,4,0,0,6.5,0
C000432,468,12902.02,8,42,178,0.788,22.7,2102,1,2,0,1.3,0
C006250,274,5337.32,13,61,234,0.885,21.6,4040,2,0,1,5.4,0
C000001,476,13050.12,11,58,205,0.715,15.8,1718,6,0,0,7.4,0
C003296,179,5167.91,18,69,311,0.63,20.2,423,1,0,0,9.4,0
C001806,740,8308.47,14,88,314,0.826,6.2,880,0,0,0,3.2,0
C007958,1527,5818.27,16,88,321,0.825,12.7,734,2,1,0,6.9,0
C000350,479,14721.43,15,69,263,0.67,19.8,1322,1,0,0,4.4,0
C001748,553,856.72,15,93,322,0.653,18.9,3064,18,0,0,2.9,0
C007448,226,7592.18,14,65,294,0.664,31.1,588,3,0,0,8.3,0
C008569,789,13700.06,10,39,174,0.94,24.7,502,13,0,0,4.0,0
A000740,123,1920.26,21,11,92,0.167,7.5,241,28,0,1,5.0,1
C009959,109,4853.85,12,49,202,0.865,15.7,470,1,0,0,4.0,0
C006209,484,12451.82,14,86,315,0.949,18.5,1269,2,0,0,7.6,0
C004399,1017,3042.01,11,43,172,0.595,25.8,649,1,0,0,9.9,0
A000758,706,4476.1,7,5,47,0.116,5.2,69,29,1,1,3.9,1
C006381,468,3750.31,12,49,208,0.765,22.0,2368,0,0,2,1.7,0
C003313,281,6933.86,22,75,272,0.417,22.0,3088,5,0,0,5.0,0
C006256,343,6921.89,22,140,513,0.898,26.2,2789,1,0,0,5.3,0
C004061,588,2415.85,7,23,97,0.88,12.7,1069,3,0,0,8.2,0
C003308,899,5994.85,11,53,189,0.774,19.0,994,0,0,1,5.2,0
A000551,586,3854.55,17,3,49,0.461,9.1,92,0,0,0,1.1,1
C005921,466,4111.71,13,62,256,0.896,16.0,425,4,1,0,3.0,0
C001936,405,4687.42,11,55,210,0.777,24.0,1490,4,0,0,1.6,0
C001156,47,1482.26,13,55,245,0.56,15.7,1190,0,0,1,5.2,0
C004725,1056,1504.68,15,78,311,0.362,14.7,4410,0,0,0,9.2,0
C001954,675,3832.77,18,96,365,0.805,20.9,353,2,0,0,7.4,0
C005917,641,8333.84,12,64,233,0.7,14.4,381,1,1,0,8.2,0
C002621,428,613.31,12,40,153,0.773,26.6,1148,7,0,0,8.5,0
C005352,546,4738.48,10,54,211,0.727,28.9,3233,7,0,1,6.8,0
C003679,817,23479.34,13,62,212,0.883,18.8,405,0,1,0,4.9,0
A000683,684,2548.9,23,8,68,0.069,27.7,107,2,1,2,1.6,1
C008100,370,4455.09,13,49,193,0.79,27.2,13211,4,0,0,7.3,0
C000709,204,7746.24,18,73,246,0.791,14.7,675,1,0,0,5.3,0
C003899,498,2707.33,15,87,330,0.549,20.0,1571,0,1,0,6.8,0
C008304,261,6631.33,15,72,242,0.809,16.4,493,1,0,0,5.0,0
C000917,392,4270.68,11,81,277,0.802,19.7,181,17,0,1,3.4,0
C005583,312,3120.84,23,110,429,0.662,20.5,957,10,1,0,4.9,0
C005425,797,1221.42,15,55,206,0.637,23.0,1374,7,1,0,10.0,0
C006179,312,2129.43,20,91,408,0.897,25.0,1328,4,0,0,6.6,0
C008125,1206,4413.19,14,72,278,0.864,39.1,2792,9,0,0,6.5,0
C001617,130,1226.89,9,23,97,0.901,27.0,818,1,0,0,5.3,0
C004439,1084,32284.04,10,64,240,0.829,25.7,203,1,1,1,4.3,0
C009061,43,8137.49,11,44,162,0.735,15.5,2590,10,0,0,2.3,0
C005853,300,6495.36,16,58,247,0.67,9.0,1370,0,0,0,8.0,0
C005633,911,6914.03,13,53,236,0.2,17.0,1458,9,1,0,2.4,0
C004885,444,26314.05,17,68,270,0.663,20.1,4315,2,0,1,1.8,0
A000854,89,1357.27,12,3,234,0.168,7.4,325,6,1,1,7.2,1
C004296,260,2922.7,14,72,261,0.706,23.4,3204,3,0,0,8.3,0
C000909,586,3776.27,17,91,352,0.778,22.3,1513,7,0,0,4.7,0
C002992,348,10577.89,13,63,241,0.632,14.0,616,1,1,0,3.9,0
C004418,643,5049.72,15,83,292,0.723,16.7,342,6,0,0,8.6,0
C008726,1058,2713.42,6,23,93,0.475,28.8,6700,1,0,1,4.4,0
C000621,962,2400.76,8,34,131,0.797,15.0,1287,4,1,0,10.0,0
C007753,244,6122.48,9,35,153,0.906,26.4,783,2,0,0,7.6,0
C009159,670,2194.8,14,54,186,0.828,21.9,968,3,0,0,2.0,0
C006791,216,8236.36,18,85,362,0.843,17.3,8736,5,0,0,7.2,0
C002589,374,4982.18,17,97,353,0.955,13.6,857,6,0,0,4.4,0
A000581,653,5250.18,11,6,57,0.153,3.7,59,1,0,1,2.9,1
C000783,386,7676.13,14,48,206,0.796,19.1,1714,3,0,0,8.2,0
C003465,421,2127.37,21,122,453,0.81,31.7,211,1,0,0,4.7,0
C001157,436,4322.24,16,83,318,0.781,34.7,1074,6,0,0,10.0,0
C001537,707,6425.91,20,105,466,0.767,30.4,2814,4,0,0,7.6,0
C004383,112,7142.05,20,110,405,0.777,16.6,655,3,0,0,4.4,0
C005617,52,3350.29,15,82,315,0.556,22.9,915,3,1,0,7.8,0
A000143,730,2721.56,11,1,22,0.548,4.2,165,20,0,1,3.3,1
C006212,146,2373.31,16,59,270,0.635,27.5,6890,12,0,0,10.0,0
C000317,290,4326.17,13,51,192,0.592,18.3,387,0,0,0,4.7,0
C009380,252,3048.56,23,130,480,0.696,20.3,2813,6,0,0,3.6,0
C006612,660,6636.91,17,87,337,0.469,11.3,4250,0,0,0,8.7,0
C003025,264,6015.39,13,64,234,0.543,23.4,1111,0,1,0,3.3,0
C003208,380,1560.32,15,77,326,0.73,18.6,911,0,0,1,7.2,0
C000380,393,6044.52,24,93,375,0.225,20.3,2067,23,1,0,5.4,0
C004094,495,6722.52,16,72,273,0.525,20.5,2882,1,0,0,9.8,0
C003616,401,2754.29,23,94,349,0.662,20.6,1199,0,0,0,1.8,0
C004951,1132,4939.34,10,40,167,0.911,16.7,4495,8,0,0,3.6,0
C001972,850,3695.69,16,53,223,0.76,29.8,1933,0,0,0,2.5,0
C006845,859,14749.0,18,96,337,0.472,13.2,478,0,0,0,10.0,0
C008201,283,3863.37,17,67,247,0.562,26.2,715,5,0,0,8.3,0
A000423,347,1284.87,14,5,81,0.247,5.7,20,22,2,0,1.5,1
C002031,294,5852.76,21,108,367,0.719,18.7,2124,5,1,0,2.9,0
C003694,500,5886.67,19,118,398,0.98,27.1,1080,1,0,1,4.9,0
C004036,372,1745.32,19,80,346,0.889,24.8,1801,6,0,1,5.9,0
C002316,150,12595.28,18,71,263,0.799,21.5,1610,3,0,1,8.0,0
C009702,789,2593.76,12,63,244,0.857,29.2,541,0,2,0,7.0,0
C003827,680,2891.85,17,76,260,0.819,14.9,1102,6,0,0,3.7,0
C008127,728,8538.97,14,62,265,0.671,19.1,844,17,1,0,3.2,0
C009222,502,4837.94,21,83,333,0.917,25.4,452,3,0,1,8.5,0
C002665,476,3116.47,13,56,203,0.842,22.5,304,7,0,1,0.1,0
C004978,352,1513.72,16,61,244,0.871,23.1,1082,2,2,0,3.1,0
C007013,550,5289.61,11,43,191,0.551,26.7,448,0,0,0,9.7,0
C004211,232,2890.9,19,89,331,0.855,16.1,2598,3,1,0,10.0,0
C000104,200,3602.16,14,78,287,0.391,32.4,495,5,0,1,5.1,0
C002819,494,2536.98,10,53,87,0.255,28.1,3084,0,0,0,0.0,0
C003534,403,3757.88,10,43,158,0.417,24.2,802,1,0,0,6.7,0
A000714,561,4080.03,12,4,32,0.14,7.2,163,30,0,1,1.7,1
C008086,238,9744.38,10,49,166,0.905,20.2,841,1,1,0,5.8,0
C004047,729,8652.41,9,39,154,0.541,12.6,1048,1,0,0,7.3,0
C004872,30,3692.45,20,114,460,0.762,25.4,220,0,0,0,8.3,0
C001732,53,8928.2,13,83,287,0.88,14.3,396,0,0,0,4.8,0
C007248,737,3439.47,11,40,176,0.684,13.6,1009,3,0,1,6.7,0
C008977,353,1606.85,14,84,308,0.813,23.1,826,1,0,1,5.0,0
C005831,289,1591.95,8,43,154,0.571,22.3,618,6,0,0,9.2,0
C006786,164,2471.23,13,60,229,0.835,17.2,818,0,1,0,5.3,0
C007875,1331,4630.58,17,85,290,0.663,11.1,438,0,0,0,4.1,0
C006917,644,1118.02,18,80,334,0.644,22.4,677,1,2,0,8.3,0
C000757,448,1441.63,17,67,290,0.757,24.0,4695,9,0,1,5.3,0
C009328,172,13523.15,17,102,358,0.97,26.6,872,13,0,0,7.2,0
C002479,461,4053.23,21,64,227,0.443,32.5,1095,4,0,0,1.8,0
A000642,265,7373.79,16,5,95,0.074,4.9,53,21,0,3,10.0,1
A000545,535,2089.66,16,12,109,0.324,6.4,30,3,0,0,6.2,1
C002465,296,2993.36,10,55,203,0.81,23.3,1054,3,0,1,7.5,0
C009105,235,5767.56,14,57,208,0.684,11.1,1380,0,0,0,3.0,0
C008375,869,3960.64,12,52,238,0.85,21.9,1249,6,0,0,5.3,0
C002040,554,4466.17,18,86,320,0.872,16.0,387,7,0,0,4.9,0
A000870,165,13632.13,13,2,39,0.433,6.6,219,16,2,1,0.5,1
A000599,304,2154.58,12,4,67,0.079,7.9,92,2,2,0,1.9,1
C007882,205,6233.69,16,75,318,0.745,20.8,1436,0,0,1,2.1,0
A000530,459,2375.75,11,6,52,0.42,4.3,185,9,0,2,4.1,1
C006801,99,4396.64,16,75,286,0.809,19.9,2821,9,0,0,0.7,0
A000527,549,7400.03,17,8,123,0.289,5.3,115,3,0,0,5.4,1
C006916,178,2483.68,17,61,239,0.499,18.3,2308,2,0,0,3.6,0
C006051,153,4326.59,12,46,198,0.453,26.7,4230,4,0,0,9.1,0
C004338,1359,6497.67,18,78,274,0.912,22.5,723,2,0,0,10.0,0
C007705,499,5322.4,15,93,325,0.746,17.2,418,11,0,1,0.0,0
A000226,598,3569.37,14,6,265,0.366,5.3,130,30,1,1,6.8,1
C008824,157,7711.51,9,47,196,0.851,17.9,972,3,0,0,6.6,0
C009197,383,6801.77,11,23,90,0.619,25.4,218,0,0,0,3.2,0
C006487,405,3745.32,9,49,166,0.676,28.7,1209,5,0,0,5.6,0
A000680,119,9474.47,10,2,35,0.279,7.1,128,3,0,0,2.6,1
C003602,400,6251.08,11,53,207,0.624,17.3,1986,3,0,0,5.9,0
C000568,882,4500.02,14,55,196,0.637,25.8,1201,8,1,0,9.6,0
C008687,272,2084.94,10,52,198,0.662,21.5,1945,3,0,0,6.1,0
C002895,771,2264.16,17,71,308,0.478,25.3,894,4,0,0,2.7,0
A000610,366,700.99,17,10,291,0.555,5.9,162,0,0,0,2.1,1
C003155,1067,4358.71,17,106,390,0.926,26.9,892,5,0,2,5.1,0
C006350,209,1043.43,14,87,310,0.438,27.4,698,9,0,0,7.8,0
C008496,633,2157.23,17,73,326,0.684,10.0,1180,1,0,1,3.2,0
C007316,286,4148.01,13,73,273,0.612,28.0,1254,0,0,0,7.4,0
C000441,72,5422.52,14,57,262,0.863,18.6,1321,7,0,0,8.6,0
C006030,260,5787.97,13,67,282,0.828,23.2,946,8,1,0,2.6,0
C009287,178,1301.66,18,88,333,0.905,24.9,1131,13,1,1,9.4,0
C002458,307,693.82,13,51,208,0.843,31.7,886,4,0,0,8.1,0
C009529,525,7236.27,16,58,212,0.994,29.3,940,5,0,0,9.4,0
C009446,457,8545.26,17,70,307,0.685,10.6,3698,1,0,1,7.2,0
C008500,1155,931.41,15,50,190,0.417,14.9,5030,3,0,0,10.0,0
C005359,347,5088.85,14,51,230,0.824,23.7,2808,1,0,1,6.7,0
C002587,86,3434.68,14,68,262,0.478,17.7,1856,11,0,0,8.9,0
C001661,534,5927.93,12,48,203,0.923,11.8,1071,0,0,0,6.5,0
C006662,409,2492.41,26,125,455,0.837,16.6,2227,2,0,0,7.4,0
C006734,340,6209.06,18,71,16,0.672,7.5,925,0,0,0,5.2,0
C008640,30,26879.24,16,78,299,0.847,22.7,1030,0,1,0,4.3,0
C001225,284,2333.01,20,110,441,0.481,21.0,1899,1,0,0,7.7,0
C008063,41,2242.06,11,43,186,0.891,22.1,882,0,0,0,7.2,0
C001594,761,6989.15,11,50,170,0.923,27.4,395,9,1,1,7.3,0
C009752,573,7586.94,15,105,370,0.861,16.9,1613,4,0,0,4.3,0
C001200,764,20596.83,17,99,340,0.792,22.7,1485,7,1,0,3.0,0
A000215,131,2458.65,10,1,18,0.332,7.9,60,3,0,0,2.2,1
C000765,187,7588.58,10,49,178,0.489,11.9,1549,0,0,1,7.5,0
C006516,1086,1983.89,17,90,302,0.867,23.0,1526,0,0,0,5.2,0
C006316,290,9480.2,12,65,245,0.77,18.7,1877,0,0,0,4.2,0
C003012,489,5844.92,16,56,223,0.901,8.4,347,3,0,0,7.9,0
C006142,386,6537.19,12,38,149,0.93,20.6,199,1,0,0,5.8,0
C000037,428,4403.79,16,77,295,0.69,12.3,642,10,0,0,5.1,0
C003264,782,2516.4,16,89,306,0.808,27.4,585,1,2,0,7.4,0
C006344,180,2479.3,14,53,233,0.839,22.6,1135,2,0,0,5.5,0
C004844,463,3832.66,13,72,269,0.665,13.5,2569,5,1,1,3.5,0
C006956,374,2806.85,15,84,321,0.508,25.2,699,1,0,0,3.3,0
C006654,438,8022.32,14,76,312,0.793,25.6,4132,3,0,0,4.8,0
C002565,263,7315.23,20,98,412,0.76,17.7,4377,8,0,0,5.8,0
C005525,476,1859.7,12,70,284,0.967,31.2,1570,11,0,0,4.5,0
C007283,496,20831.59,19,91,378,0.524,17.1,1310,7,1,0,4.7,0
C003353,440,12294.54,15,57,214,0.634,12.7,729,4,0,0,2.6,0
C005088,1628,1950.62,7,24,102,0.654,22.9,1721,1,0,0,3.2,0
C007504,448,6796.61,17,73,254,0.758,19.6,2199,0,0,1,10.0,0
C004300,1304,9173.18,18,101,374,0.603,19.2,1938,1,0,0,5.4,0
C002848,459,26401.87,20,89,330,0.762,19.5,7747,0,0,0,2.6,0
C006108,59,7960.67,17,95,340,0.846,15.4,971,1,1,0,1.5,0
C006443,261,5660.69,13,65,223,0.273,15.4,2069,4,0,0,6.9,0
C001352,434,4443.97,16,59,257,0.797,30.2,901,6,0,0,10.0,0
A000951,867,4660.74,15,5,41,0.02,4.9,4,28,0,1,6.3,1
A000237,565,1986.81,14,11,91,0.123,5.7,191,19,1,3,1.0,1
C006862,744,2464.96,19,101,355,0.796,23.2,2350,2,0,0,5.5,0
C007040,1128,1708.98,8,33,125,0.419,27.6,1514,6,0,0,6.4,0
C001361,292,5679.67,18,76,337,0.929,16.4,1549,0,0,0,2.3,0
C003345,318,6971.53,8,35,139,0.816,25.2,672,3,0,1,0.0,0
C006061,285,11941.86,16,43,175,0.563,22.4,1451,4,1,0,10.0,0
C007461,333,4482.02,12,44,197,0.846,25.3,3472,9,0,0,4.3,0
C000487,689,4953.48,20,76,320,0.812,28.0,376,5,0,0,7.2,0
C009726,117,1530.94,14,50,181,0.349,22.3,1069,2,0,0,1.0,0
C007067,349,3241.93,14,75,297,0.564,29.5,799,15,0,0,7.3,0
C003964,547,4345.58,16,77,310,0.854,22.0,1544,1,0,0,3.9,0
C002217,168,2126.53,10,42,169,0.91,20.8,240,15,0,0,6.3,0
C003035,411,15177.38,11,57,232,0.455,26.5,376,21,2,0,7.1,0
C009676,1047,3392.67,7,22,82,0.666,27.6,1827,5,0,0,7.1,0
C008090,258,3604.61,16,70,281,0.738,30.0,999,2,2,0,5.3,0
C006071,225,9650.86,12,74,265,0.679,26.9,5983,5,0,0,5.6,0
C000638,497,1523.07,16,73,277,0.768,18.7,1010,0,0,1,2.4,0
C001072,452,5422.99,18,93,391,0.509,22.0,3537,7,0,0,0.6,0
C007887,717,3495.57,12,61,208,0.67,16.5,1474,2,0,0,4.2,0
C008546,311,10679.45,19,90,364,0.659,18.7,1999,0,0,0,10.0,0
C009005,168,20439.15,13,37,156,0.591,17.9,2113,4,1,0,9.4,0
C001191,284,4386.24,11,39,178,0.875,29.2,771,4,0,0,2.8,0
C006389,925,1897.15,12,58,197,0.644,20.8,670,13,0,0,8.6,0
C008877,1071,3032.84,13,45,197,0.723,14.5,1903,5,0,1,1.4,0
C008535,361,1907.46,19,104,363,0.872,10.6,1828,1,0,0,4.6,0
C002923,704,3653.8,10,58,209,0.809,21.6,270,1,0,0,5.7,0
C000150,330,5894.82,22,99,449,0.613,26.4,829,7,0,0,3.7,0
C002474,369,7104.88,20,117,399,0.854,27.2,498,6,0,0,3.9,0
C009615,69,7755.71,13,76,265,0.688,12.2,4550,0,0,0,6.7,0
C002928,635,6003.59,13,72,243,0.703,12.3,2058,3,1,0,6.7,0
C007384,249,1564.79,15,63,224,0.739,24.5,2097,1,2,0,4.9,0
C000168,268,4222.23,15,75,270,0.689,9.8,6357,3,0,0,6.2,0
C001916,413,1627.13,22,132,457,0.877,15.8,642,0,0,0,3.1,0
C007143,81,9094.67,19,70,281,0.932,31.4,1482,1,0,0,9.5,0
C005664,801,1585.77,9,45,163,0.85,21.4,1673,3,0,0,7.9,0
C003072,59,12064.88,14,87,297,0.828,24.1,779,2,0,0,3.1,0
C002151,382,5339.82,14,74,273,0.627,25.0,948,1,1,0,3.9,0
C008377,491,2874.02,18,84,341,0.378,15.2,2859,3,0,0,9.0,0
C002013,381,5518.45,17,72,323,0.683,22.1,422,3,1,0,3.1,0
C001585,128,14049.82,19,98,429,0.801,27.4,1082,6,0,0,7.8,0
C005387,1109,3996.73,16,76,293,0.916,15.1,1439,0,0,0,6.4,0
C000802,326,4197.35,13,63,227,0.395,20.4,503,2,0,0,10.0,0
C009070,627,13372.69,18,68,261,0.636,25.8,1153,4,1,0,2.1,0
C007998,287,3660.1,17,77,327,0.41,23.2,1042,2,0,0,8.3,0
C006540,877,3375.64,10,46,162,0.681,26.6,3972,5,0,0,4.4,0
C005969,242,5916.84,13,60,259,0.963,19.1,1073,1,0,0,7.1,0
C007403,827,3976.91,16,65,221,0.737,25.5,2390,9,0,1,6.3,0
C000743,127,2430.13,19,67,291,0.594,19.3,1333,1,1,1,8.4,0
C005806,473,17649.87,12,51,202,0.73,19.8,1030,2,1,0,5.0,0
A000861,343,13466.34,16,0,6,0.234,6.3,30,30,1,2,5.9,1
A000961,289,3968.49,13,12,92,0.173,5.9,107,4,1,2,8.6,1
C008646,615,3196.78,18,99,342,0.69,18.0,1014,5,1,0,1.8,0
C002987,294,11532.71,16,89,333,0.845,25.9,1661,3,0,0,6.0,0
C000634,360,2912.08,17,57,243,0.819,16.6,1615,3,0,0,2.7,0
A000163,386,15006.85,14,6,48,0.238,6.5,33,10,0,0,2.5,1
C006557,545,3170.51,13,41,165,0.95,18.4,5198,12,0,0,10.0,0
A000284,586,7985.95,17,10,119,0.253,6.8,394,6,1,1,2.3,1
C003906,387,9929.12,16,64,36,0.554,22.8,1187,23,1,0,6.8,0
C007574,752,4295.86,13,76,256,0.806,31.8,511,0,0,0,6.1,0
C001965,849,7843.6,21,100,365,0.472,28.3,1173,1,1,0,8.9,0
C006074,226,7857.72,12,43,169,0.727,32.5,1787,5,0,0,5.9,0
C000800,444,7780.51,16,77,324,0.607,17.2,658,4,0,0,4.5,0
C003413,688,6474.13,11,34,122,0.86,26.9,1594,0,1,0,6.3,0
C001886,189,7174.95,23,124,416,0.916,16.3,981,0,0,0,10.0,0
C009683,388,4466.89,14,73,259,0.753,20.6,838,5,0,0,10.0,0
C005594,760,7533.31,16,73,270,0.732,21.0,1393,0,1,0,7.6,0
C000716,622,10269.4,11,51,228,0.693,21.8,588,6,0,0,5.7,0
C007941,342,2385.44,15,78,271,0.848,18.5,2760,2,0,0,1.8,0
C001211,717,2923.24,18,74,324,0.909,26.5,2178,0,0,0,3.4,0
C005859,292,8272.3,18,61,260,0.87,27.1,354,19,0,0,5.1,0
C003458,308,18548.07,26,147,520,0.871,28.4,884,4,0,0,8.3,0
C007589,393,12483.72,20,103,367,0.784,22.7,462,2,1,0,7.8,0
C005991,638,2103.7,13,62,218,0.653,36.2,3172,4,0,0,3.1,0
C003843,621,12076.17,13,60,218,0.46,29.1,1438,4,0,0,7.0,0
C004886,563,1954.79,11,44,193,0.698,21.0,245,1,0,1,4.9,0
C004727,123,3523.64,17,111,387,0.825,22.4,562,1,1,1,2.0,0
C007873,829,1515.05,19,103,388,0.476,14.2,913,0,0,0,6.7,0
C009465,173,5948.28,10,44,191,0.682,26.2,5655,0,0,0,5.2,0
C004170,308,4709.02,22,128,533,0.775,17.6,2700,0,0,0,7.1,0
C001189,94,14161.56,15,76,260,0.734,27.7,1560,16,0,0,8.6,0
C008541,287,13775.42,11,42,160,0.607,16.7,1525,7,1,0,7.2,0
C004096,836,7046.24,13,62,271,0.439,23.2,2144,4,0,0,10.0,0
C006720,783,21358.95,12,57,249,0.758,25.1,1922,5,0,0,4.5,0
C005217,466,15729.11,16,61,233,0.764,14.5,651,5,0,0,7.0,0
C000587,71,1584.87,11,50,217,0.632,28.1,3175,0,0,0,6.4,0
C009356,256,5869.57,21,107,452,0.775,32.2,346,4,1,0,2.6,0
C004044,349,9549.35,17,69,290,0.713,21.7,573,1,0,1,5.0,0
C006075,631,4808.86,12,35,154,0.967,28.1,2210,6,0,0,2.0,0
C002320,384,4035.11,16,70,240,0.376,14.7,2323,0,0,0,4.2,0
A000596,539,8005.78,19,9,115,0.155,8.0,59,15,0,2,1.2,1
C002175,300,1123.28,14,62,281,0.902,23.5,3470,10,0,0,4.3,0
C004193,537,2929.15,22,112,389,0.63,25.6,9489,4,1,0,7.5,0
C009277,788,13458.66,22,97,402,0.931,16.0,1411,1,1,0,9.2,0
A000397,847,7753.63,19,6,82,0.233,3.9,92,25,0,1,3.8,1
C001741,909,10139.33,12,4,169,0.591,13.9,120,15,0,0,6.8,0
C003083,857,16806.79,19,55,218,0.843,27.2,2185,1,1,0,4.7,0
C009591,838,4382.56,16,70,298,0.86,22.2,2515,0,0,0,7.1,0
C005497,281,7312.76,21,87,334,0.836,28.6,1625,2,0,1,5.5,0
C005697,438,2321.51,14,70,257,0.656,14.7,1287,2,0,0,8.8,0
C001887,309,4627.47,16,87,339,0.75,20.4,311,8,0,0,0.0,0
C009309,175,1711.54,15,75,293,0.662,10.7,902,2,0,0,3.6,0
C000024,598,2971.92,15,52,235,0.871,24.4,578,1,0,0,5.1,0
C004171,141,5568.18,13,46,186,0.455,24.9,774,6,2,0,6.5,0
A000772,280,4226.14,15,6,102,0.653,4.2,130,2,3,1,2.5,1
C009313,192,728.33,10,30,109,0.725,20.9,368,16,0,2,5.3,0
C006430,376,1929.52,12,54,240,0.633,21.3,1248,0,0,1,6.7,0
C009682,182,20708.46,10,39,146,0.745,32.5,2268,1,1,0,2.7,0
C006131,863,2608.53,14,42,190,0.421,19.1,463,8,1,0,5.0,0
C007779,347,1981.01,10,52,201,0.659,27.1,4479,19,0,0,4.9,0
C007989,49,2214.63,22,94,357,0.955,19.6,811,0,0,0,1.3,0
C004875,30,1292.53,15,58,238,0.164,16.3,80,2,2,0,10.0,0
C009868,204,3848.24,14,53,230,0.761,25.5,281,4,0,0,9.8,0
C001428,562,37892.01,18,104,389,0.852,16.8,1426,1,1,0,3.0,0
C000790,696,24008.59,16,62,260,0.462,18.7,815,7,0,1,7.9,0
C009232,30,4056.43,20,86,376,0.66,22.5,295,8,0,0,8.5,0
C003586,362,5209.84,12,98,341,0.923,10.5,402,1,0,1,3.9,0
C001348,360,6188.59,10,38,175,0.99,23.8,1653,1,0,1,4.1,0
C006114,429,8079.59,11,45,180,0.575,23.5,889,14,0,0,2.5,0
C002129,140,8827.78,20,78,286,0.439,24.8,996,5,0,0,6.7,0
C005172,730,5458.08,8,30,130,0.97,28.2,808,2,0,0,8.3,0
C007628,896,14986.0,16,61,230,0.63,27.2,371,3,1,0,6.6,0
C008613,430,3478.73,10,44,195,0.728,22.4,1044,0,1,0,5.4,0
A000187,359,8974.4,12,12,91,0.721,5.3,153,19,0,0,7.4,1
C007641,266,7478.46,15,76,273,0.501,21.7,367,3,1,0,6.3,0
A000984,118,10355.23,7,4,63,0.48,3.7,57,6,0,0,3.8,1
C002961,1639,7016.59,15,57,215,0.799,18.9,1393,11,0,0,10.0,0
C005263,335,10427.23,13,62,265,0.554,21.3,607,10,2,0,5.0,0
C007297,166,4445.27,13,74,251,0.392,15.3,1715,4,1,0,5.6,0
C006984,83,2687.57,14,53,237,0.649,20.6,180,5,1,0,4.6,0
C001419,905,4305.14,16,46,200,0.546,22.1,2940,1,1,0,4.5,0
C002859,734,3947.73,15,67,260,0.753,15.3,590,6,0,0,4.9,0
C007445,692,1984.35,14,67,261,0.597,28.2,580,9,2,0,4.6,0
C000606,474,8789.71,12,43,165,0.534,26.8,526,1,0,0,2.3,0
C001958,759,5262.46,21,107,439,0.512,20.4,3639,14,0,0,10.0,0
C002253,349,10118.06,15,69,141,0.511,18.1,64,2,0,0,4.6,0
A000573,206,10843.85,18,7,122,0.196,3.5,350,12,1,1,4.4,1
A000501,361,4305.93,25,8,128,0.113,7.0,101,26,1,0,4.0,1
C000994,366,8979.53,14,80,290,0.782,14.9,396,0,0,1,9.8,0
C005801,167,12246.33,16,73,326,0.741,24.5,944,1,0,0,6.3,0
C005750,1110,3188.9,12,64,216,0.675,23.5,2719,0,0,0,6.4,0
C004078,128,2212.82,22,119,438,0.854,12.5,317,1,0,0,10.0,0
A000623,134,5587.34,12,77,73,0.92,5.0,35,1,0,1,3.6,1
C009571,630,8721.08,22,96,367,0.369,14.2,7027,0,0,0,7.0,0
C004982,185,11176.81,14,56,117,0.702,6.6,5392,2,1,0,3.3,0
C009405,49,4298.71,14,86,336,0.506,23.4,2984,3,0,1,2.4,0
C002679,427,1327.1,10,41,165,0.677,19.6,953,1,0,0,9.4,0
C006087,319,8715.12,24,95,361,0.776,26.4,775,4,1,0,4.6,0
A000929,87,4204.15,13,10,83,0.064,5.0,60,6,0,1,3.9,1
C003860,356,2461.84,14,75,262,0.518,28.3,965,1,1,0,6.8,0
C005467,373,26466.47,13,71,287,0.693,15.7,1073,1,0,0,0.0,0
C006509,183,8768.78,12,84,296,0.622,27.0,780,8,0,0,8.6,0
C004013,126,2829.61,17,89,300,0.912,33.4,1602,1,0,0,10.0,0
C009396,667,1205.84,14,66,256,0.914,25.1,580,4,0,0,2.4,0
C005205,220,2790.9,13,52,208,0.73,24.5,3974,5,0,1,8.3,0
C008890,350,2049.61,21,79,331,0.413,12.8,908,5,0,1,5.8,0
C007933,1702,9825.42,6,36,138,0.874,21.7,670,5,0,0,9.5,0
C007822,317,2511.03,13,65,259,0.828,22.0,1852,0,1,0,3.3,0
C003070,701,6789.09,21,122,413,0.732,27.3,1249,13,1,1,10.0,0
A000804,619,7070.15,14,6,49,0.243,4.6,318,16,0,1,2.7,1
C002649,220,997.01,12,69,246,0.77,22.8,1824,17,0,0,3.9,0
C001311,805,1560.49,11,54,190,0.901,26.9,305,5,0,0,2.7,0
C002466,462,4846.98,16,66,258,0.759,13.4,770,5,1,0,7.8,0
C008491,339,1921.08,15,82,309,0.521,22.3,890,6,0,0,10.0,0
C007845,306,2949.71,15,114,409,0.728,24.0,930,1,0,1,6.6,0
C005008,554,7968.59,11,46,188,0.871,21.8,2308,0,0,0,7.8,0
C002614,102,8152.94,18,103,367,0.715,24.3,329,0,0,0,7.1,0
C006264,415,2381.4,17,64,258,0.909,13.3,139,2,0,0,7.0,0
C007856,267,12637.16,17,82,359,0.424,15.0,2624,10,0,0,10.0,0
C005825,463,6986.09,18,86,340,0.686,24.4,323,7,0,0,5.8,0
C001316,350,1637.19,17,76,297,0.45,30.1,1279,1,1,0,7.6,0
C002184,1165,4194.22,9,30,125,0.714,12.4,725,2,0,0,8.2,0
C004741,604,2990.48,12,55,189,0.584,19.4,2324,12,0,0,7.1,0
C009285,203,2298.22,23,119,433,0.767,20.0,1232,0,2,0,8.5,0
C008779,492,3977.62,23,137,519,0.798,18.5,2224,5,0,0,7.8,0
C001340,300,6060.35,14,71,256,0.803,15.4,1083,1,0,0,7.3,0
C005063,654,2001.4,21,124,495,0.685,26.0,364,3,0,0,3.1,0
C000739,1039,3699.59,14,58,239,0.256,15.7,2687,0,1,0,10.0,0
C000966,415,19043.14,10,53,44,0.446,16.6,3801,7,0,0,1.6,0
C000253,64,2879.13,14,59,262,0.266,22.6,560,10,1,1,1.5,0
C000873,247,2300.36,11,58,201,0.768,20.3,1172,8,0,0,4.5,0
C006511,662,4481.65,14,52,232,0.572,19.8,949,3,0,0,4.7,0
C009762,221,5026.35,13,49,202,0.85,23.1,995,5,0,0,7.8,0
C004141,289,6263.71,16,58,219,0.835,19.8,520,5,0,0,2.8,0
A000358,884,14064.24,12,9,66,0.087,6.2,35,30,2,2,2.2,1
C005845,1117,4422.93,14,72,285,0.64,27.0,2116,0,0,0,6.1,0
C002453,218,10297.03,21,98,384,0.608,15.9,171,0,2,0,7.3,0
C002949,516,6818.11,18,89,337,0.358,25.6,5104,7,0,1,3.6,0
C008760,155,5745.92,14,45,196,0.919,21.1,737,1,0,0,4.3,0
C003371,385,2132.07,14,57,207,0.69,13.5,889,2,0,1,1.2,0
C006969,278,2108.31,16,74,300,0.4,25.6,435,4,0,0,8.0,0
C008264,198,6863.76,14,64,241,0.576,28.9,1678,8,0,0,9.1,0
C007738,262,1647.36,18,76,334,0.64,18.9,323,4,0,0,7.5,0
C006970,365,20493.2,18,61,278,0.768,29.8,1142,2,0,0,6.2,0
A000703,261,7823.8,16,26,182,0.51,4.6,157,12,0,2,6.2,1
A000781,429,2860.43,10,9,73,0.061,2.6,32,21,0,1,5.5,1
C000448,208,1214.5,8,44,180,0.643,18.7,3808,13,0,0,8.9,0
C007414,195,4556.15,9,8,144,0.496,20.3,1505,4,0,0,5.6,0
C000057,409,4262.36,14,69,303,0.851,23.7,1457,0,0,0,8.8,0
C005267,133,3496.61,17,85,308,0.558,15.2,1139,10,0,0,7.8,0
C000477,500,2909.92,17,81,343,0.796,25.0,1789,0,1,0,7.5,0
C002586,1261,2353.31,16,80,318,0.85,23.0,545,1,0,0,9.7,0
C005582,900,7376.4,14,65,280,0.662,20.8,680,2,0,0,2.6,0
C008880,572,4949.45,9,37,152,0.921,23.5,932,8,0,0,4.5,0
C004721,596,3559.59,20,111,440,0.705,20.6,1408,1,0,1,7.7,0
C005701,92,4679.8,16,91,314,0.942,28.6,807,3,0,0,7.8,0
C006524,452,5692.82,12,63,213,0.661,22.7,381,0,0,0,5.1,0
C009786,535,3122.21,21,83,355,0.909,14.0,962,2,0,1,10.0,0
C000751,484,4643.0,13,45,179,0.966,29.7,533,7,0,0,8.1,0
A000857,824,9284.39,14,4,72,0.131,4.9,18,7,0,1,1.5,1
C003939,276,1273.19,11,36,158,0.723,23.8,804,3,0,1,8.0,0
C000377,416,11235.77,13,63,214,0.673,27.9,510,14,0,0,7.5,0
C006152,238,1579.14,14,63,245,0.473,24.8,1809,4,0,0,8.2,0
C005640,98,4237.96,16,75,280,0.903,21.3,2019,0,0,0,6.7,0
C003132,369,12714.53,19,94,342,0.771,24.2,491,2,1,0,6.3,0
A000980,168,6719.57,17,7,71,0.495,5.2,23,2,0,0,2.7,1
A000257,128,3945.36,17,8,57,0.159,7.0,15,13,1,1,1.3,1
C009975,590,19773.96,16,80,278,0.508,21.1,227,1,0,0,3.8,0
C003795,167,5226.12,11,42,168,0.767,25.5,489,3,0,0,3.3,0
C006204,913,12825.86,14,57,211,0.65,20.8,2253,7,0,0,5.0,0
C004130,531,4817.08,13,50,178,0.686,16.0,24,0,0,0,4.3,0
C006334,279,4540.31,21,90,388,0.787,18.1,485,10,0,0,5.9,0
A000481,254,9606.18,17,10,108,0.409,8.0,603,2,1,2,3.6,1
C007051,568,9221.9,16,67,259,0.668,27.3,1960,1,0,0,5.4,0
C003167,826,4418.38,21,89,395,0.917,16.7,288,5,0,0,5.9,0
C007035,324,5912.1,12,54,212,0.927,16.5,2492,8,0,0,9.7,0
C008171,450,8351.02,11,64,216,0.511,19.4,657,2,0,0,5.1,0
C006245,302,5040.22,21,82,374,0.746,9.5,2217,1,0,0,7.4,0
C000228,356,6133.58,17,85,351,0.83,22.5,170,1,0,0,8.3,0
C004632,186,5447.42,19,76,279,0.709,20.3,2058,1,1,0,1.8,0
A000814,1038,1565.73,10,9,97,0.401,4.1,175,30,2,3,8.2,1
C001509,492,2497.33,19,107,406,0.616,22.0,689,6,2,1,7.6,0
C009839,883,2258.34,20,70,265,0.816,19.6,403,5,0,0,5.2,0
C009831,344,4311.51,11,51,194,0.693,17.0,5100,3,0,0,9.9,0
C001685,370,1730.26,15,87,347,0.672,21.2,1985,0,1,0,2.8,0
C000500,361,1517.68,12,40,166,0.78,20.8,1255,3,1,0,9.9,0
C007321,325,4269.68,11,40,169,0.902,20.7,709,5,0,0,5.2,0
C009935,716,4597.55,6,29,108,0.755,15.7,961,10,0,0,4.1,0
C001878,689,1114.85,16,66,238,0.45,20.6,1295,6,0,1,7.8,0
C002914,295,13444.61,18,87,299,0.687,22.1,2868,2,0,0,4.7,0
C000514,508,5408.34,13,53,203,0.794,30.8,1311,0,0,0,7.4,0
C004360,480,3073.2,16,61,231,0.266,18.5,379,0,0,0,4.5,0
C005873,196,3889.37,12,50,201,0.89,25.3,1826,2,0,0,3.8,0
C006673,158,3855.08,18,100,362,0.628,19.8,340,0,1,1,7.3,0
C002754,437,3992.93,17,62,279,0.676,25.9,316,2,1,0,6.4,0
C004657,433,10401.51,13,53,235,0.775,24.8,938,1,1,0,5.8,0
C000475,471,2466.08,10,56,190,0.614,26.5,2102,1,0,0,9.3,0
C005644,215,1994.25,14,77,268,0.305,27.5,1206,0,0,1,2.8,0
C002313,175,6600.29,20,101,384,0.831,19.3,1701,6,0,0,6.4,0
C008664,205,2059.2,9,3,173,0.659,15.9,272,5,0,0,8.1,0
C003081,595,981.67,13,61,254,0.827,23.1,421,10,1,0,10.0,0
C000481,275,1743.86,15,51,190,0.713,21.1,679,3,0,0,0.0,0
A000459,231,9183.5,14,10,99,0.428,8.0,108,2,0,0,8.2,1
C008608,260,2994.81,10,54,193,0.743,28.5,720,0,0,0,8.7,0
A000521,342,7241.6,13,9,92,0.397,7.5,16,6,2,1,3.6,1
C002454,492,3813.58,7,30,135,0.788,12.8,981,1,0,0,10.0,0
C007238,708,3211.49,11,65,252,0.882,21.8,830,10,0,0,7.4,0
C009282,453,2870.43,14,69,308,0.776,26.0,512,3,0,0,10.0,0
C006399,253,2746.11,10,45,168,0.629,20.3,472,4,1,1,9.4,0
C004049,618,10340.73,15,86,305,0.809,8.7,1276,0,0,1,9.1,0
C001350,159,2341.32,14,70,318,0.376,13.2,681,5,0,1,6.4,0
C008995,337,977.82,15,58,251,0.825,30.7,2575,4,0,0,6.8,0
C002499,233,3531.6,12,57,212,0.951,17.9,266,6,1,1,6.1,0
C010006,768,1592.3,13,48,221,0.703,24.6,329,1,0,0,6.4,0
C005841,255,3508.41,17,78,271,0.693,9.7,1521,4,0,0,10.0,0
C005035,85,6140.63,8,26,117,0.625,27.6,456,3,1,0,8.1,0
C001607,137,5507.52,14,71,244,0.762,23.4,1298,1,0,0,2.9,0
C004133,181,2323.49,9,58,196,0.888,26.4,2124,13,0,0,2.4,0
C009515,426,1435.54,11,54,209,0.882,21.6,767,0,0,0,0.5,0
C004068,583,5628.78,17,84,328,0.832,29.3,534,5,0,0,6.9,0
C001447,395,14942.5,10,29,131,0.727,24.5,524,9,0,0,9.8,0
C008936,592,3007.98,17,73,298,0.819,24.7,425,4,0,0,5.7,0
C001021,147,1120.19,21,67,262,0.84,11.4,2479,0,0,0,5.9,0
C000706,542,2873.16,16,69,264,0.865,25.4,2892,3,0,0,1.8,0
C009463,863,15039.01,11,63,244,0.486,24.9,4882,0,0,0,6.6,0
C001867,300,2464.37,11,56,190,0.718,26.4,1579,5,1,0,6.0,0
C007533,195,6011.47,12,39,178,0.566,19.5,1381,3,1,0,7.8,0
C002418,802,5515.93,14,58,213,0.837,13.8,1316,4,0,0,7.6,0
C002123,943,20997.12,17,65,263,0.679,31.2,1041,7,0,0,3.7,0
C008912,545,6146.17,18,83,350,0.622,27.1,1469,2,2,0,8.2,0
C001922,157,4587.6,21,96,350,0.826,23.8,1350,3,0,0,5.1,0
C004008,686,2443.23,15,70,243,0.849,20.0,646,6,0,0,8.3,0
C008236,186,4274.28,21,75,320,0.883,26.6,2988,1,0,0,6.2,0
C002508,674,4633.08,17,77,286,0.838,24.0,218,2,0,0,3.7,0
C001420,458,1743.95,8,39,143,0.729,25.8,953,2,0,0,5.9,0
C007961,846,7558.19,21,120,463,0.747,17.6,434,0,1,0,7.3,0
C006395,107,4792.22,13,80,309,0.769,13.4,1840,8,1,0,4.4,0
C002026,365,1161.85,11,45,202,0.681,21.0,1818,4,1,0,7.7,0
C000595,495,3844.46,9,49,165,0.45,26.5,761,0,0,0,10.0,0
C001559,247,6972.97,21,80,356,0.556,29.8,3028,4,0,0,3.9,0
C009417,369,9654.23,16,83,288,0.921,26.4,583,0,0,0,3.9,0
C004077,381,5500.32,13,71,262,0.351,21.6,2654,1,0,0,1.6,0
C008922,79,5621.62,15,65,256,0.502,15.9,887,5,0,0,7.8,0
C002059,172,3243.93,14,62,246,0.518,17.5,2944,0,1,0,6.4,0
C005285,206,8630.39,21,130,438,0.699,24.5,535,1,0,0,8.9,0
C003910,555,4867.37,15,52,214,0.847,14.9,2424,11,0,1,6.4,0
A000540,158,5134.59,15,7,279,0.106,7.1,14366,2,0,1,4.4,1
C005810,820,2018.4,14,69,260,0.816,26.7,657,2,0,0,6.0,0
C007572,461,3531.32,14,55,224,0.837,11.1,1379,0,0,0,4.7,0
A000726,121,6169.46,22,6,110,0.365,5.8,58,13,0,2,4.2,1
C005938,453,1873.31,7,30,127,0.946,22.8,187,0,0,0,8.4,0
C007643,48,3343.5,13,66,276,0.826,20.5,787,3,1,1,4.2,0
C003329,228,13723.68,13,41,183,0.643,15.9,921,6,1,0,4.2,0
C008682,984,3533.84,21,90,408,0.734,17.9,1442,6,0,0,4.6,0
C000293,326,1222.57,16,3,67,0.548,25.7,507,7,0,0,5.4,0
C003462,130,2744.06,17,61,217,0.601,20.4,1581,1,0,0,4.5,0
C004162,368,2368.96,13,55,209,0.875,14.9,210,1,1,0,5.6,0
C003388,157,4262.71,13,58,235,0.879,32.9,1139,4,0,0,5.1,0
C008450,390,2435.16,12,46,161,0.639,21.1,981,0,0,0,1.3,0
C002393,393,15079.35,17,75,288,0.679,32.4,2150,1,0,0,9.7,0
C004366,555,4498.88,22,84,344,0.838,10.9,1275,6,0,0,5.6,0
C001319,72,3937.51,13,77,317,0.693,5.8,472,5,0,0,4.9,0
A000401,798,2933.97,16,8,77,0.18,4.6,272,4,1,1,3.2,1
C003230,411,3053.1,15,67,270,0.7,15.7,1101,9,0,0,9.6,0
C004149,270,3988.55,21,139,477,0.742,11.4,828,1,0,0,9.9,0
C009119,328,5442.39,14,63,257,0.722,18.7,1538,18,1,0,7.8,0
C007904,394,3895.34,9,39,153,0.579,22.3,847,4,1,0,7.4,0
C005796,140,9428.56,13,49,209,0.864,15.7,339,1,0,0,3.4,0
C005015,740,2149.91,18,116,414,0.56,23.6,1247,0,0,0,9.1,0
C002752,409,5612.5,12,74,265,0.78,21.8,280,0,0,0,9.0,0
C005021,212,2278.5,18,71,275,0.703,25.8,354,14,0,1,3.0,0
C004630,516,5619.08,14,69,292,0.31,33.8,1898,1,0,0,6.5,0
C006659,359,10659.51,16,79,275,0.363,34.1,70,1,1,0,5.4,0
A000326,231,13393.04,13,96,90,0.545,4.1,2838,0,1,0,2.8,1
A000915,373,8239.5,16,7,54,0.362,6.3,20,2,0,1,2.1,1
C003541,244,2525.19,18,82,317,0.686,11.4,2248,2,0,1,3.2,0
C006525,334,5069.81,11,45,190,0.536,30.0,726,4,0,0,5.6,0
C007606,202,9666.25,21,136,466,0.52,26.5,4911,19,0,0,10.0,0
C000838,264,7394.7,17,60,253,0.826,14.5,2677,0,2,0,10.0,0
C006568,711,2100.8,16,61,226,0.63,34.8,1092,6,0,0,6.7,0
A000024,686,3154.63,13,2,23,0.329,6.3,179,20,0,0,2.3,1
C004964,53,3862.73,15,90,317,0.541,21.3,704,2,1,0,10.0,0
C009819,1078,7581.03,16,82,309,0.641,17.3,264,4,0,0,2.4,0
C007803,234,34816.35,13,57,211,0.362,21.2,543,1,0,0,6.4,0
C004346,125,8549.0,10,64,228,0.678,18.1,1174,6,0,0,5.2,0
C007935,389,18525.4,18,59,233,0.663,19.6,256,0,0,0,6.4,0
C004703,525,4538.56,7,30,130,0.828,15.4,185,4,1,0,8.8,0
C009271,593,2956.75,13,65,256,0.946,12.7,638,3,0,0,7.8,0
C006115,550,4231.18,12,43,189,0.855,16.2,1830,5,0,0,9.0,0
C000158,792,6688.03,15,68,276,0.892,24.2,1523,12,0,0,4.7,0
C007056,562,5552.28,10,41,168,0.83,32.3,2543,0,0,0,4.6,0
C005191,408,13071.0,18,59,258,0.627,22.7,867,0,0,0,1.8,0
C001442,411,2364.63,18,67,308,0.591,14.2,1970,3,0,1,8.4,0
C006132,833,14962.85,16,73,251,0.799,17.8,196,12,1,1,1.0,0
C008234,265,1733.55,14,67,260,0.517,18.0,750,2,0,0,7.2,0
A000456,258,4735.49,21,5,60,0.216,4.8,72,4,1,1,4.4,1
C007838,51,9582.85,14,72,289,0.722,10.7,1187,0,1,1,4.5,0
C009302,899,10486.99,16,66,284,0.865,23.5,2437,1,0,0,7.5,0
C002948,563,4643.65,16,73,273,0.67,25.2,518,2,0,0,10.0,0
C001964,818,3369.57,16,65,264,0.748,16.4,1459,4,1,0,1.9,0
C002484,715,17719.17,10,43,179,0.914,24.0,1464,3,0,0,1.8,0
C008205,270,4837.55,17,60,215,0.874,21.3,933,0,0,1,9.2,0
C002964,568,25949.35,18,59,259,0.875,31.0,1314,5,0,0,6.0,0
A000272,1094,5710.56,16,12,88,0.421,7.0,85,1,1,0,7.4,1
C007723,129,2736.38,18,83,294,0.772,20.6,1326,1,0,0,8.0,0
C008517,493,10502.93,14,57,256,0.78,19.8,389,7,0,2,8.4,0
C008785,757,6786.46,11,57,220,0.83,21.9,455,7,1,0,10.0,0
C007973,374,2729.61,9,32,118,0.501,19.8,1229,1,0,0,6.3,0
C001544,740,3264.52,18,58,259,0.54,30.1,5136,3,0,1,8.7,0
C009582,765,5876.95,15,78,298,0.863,22.8,559,0,2,1,3.6,0
C006793,292,2822.5,17,84,351,0.527,16.6,705,5,1,0,5.2,0
C002933,250,6876.79,19,90,310,0.561,10.7,587,5,0,0,10.0,0
C002518,209,11066.77,11,75,257,0.72,20.1,736,1,0,0,10.0,0
C008768,962,2592.9,19,101,442,0.549,22.7,1182,2,0,0,2.7,0
C008625,338,2851.9,15,101,340,0.814,16.2,2931,1,1,0,5.9,0
C000604,237,15396.98,12,41,154,0.366,29.3,406,4,0,0,5.3,0
C002957,547,5697.66,18,93,320,0.924,17.7,4836,5,1,0,3.9,0
A000673,541,8454.2,8,4,41,0.274,7.7,156,0,0,1,10.0,1
C000394,406,4201.53,15,56,223,0.523,21.0,1290,1,0,0,4.1,0
A000065,459,8418.71,9,3,22,0.402,3.8,19,5,1,1,5.2,1
C002620,650,4487.39,21,59,217,0.77,14.5,479,1,0,1,10.0,0
C005157,222,4607.5,18,87,317,0.8,21.1,2845,0,0,0,2.3,0
C004790,284,1911.75,12,43,160,0.895,27.6,6407,2,0,0,7.4,0
C006215,258,2882.03,21,80,321,0.944,16.2,4930,0,1,0,6.7,0
C005550,462,1475.27,18,73,272,0.59,29.3,1723,5,2,1,7.2,0
A000339,289,4569.33,18,3,64,0.139,4.4,40,16,0,2,3.5,1
C007048,86,5962.57,23,123,436,0.374,32.3,761,2,0,0,10.0,0
C003521,428,2957.86,20,101,357,0.574,18.3,1189,3,0,0,5.2,0
C007666,197,2920.78,12,60,240,0.777,22.3,327,0,0,0,6.1,0
C005612,261,12060.5,10,44,164,0.823,27.1,1072,3,1,0,4.5,0
C006454,296,2097.85,16,49,213,0.746,17.3,303,0,1,0,0.3,0
C003024,578,14194.55,15,73,254,0.75,21.3,527,3,0,0,10.0,0
C007039,289,6620.4,13,55,227,0.863,16.1,831,4,0,0,3.5,0
C003528,397,4940.21,19,73,254,0.837,26.3,547,0,0,0,2.7,0
A000417,117,9874.79,20,4,70,0.136,7.0,29,23,0,1,7.5,1
C000402,82,6136.59,11,70,243,0.702,28.5,1688,4,0,0,8.5,0
C006616,305,1472.25,17,91,349,0.701,25.3,2367,9,0,0,5.9,0
C001632,55,3200.21,17,99,378,0.613,12.5,874,4,0,0,0.4,0
C006886,314,1342.49,23,171,582,0.744,22.0,478,5,0,0,10.0,0
C007196,802,9187.4,11,43,150,0.703,25.7,1609,5,1,1,5.9,0
C005850,601,7910.15,14,59,244,0.53,24.4,241,0,0,0,3.8,0
C006985,836,757.13,12,42,147,0.945,15.7,158,6,2,0,5.9,0
C004443,610,20102.89,19,84,305,0.753,13.6,2301,23,0,1,7.6,0
C005095,213,3724.1,14,67,237,0.65,16.3,2855,0,0,1,9.7,0
C008622,289,2675.07,15,84,286,0.682,17.2,1077,3,0,0,10.0,0
C003004,202,2599.83,20,77,322,0.911,34.9,728,5,0,1,7.0,0
C008597,227,7153.8,14,87,297,0.766,10.9,815,0,0,0,6.4,0
C009415,257,13828.84,14,66,244,0.723,23.2,594,3,0,0,5.7,0
C005047,573,8525.04,12,32,122,0.484,24.5,1972,0,0,0,7.3,0
A000674,357,8098.69,15,16,116,0.333,5.6,100,4,0,1,6.0,1
C002068,916,2334.42,13,46,196,0.878,20.1,1165,1,0,0,6.0,0
C009724,207,8968.42,14,74,323,0.87,23.8,3207,8,0,0,1.3,0
C001600,527,3404.88,20,62,278,0.805,20.6,1842,4,0,0,2.5,0
C004002,782,3940.16,13,45,190,0.657,22.0,599,1,0,0,3.7,0
C001386,415,7144.57,16,57,261,0.622,15.8,1512,6,2,0,5.1,0
C008409,100,8605.78,17,75,254,0.819,21.7,280,10,0,1,6.6,0
C007926,469,11455.04,17,74,292,0.777,21.9,4034,3,0,0,5.1,0
C001406,359,2441.58,16,53,234,0.671,25.5,779,4,0,1,8.8,0
C000810,981,7530.38,14,68,254,0.717,32.0,1564,6,1,1,0.0,0
C002030,30,26783.2,17,89,331,0.904,6.7,1579,1,1,0,2.8,0
A000802,404,5908.09,13,0,5,0.203,7.0,130,4,1,2,3.3,1
C006271,259,9419.58,17,93,367,0.459,17.5,1519,12,0,0,6.0,0
A000885,142,2547.76,17,57,229,0.282,5.6,924,2,1,1,3.0,1
C008673,471,2614.03,12,57,242,0.822,22.9,242,1,0,1,3.3,0
C001703,421,3971.89,12,76,257,0.851,19.4,748,1,0,0,3.9,0
C009645,96,1466.92,7,35,134,0.338,24.3,1107,0,0,1,7.6,0
C008317,746,4713.85,13,61,266,0.536,16.4,1268,2,0,1,9.0,0
C007851,403,4490.63,21,71,257,0.643,22.3,1614,3,0,0,5.2,0
C005340,612,2136.75,10,45,168,0.711,25.2,1602,3,0,0,5.4,0
A000965,293,7396.63,12,3,46,0.621,6.0,244,0,0,0,3.5,1
C006809,384,9431.67,20,90,303,0.44,30.7,204,11,0,0,2.3,0
C003915,222,4053.3,13,63,244,0.753,27.1,2900,1,0,0,0.0,0
C001881,512,5780.03,16,96,363,0.8,22.8,1280,9,0,0,5.6,0
C007177,165,7711.05,16,62,240,0.362,22.4,648,22,0,1,1.1,0
C007318,211,3290.23,16,100,370,0.926,24.3,1500,4,0,0,4.5,0
C009532,962,6679.25,22,122,438,0.843,27.0,3515,4,0,0,3.6,0
C006796,554,3508.89,19,97,335,0.865,23.9,2475,6,1,0,8.6,0
C002288,430,1604.9,15,70,271,0.634,13.3,2202,10,0,0,9.3,0
C005681,191,1348.93,11,49,170,0.599,24.0,743,1,0,1,2.2,0
C008210,294,9372.01,19,88,308,0.929,16.2,2384,1,0,0,0.0,0
C009843,70,3964.9,20,119,425,0.399,18.9,898,1,0,0,1.8,0
C006879,728,7061.44,19,106,382,0.66,30.6,1329,4,0,0,8.6,0
A000208,218,6719.31,12,5,79,0.263,4.0,87,4,2,0,1.7,1
C005895,382,5192.88,19,79,337,0.683,29.6,973,7,0,1,1.7,0
C001047,320,2738.83,16,61,250,0.672,18.3,1380,5,0,0,8.6,0
C007486,248,7863.92,11,67,250,0.835,13.8,4364,1,1,0,6.1,0
C004382,703,3220.13,16,63,232,0.639,13.2,1609,2,0,1,10.0,0
C006536,1354,2374.89,9,39,138,0.381,25.6,758,0,0,0,7.6,0
C001569,355,2844.36,18,74,273,0.515,25.6,953,7,0,0,9.0,0
C000463,311,7733.37,13,45,188,0.579,22.5,4690,0,0,0,6.7,0
C000744,439,1605.24,12,52,197,0.595,24.3,1372,0,1,0,3.5,0
C000223,341,2541.77,10,45,153,0.392,30.8,1143,4,0,0,5.2,0
C006346,221,22264.28,17,91,328,0.718,17.7,526,0,0,1,0.7,0
C004976,828,4325.37,11,45,185,0.817,20.5,1531,3,0,0,4.8,0
C002486,430,9904.75,16,63,238,0.78,24.2,117,3,0,0,6.1,0
C000626,105,1635.69,14,67,255,0.815,21.2,1182,0,0,0,6.4,0
C007426,398,8805.8,18,75,299,0.193,23.4,1329,2,1,0,3.9,0
C008129,96,3171.76,16,83,378,0.791,19.8,1870,5,0,0,0.8,0
C002178,354,3322.7,6,20,83,0.954,20.1,385,6,0,0,4.4,0
C003709,118,3738.05,13,73,249,0.756,17.4,1456,5,0,0,7.9,0
C004869,1035,4905.32,22,110,438,0.935,26.5,955,5,0,0,2.1,0
C007543,371,5933.28,9,43,171,0.717,22.1,2234,10,0,0,4.2,0
C008999,1040,2397.55,14,61,245,0.826,14.0,1126,0,0,1,4.8,0
C007585,893,9486.5,11,56,214,0.882,20.1,1124,4,0,0,0.0,0
C009509,141,6492.78,10,37,139,0.885,18.0,941,6,0,0,2.2,0
C000354,194,2696.55,11,62,210,0.692,25.0,517,0,0,0,8.8,0
C004085,511,10037.33,6,26,87,0.583,21.6,578,8,0,1,9.3,0
C000457,408,4644.2,12,79,283,0.948,27.6,1095,10,0,0,8.4,0
C003316,623,5476.6,14,74,258,0.853,22.0,3007,0,0,0,1.5,0
C008484,244,4726.05,10,37,160,0.714,33.1,2018,4,1,0,8.4,0
C000240,578,6344.41,11,55,195,0.197,27.4,948,0,1,0,3.8,0
C003149,330,3193.44,17,59,218,0.706,14.3,1642,3,0,1,10.0,0
C007202,378,13824.12,15,65,263,0.768,17.4,1457,1,0,0,3.3,0
C004519,662,6380.23,19,58,232,0.531,19.8,2646,0,0,0,1.6,0
C007896,175,5232.4,15,46,198,0.601,21.1,1575,9,0,1,3.6,0
C002596,694,8799.77,12,50,225,0.577,17.6,2186,4,0,0,6.3,0
C007465,533,4485.38,14,58,198,0.486,23.6,2005,4,2,1,6.8,0
C001019,537,13940.86,14,91,315,0.817,23.8,2797,2,1,0,4.2,0
C006792,323,5002.91,15,60,263,0.854,26.0,1160,0,0,0,6.8,0
C007513,1736,6495.58,14,73,251,0.099,22.2,327,3,0,0,3.8,0
C001761,528,1673.21,15,61,271,0.89,12.5,3033,0,0,0,4.5,0
C005641,104,4955.65,14,54,244,0.846,20.2,1129,2,0,0,6.9,0
C009677,354,1907.0,15,56,210,0.58,32.8,1266,1,0,0,7.8,0
A000391,143,5873.71,15,5,56,0.417,5.1,61,4,3,2,0.0,1
C001104,413,1127.95,12,57,197,0.701,13.9,1223,2,0,0,2.2,0
C009046,364,3032.02,26,140,497,0.883,30.3,742,3,0,0,5.4,0
C004050,208,4851.82,16,90,337,0.887,18.1,648,2,1,1,10.0,0
C002803,335,6019.54,17,85,297,0.811,23.1,597,2,0,0,10.0,0
C003858,932,6142.39,19,100,411,0.84,16.6,3205,0,0,0,7.0,0
C008292,251,2683.7,12,63,249,0.903,5.7,97,0,0,1,6.0,0
A000085,103,2453.48,18,4,34,0.182,6.1,1248,2,2,1,7.7,1
A000159,411,6369.93,16,54,245,0.25,15.9,85,2,1,3,4.4,1
A000361,338,6900.89,20,9,102,0.369,6.1,189,6,0,1,5.0,1
C005875,151,3946.76,14,79,308,0.857,27.5,1414,0,0,0,4.5,0
C004834,366,1327.19,11,64,266,0.573,23.0,1457,2,0,0,6.4,0
C008881,54,2259.76,13,49,174,0.777,15.8,518,5,0,0,6.2,0
A000904,433,5450.61,13,8,92,0.626,26.3,471,7,0,1,2.4,1
C005101,77,17709.88,18,76,280,0.825,21.9,661,2,0,0,5.5,0
C001035,52,5463.5,16,96,333,0.746,15.0,446,4,0,0,4.2,0
A000807,709,9928.33,18,9,90,0.304,4.2,558,3,0,1,4.1,1
C004238,359,5199.25,20,92,370,0.47,17.2,554,0,0,0,8.6,0
C003459,892,6683.64,13,56,224,0.947,18.9,3400,1,1,0,9.7,0
A000643,292,9992.58,10,2,28,0.024,5.1,220,6,1,0,4.8,1
C000907,324,9144.03,18,91,336,0.712,18.9,1016,1,0,1,3.9,0
A000927,180,13894.79,22,10,157,0.081,7.4,53,30,0,1,4.4,1
C007581,655,3436.55,12,61,212,0.608,14.5,1299,3,0,1,9.5,0
C006922,537,4718.72,11,42,178,0.665,25.6,1705,12,0,0,4.4,0
C009242,642,2839.56,21,89,303,0.752,25.8,1279,0,0,0,7.9,0
C008953,747,2639.53,15,88,332,0.829,19.3,1270,3,0,0,7.5,0
C008635,137,7986.93,17,69,291,0.855,17.5,1103,2,0,1,10.0,0
C002287,303,4137.98,19,101,362,0.668,21.8,458,3,0,0,3.7,0
A000245,547,6223.35,17,12,81,0.305,5.9,90,5,0,2,2.6,1
C004368,136,8696.77,9,25,111,0.67,5.3,1547,4,0,0,7.0,0
A000895,268,10806.66,16,58,228,0.766,8.0,43,2,0,1,1.1,1
C007413,294,9520.92,17,108,370,0.496,24.0,5633,10,0,0,7.1,0
C005973,434,2935.32,14,65,255,0.853,18.8,2280,0,2,0,5.4,0
C002535,818,12476.47,14,44,165,0.919,18.1,2386,4,0,1,8.0,0
C003425,289,6983.4,15,65,275,0.67,22.5,5566,2,0,0,7.5,0
C005139,718,3927.29,10,35,132,0.714,24.1,470,4,0,0,6.7,0
C006500,444,2522.19,16,75,64,0.982,13.8,393,2,0,0,3.5,0
C009785,84,3285.75,11,54,211,0.881,31.6,2402,6,0,0,2.5,0
C003575,661,4122.84,11,44,170,0.894,19.6,699,3,0,0,10.0,0
C008875,86,5523.09,12,57,213,0.795,29.6,1113,4,1,0,3.6,0
C001902,373,1228.58,15,63,230,0.636,17.6,1347,0,1,0,4.8,0
C007583,38,9624.5,15,71,256,0.807,17.5,3553,7,0,0,6.0,0
C003266,154,7900.35,13,66,299,0.738,20.7,22,3,0,0,10.0,0
C001570,218,6679.34,13,50,228,0.568,15.2,425,10,1,0,7.7,0
C004878,545,4925.39,8,43,162,0.832,34.2,7629,0,1,1,10.0,0
C000348,639,4583.11,13,10,295,0.514,23.6,984,22,0,0,4.4,0
C001243,555,4497.12,15,77,274,0.742,19.3,769,4,0,0,10.0,0
C000421,161,4943.43,13,86,295,0.923,30.7,2404,9,0,0,7.4,0
C008344,536,7507.96,5,20,82,0.681,27.4,1071,5,0,0,7.0,0
C006311,226,1501.1,21,86,333,0.819,21.2,1927,30,0,0,6.8,0
C009419,189,22639.89,24,123,432,0.633,20.0,2757,15,1,0,3.0,0
C008064,145,23693.64,18,76,337,0.382,13.9,447,1,0,0,6.1,0
C007703,791,1287.21,14,76,288,0.801,22.7,3934,1,1,0,6.1,0
C009607,129,6456.23,11,49,169,0.746,25.0,3497,1,0,0,6.5,0
C001032,65,8085.97,12,60,266,0.614,28.4,2783,0,0,0,10.0,0
C004760,586,1004.85,14,61,217,0.472,20.5,513,1,0,0,3.9,0
C002969,458,5344.35,10,44,186,0.49,13.7,998,4,0,0,9.6,0
C005887,96,6415.79,12,56,219,0.883,27.2,1177,11,0,0,7.5,0
C003690,348,6636.82,10,48,171,0.833,18.2,1281,7,0,0,3.2,0
C003027,267,2264.02,15,63,239,0.735,21.7,258,6,0,0,8.5,0
C000764,155,3094.22,18,74,314,0.692,23.5,191,1,1,0,9.6,0
C007885,730,3407.29,11,72,244,0.629,21.8,457,1,0,0,6.6,0
C004005,116,1703.57,15,81,273,0.721,18.6,1060,12,3,0,5.0,0
C009753,105,5395.22,13,55,213,0.512,18.6,2377,4,0,0,10.0,0
C001223,350,1207.67,15,57,211,0.943,16.2,796,3,0,1,7.2,0
C005045,71,13294.19,16,88,309,0.941,22.4,707,14,0,0,7.2,0
C002135,641,4601.52,16,56,204,0.596,12.6,375,2,0,0,8.6,0
C002424,310,13402.37,21,91,314,0.887,27.1,1197,10,0,0,10.0,0
C002677,374,10058.16,10,33,125,0.683,23.8,208,2,0,0,2.6,0
C008612,172,6582.83,19,93,350,0.886,19.1,245,3,1,0,4.4,0
C005282,565,3671.89,12,48,201,0.649,25.4,1023,5,0,1,3.1,0
C010004,146,3516.6,13,56,221,0.622,24.2,3837,0,0,0,1.7,0
C001576,247,2875.69,14,52,234,0.786,21.5,611,5,1,1,2.4,0
C000510,173,7231.84,14,89,330,0.697,28.7,372,5,0,0,0.7,0
C008589,187,2915.16,17,67,259,0.813,22.8,1030,0,2,0,5.5,0
C003777,249,14416.15,13,51,213,0.823,20.4,1283,0,1,0,10.0,0
C002305,238,2523.18,15,64,278,0.891,24.6,822,3,1,0,6.3,0
C004192,296,1316.89,13,58,205,0.718,25.1,2019,1,1,1,5.9,0
C003320,216,10518.32,15,87,332,0.873,27.6,1084,0,0,0,4.5,0
A000567,1251,21507.25,10,8,109,0.48,6.1,134,3,0,1,0.1,1
C001260,345,16002.46,11,60,204,0.808,22.9,452,4,0,0,9.1,0
C004845,337,6673.54,18,89,369,0.823,28.2,1070,2,0,0,5.1,0
C003003,629,2791.3,16,75,288,0.787,14.5,785,1,1,0,6.4,0
C002475,769,5125.2,17,61,219,0.774,21.3,4686,0,0,0,8.5,0
C000712,337,2383.94,15,50,178,0.829,24.3,759,7,1,0,7.2,0
C008412,674,4497.99,19,58,260,0.893,22.5,857,14,0,0,9.6,0
A000044,246,1828.25,18,9,88,0.163,4.4,17,8,0,1,5.8,1
C006518,209,7389.76,7,23,93,0.502,7.6,1549,2,0,0,7.6,0
C007018,231,6654.77,11,40,166,0.717,23.8,514,1,1,0,2.9,0
C005647,30,11840.93,18,68,311,0.584,26.5,715,4,0,1,2.8,0
C001373,669,6264.64,10,59,201,0.954,32.7,940,4,0,1,5.1,0
C000713,891,2812.78,13,63,246,0.737,20.2,1650,1,0,0,3.1,0
C006606,364,5693.84,12,57,203,0.614,20.4,8158,5,0,0,4.6,0
C008495,547,3716.74,16,67,289,0.507,28.6,625,11,0,0,8.2,0
C009453,52,2757.59,7,38,133,0.544,24.0,995,4,0,0,4.2,0
C004202,590,4506.47,13,62,236,0.441,21.1,1451,2,0,1,5.1,0
C008342,776,4514.75,19,75,311,0.957,11.4,1068,1,0,0,6.7,0
C001483,366,13580.03,19,91,304,0.853,25.0,664,5,0,1,6.9,0
C003885,341,6380.23,10,59,205,0.501,20.3,3443,5,1,0,4.9,0
C006201,231,3962.95,19,70,274,0.328,20.8,1012,4,0,0,10.0,0
C004601,239,14639.75,6,33,114,0.794,31.4,911,3,0,0,7.9,0
C001795,917,3822.42,11,46,168,0.712,28.2,384,1,1,0,7.3,0
C004677,836,2754.59,11,47,180,0.968,15.2,983,13,0,0,10.0,0
C001822,489,5304.99,19,82,333,0.808,19.6,1055,6,0,0,1.8,0
C007128,321,10748.17,16,45,122,0.175,18.3,659,1,1,0,7.3,0
C004112,287,7156.77,11,41,178,0.613,24.2,767,2,0,0,4.3,0
C005200,88,5183.8,21,99,426,0.42,32.0,497,25,0,0,7.4,0
C009570,1284,4673.01,14,72,247,0.6,20.9,4596,3,0,0,8.2,0
C001742,720,3560.8,15,76,310,0.725,23.5,1562,6,0,0,6.3,0
C001659,293,9554.36,15,73,252,0.716,22.0,188,4,0,0,1.6,0
C000213,414,885.45,13,68,264,0.915,18.0,811,4,0,0,9.0,0
C006946,132,5214.68,16,43,167,0.848,27.2,2839,0,0,0,10.0,0
C003080,993,7970.64,20,99,338,0.48,29.1,662,3,0,1,2.6,0
C000324,112,1717.39,7,26,117,0.815,26.7,2152,7,0,0,6.1,0
A000364,355,6376.15,13,8,107,0.205,5.4,90,14,1,3,2.5,1
C001098,639,8412.93,19,63,254,0.81,17.1,478,0,0,0,6.4,0
C009728,203,2396.16,11,38,173,0.477,19.9,1112,3,0,0,5.9,0
C001360,279,9387.54,15,53,238,0.755,21.9,482,1,0,0,6.8,0
C000335,91,2130.79,15,74,249,0.902,25.8,372,0,0,0,5.4,0
C007673,691,9389.79,10,33,150,0.726,17.7,1442,1,0,0,8.8,0
C001614,204,3722.66,16,83,286,0.729,21.7,2023,3,0,0,8.4,0
C004697,108,12058.61,12,2,231,0.749,14.6,619,1,0,0,0.0,0
C000793,226,7421.46,13,67,227,0.647,17.7,1384,10,0,0,8.1,0
C000234,102,6028.55,17,82,335,0.735,34.3,9469,0,0,0,4.2,0
C004768,279,14499.29,15,86,288,0.785,25.2,759,1,1,0,7.0,0
C003772,601,3589.58,12,49,183,0.704,21.8,1091,0,1,1,4.9,0
C008913,87,5535.4,19,80,280,0.703,27.9,445,2,1,0,8.7,0
C008889,62,11132.99,16,58,265,0.841,21.9,525,5,0,1,4.4,0
C008438,320,4253.27,10,42,143,0.442,27.1,499,9,1,0,5.9,0
A000691,568,4016.1,17,4,65,0.076,4.3,20,30,1,1,4.9,1
C005324,702,3085.27,13,51,182,0.188,14.7,5682,7,0,0,6.0,0
C008533,220,2235.38,20,93,425,0.629,24.9,645,7,0,0,6.5,0
C005904,372,5051.54,12,66,228,0.864,22.3,979,5,1,0,6.0,0
C002575,592,5660.34,15,89,307,0.913,13.9,876,1,0,0,5.6,0
C002414,134,3405.02,12,56,193,0.681,26.6,1121,0,0,0,5.3,0
C003265,118,3111.64,9,54,187,0.506,32.1,4994,1,0,0,5.5,0
C006718,461,2620.24,9,55,205,0.87,21.0,1062,15,0,0,9.3,0
C004114,153,2016.69,18,89,350,0.82,26.3,940,9,1,0,8.2,0
C002523,511,867.23,13,57,248,0.935,20.2,224,2,0,0,5.3,0
C000872,677,5946.22,20,124,436,0.898,26.1,1665,6,0,0,10.0,0
C003718,163,5762.31,10,49,214,0.601,18.0,415,2,1,1,5.3,0
C001264,508,8534.45,20,82,352,0.711,4.4,814,1,1,0,6.6,0
C001619,378,3063.47,16,74,287,0.551,11.7,3033,1,0,0,7.6,0
C007206,356,5848.8,13,57,234,0.807,30.1,653,7,1,0,5.1,0
C005891,202,3243.71,11,33,154,0.798,27.3,1631,3,0,0,7.9,0
C004864,681,10465.98,17,86,307,0.602,20.3,267,8,0,0,4.8,0
C009081,478,4048.99,12,34,134,0.766,19.7,1753,2,1,0,6.3,0
C005713,378,3610.97,14,55,200,0.797,21.1,2346,1,0,0,9.3,0
C005639,552,3443.36,16,95,318,0.769,16.4,746,10,1,0,5.9,0
C001221,77,6534.26,13,73,287,0.894,16.1,674,4,0,0,3.1,0
C008704,1095,2591.21,16,76,295,0.594,17.7,3524,7,0,0,7.4,0
C001766,323,6411.56,16,7,285,0.593,16.3,809,0,0,0,7.4,0
C007077,305,13059.46,14,54,189,0.832,17.3,419,2,1,0,4.0,0
C003874,69,2942.05,15,70,283,0.826,24.3,1472,0,0,0,0.7,0
C006649,176,4709.18,14,78,310,0.646,25.1,1384,2,1,1,2.6,0
C007476,135,5850.06,17,66,230,0.631,26.1,5893,5,1,0,6.3,0
C001514,273,7121.84,13,51,222,0.58,23.1,1252,1,0,0,9.0,0
C003414,505,8597.11,18,77,271,0.638,14.7,2251,0,0,0,5.5,0
C006588,230,6522.06,14,82,284,0.852,23.6,292,1,0,0,5.2,0
C005765,416,4426.61,14,75,257,0.673,22.2,754,2,0,0,10.0,0
C002524,758,6459.72,18,92,411,0.847,22.8,1314,0,0,0,6.9,0
C003061,635,2325.15,12,68,299,0.716,17.1,3982,10,0,0,8.4,0
C008460,227,1593.32,15,103,364,0.947,21.2,948,1,0,0,5.8,0
C004255,263,2227.78,20,77,345,0.847,18.4,673,1,0,0,10.0,0
C006082,188,1757.08,15,76,278,0.518,34.4,628,4,0,0,8.9,0
C005453,705,12059.12,19,101,401,0.586,25.8,8411,2,0,0,8.3,0
C009483,243,1936.56,14,58,257,0.878,13.9,2397,3,0,0,7.1,0
C002111,446,754.49,14,48,211,0.654,28.5,669,0,0,0,4.9,0
C002376,1079,4813.28,16,80,305,0.618,24.8,5472,0,0,0,9.5,0
C008402,358,4165.06,12,64,228,0.587,23.0,559,6,1,0,3.3,0
C003060,318,3336.7,10,41,140,0.788,23.0,626,3,1,0,10.0,0
C003695,393,4196.52,17,89,338,0.859,24.2,331,0,1,1,4.1,0
C002702,456,9624.93,13,52,228,0.707,27.3,416,0,0,0,4.2,0
C004895,678,13356.44,18,77,336,0.638,32.6,812,0,0,0,6.8,0
C007678,200,7093.01,14,62,248,0.7,28.4,424,12,0,0,7.1,0
A000660,316,3218.34,13,3,45,0.354,6.6,37,8,1,1,2.7,1
C008727,90,4836.29,23,117,502,0.563,13.8,1351,1,0,1,5.8,0
C000618,413,2593.53,12,53,235,0.561,36.6,864,3,0,0,9.6,0
C002577,246,4182.62,10,43,174,0.622,24.9,1081,0,0,0,5.1,0
C002749,614,6672.96,9,37,148,0.965,24.0,2282,5,0,1,5.7,0
C009617,280,3617.64,10,44,155,0.697,27.1,538,4,0,1,6.7,0
C005968,958,1737.01,11,28,119,0.931,18.2,2476,0,0,0,9.4,0
C007599,246,10040.54,17,81,338,0.698,18.4,1284,3,0,0,3.4,0
C007681,567,10749.52,20,91,356,0.76,26.5,3265,3,0,0,6.9,0
C000746,169,8361.85,12,57,227,0.436,29.4,951,0,0,0,1.5,0
C008006,643,2686.8,18,75,301,0.694,18.6,1325,7,1,0,4.7,0
C009830,767,16165.73,10,32,132,0.643,31.3,1725,0,1,0,10.0,0
C006246,383,3147.93,13,59,231,0.689,28.0,600,0,1,0,7.9,0
C006924,481,4390.54,20,97,339,0.785,24.7,1182,2,0,0,8.6,0
C007817,581,21641.86,12,27,120,0.549,7.6,2375,13,0,0,7.8,0
A000070,541,20334.2,24,8,147,0.165,6.7,10,3,1,1,1.0,1
C001337,329,3743.49,15,58,207,0.925,25.8,1217,2,0,0,3.2,0
C005138,558,1517.84,16,77,275,0.388,21.4,1765,1,0,0,5.3,0
C002875,502,9698.27,18,61,264,0.778,20.5,223,3,0,0,1.6,0
C004442,613,5827.2,14,73,250,0.325,25.4,887,5,0,0,10.0,0
C005468,409,19149.87,12,51,212,0.612,18.1,717,6,0,1,4.5,0
C006326,327,3533.06,10,39,155,0.757,23.4,434,1,0,0,6.3,0
C004449,442,4052.27,16,57,216,0.691,26.9,1543,2,0,1,3.4,0
C006118,815,6243.29,21,120,506,0.615,29.3,370,0,0,0,5.2,0
C006342,689,4188.15,15,66,250,0.61,11.1,1478,0,0,0,5.8,0
C001314,367,9438.36,15,63,214,0.502,21.4,2598,1,0,0,8.2,0
C009928,286,17536.64,16,89,322,0.664,30.4,2444,0,0,0,5.4,0
A000667,81,6206.43,19,4,60,0.582,2.9,142,8,1,0,1.2,1
C003913,333,5463.02,13,47,205,0.902,17.7,1041,7,0,2,6.0,0
C005332,704,5203.23,10,44,176,0.888,26.3,622,2,1,0,4.8,0
C002814,709,5203.46,13,58,212,0.681,25.0,4802,0,0,0,2.8,0
C006626,160,3181.34,18,93,368,0.833,24.5,433,4,0,0,8.9,0
C007218,1093,12199.99,12,52,180,0.968,34.0,699,12,0,0,10.0,0
C008837,624,3177.97,13,79,70,0.72,17.7,1017,30,0,0,1.4,0
C008284,260,2917.69,22,114,394,0.52,12.3,4426,0,0,0,5.2,0
C000654,32,5354.82,10,43,195,0.679,16.3,435,0,0,0,6.0,0
C008920,293,2878.35,19,81,303,0.508,23.4,975,1,0,0,4.4,0
C002270,427,9702.54,15,62,231,0.648,22.1,1384,1,1,0,9.9,0
C008583,498,7018.76,11,52,202,0.476,25.8,316,1,0,0,10.0,0
C007329,948,4539.96,20,102,358,0.919,16.0,3120,12,0,0,7.5,0
C007927,97,4444.46,16,64,232,0.91,12.7,1581,4,0,0,6.4,0
C007332,177,7248.17,12,43,153,0.675,16.0,668,7,0,0,3.8,0
C009385,722,3090.45,10,47,162,0.741,21.6,572,7,0,0,10.0,0
C009044,382,13136.39,19,80,340,0.561,22.0,1808,2,0,0,3.1,0
C008981,138,5661.07,26,107,439,0.818,19.2,251,4,0,0,0.0,0
C000612,841,2225.83,6,26,107,0.725,24.5,3598,0,0,0,7.6,0
C004377,402,5689.46,17,76,272,0.783,28.4,920,1,1,0,9.8,0
C002115,172,3251.73,11,39,180,0.789,26.7,1526,4,0,0,6.5,0
C007752,206,31842.92,13,62,246,0.699,25.8,1680,2,0,0,6.0,0
C005012,824,6427.25,16,68,244,0.957,12.8,879,14,0,0,3.3,0
C009252,199,1753.22,17,68,280,0.771,24.5,355,2,0,0,5.5,0
C000512,307,4204.62,12,66,227,0.833,13.6,724,3,0,0,4.0,0
C005732,279,6457.18,8,31,107,0.421,20.6,475,1,0,0,6.2,0
A000801,401,1773.27,16,0,0,0.381,7.0,35,11,2,2,4.5,1
A000201,221,3906.75,14,10,82,0.518,6.7,52,12,2,1,0.4,1
A000869,167,5397.42,7,3,38,0.27,5.9,4,19,1,2,4.5,1
C008216,389,3591.66,14,48,215,0.839,23.3,693,2,1,1,4.9,0
C007064,620,2037.86,17,67,294,0.852,11.0,1054,2,0,0,4.2,0
C009852,276,1710.19,15,73,249,0.738,17.0,782,16,0,0,6.6,0
C007232,196,7453.14,23,74,293,0.737,26.9,600,4,0,0,9.7,0
C003911,152,5669.49,15,66,288,0.768,33.1,792,0,1,0,9.7,0
C007767,808,8810.87,12,72,244,0.69,18.6,222,20,1,1,0.2,0
C007563,222,1441.21,10,46,200,0.857,22.4,852,0,1,0,1.9,0
C002883,274,7199.32,14,72,299,0.568,14.3,411,0,0,1,6.1,0
C003108,930,3370.62,12,48,178,0.946,17.1,894,2,0,0,7.0,0
C004817,553,2159.6,18,75,289,0.535,21.9,1862,5,0,0,6.0,0
C005460,116,5207.68,11,55,198,0.858,13.9,376,4,1,0,4.3,0
A000891,240,1135.11,17,2,32,0.107,5.7,77,1,0,1,3.6,1
C008870,548,1701.52,12,38,143,0.807,19.4,698,7,0,0,5.5,0
C005925,713,3843.18,11,55,216,0.741,13.4,992,0,2,0,10.0,0
C001110,192,718.36,15,41,164,0.841,26.4,345,0,0,0,7.1,0
C006976,541,929.25,13,74,248,0.814,12.5,1626,0,2,0,10.0,0
A000029,508,5295.42,19,2,32,0.189,6.3,25,2,1,0,3.0,1
C001039,365,3720.07,20,84,377,0.718,18.8,1191,1,0,0,9.7,0
C000021,238,2423.69,12,61,211,0.977,20.8,618,1,0,0,8.6,0
C004626,122,6413.74,18,91,106,0.55,17.1,953,4,0,0,5.7,0
C009149,1215,8824.89,14,88,310,0.575,26.9,2138,6,1,0,0.6,0
C006822,183,2983.69,6,26,101,0.27,18.6,827,3,0,0,7.3,0
C008914,870,8899.46,15,77,314,0.681,24.9,1140,0,0,0,10.0,0
C000935,1092,5649.84,10,48,201,0.876,15.2,976,4,0,0,4.7,0
C004340,299,5712.37,13,58,257,0.711,23.9,1637,5,0,0,6.9,0
C004394,882,4898.09,18,113,400,0.674,19.4,693,5,1,0,9.0,0
C000395,376,4587.21,12,71,267,0.814,13.7,5563,3,0,0,7.8,0
C005466,718,4401.6,17,68,269,0.758,18.7,661,2,0,0,4.0,0
C001738,414,17389.48,16,78,268,0.582,16.2,667,14,0,1,7.3,0
C002166,259,3154.36,15,61,269,0.687,25.5,1537,4,0,0,2.9,0
C000562,390,4211.1,18,79,292,0.708,21.9,1110,9,0,1,5.7,0
C003650,284,3850.99,6,26,109,0.533,21.5,1749,5,0,0,3.5,0
C001163,927,7464.21,20,92,414,0.913,18.0,527,0,0,0,7.4,0
C008924,132,2449.91,17,70,279,0.635,5.2,145,17,0,0,4.9,0
C003442,175,1790.16,9,48,217,0.82,17.0,330,11,0,0,3.6,0
C009936,285,6488.67,16,74,262,0.377,24.3,2036,1,1,1,2.7,0
C001528,447,9201.03,14,53,238,0.846,26.1,441,0,0,0,3.1,0
C000843,350,3756.61,14,44,181,0.632,18.9,3406,8,0,0,8.3,0
C008855,525,3721.26,11,51,175,0.963,24.9,2274,3,1,0,10.0,0
C000059,986,4884.86,17,104,356,0.583,12.8,631,4,0,0,10.0,0
C008282,722,3955.28,19,121,408,0.538,24.4,6012,7,0,0,6.1,0
C005520,770,5295.07,12,64,240,0.597,26.0,2202,14,1,0,4.2,0
C002292,344,11003.03,14,47,210,0.954,33.8,1050,0,0,0,4.7,0
C006189,505,3687.14,15,64,269,0.322,11.2,857,4,0,0,8.8,0
C007333,754,5546.53,14,58,211,0.633,23.0,705,2,1,0,1.1,0
C003488,990,3462.81,23,98,387,0.451,17.3,500,3,0,0,8.9,0
C004833,877,2306.79,12,56,233,0.737,28.8,610,2,0,0,7.5,0
C003903,887,15524.41,13,76,270,0.675,25.2,799,2,0,0,8.3,0
C003678,291,2921.66,25,118,412,0.564,23.9,1723,10,0,0,9.1,0
C006460,797,2958.31,22,85,378,0.655,28.2,1869,2,0,1,4.6,0
C004673,257,13251.94,21,133,471,0.496,20.5,1318,3,0,0,7.9,0
C000415,275,2829.02,20,93,424,0.519,18.8,1087,0,0,0,5.3,0
A000450,439,5474.59,17,79,145,0.927,7.3,1846,30,1,1,7.1,1
C007867,1171,3307.42,15,80,294,0.6,21.8,6327,2,0,0,9.9,0
C005649,259,3863.46,18,101,342,0.557,18.6,2082,1,0,0,2.1,0
C003746,694,6128.95,11,39,158,0.727,27.2,4691,0,1,1,2.8,0
C007775,454,2015.72,15,66,254,0.585,18.5,523,6,0,0,5.8,0
C008474,842,3568.34,15,62,245,0.774,15.6,320,2,2,0,1.2,0
C002760,598,4925.18,18,76,324,0.479,14.7,1222,7,1,0,10.0,0
C008515,216,9743.26,16,87,314,0.946,20.9,1715,0,0,0,10.0,0
C006409,77,3482.53,15,80,281,0.592,27.7,968,2,0,0,8.7,0
C007693,64,4527.97,18,81,280,0.708,16.4,757,0,0,0,8.3,0
C008614,324,5646.23,19,65,279,0.478,28.7,478,0,0,0,6.7,0
C002134,894,1697.87,9,39,173,0.387,28.6,681,6,1,0,6.8,0
C001898,506,5511.38,19,72,327,0.552,25.7,270,1,0,0,7.9,0
C006452,606,7225.61,16,79,266,0.773,23.3,319,0,1,0,3.9,0
C003953,1353,4501.73,20,53,232,0.579,15.6,497,1,0,0,2.9,0
C008030,398,4744.62,9,44,159,0.704,30.5,467,11,0,0,9.0,0
C008417,338,2096.59,17,76,294,0.869,18.3,908,6,1,1,7.1,0
C008548,220,19805.32,18,85,343,0.709,23.7,1031,2,0,0,6.8,0
A000101,126,6082.75,18,4,70,0.256,7.9,119,3,0,2,3.1,1
C006713,465,6017.9,16,85,338,0.958,20.7,1357,8,0,0,3.9,0
C001818,294,4404.67,22,90,387,0.569,23.7,563,2,0,0,7.8,0
C001938,227,7063.78,12,67,261,0.721,17.3,393,1,0,0,2.8,0
C007236,1015,9367.77,12,52,209,0.814,25.4,691,15,1,0,9.5,0
C002336,467,2940.51,12,40,172,0.732,25.2,367,13,0,0,2.6,0
C002073,133,8755.99,12,50,195,0.443,29.6,2153,9,0,0,5.0,0
C008878,239,7319.25,20,90,342,0.911,21.7,8722,2,0,0,8.9,0
C001727,873,2638.93,13,58,217,0.845,16.9,273,6,0,1,6.2,0
C001048,891,1614.2,19,104,370,0.98,23.1,1411,9,0,0,6.0,0
C004881,78,5850.65,13,48,194,0.933,12.4,1798,7,2,0,6.7,0
C008850,442,2446.48,18,85,358,0.778,23.2,924,1,0,0,6.3,0
C002321,207,8405.68,13,66,270,0.735,21.2,2536,1,0,0,3.9,0
A000614,447,8580.3,17,2,36,0.023,4.7,75,16,1,0,1.9,1
C009732,283,4974.74,21,89,298,0.79,21.3,610,4,1,0,8.9,0
C005779,153,5883.54,12,51,178,0.918,15.9,461,7,0,0,10.0,0
C007975,165,2891.49,21,81,318,0.704,21.1,999,0,0,1,2.3,0
C000767,657,5424.42,19,65,278,0.676,34.5,948,1,0,0,8.9,0
A000702,289,1602.04,23,7,150,0.067,6.0,99,5,1,2,8.7,1
C001145,496,1868.83,16,67,256,0.846,25.9,1171,9,1,0,8.6,0
A000302,509,15200.1,16,4,29,0.806,5.9,534,27,0,2,4.6,1
C003747,260,4220.47,16,81,282,0.703,14.5,1177,1,1,0,9.4,0
C002274,493,2979.31,14,63,254,0.651,15.4,559,2,0,0,9.7,0
C003071,268,3157.16,15,78,262,0.687,34.3,1639,0,0,0,7.9,0
C006308,91,3197.66,13,49,182,0.781,20.5,703,1,0,0,3.3,0
C008932,934,3120.49,15,68,246,0.519,18.0,2923,2,0,0,6.6,0
C005624,812,3976.14,16,95,344,0.68,19.1,4564,0,1,0,8.7,0
C008385,464,2779.4,16,68,244,0.998,14.9,882,0,1,0,5.1,0
C001990,724,5239.75,15,75,281,0.921,20.6,1839,5,0,1,9.1,0
C006404,461,1774.43,18,85,366,0.196,21.3,720,2,0,0,5.8,0
C007225,1165,5150.83,16,56,238,0.883,18.1,1766,2,0,0,8.3,0
C000829,798,6461.07,13,47,185,0.847,26.1,4201,6,0,0,5.3,0
A000316,1343,15088.01,22,17,139,0.447,9.2,32,8,0,1,2.8,1
C001673,375,3088.47,12,44,193,0.539,16.9,418,2,0,0,4.4,0
C003610,421,2290.56,19,98,393,0.802,22.2,688,0,0,1,4.2,0
A000341,2000,6511.73,21,13,155,0.054,25.6,12,3,0,1,0.0,1
C006996,439,8372.62,17,82,286,0.917,21.5,1311,0,0,0,7.2,0
C003847,333,3155.37,12,52,201,0.84,17.1,1108,0,0,0,9.4,0
C009202,578,2540.29,16,65,257,0.658,20.5,1083,0,1,0,8.4,0
C002276,586,18190.6,14,61,228,0.345,10.0,3708,5,0,0,2.4,0
C004594,1005,7111.86,11,58,202,0.747,27.6,470,1,0,0,1.5,0
C003016,212,2540.79,15,69,301,0.687,19.4,643,4,1,0,10.0,0
C002046,922,10934.17,8,46,172,0.627,24.2,1451,3,0,0,2.5,0
C005684,686,12412.54,19,76,263,0.579,23.0,764,9,0,0,3.8,0
C008392,140,10643.36,14,87,308,0.951,27.6,4756,1,0,0,6.5,0
C005862,944,8006.22,15,83,288,0.778,22.9,829,0,0,0,8.1,0
C001296,197,4168.62,13,83,301,0.492,24.1,1237,3,1,0,5.9,0
C005906,514,10560.56,12,40,148,0.863,22.9,206,3,0,0,4.2,0
C000592,663,7592.54,19,96,421,0.829,25.0,3702,11,0,1,1.9,0
C000222,241,7580.08,17,90,305,0.83,25.3,1621,3,0,0,8.9,0
A000529,246,4954.46,11,3,41,0.327,5.8,38,4,0,1,5.5,1
C006856,384,5673.76,12,42,149,0.664,12.9,2214,7,0,0,10.0,0
C005381,692,4040.83,6,31,109,0.311,32.0,213,0,0,0,3.8,0
C000859,1153,10500.25,17,87,309,0.764,25.1,1396,6,1,1,5.5,0
C008206,759,5475.57,16,77,262,0.82,31.2,967,4,0,0,2.6,0
C003854,156,5862.28,18,61,259,0.906,23.2,2186,14,0,0,2.7,0
C007210,95,2821.6,9,49,181,0.915,14.3,1414,1,1,0,0.8,0
C000842,264,4212.72,15,59,227,0.766,30.6,921,5,0,0,1.7,0
C002816,64,8129.85,25,140,485,0.631,30.0,485,3,0,0,6.3,0
C009296,430,16215.21,11,39,156,0.959,28.0,3511,6,1,0,7.3,0
A000681,234,1844.65,15,2,31,0.251,4.1,47,15,0,1,1.2,1
C008514,548,2402.64,13,57,230,0.666,21.8,2200,1,0,0,6.6,0
C000995,1319,6143.14,17,96,370,0.781,29.7,416,0,2,0,6.6,0
C003722,164,8132.7,9,45,177,0.821,14.0,272,8,0,0,2.5,0
C001555,556,2406.3,14,51,181,0.642,23.6,1612,1,1,0,4.2,0
C003743,167,5819.52,18,86,299,0.711,27.0,859,1,0,0,0.0,0
C003298,585,4984.58,19,89,305,0.817,24.9,1863,2,1,0,2.8,0
C004699,110,21308.07,17,65,289,0.764,19.1,13732,2,0,0,4.2,0
C005378,489,1270.59,16,64,248,0.851,20.1,2752,7,0,0,5.9,0
C006386,678,15439.66,19,76,333,0.793,28.9,1690,4,1,0,4.9,0
C003945,267,2460.14,16,69,270,0.212,32.6,307,0,0,0,2.6,0
C005222,735,5935.89,8,1,170,0.838,5.5,1066,4,1,0,6.8,0
C007488,360,3791.7,15,53,210,0.935,22.6,1424,12,0,0,3.2,0
C002514,376,3200.46,16,64,247,0.942,30.7,4577,5,1,0,8.7,0
C007417,407,699.98,18,53,230,0.979,17.8,541,1,0,0,7.2,0
C001464,317,8985.02,14,73,276,0.244,23.1,870,25,0,0,5.7,0
A000784,747,1859.73,12,8,87,0.54,6.3,71,0,1,2,7.9,1
C003786,384,4033.82,11,62,237,0.813,32.9,1024,3,0,0,1.4,0
C003398,358,13481.55,16,81,291,0.827,23.5,1078,0,0,0,7.0,0
C006846,272,5840.75,17,50,227,0.542,15.2,804,18,0,0,5.7,0
C002234,502,4020.48,17,120,436,0.856,33.2,1099,4,0,1,6.2,0
C008559,436,23934.37,12,51,224,0.573,25.1,2106,0,1,0,0.6,0
C000401,541,2390.49,11,42,183,0.707,19.5,1326,1,0,0,5.1,0
C008892,525,17178.12,19,78,338,0.753,18.5,1781,0,0,0,9.4,0
C004111,348,4851.82,13,77,289,0.696,32.9,1068,2,0,0,10.0,0
C007387,707,2814.61,15,90,340,0.604,12.7,658,5,0,1,8.4,0
C008411,862,1023.79,12,47,210,0.958,28.6,311,4,0,0,5.7,0
C004636,433,2316.44,9,61,209,0.911,23.2,2288,3,0,0,6.8,0
C007757,430,6185.1,12,55,206,0.465,21.8,4137,2,0,0,3.5,0
C003018,131,3296.37,16,76,294,0.805,21.8,235,9,0,1,7.4,0
C000060,176,6261.21,21,79,351,0.789,18.5,348,8,0,0,5.2,0
C005901,390,25523.26,9,31,113,0.827,16.2,617,0,0,0,4.7,0
C007054,365,2240.66,18,61,237,0.448,17.2,931,2,0,0,9.4,0
C004194,631,5927.6,17,53,240,0.693,31.6,2060,0,0,2,4.1,0
C004615,576,10339.1,15,98,357,0.763,21.8,330,7,0,0,6.8,0
C001329,907,8912.87,21,97,390,0.862,30.5,1812,4,0,0,5.0,0
C004280,170,1653.89,15,59,230,0.678,19.4,838,2,1,0,5.8,0
C003022,226,5629.34,13,61,233,0.808,21.8,707,1,0,0,6.5,0
C009393,291,2240.83,9,36,164,0.586,22.2,634,7,1,0,4.4,0
C009133,135,3512.08,19,118,413,0.611,20.1,2926,5,0,0,6.5,0
C001551,350,5549.65,13,63,219,0.73,12.0,4686,8,0,0,7.1,0
C001010,276,6316.99,20,74,324,0.663,27.9,2578,2,0,0,7.4,0
C002555,1009,5654.42,10,51,209,0.893,20.0,1040,1,0,1,8.3,0
C007468,252,3276.61,8,40,141,0.734,27.7,2385,9,0,0,8.7,0
C001613,157,6494.56,18,90,343,0.602,18.5,1443,9,0,0,4.8,0
C002738,199,7601.5,16,70,290,0.849,17.9,1337,13,0,0,3.8,0
C004573,513,7788.36,21,132,461,0.569,24.6,833,2,0,0,4.5,0
C009965,65,5786.65,23,114,394,0.705,26.1,2701,3,0,0,6.9,0
C009004,649,6372.76,14,0,253,0.695,20.9,55,0,1,0,1.7,0
C000649,659,1457.2,19,86,390,0.577,21.6,4622,1,0,0,9.6,0
C000880,353,3828.48,15,11,318,0.047,11.6,1266,11,0,0,4.1,0
C003644,502,1214.01,9,40,177,0.637,12.0,207,3,0,0,1.1,0
C002304,1191,10656.6,17,70,254,0.732,19.0,2401,5,1,2,3.6,0
C005271,441,1753.72,15,57,240,0.854,20.1,610,0,1,0,9.9,0
C001625,991,6367.86,13,93,319,0.266,8.8,577,5,0,1,4.3,0
C000551,820,9549.3,15,70,258,0.662,15.5,727,14,0,0,6.2,0
C005839,378,5767.79,14,72,279,0.733,19.1,389,5,0,0,5.5,0
C008283,186,5304.54,13,55,241,0.944,18.7,2116,8,0,0,2.8,0
C003400,756,1492.07,7,42,173,0.896,13.7,128,15,0,0,10.0,0
C008823,876,1532.55,18,101,350,0.511,19.9,323,4,0,0,1.8,0
C005177,505,5608.52,14,65,274,0.597,20.5,1116,2,0,0,3.1,0
C000212,364,6768.2,23,133,481,0.965,13.9,1360,0,0,0,9.3,0
C003603,160,4719.13,21,75,261,0.765,29.9,2418,3,1,0,3.4,0
A000289,978,5353.19,14,5,72,0.426,5.5,96,0,0,0,2.7,1
C008846,218,5076.59,11,58,208,0.172,19.7,678,23,0,0,2.8,0
C004823,819,4625.3,9,51,199,0.829,25.4,1864,0,1,0,5.4,0
A000012,415,13292.75,16,5,56,0.213,7.2,378,26,1,1,8.1,1
C001439,512,16668.58,12,1,197,0.318,5.1,1038,2,0,0,3.1,0
C002516,219,3653.68,18,43,173,0.872,18.3,704,4,0,0,5.5,0
C009566,427,7844.88,12,69,247,0.466,23.9,732,4,0,0,8.3,0
C005539,103,15645.17,8,28,127,0.917,20.6,1489,0,0,0,5.6,0
C009254,389,5154.72,22,131,455,0.799,19.6,3379,1,0,0,5.6,0
C000697,927,8107.07,19,99,337,0.536,21.7,933,1,0,0,5.1,0
C007857,95,2502.45,15,65,222,0.667,30.7,1786,9,1,0,5.0,0
C005652,438,13778.11,11,61,252,0.274,30.1,1800,0,0,0,7.1,0
C006770,279,4510.97,14,63,257,0.716,25.2,207,3,0,0,2.3,0
C008494,496,5628.53,14,83,345,0.845,32.2,1335,4,0,0,8.8,0
C001315,187,2031.1,13,63,234,0.552,15.5,612,3,1,0,5.3,0
C005712,290,2154.12,17,59,246,0.714,21.0,4594,0,1,0,6.6,0
C009372,240,8558.89,14,74,285,0.686,18.5,2242,3,0,0,8.1,0
C004682,460,13441.02,11,55,247,0.916,20.8,715,2,0,0,6.4,0
C000013,548,3511.25,11,57,196,0.46,16.1,1538,6,0,0,5.6,0
C006153,394,10252.6,12,51,217,0.717,21.3,1246,8,0,0,3.4,0
A000560,610,2628.14,10,5,46,0.701,6.1,77,16,1,1,3.6,1
C006913,318,4041.09,16,94,350,0.804,17.8,702,0,0,0,7.2,0
C001347,30,1447.08,13,55,235,0.679,26.8,435,2,0,0,8.1,0
C009534,809,3369.69,15,66,239,0.892,16.8,555,1,0,0,9.3,0
C000454,352,5950.0,18,85,368,0.549,27.5,949,0,0,0,10.0,0
C009030,610,5749.84,18,113,408,0.811,15.7,2802,0,0,0,6.4,0
C001657,324,9095.5,16,56,249,0.701,23.3,795,4,0,0,8.3,0
A000734,825,6933.85,11,10,74,0.078,6.8,297,15,2,1,2.0,1
C009623,384,2588.68,18,92,335,0.344,26.6,1605,2,0,0,7.0,0
C008905,318,4198.95,21,111,432,0.786,23.2,430,3,0,0,8.2,0
C000038,287,3120.1,18,80,316,0.945,16.5,745,7,0,0,3.3,0
C001044,669,8109.95,17,63,273,0.691,16.0,762,5,1,0,5.6,0
C005478,1164,4842.61,11,62,107,0.604,18.6,937,3,1,0,5.7,0
C000941,552,1452.34,16,90,329,0.796,26.2,374,1,0,0,6.2,0
C003234,435,5607.86,14,58,214,0.912,17.3,1455,1,0,0,4.2,0
C004722,570,7379.25,22,110,454,0.527,21.8,755,0,0,0,8.5,0
C003209,30,4059.94,15,49,205,0.347,29.9,372,0,0,0,6.8,0
C004314,460,10477.59,14,74,311,0.782,19.9,826,12,0,0,2.8,0
A000524,305,7318.48,22,5,47,0.293,6.7,40,4,0,1,5.1,1
C000539,194,10290.92,12,49,223,0.143,23.2,1295,0,0,1,0.8,0
C008774,849,9273.34,18,93,368,0.678,27.8,148,0,0,0,10.0,0
C002920,255,12004.4,15,63,252,0.628,24.5,464,2,0,0,4.1,0
C001401,264,6482.78,21,102,436,0.634,29.0,1336,2,0,0,10.0,0
C004963,469,6416.79,7,28,125,0.481,6.4,1553,10,1,0,4.8,0
C003096,660,16886.03,19,64,255,0.802,16.9,520,4,0,0,9.1,0
C002268,395,5127.24,26,96,413,0.943,19.8,282,5,0,0,4.0,0
C009546,158,1785.77,17,104,378,0.703,22.8,1430,1,1,0,4.3,0
C006759,483,2250.26,16,89,376,0.589,22.6,427,2,0,0,0.8,0
C002471,884,4187.46,16,85,300,0.787,14.8,1158,5,0,0,6.3,0
C005412,513,3063.5,15,59,231,0.77,4.5,893,0,0,0,7.5,0
C003870,441,2258.07,15,90,322,0.896,20.4,1702,0,0,0,8.2,0
C002862,431,6840.05,11,51,176,0.796,18.5,692,6,0,0,5.3,0
C007287,422,1624.0,27,92,414,0.845,23.7,221,3,0,1,6.1,0
C009266,152,3673.23,12,59,241,0.878,27.8,992,0,0,0,4.1,0
C009992,524,8329.14,27,114,431,0.646,26.8,937,0,0,1,6.0,0
C009076,139,2601.77,13,38,165,0.734,22.3,316,5,0,0,10.0,0
C008094,390,8764.98,12,68,243,0.849,28.8,467,0,0,0,2.6,0
C001109,138,10343.36,19,71,272,0.622,21.1,160,4,0,0,6.9,0
C007593,171,9205.54,17,85,328,0.7,21.4,397,0,0,0,9.0,0
C009972,127,6221.6,15,66,262,0.841,18.8,768,3,0,1,4.6,0
C008979,785,2069.25,18,99,343,0.482,30.4,1027,1,1,0,7.3,0
C005872,427,1205.33,15,83,310,0.563,23.4,943,5,0,1,4.7,0
C004935,223,4849.35,13,61,233,0.732,17.8,92,1,0,1,8.9,0
C006102,422,2565.67,14,57,237,0.854,25.3,1242,3,0,0,5.5,0
C001740,319,15198.91,17,98,431,0.751,13.3,776,0,0,0,6.6,0
A000640,613,8468.65,16,13,98,0.564,4.7,389,4,1,1,8.4,1
A000889,906,1087.29,13,7,82,0.195,6.1,30,15,1,1,5.6,1
C000899,519,6205.25,11,55,56,0.756,20.7,35,4,0,0,7.1,0
C003207,1136,3350.22,16,82,331,0.705,18.5,1321,4,0,1,5.9,0
C003845,793,3017.64,19,95,353,0.682,25.5,3136,0,0,0,5.9,0
C006849,132,3913.95,12,35,131,0.303,22.7,737,1,0,0,5.2,0
C002877,201,2191.79,19,80,303,0.595,14.3,898,0,0,0,6.4,0
C009666,958,20309.14,16,78,351,0.699,19.3,2808,10,0,1,7.5,0
C003896,127,4050.91,15,59,243,0.744,27.6,2130,19,1,0,9.8,0
C001564,461,12619.22,22,111,394,0.426,24.8,1037,1,0,0,4.0,0
C006493,249,23221.41,13,53,201,0.891,27.3,622,1,1,0,6.7,0
C005800,123,9623.05,12,66,242,0.814,27.3,284,2,0,0,6.2,0
C007802,353,3243.07,23,147,527,0.911,28.3,2618,6,0,1,2.2,0
C006593,387,2337.8,10,50,168,0.743,14.2,1858,5,0,0,1.8,0
C009472,1242,17975.72,17,95,353,0.617,27.7,1998,11,0,1,10.0,0
C008741,1442,6023.14,17,56,252,0.772,18.2,1330,7,0,0,6.8,0
C009859,271,4303.89,13,68,273,0.461,33.5,513,2,0,1,7.3,0
A000203,89,4823.76,9,5,69,0.067,8.0,35,3,0,1,5.4,1
C006504,412,9416.47,21,118,448,0.941,22.1,1425,6,0,1,8.4,0
C007818,329,7343.16,16,74,272,0.794,28.1,3855,13,0,0,7.7,0
C003102,729,6072.58,8,39,136,0.513,12.5,3431,2,0,0,1.9,0
C008404,37,7617.39,9,44,182,0.812,17.6,405,0,0,0,6.9,0
C008256,206,4178.21,19,81,336,0.634,23.6,1205,4,0,0,3.4,0
C002841,297,3963.31,10,49,197,0.454,22.4,5563,2,0,0,3.9,0
C004395,784,3254.51,11,49,186,0.557,23.0,1063,1,0,0,9.4,0
C003185,429,4966.11,13,54,215,0.565,17.7,689,5,0,0,2.8,0
C009568,399,5652.3,13,59,234,0.319,14.0,701,2,0,0,4.0,0
C009948,203,2845.34,21,118,409,0.403,17.8,2706,3,0,0,8.2,0
A000139,368,12326.23,19,11,111,0.322,6.8,64,12,0,0,4.7,1
C002214,186,3697.38,14,54,227,0.877,19.9,1699,4,0,0,7.8,0
C000834,332,10703.21,17,82,280,0.796,18.3,202,0,1,0,0.0,0
C009579,878,2788.15,15,52,183,0.581,28.5,382,3,0,0,10.0,0
C008803,343,4477.59,18,64,230,0.859,16.3,583,0,0,0,8.4,0
C003195,326,4094.32,22,135,492,0.891,18.5,210,3,0,0,2.8,0
C004631,761,5633.37,17,101,385,0.664,32.9,1256,3,0,0,0.8,0
C006144,683,2128.24,18,101,355,0.883,24.6,272,1,0,0,9.3,0
C004794,617,3812.14,15,56,195,0.788,20.8,1511,1,1,0,8.0,0
C009988,617,15268.72,17,77,320,0.413,25.9,2274,3,0,0,1.5,0
C001744,328,2078.98,14,71,241,0.599,29.5,1693,8,0,0,5.4,0
C005290,474,2999.58,9,40,171,0.662,27.5,1494,5,0,0,7.4,0
C003661,281,5201.25,15,100,366,0.557,15.3,630,9,0,0,7.9,0
C006712,508,2382.65,8,31,138,0.468,31.2,1994,2,0,1,5.6,0
C003525,1176,3376.78,13,61,252,0.701,25.4,688,3,0,0,7.1,0
C009961,369,2067.98,12,52,237,0.576,30.4,3605,4,1,0,3.1,0
C008281,585,3123.84,16,58,233,0.694,17.9,1777,2,0,0,10.0,0
C006107,249,2888.42,16,86,290,0.742,35.8,1053,5,0,0,7.6,0
C002544,131,4970.45,10,30,139,0.658,19.5,57,5,0,0,9.3,0
C000931,455,12885.21,16,65,272,0.776,16.4,681,0,0,0,4.4,0
C008918,382,3215.02,16,64,224,0.606,25.1,2280,0,0,0,9.4,0
C001198,196,3792.7,21,85,347,0.856,32.5,6094,8,0,0,10.0,0
C006182,245,5028.15,21,106,482,0.553,27.5,1488,5,0,0,3.9,0
C006698,514,2187.6,16,75,298,0.795,16.5,1957,5,1,0,10.0,0
C009200,376,3449.43,14,52,233,0.098,23.5,1309,0,0,1,6.4,0
C001430,72,3268.97,9,34,147,0.453,22.3,854,9,0,0,5.1,0
C007412,886,7578.05,10,52,202,0.966,19.5,2992,0,0,0,6.7,0
C007765,524,3513.03,9,41,167,0.635,14.6,436,2,1,1,6.6,0
C001154,776,7482.01,14,65,253,0.355,22.7,1539,10,0,0,9.5,0
C006562,605,2936.25,19,94,349,0.396,21.3,1731,3,0,0,7.9,0
C005145,302,7025.36,22,85,373,0.771,16.4,1428,6,0,1,5.4,0
C002770,426,7907.01,18,76,312,0.838,15.5,1433,1,0,0,2.9,0
C005318,41,5654.97,19,114,425,0.949,22.4,545,11,1,1,10.0,0
C005555,503,5643.84,8,29,125,0.449,20.1,2552,6,1,0,5.7,0
C008826,219,9739.62,19,67,297,0.636,23.6,240,4,0,0,10.0,0
C000965,213,2029.42,16,58,265,0.849,6.1,948,0,0,0,9.4,0
C005667,417,12237.12,19,105,378,0.946,16.6,1019,5,0,0,3.1,0
C005010,172,4193.45,10,62,215,0.95,19.5,612,16,0,0,0.0,0
C006825,1116,5217.31,18,105,359,0.508,24.9,1374,2,0,0,8.2,0
C002699,84,13050.85,16,91,320,0.678,24.2,655,3,0,0,7.1,0
C008579,272,9787.13,11,50,183,0.884,20.9,472,1,0,0,5.2,0
C007378,533,2998.56,17,47,203,0.29,29.8,139,0,1,0,6.5,0
C001484,340,894.15,23,87,294,0.792,17.0,1782,8,0,1,7.5,0
C009737,173,8788.27,15,79,312,0.494,29.4,1171,2,1,0,7.7,0
C004203,694,5073.48,8,56,199,0.791,28.4,2093,2,0,0,7.4,0
C005830,1232,6868.82,19,95,338,0.559,26.1,767,1,0,0,5.0,0
C006602,605,11157.69,21,102,404,0.926,21.4,745,9,0,0,9.6,0
C001427,951,14613.89,20,89,302,0.663,27.0,1806,3,0,2,1.8,0
C002545,541,8134.6,17,67,280,0.866,23.9,1013,2,0,1,5.1,0
C005212,578,8915.68,21,83,340,0.688,20.1,3986,4,0,0,8.9,0
C009424,204,2022.45,16,74,251,0.917,30.6,2085,2,0,0,4.9,0
C003461,382,4545.44,24,101,429,0.47,25.3,904,4,1,0,10.0,0
C003947,122,1239.28,16,52,213,0.627,21.1,394,6,0,0,4.0,0
C002179,106,11378.08,26,9,439,0.914,23.7,757,1,1,1,8.3,0
C007310,571,7988.71,17,65,274,0.539,21.1,1137,18,0,1,4.5,0
C006811,393,2981.36,20,90,338,0.828,25.1,1023,1,0,0,6.0,0
C001058,1315,7611.1,14,55,224,0.402,19.9,458,3,1,0,7.5,0
C005121,1195,30900.49,14,65,285,0.623,23.6,1317,2,0,0,6.1,0
C005051,274,3602.64,12,44,194,0.699,22.3,788,2,0,1,5.6,0
C004128,862,3727.29,20,85,350,0.458,22.2,570,12,0,0,6.5,0
C009777,502,8880.4,19,72,258,0.792,31.8,1608,2,0,0,5.0,0
C006393,516,3188.19,16,79,342,0.728,19.9,1590,3,1,0,4.9,0
C008844,449,2060.81,6,26,120,0.945,27.1,1810,2,0,0,7.8,0
C001545,401,9769.76,16,82,345,0.743,23.5,725,2,0,1,10.0,0
C004116,431,7540.28,17,64,241,0.97,10.8,963,3,0,0,9.4,0
A000130,380,5620.02,12,4,32,0.516,6.9,30,19,1,0,6.3,1
C003929,340,6614.89,21,79,301,0.729,24.8,1487,3,0,0,3.3,0
C004985,614,6143.26,13,50,222,0.581,18.9,619,2,1,0,6.0,0
C000725,252,5017.9,18,69,269,0.949,24.7,862,1,0,0,3.6,0
C006757,369,3765.61,20,91,340,0.758,13.0,3768,5,0,0,2.0,0
C005399,260,5101.67,18,84,307,0.601,6.6,1732,2,1,0,3.7,0
C006701,376,4120.81,12,72,258,0.675,28.9,2167,7,0,1,6.9,0
C001128,511,861.82,19,46,192,0.935,19.7,2292,6,1,1,6.0,0
C007595,71,13061.88,13,80,277,0.793,22.3,1533,5,0,0,5.6,0
C006293,53,7399.27,20,85,311,0.466,25.2,516,2,0,0,4.9,0
C005959,288,3670.66,15,66,247,0.532,27.2,1058,4,0,0,6.4,0
C001587,128,1687.2,12,64,224,0.78,21.0,656,15,0,0,1.5,0
C009488,106,2190.6,14,61,240,0.262,27.3,677,2,1,0,6.9,0
C004460,234,4552.9,16,80,352,0.87,21.4,1492,1,0,0,9.5,0
C006445,341,1647.98,17,69,258,0.798,20.8,467,5,1,0,4.4,0
C001562,1180,4125.23,14,88,299,0.54,31.5,687,7,0,0,6.0,0
C004302,415,3627.82,6,24,108,0.361,23.4,442,7,0,0,10.0,0
C008961,200,5037.26,12,73,260,0.639,30.8,591,0,0,0,9.3,0
C003211,705,8372.48,9,27,115,0.882,26.7,525,9,0,0,8.8,0
C005883,256,3528.86,11,61,270,0.729,23.8,1182,2,0,0,6.1,0
C008431,459,4406.8,21,83,325,0.66,16.6,1302,9,0,1,9.4,0
C003974,107,10403.23,22,86,360,0.581,30.1,4745,1,0,0,10.0,0
C009713,325,9599.92,18,54,198,0.797,26.1,1733,3,1,0,4.6,0
C006998,629,6584.74,23,117,455,0.434,21.1,1696,7,0,0,3.7,0
C008479,1207,10427.67,17,74,327,0.865,22.8,3216,13,0,0,5.2,0
C009115,459,11159.19,13,38,157,0.466,31.5,908,6,0,2,4.3,0
C004419,761,5110.85,21,99,375,0.698,22.7,782,0,0,0,9.7,0
C003542,378,2694.41,10,59,210,0.89,27.7,2170,6,2,0,5.7,0
C007535,198,23955.82,13,65,232,0.452,20.3,478,3,0,1,3.0,0
C005703,158,6344.91,13,60,255,0.071,22.7,1337,0,0,0,5.7,0
C009120,563,11316.1,11,66,256,0.544,22.7,807,7,0,0,4.1,0
C003380,1126,2765.37,12,48,49,0.613,21.7,2067,5,0,0,7.1,0
C008665,902,10044.15,17,119,433,0.828,14.6,2453,5,0,0,5.6,0
C002606,229,2647.46,12,49,200,0.546,25.0,608,3,0,0,4.9,0
C004924,835,6825.05,13,60,212,0.893,29.8,2440,0,0,0,8.4,0
C001393,243,40410.26,16,59,260,0.445,32.2,411,0,0,0,6.7,0
C007536,670,2749.31,9,39,162,0.701,17.9,1061,1,1,0,10.0,0
C000753,378,3960.51,17,100,355,0.488,22.3,708,5,0,0,5.6,0
C007052,254,4660.67,10,51,190,0.643,26.9,2522,1,0,0,5.2,0
A000753,181,4668.08,13,5,76,0.09,5.0,23,25,0,1,5.1,1
C004865,213,1067.01,14,60,258,0.638,22.3,468,5,0,0,9.1,0
C007515,128,2744.8,16,66,253,0.741,30.8,953,12,0,0,4.2,0
A000404,1271,3599.26,13,99,45,0.143,8.0,613,0,2,0,7.9,1
C001778,534,14119.04,15,73,322,0.966,14.0,554,0,2,0,7.5,0
C000018,209,1762.72,21,104,448,0.835,30.9,314,2,0,0,7.2,0
C001771,690,5962.61,16,83,290,0.26,21.5,958,13,0,0,3.6,0
C001889,276,3845.05,11,56,196,0.467,24.4,692,1,0,0,8.0,0
C009039,613,4168.87,18,102,375,0.9,15.0,487,1,0,1,3.4,0
C001643,431,4557.88,14,66,279,0.962,13.8,2039,13,0,0,3.6,0
C009387,231,4924.02,17,78,353,0.873,23.6,2645,4,0,1,9.2,0
C002317,173,6840.65,14,60,264,0.873,23.2,993,4,1,0,7.5,0
C003653,1000,6615.14,17,113,392,0.604,27.9,2936,2,0,0,5.7,0
C000133,454,5702.8,8,36,124,0.354,26.5,1886,0,0,0,1.8,0
C005932,525,6446.26,18,92,397,0.654,28.9,3933,9,0,0,10.0,0
C003352,798,3812.37,16,83,321,0.922,14.6,3648,0,1,0,10.0,0
C004265,663,5158.55,23,113,445,0.926,29.8,1195,0,0,0,9.9,0
C004640,97,4251.23,11,58,230,0.458,23.6,510,0,0,0,7.6,0
C008830,1349,7533.0,15,78,310,0.862,8.5,1590,0,0,0,4.5,0
C001096,281,6677.99,18,84,320,0.459,18.5,2020,3,0,0,3.0,0
C004354,254,4623.67,20,97,356,0.901,27.2,491,0,0,0,9.6,0
C006483,496,3559.55,19,89,374,0.902,22.0,963,1,1,1,9.3,0
C000528,419,11744.45,14,66,262,0.887,24.6,316,2,0,2,6.7,0
C005004,823,3646.43,13,61,236,0.729,29.7,813,0,1,0,5.6,0
C002003,129,3962.19,14,11,252,0.726,21.5,750,1,0,0,6.4,0
C006327,434,895.86,23,99,427,0.813,25.9,1159,1,0,0,9.7,0
C000169,584,8547.49,12,45,173,0.51,19.7,734,22,0,0,0.0,0
C007388,220,3361.04,16,61,255,0.515,17.4,758,12,0,0,2.2,0
C008351,515,2788.55,22,125,440,0.436,37.4,2235,7,1,0,6.9,0
C004123,562,6808.7,19,68,289,0.801,32.1,7368,8,0,0,5.5,0
C001920,130,9193.16,14,56,191,0.653,9.9,774,14,0,0,8.6,0
C000702,310,16023.08,12,62,215,0.821,24.8,2739,1,1,0,4.4,0
C005548,381,5506.2,15,7,307,0.812,29.2,3433,5,0,0,5.3,0
C006551,441,7024.65,14,56,189,0.965,16.8,951,7,0,0,4.6,0
C007390,529,8014.9,10,5,191,0.77,18.7,158,0,0,1,9.6,0
C003783,522,10865.09,15,82,286,0.653,14.2,252,7,0,0,0.0,0
C008337,549,5370.19,19,77,347,0.3,19.7,39,3,0,0,1.0,0
C008306,309,5849.32,9,57,202,0.806,27.6,2556,3,1,0,9.0,0
C006225,583,3447.72,10,49,194,0.569,18.9,638,1,1,0,6.3,0
C002767,492,17911.33,16,2,40,0.684,19.5,671,1,0,0,3.7,0
C007523,598,5117.77,14,52,201,0.693,28.0,435,9,0,0,6.8,0
C000773,300,4996.58,21,130,511,0.807,18.1,398,0,0,0,9.0,0
C001299,651,2988.74,12,53,233,0.44,26.2,1706,1,0,0,6.9,0
C008795,446,5739.55,11,41,159,0.399,20.6,365,0,0,0,7.6,0
C001353,167,3174.32,13,33,130,0.974,16.7,1666,1,0,0,8.2,0
C002927,206,6052.89,15,35,154,0.839,11.1,1223,0,1,0,7.4,0
C007285,342,4346.45,17,69,256,0.759,18.1,527,0,0,0,7.5,0
A000251,153,4877.78,16,6,103,0.048,8.6,194,9,1,1,2.2,1
C001288,579,5589.42,14,82,279,0.355,24.0,944,10,0,0,4.7,0
C003124,722,7828.85,15,73,313,0.892,15.7,2091,0,0,0,9.0,0
C007747,366,1155.19,13,59,263,0.774,21.1,3144,6,0,0,9.2,0
C009034,935,11212.16,14,77,266,0.709,21.4,290,0,0,1,5.6,0
A000352,270,3937.52,14,6,52,0.174,5.7,330,7,0,2,3.7,1
C007045,113,4531.66,15,60,252,0.707,28.4,8044,2,0,0,8.4,0
C002014,186,2921.47,18,96,361,0.601,15.8,1684,2,1,1,10.0,0
C007932,246,1368.95,20,89,330,0.787,24.7,250,0,0,0,4.4,0
C009905,98,2307.59,22,107,377,0.6,17.6,399,7,1,0,5.0,0
C005805,418,1015.22,19,84,283,0.768,15.9,5409,8,0,0,4.8,0
C008739,343,1625.77,15,35,119,0.682,24.6,1515,0,0,1,3.0,0
A000748,200,4342.95,19,16,109,0.254,6.0,24,8,1,0,1.9,1
C002148,486,5381.37,16,85,334,0.805,17.6,606,1,1,0,6.0,0
C005861,366,8228.25,14,88,305,0.782,22.9,1530,19,0,0,5.9,0
C003750,213,12963.88,16,112,455,0.909,16.3,1205,6,0,0,5.0,0
C003034,641,9199.32,23,82,350,0.834,24.8,687,1,0,0,8.7,0
C008149,298,6900.6,15,91,309,0.805,18.1,1335,1,0,0,10.0,0
C006339,510,7598.59,17,68,280,0.851,20.2,293,1,1,1,5.2,0
C005240,538,3101.78,23,106,392,0.405,29.8,890,10,1,0,7.1,0
C000450,313,3799.1,17,94,356,0.859,22.5,727,2,0,0,7.9,0
C003450,226,4382.89,13,60,252,0.761,16.8,1213,0,0,1,5.7,0
C009400,397,2110.28,14,81,293,0.909,23.1,406,7,0,0,8.6,0
C006623,491,3482.74,11,50,184,0.497,21.1,4378,3,1,0,1.7,0
C003754,355,5310.97,10,34,121,0.806,32.6,4678,3,1,0,8.0,0
C004798,971,6104.4,22,113,410,0.818,18.5,1784,3,0,0,7.5,0
C007964,800,15112.29,16,65,229,0.337,27.0,672,4,0,0,9.8,0
C000811,750,3170.12,21,99,354,0.764,20.5,1227,2,0,0,9.2,0
A000523,355,7269.35,12,4,66,0.318,5.6,46,30,0,3,2.7,1
C007898,197,9679.92,21,103,372,0.833,21.5,2676,6,1,0,6.4,0
C004585,722,12289.61,21,100,370,0.809,19.3,286,4,0,0,4.8,0
C009550,687,7687.8,12,59,246,0.82,18.9,1470,2,0,0,9.7,0
C002074,131,2661.13,16,85,303,0.676,12.2,591,5,0,0,4.3,0
C007169,271,8342.08,19,91,311,0.837,23.5,661,1,0,0,5.7,0
C007741,546,6767.99,15,76,274,0.352,19.0,398,8,0,0,7.1,0
C007477,216,2060.43,12,48,206,0.829,18.8,907,5,0,1,8.4,0
C001478,730,4887.6,20,101,367,0.699,19.3,1001,1,0,0,4.9,0
C001791,521,2469.94,14,83,297,0.652,20.5,767,1,0,0,10.0,0
C002334,363,4306.97,10,45,171,0.809,19.6,3518,5,0,0,10.0,0
C005988,476,7601.51,7,24,86,0.66,25.7,3177,7,0,0,6.9,0
C002009,227,4046.41,22,110,437,0.791,23.0,1075,1,0,1,7.0,0
C000683,665,8443.77,18,80,358,0.923,21.8,1530,13,0,0,3.8,0
C009130,257,5839.25,13,75,280,0.418,19.3,986,0,0,0,2.7,0
C006385,597,4652.62,12,73,262,0.739,20.6,1072,1,0,0,9.9,0
C002860,431,2141.88,12,55,229,0.86,22.1,442,0,0,0,4.4,0
C004748,171,18542.0,9,36,163,0.529,22.6,1104,1,0,0,8.6,0
C000058,454,6644.49,10,39,63,0.947,9.1,1629,3,3,0,9.2,0
C004422,525,1063.43,18,84,304,0.671,26.5,806,6,1,0,4.3,0
C009316,522,1884.53,11,38,156,0.747,29.7,553,7,0,0,10.0,0
C008118,947,2938.51,15,61,265,0.837,24.6,197,6,1,0,4.3,0
C002400,386,4287.41,13,54,224,0.91,28.5,3303,0,0,0,3.6,0
C004475,344,27080.32,17,68,264,0.53,17.5,989,10,0,0,0.5,0
C000047,92,7967.92,14,84,334,0.698,17.8,3051,7,1,0,3.2,0
C000031,434,7467.43,18,47,204,0.819,21.3,2486,1,0,0,6.2,0
C008421,620,11209.86,12,58,236,0.927,19.8,1087,0,0,0,1.8,0
C005128,286,7507.32,15,88,341,0.625,13.3,1336,14,2,0,10.0,0
C005665,468,4081.95,13,71,276,0.605,21.9,947,2,1,0,7.9,0
C001469,309,7301.67,6,28,97,0.299,22.0,1711,19,0,0,10.0,0
C001666,438,5324.35,17,58,247,0.661,19.4,510,2,0,0,8.8,0
C001417,247,3788.95,15,70,276,0.545,19.1,478,1,0,0,9.9,0
C009960,378,3259.2,10,63,220,0.431,24.7,6108,0,0,0,4.8,0
C002359,30,1832.96,15,95,321,0.706,24.6,1816,1,0,0,4.6,0
C008253,507,3161.56,13,60,236,0.905,22.1,591,16,0,0,9.4,0
C009598,350,5489.34,14,49,219,0.468,22.1,2173,0,0,0,7.8,0
C003547,499,4494.34,12,54,186,0.547,27.3,327,1,0,0,10.0,0
C003670,75,9183.22,14,70,262,0.28,20.4,2277,4,1,0,3.6,0
C009339,347,6053.9,12,61,218,0.919,23.1,221,0,0,0,4.7,0
C004025,187,4381.32,13,53,243,0.705,22.5,541,1,0,0,8.4,0
C000430,301,1389.83,15,67,303,0.72,28.2,798,8,0,0,4.2,0
C008919,392,20985.84,16,100,351,0.311,26.3,865,5,0,0,10.0,0
C004996,91,1341.68,14,60,256,0.756,21.7,2003,5,0,0,2.9,0
C000386,620,10038.08,8,45,181,0.7,15.8,669,1,0,0,8.0,0
C001946,112,11651.71,12,46,207,0.478,18.4,850,0,0,0,6.3,0
C005141,296,2697.36,15,59,244,0.89,22.3,1161,5,0,0,7.2,0
C004343,646,8153.11,12,58,220,0.961,18.4,1054,4,0,0,4.0,0
C008930,333,10107.23,14,75,260,0.936,25.3,1565,6,0,0,7.1,0
C000474,535,1161.99,16,72,331,0.63,16.0,296,2,0,0,8.6,0
C006325,183,1743.72,17,80,319,0.592,27.7,704,8,0,0,7.9,0
C009662,483,8507.68,13,56,252,0.448,19.4,957,0,0,0,8.6,0
C003334,1192,3126.38,15,58,207,0.864,26.0,1922,30,0,0,4.0,0
C007377,265,4904.41,20,106,409,0.71,17.8,188,0,1,0,10.0,0
C007977,170,5114.67,17,107,362,0.97,21.9,1294,2,0,0,8.8,0
C000579,420,725.26,11,57,198,0.399,17.3,1606,5,0,2,2.1,0
C001056,212,2554.53,16,67,296,0.708,14.0,1972,8,0,0,2.7,0
C002282,363,3389.39,13,50,203,0.762,5.7,1116,0,0,1,7.5,0
C007702,169,3418.13,22,105,407,0.848,9.7,3769,4,0,0,8.6,0
C006005,161,4674.46,13,59,243,0.882,17.9,1998,3,0,0,7.2,0
C004100,568,4035.81,19,67,292,0.684,29.7,2043,0,0,0,7.0,0
C007229,309,2321.49,10,47,172,0.593,10.4,1141,0,0,0,0.0,0
C007088,246,3359.01,16,53,221,0.788,31.3,5765,9,1,0,9.5,0
C003448,175,4609.79,10,40,154,0.575,16.2,857,3,0,0,8.2,0
C000812,208,2728.68,11,37,146,0.784,26.4,1718,2,1,0,4.0,0
A000489,562,1386.71,20,6,122,0.326,7.0,36,19,1,2,4.8,1
C003583,368,6240.37,15,60,209,0.031,8.4,1477,4,1,0,4.9,0
C005020,208,3424.56,20,106,399,0.574,29.2,365,3,1,0,8.1,0
C005479,39,1497.11,19,78,336,0.71,27.7,5913,4,1,1,4.3,0
C007068,306,2333.7,17,61,224,0.758,24.9,332,8,0,0,7.8,0
C007567,363,1285.02,13,63,221,0.921,16.1,472,3,0,0,8.2,0
C003046,715,9504.2,13,52,201,0.694,17.0,1063,12,0,0,6.6,0
C003033,167,8435.91,18,80,349,0.929,27.0,713,2,0,0,10.0,0
C000112,438,3880.37,21,81,365,0.958,25.0,1367,3,1,0,3.2,0
C009239,302,1291.38,19,92,329,0.564,22.9,1176,1,0,0,7.7,0
A000491,277,3766.0,16,9,120,0.246,2.6,36,7,0,2,4.7,1
C003449,170,12519.86,15,55,234,0.783,10.8,740,14,0,0,3.6,0
C007846,238,6466.97,12,44,202,0.636,19.0,943,5,0,0,5.7,0
C001746,434,4576.9,18,61,233,0.46,15.7,587,6,0,0,8.2,0
A000931,573,2708.51,18,10,92,0.095,3.7,69,5,1,2,2.3,1
C001453,685,3732.76,14,56,248,0.483,23.0,738,1,0,0,4.6,0
C002150,401,2124.54,14,64,263,0.801,20.9,741,7,0,0,6.9,0
C000320,292,1915.88,8,46,184,0.543,26.1,1893,4,0,1,8.5,0
C004289,608,4276.84,21,102,417,0.486,29.8,968,3,0,0,5.3,0
C009552,314,4234.5,17,84,331,0.964,8.9,899,1,0,0,4.0,0
C002674,258,5687.3,9,49,206,0.839,22.3,5944,2,0,0,10.0,0
C001923,291,4798.38,15,64,232,0.722,24.9,1490,8,0,0,10.0,0
A000276,274,776.67,22,4,78,0.356,6.2,69,8,0,2,2.4,1
C009791,553,5522.7,16,83,292,0.703,16.6,1868,7,0,1,7.2,0
C004484,405,8821.85,14,62,243,0.899,17.5,1857,6,0,0,8.3,0
A000374,279,13809.28,19,4,38,0.562,8.1,104,18,1,0,1.0,1
C005980,454,5305.13,15,55,225,0.603,17.9,1850,3,0,0,2.5,0
C002130,504,2092.68,4,20,90,0.745,16.6,1776,3,0,0,6.0,0
C009386,698,6326.35,10,44,156,0.862,30.8,661,1,0,0,6.7,0
C006609,77,5702.31,15,98,364,0.411,29.2,1470,3,0,0,7.2,0
C008729,325,4430.69,17,76,300,0.94,11.8,1157,1,0,0,3.3,0
C003567,512,4471.4,20,67,254,0.71,25.4,457,2,0,0,4.6,0
C008630,185,2910.77,18,71,270,0.844,19.9,1372,3,1,0,3.0,0
C007823,475,4618.83,15,78,282,0.529,24.6,2196,2,0,0,10.0,0
C004685,613,2312.36,16,65,218,0.488,23.4,1199,2,0,0,2.8,0
C008120,384,1996.91,17,83,366,0.45,14.8,2561,6,1,1,10.0,0
C001053,406,2340.37,11,46,156,0.721,20.6,4050,4,0,0,4.0,0
C005495,596,9632.99,16,77,310,0.614,25.4,2367,4,0,1,7.6,0
C009794,275,8135.96,15,55,241,0.766,21.9,4402,10,0,0,8.8,0
C004846,307,1477.96,17,90,339,0.696,15.7,802,4,0,0,4.6,0
C000100,486,6191.77,17,78,345,0.703,23.6,577,0,0,0,2.9,0
A000774,1232,9954.36,17,5,69,0.317,5.8,100,10,0,2,6.2,1
C001457,468,26189.01,15,69,280,0.875,20.6,1084,3,1,1,4.3,0
C000362,336,4352.0,15,54,200,0.462,15.9,1695,9,0,0,6.8,0
C000813,385,6390.33,12,45,203,0.517,20.7,624,6,1,0,4.1,0
C001093,263,12055.66,19,100,381,0.833,19.5,1502,1,0,0,6.4,0
C004380,425,5719.47,18,57,233,0.464,27.5,498,6,1,0,7.3,0
C003146,143,10282.72,17,61,235,0.404,22.4,3759,5,0,1,3.2,0
C004503,929,10915.37,17,67,265,0.649,26.0,1955,7,1,0,2.8,0
C005322,538,6232.96,16,75,316,0.579,27.4,1991,25,0,0,10.0,0
C006587,216,8335.49,15,67,295,0.359,32.4,577,4,1,0,5.0,0
C007494,704,10883.97,16,79,271,0.49,17.6,185,4,0,0,4.2,0
C008380,1035,8443.2,11,48,206,0.802,23.9,246,0,1,0,4.0,0
C006148,1033,3062.67,9,35,128,0.621,13.4,1651,0,1,0,7.5,0
C001415,617,2822.93,19,79,321,0.59,20.0,3487,5,0,0,7.7,0
C000541,254,2151.49,10,43,188,0.731,26.9,1089,0,0,0,10.0,0
C007087,981,6769.09,14,93,316,0.118,25.8,687,6,2,0,9.0,0
C004852,210,3737.53,11,51,183,0.985,23.0,300,5,0,0,6.1,0
C001147,841,7684.23,15,82,301,0.691,23.5,499,1,1,0,7.2,0
C005958,353,6365.59,9,29,128,0.978,12.0,646,3,0,0,0.4,0
C000755,554,11541.87,22,109,407,0.341,12.1,6945,7,2,0,8.3,0
C006740,552,10462.7,15,61,248,0.641,25.5,704,6,0,0,9.1,0
C007133,146,9511.41,18,100,370,0.844,27.3,2797,2,0,1,9.3,0
A000590,877,4787.81,26,14,116,0.4,4.3,27,6,0,1,2.4,1
C004056,109,5506.36,21,116,428,0.656,21.2,223,0,0,0,5.9,0
C005512,144,14557.41,15,51,215,0.756,33.2,847,7,0,0,5.5,0
C004804,693,8757.18,11,55,200,0.855,20.6,1890,2,0,0,4.2,0
A000471,510,2489.09,15,8,74,0.073,8.1,20,14,0,2,6.3,1
C003131,515,1985.07,19,110,384,0.456,22.6,1079,3,1,0,7.2,0
C002958,405,6889.96,20,101,340,0.366,22.7,676,2,0,0,2.1,0
C009060,200,14013.02,18,93,321,0.715,19.9,1927,2,1,0,10.0,0
C009365,1188,8435.74,7,28,111,0.905,26.0,283,2,0,0,2.6,0
C007179,209,5208.72,15,67,232,0.794,25.8,1173,3,0,0,2.7,0
C006915,57,4333.31,15,57,204,0.855,18.2,3169,10,0,0,10.0,0
C000101,414,1434.71,17,89,375,0.629,24.9,1965,19,0,0,6.7,0
C002609,65,7024.21,13,85,321,0.882,21.7,2097,0,0,0,1.3,0
C009605,493,4114.69,17,70,259,0.875,27.8,2705,0,1,1,5.9,0
C006495,639,21955.34,15,77,291,0.789,24.9,1021,4,0,0,10.0,0
C007754,392,2015.56,22,91,346,0.206,12.7,2008,7,0,0,4.3,0
A000330,221,4085.48,15,2,50,0.08,6.5,631,1,0,2,0.5,1
C006581,363,4126.49,17,82,283,0.839,24.6,431,1,0,0,6.7,0
C003471,427,2964.71,10,48,189,0.606,18.6,1386,1,0,0,7.2,0
C005355,510,15637.45,16,63,252,0.606,25.8,5833,3,0,1,7.9,0
C005614,315,14139.6,16,98,332,0.875,29.3,430,1,0,0,2.9,0
C000602,274,5475.51,12,56,228,0.872,21.3,4640,0,1,0,9.2,0
C007979,468,4058.45,14,59,247,0.455,18.3,188,12,0,0,4.8,0
A000535,321,3715.24,10,5,41,0.384,6.6,136,10,0,1,5.7,1
C004732,295,1400.01,12,48,208,0.507,24.1,1980,0,1,0,3.5,0
C008750,522,5266.99,14,69,254,0.913,19.3,2172,0,0,0,4.8,0
C004820,609,4746.45,16,78,309,0.737,19.2,1835,1,0,0,5.0,0
C006045,218,2194.79,14,61,252,0.952,22.1,695,0,0,0,7.0,0
C005754,364,14486.78,19,64,267,0.572,12.7,1024,2,0,0,6.8,0
C001045,462,7449.51,12,48,193,0.723,20.3,130,2,0,0,2.9,0
C008553,573,3025.55,14,44,177,0.471,19.6,412,2,0,0,8.2,0
C001558,238,17343.08,15,63,252,0.938,14.7,178,1,0,0,6.4,0
C009919,280,12110.15,13,47,197,0.57,32.6,840,0,1,0,8.5,0
C001488,883,2850.07,18,93,364,0.61,27.9,576,18,0,0,7.8,0
C004538,294,2573.4,19,68,309,0.914,20.2,1969,0,0,0,5.7,0
C000181,466,1953.5,14,73,283,0.895,15.6,4111,6,0,0,3.0,0
A000112,891,2330.8,16,12,86,0.24,7.4,138,3,0,1,7.4,1
C005181,684,8381.01,15,53,204,0.673,19.4,312,0,1,0,6.5,0
C002116,451,3990.12,18,51,199,0.819,14.7,453,2,0,1,3.9,0
C001700,49,6107.44,13,54,219,0.929,22.1,441,8,0,0,6.1,0
C001380,348,6226.85,17,70,286,0.768,19.7,1847,0,0,0,6.6,0
C003548,133,3917.04,11,68,250,0.813,19.1,209,6,0,0,7.3,0
C002405,385,4726.14,17,97,395,0.85,6.1,3459,0,0,0,6.4,0
C001396,419,3430.82,13,102,380,0.727,29.8,1431,1,1,1,4.8,0
C007345,104,7944.48,17,69,300,0.954,13.3,686,4,0,0,8.7,0
C000619,215,4078.36,11,43,189,0.423,24.0,3258,2,1,0,7.9,0
C007925,813,2317.54,7,37,47,0.752,13.9,370,18,0,0,9.5,0
A000828,395,5346.31,18,5,43,0.195,10.5,13,3,0,1,1.4,1
C001601,805,2169.11,11,76,281,0.523,18.9,1827,7,0,0,6.9,0
C006983,835,2192.28,14,77,325,0.73,12.7,564,8,0,0,5.3,0
C007253,280,2659.45,11,51,194,0.656,25.1,680,3,0,0,7.3,0
C001616,486,5986.75,23,78,346,0.801,8.5,4133,1,0,0,5.1,0
C007200,185,4352.36,12,66,294,0.858,25.9,562,4,0,0,10.0,0
C000439,468,4646.51,17,84,336,0.933,23.2,948,0,0,1,8.8,0
C008016,205,2125.97,15,52,236,0.297,20.0,616,4,0,0,7.0,0
C002084,1406,6637.78,17,75,305,0.789,22.1,1807,10,0,0,5.7,0
A000082,149,3080.06,11,3,51,0.323,5.9,106,14,0,1,3.6,1
C004329,543,1785.34,17,58,206,0.888,19.6,492,1,0,0,8.2,0
C008303,692,22177.5,16,72,288,0.708,28.0,2831,0,0,0,0.1,0
C006038,331,16784.87,22,98,375,0.803,25.5,3800,6,1,0,4.0,0
C005590,284,11689.06,15,65,281,0.521,19.9,1956,1,0,0,8.2,0
C008805,508,3864.1,8,37,140,0.951,25.3,643,1,0,0,4.6,0
C008241,118,21085.39,8,32,123,0.895,19.6,2525,8,0,0,8.0,0
C005941,763,15895.76,21,112,378,0.923,32.2,427,0,1,1,7.4,0
C002546,750,3973.27,12,70,246,0.876,15.1,1148,12,2,0,5.7,0
C006183,682,9712.38,11,59,205,0.866,15.7,1254,1,0,1,4.0,0
C009563,910,5912.44,27,120,456,0.958,18.8,593,30,1,0,10.0,0
A000445,252,4121.81,16,11,111,0.135,5.7,217,16,0,0,6.0,1
C001919,568,2913.86,20,95,368,0.575,30.6,395,3,2,0,6.1,0
C009172,212,4032.53,15,70,258,0.85,25.2,674,2,0,0,8.8,0
C006067,632,1887.46,18,65,265,0.623,27.2,760,6,0,0,7.4,0
C006953,643,2610.53,18,75,308,0.703,25.1,1323,2,1,0,0.7,0
C009138,863,3620.85,13,38,158,0.42,26.3,359,0,0,0,4.7,0
C004642,739,13865.83,14,53,219,0.459,13.1,936,1,0,0,6.0,0
C007699,642,31857.3,18,101,376,0.825,26.1,854,3,1,0,6.5,0
C002055,723,5212.0,9,58,244,0.643,21.8,2531,2,0,0,3.5,0
C003438,423,4742.63,17,102,372,0.805,25.8,916,0,0,1,6.4,0
A000134,302,7883.42,6,4,37,0.838,16.1,2630,4,0,1,1.9,1
C002363,482,5277.61,11,51,230,0.408,24.4,1668,5,0,1,2.3,0
C003015,315,13049.6,19,79,316,0.668,24.0,474,1,0,0,5.4,0
C002226,248,4563.24,12,50,198,0.923,19.6,4671,8,0,0,5.7,0
C008181,866,4398.6,11,67,235,0.369,17.9,2152,8,0,0,5.6,0
C008316,187,5448.89,19,110,421,0.871,15.4,2826,7,0,0,7.5,0
C001127,76,13267.59,14,81,314,0.88,9.5,1523,14,0,0,10.0,0
A000743,347,1733.67,15,10,96,0.139,5.8,75,22,0,1,5.0,1
C005607,523,2408.23,10,46,177,0.875,19.9,458,0,0,0,0.4,0
C004901,169,3847.34,19,73,279,0.543,28.6,363,5,0,0,4.0,0
C005065,252,13577.47,20,87,380,0.825,27.4,1515,6,0,0,10.0,0
C002445,164,11863.65,14,81,291,0.74,18.6,1485,5,0,0,6.0,0
C003551,488,11280.28,19,78,296,0.69,23.6,1049,7,0,0,2.7,0
C001323,521,17753.35,12,50,188,0.84,23.6,1410,2,0,1,10.0,0
C001604,77,3667.21,8,38,144,0.734,25.3,3346,0,1,1,6.8,0
C006730,329,1597.98,16,82,284,0.59,23.7,1354,0,0,0,5.3,0
C008601,64,7536.58,14,65,253,0.729,25.7,389,3,0,0,7.7,0
C009490,648,1826.21,19,86,371,0.595,18.4,1532,0,0,0,5.8,0
C009002,436,2812.89,13,50,223,0.927,25.1,438,4,0,0,3.0,0
A000694,262,3651.91,16,6,57,0.566,7.5,39,13,1,2,8.1,1
C009543,242,6588.42,13,49,165,0.71,20.6,793,0,0,1,3.8,0
C005372,755,8652.58,12,44,173,0.915,17.1,458,3,0,0,4.4,0
C006519,934,5344.88,19,61,280,0.48,22.6,623,3,0,0,7.3,0
C006424,614,2848.44,12,55,198,0.823,23.5,257,3,0,0,3.6,0
C002291,90,10209.98,12,59,220,0.81,10.4,562,0,0,0,7.2,0
A000281,1514,2763.21,19,0,229,0.014,31.2,1561,1,0,1,2.5,1
C008958,515,2996.02,17,74,298,0.571,16.8,1105,1,0,0,10.0,0
C001508,561,12409.07,9,53,190,0.773,19.7,876,6,0,0,2.1,0
C006384,252,1525.16,14,83,297,0.651,24.6,129,3,1,0,6.8,0
C001560,161,3704.1,16,67,296,0.711,16.1,160,4,0,0,4.9,0
A000008,705,9402.91,24,4,43,0.524,5.7,112,12,0,1,0.0,1
C006077,266,6265.72,20,101,413,0.618,23.2,2288,5,0,0,5.1,0
C003693,362,2572.42,8,39,133,0.39,11.3,364,1,1,0,7.5,0
C008992,89,1344.07,18,79,350,0.65,22.5,1831,10,1,0,0.0,0
C004468,1062,4685.05,17,95,357,0.44,23.1,1474,2,0,0,9.6,0
C001837,465,7578.73,15,60,259,0.711,25.2,1533,1,1,1,3.9,0
C004780,957,4424.28,13,53,180,0.889,27.8,682,3,0,0,9.4,0
C003782,585,4950.0,12,58,246,0.818,30.1,875,3,0,0,10.0,0
C000982,1034,14599.88,10,52,188,0.865,34.6,519,0,2,0,6.7,0
C009227,187,5124.71,9,50,170,0.412,19.6,985,0,0,0,7.4,0
C001355,439,6526.05,22,64,294,0.714,16.8,1080,1,0,0,5.5,0
C002871,565,3577.36,13,51,232,0.842,21.8,470,1,0,0,3.6,0
C000046,288,2747.37,15,72,278,0.953,17.0,1548,0,0,0,6.3,0
C002543,476,3956.13,17,99,340,0.609,33.1,1378,4,0,0,8.7,0
C000105,686,3624.24,15,68,287,0.857,23.1,1800,0,0,0,10.0,0
C000749,153,2714.25,17,81,342,0.787,33.1,1415,1,0,0,6.3,0
C005900,109,3577.51,13,62,231,0.689,16.3,620,16,0,0,9.8,0
C003618,189,8059.28,10,50,182,0.891,20.5,575,5,0,0,6.6,0
C007326,483,3350.42,16,69,278,0.655,18.3,2343,10,0,0,8.6,0
C003882,163,4520.21,14,85,334,0.883,21.1,4458,4,0,0,3.0,0
C004851,403,9027.81,16,53,225,0.82,28.3,2578,3,1,0,7.4,0
A000382,357,11048.13,17,23,171,0.284,7.5,136,16,0,2,3.9,1
C005679,369,19637.02,18,77,262,0.794,23.0,352,4,0,1,6.7,0
C008705,807,2682.08,11,59,244,0.893,17.6,2479,5,0,0,8.0,0
C000536,911,5256.89,22,147,499,0.359,7.8,2218,6,0,0,2.9,0
C004574,445,6436.01,23,75,279,0.876,19.8,817,0,0,0,3.4,0
C007625,99,1964.68,23,76,331,0.719,15.6,1096,1,0,1,6.9,0
C008369,280,8164.12,18,83,303,0.669,25.9,2490,0,0,0,5.3,0
C006773,397,10255.43,15,67,292,0.53,21.4,649,1,0,0,8.7,0
C002252,701,2814.28,12,57,254,0.748,14.2,2224,6,0,1,10.0,0
C001026,118,7547.46,16,80,320,0.877,17.3,418,2,0,0,7.7,0
C005422,458,3989.41,12,48,195,0.615,25.0,1303,1,0,0,4.5,0
C009672,335,20231.88,14,60,275,0.688,23.4,629,0,0,1,4.4,0
C004619,2000,4252.49,9,32,112,0.638,24.8,48,3,0,0,4.4,0
C004373,232,5353.15,18,97,330,0.429,23.1,1588,15,0,0,6.5,0
C006875,463,4127.87,12,46,204,0.967,24.8,1090,0,0,0,6.2,0
C006436,315,3953.23,19,5,330,0.879,28.4,2029,1,0,0,3.6,0
C003520,1206,4862.17,12,57,210,0.886,11.8,1456,4,0,0,6.6,0
C005688,189,3811.22,11,53,189,0.882,19.5,2405,3,0,0,5.5,0
C004839,505,4890.65,16,90,324,0.674,21.1,867,2,0,0,10.0,0
A000603,180,1789.08,16,4,78,0.145,5.4,89,22,2,2,7.6,1
C006388,100,4685.52,17,78,294,0.507,11.6,2091,2,1,0,2.1,0
C000665,102,8152.78,25,154,520,0.761,28.8,503,2,0,0,5.8,0
A000689,377,5854.57,11,6,75,0.385,5.7,110,5,2,1,3.1,1
C002890,320,6317.12,12,48,209,0.826,19.7,1850,3,0,0,4.1,0
C008986,117,5302.81,14,85,323,0.81,19.4,2596,11,0,1,4.7,0
C002971,593,3580.34,17,82,335,0.657,23.1,905,5,0,1,6.5,0
A000043,297,4650.41,21,8,66,0.734,15.0,205,1,0,2,7.3,1
C007201,600,8357.17,10,34,138,0.776,32.1,795,5,0,0,10.0,0
A000331,94,4460.47,15,5,93,0.261,9.5,142,18,1,2,4.8,1
C004899,518,6737.06,13,75,263,0.93,15.7,1840,10,1,0,4.6,0
A000562,434,7260.92,14,9,79,0.399,6.1,100,13,0,3,7.6,1
C003895,707,2642.37,17,65,237,0.419,22.0,11,0,0,1,1.5,0
C004533,256,2059.23,13,41,169,0.591,12.8,1954,2,0,1,4.7,0
C000676,361,5463.88,16,57,255,0.673,21.9,872,0,0,0,3.7,0
A000144,648,1901.25,12,5,70,0.482,4.9,469,12,0,2,5.9,1
C009748,317,5421.16,12,37,159,0.822,23.4,4318,9,0,0,2.5,0
C005913,363,16763.12,15,83,280,0.524,22.9,2704,3,0,0,3.8,0
C008296,39,3380.27,21,104,367,0.899,24.8,934,12,0,0,4.9,0
C004956,107,6967.72,24,140,606,0.566,17.4,1542,1,1,0,1.4,0
C008632,1030,2693.05,18,92,383,0.771,28.2,508,18,0,0,6.1,0
C003036,1227,5824.81,19,124,443,0.91,19.9,433,0,0,1,10.0,0
C001963,444,12000.11,18,94,323,0.637,10.3,1173,4,0,0,6.1,0
C001841,134,3715.3,12,51,194,0.681,20.3,828,2,0,0,6.5,0
C005136,838,2567.04,19,81,351,0.926,24.8,6668,0,1,0,8.3,0
C007173,227,2516.39,13,66,254,0.733,28.7,539,3,0,0,4.6,0
C009414,971,2152.94,14,69,311,0.721,14.6,1310,10,2,1,1.9,0
C006877,634,6737.23,14,64,272,0.766,17.2,315,12,0,1,6.8,0
C008752,362,5222.64,20,118,422,0.819,28.6,1328,7,0,0,2.2,0
C003321,186,4218.31,18,89,311,0.866,27.1,510,2,0,1,5.6,0
C005933,1009,9057.89,19,66,278,0.98,18.2,1590,16,0,0,7.8,0
C006714,494,11398.04,13,62,230,0.483,34.2,195,1,0,0,6.8,0
A000502,212,1665.4,19,8,58,0.37,7.0,378,5,0,2,4.8,1
C004683,551,1753.07,13,45,167,0.828,25.6,1213,2,0,0,7.7,0
C007550,30,503.24,10,49,207,0.75,13.0,614,2,0,0,5.3,0
C005808,407,5864.84,13,49,177,0.675,18.3,2231,2,0,0,4.6,0
C008386,130,6511.38,15,76,257,0.712,25.5,77,2,0,1,5.9,0
C000412,246,17276.19,11,67,235,0.717,14.3,501,4,0,0,8.3,0
C000614,545,4731.06,17,85,337,0.811,14.9,476,0,1,0,4.0,0
C000848,273,7423.11,16,82,293,0.821,17.3,115,1,0,0,9.7,0
C003711,738,3210.38,18,107,409,0.927,20.0,1178,0,0,0,8.4,0
C006356,197,6184.55,19,70,264,0.537,24.1,1599,4,0,0,9.6,0
C001431,46,2458.76,11,45,173,0.189,5.8,1450,0,0,1,6.9,0
C004084,454,1721.45,11,66,221,0.897,19.5,866,10,0,0,9.2,0
A000398,291,8322.46,17,6,44,0.863,6.7,46,6,0,1,0.0,1
C009945,181,5614.86,18,91,325,0.778,27.7,343,0,1,1,5.7,0
C004795,713,8281.38,20,81,362,0.75,13.4,2610,4,0,1,7.3,0
C004054,689,13412.67,14,75,273,0.361,21.9,408,3,0,0,8.2,0
C003464,124,2551.9,6,25,109,0.878,28.2,1339,2,0,0,0.2,0
C004217,609,5431.6,17,70,267,0.92,19.2,1052,8,0,0,6.3,0
C001418,709,4670.67,14,65,250,0.437,20.7,1865,0,0,0,2.6,0
C005039,271,2959.56,10,42,181,0.954,15.7,2027,14,1,1,1.7,0
C004337,889,5424.39,14,76,275,0.657,17.9,1312,4,2,0,10.0,0
C000605,200,4022.07,18,78,314,0.907,7.6,668,1,1,0,7.7,0
C001273,933,6238.3,16,58,215,0.651,19.2,879,9,0,0,8.6,0
C004908,124,3511.47,14,59,219,0.842,23.8,2044,0,0,0,7.1,0
C007739,303,3823.53,11,58,216,0.781,18.8,1157,0,1,0,1.9,0
C006216,948,3158.32,18,68,282,0.623,23.6,722,1,0,0,4.2,0
C003992,1218,4262.1,23,7,547,0.773,18.6,875,4,0,0,0.0,0
C007982,314,8481.82,13,68,249,0.784,23.0,657,1,0,0,8.6,0
C004809,389,16422.1,13,62,239,0.765,22.7,1038,18,0,0,3.6,0
C000248,575,16436.4,13,16,246,0.649,14.5,1487,10,1,0,9.2,0
C005273,229,4686.81,16,61,275,0.662,25.0,5555,4,0,0,10.0,0
C002901,606,4623.1,13,67,256,0.691,26.8,957,0,0,0,5.0,0
C001983,302,3481.52,22,82,353,0.647,21.0,807,1,0,0,5.7,0
C004140,341,3612.04,18,85,335,0.591,24.3,1968,1,0,0,5.2,0
C006513,467,4749.48,11,49,222,0.41,23.9,412,6,0,0,6.4,0
C000200,453,4045.79,17,74,274,0.964,16.9,4523,1,0,0,7.2,0
C004919,523,1667.68,23,92,402,0.959,29.8,4867,4,0,0,3.3,0
C000486,326,6812.99,14,63,286,0.509,22.8,1791,30,0,0,6.3,0
C002880,1441,2120.12,12,43,154,0.396,35.0,278,1,0,1,5.1,0
A000362,482,1587.48,13,11,93,0.536,5.7,269,18,0,0,5.0,1
C008867,219,9624.93,12,85,285,0.58,19.0,186,0,1,1,3.0,0
C005366,399,3520.2,15,75,287,0.525,19.9,1365,12,0,0,9.7,0
C002824,101,4868.03,20,142,513,0.642,18.9,1626,3,0,0,3.2,0
C000456,333,2189.67,17,81,331,0.841,15.2,2594,3,0,0,9.6,0
A000771,93,17097.67,10,4,37,0.422,4.5,181,11,0,0,4.7,1
C009731,798,4440.57,8,40,155,0.64,18.8,699,1,0,1,7.5,0
C003246,379,6372.41,19,100,373,0.412,9.0,432,2,0,0,4.1,0
C007931,336,3711.63,13,72,260,0.568,25.9,848,0,0,0,7.3,0
C001722,456,15703.97,21,91,334,0.822,22.3,491,7,0,0,3.9,0
C008808,147,8210.33,12,49,174,0.663,11.9,4708,0,0,0,9.0,0
C006292,167,1497.26,13,65,277,0.63,24.1,1501,13,0,0,5.9,0
C006348,728,6676.83,7,32,115,0.81,19.0,493,5,0,0,7.6,0
C009007,1137,7372.31,15,48,164,0.843,11.9,1029,6,0,0,10.0,0
C002795,407,6160.94,15,75,251,0.67,23.3,594,0,1,1,10.0,0
C005418,736,1262.44,12,54,216,0.917,23.5,850,5,1,0,5.3,0
C007021,393,15287.51,12,44,183,0.526,23.2,746,3,1,0,8.8,0
C007078,307,6017.16,15,65,247,0.915,23.7,1081,8,0,0,5.7,0
C000525,264,6498.16,14,50,211,0.604,20.8,733,0,0,0,6.2,0
C000863,381,15320.18,18,72,267,0.903,24.8,1919,3,1,0,9.9,0
C002095,325,11308.59,12,57,223,0.807,20.2,8624,4,0,0,4.5,0
C000948,356,5238.72,13,72,244,0.763,28.3,681,1,0,0,3.1,0
C006299,439,5581.45,22,119,463,0.593,26.8,1128,0,0,0,7.5,0
C001445,264,7941.1,8,45,157,0.952,33.2,129,3,0,0,7.4,0
C001281,499,7721.26,16,65,285,0.756,20.3,1176,1,0,0,8.7,0
A000340,330,10057.34,13,10,72,0.095,7.1,72,4,1,1,3.0,1
C000123,85,8832.22,11,42,170,0.852,15.8,592,0,0,0,2.3,0
C005131,225,3027.5,16,69,74,0.904,20.4,1547,0,0,0,7.4,0
C007541,232,5959.62,18,47,166,0.723,25.4,802,3,0,0,5.5,0
C004848,335,4477.47,16,83,283,0.923,8.2,1383,2,0,0,8.0,0
A000344,291,2103.59,17,8,61,0.063,8.2,62,5,0,1,4.9,1
C009096,276,1560.21,21,65,290,0.672,14.3,2221,1,1,0,6.8,0
C008642,339,3313.02,16,98,336,0.808,21.5,454,8,1,0,1.3,0
C002303,286,5211.13,11,61,218,0.5,15.4,998,4,0,0,5.1,0
C005704,66,8751.83,14,40,165,0.585,29.1,465,2,0,0,7.1,0
C009943,343,2915.96,16,92,336,0.581,24.2,2069,0,0,0,8.6,0
C008298,348,6006.18,14,53,221,0.835,28.5,2055,0,0,0,8.1,0
C002005,243,6303.2,13,52,209,0.861,23.9,1578,0,0,0,1.6,0
C009783,1227,2862.76,4,12,51,0.583,20.5,613,5,0,0,4.2,0
C009594,164,3571.62,15,59,251,0.939,29.1,2689,11,1,0,4.7,0
C001006,215,4650.75,14,68,262,0.73,24.1,1176,1,0,0,6.8,0
C007895,472,4788.62,7,40,138,0.734,17.2,1240,5,0,0,10.0,0
C009758,370,4343.33,12,56,232,0.971,16.3,295,3,0,0,6.9,0
C004092,434,3193.41,16,94,337,0.792,16.7,1197,8,0,0,2.3,0
C003056,135,7912.95,15,77,273,0.592,23.6,3230,11,0,0,4.3,0
C002886,375,12498.31,17,74,273,0.958,17.9,2810,13,0,0,6.9,0
C007433,221,4289.99,14,45,183,0.886,20.5,1829,1,1,0,8.3,0
C002133,298,5883.86,15,42,177,0.816,20.3,664,6,0,0,10.0,0
C008722,192,3343.73,13,60,274,0.975,26.5,607,5,2,0,3.7,0
C008403,367,6566.09,16,54,241,0.66,27.3,1305,7,1,0,6.9,0
A000548,263,10790.76,15,6,105,0.123,5.2,176,11,0,1,2.6,1
C004763,245,7457.58,18,107,391,0.763,23.1,995,3,1,0,4.9,0
C002058,490,4257.95,19,85,312,0.691,14.5,575,6,0,1,3.9,0
C000189,658,5481.94,12,48,190,0.967,22.3,410,4,0,0,6.6,0
C000230,408,4068.11,13,68,249,0.883,25.4,2501,11,0,0,7.5,0
C005196,731,1824.53,19,75,280,0.704,24.2,3627,10,0,0,4.5,0
C008576,253,3007.54,12,65,222,0.812,32.1,1217,0,0,0,7.5,0
A000050,363,3983.9,20,1,10,0.299,7.7,63,2,0,1,4.5,1
C007290,500,8677.87,16,77,311,0.824,14.3,1177,4,1,0,4.8,0
C008856,468,6018.51,8,30,118,0.659,19.4,2926,2,0,0,8.3,0
C003008,352,4586.41,13,72,285,0.662,20.7,461,0,0,0,5.4,0
C007337,897,8279.41,12,57,242,0.53,24.4,1847,1,0,0,8.4,0
C009225,614,12188.4,12,54,208,0.904,26.0,810,2,1,0,5.2,0
C000210,858,3805.48,11,46,180,0.82,15.7,2497,3,0,0,3.9,0
C004097,161,2303.9,12,59,251,0.671,26.2,438,5,0,0,7.4,0
C002751,166,2489.16,20,109,382,0.835,25.1,474,0,0,0,4.8,0
C007626,531,11227.96,23,91,363,0.73,22.1,919,2,0,0,4.2,0
C004247,161,16353.16,9,49,195,0.928,26.3,532,1,0,0,9.8,0
C007081,540,1474.47,13,63,272,0.803,15.1,3756,0,0,0,5.3,0
C000281,222,8992.55,20,114,390,0.84,21.4,494,12,0,0,8.3,0
C002945,679,1907.4,9,32,120,0.957,21.2,894,1,2,0,8.3,0
A000700,398,8096.99,16,18,131,0.388,5.3,81,12,1,2,2.9,1
C004618,349,6817.66,13,63,256,0.861,28.9,4841,0,0,0,0.6,0
C002719,482,4872.92,16,72,296,0.69,24.5,758,12,0,0,7.5,0
C005660,240,9208.1,14,53,234,0.825,30.7,1734,2,0,0,6.5,0
A000457,169,3465.0,20,8,118,0.886,5.6,771,7,0,1,3.3,1
C004717,258,6747.44,19,81,293,0.733,29.5,374,1,0,0,8.4,0
C001729,107,3337.53,16,57,251,0.712,16.8,2685,15,1,1,5.1,0
C009874,695,6381.45,19,87,300,0.486,15.0,690,7,1,0,3.4,0
C000338,99,10396.88,25,143,601,0.918,24.4,660,0,1,0,2.2,0
C006076,426,5682.48,15,61,253,0.614,16.5,375,9,0,0,9.0,0
C004234,138,10979.06,13,72,244,0.704,17.6,1023,12,1,0,2.9,0
C002651,943,7059.33,12,50,208,0.88,23.0,2596,7,0,0,6.3,0
C006259,322,3641.76,19,88,358,0.357,23.7,1449,2,2,0,7.8,0
C009390,485,10376.33,15,72,254,0.774,22.9,994,0,1,0,2.8,0
C008497,112,6688.92,11,54,197,0.601,28.7,2605,3,0,0,4.2,0
C006200,343,9049.12,16,99,351,0.332,25.9,3792,0,1,0,6.6,0
C006907,204,2705.22,13,72,256,0.738,23.3,809,8,0,0,4.2,0
C009491,203,9497.18,13,66,263,0.855,24.2,768,4,0,0,2.5,0
C003483,1432,3173.67,14,74,304,0.858,15.0,1512,0,0,0,10.0,0
C001227,280,8638.53,17,86,325,0.82,15.4,3750,0,1,0,2.7,0
C004476,337,7113.8,12,64,229,0.511,29.0,1545,3,1,1,7.1,0
A000040,241,20056.19,12,3,26,0.235,4.4,178,5,1,1,4.1,1
C002145,228,1247.52,14,65,234,0.688,30.9,1455,1,1,0,7.6,0
C009673,136,6607.71,14,61,266,0.75,26.1,1932,3,0,0,2.2,0
C005080,55,2748.93,14,73,245,0.781,25.4,417,0,1,0,6.3,0
C002112,369,4529.98,20,86,300,0.619,18.6,914,0,1,1,4.7,0
C009986,374,1332.5,15,52,221,0.769,25.3,910,12,0,0,8.0,0
C006829,883,24261.69,17,78,271,0.845,20.7,1249,2,0,0,9.4,0
C004378,235,2990.13,10,45,187,0.586,23.4,466,4,0,0,4.6,0
C005637,183,4171.03,14,80,323,0.507,19.0,807,1,0,0,3.6,0
C003111,382,8180.39,13,64,246,0.439,22.8,1486,0,0,0,3.2,0
C005023,48,5583.14,11,50,228,0.605,16.3,7142,5,1,0,8.8,0
C001018,181,12592.98,13,47,200,0.846,24.2,1866,4,0,0,7.9,0
A000071,358,10553.37,9,3,49,0.113,6.1,127,30,1,1,3.7,1
C000182,352,10003.74,19,96,370,0.768,18.5,1062,3,0,0,8.6,0
C006113,273,11398.94,18,106,384,0.717,13.2,402,4,0,0,1.8,0
C001929,274,9948.91,15,75,315,0.746,25.6,657,5,0,0,0.7,0
A000468,362,12649.97,11,13,112,0.1,4.1,250,23,0,1,3.1,1
C000351,700,2893.49,16,89,329,0.653,18.9,3686,8,0,0,7.6,0
C004098,194,6679.38,15,61,261,0.534,20.2,1388,6,0,0,8.3,0
C002202,817,5245.35,16,76,273,0.723,32.5,462,1,1,0,6.4,0
C009521,62,4400.13,8,43,154,0.813,20.7,1578,0,0,0,6.2,0
C001935,817,1464.21,16,50,211,0.732,15.7,372,9,0,0,6.2,0
C005329,140,4421.27,19,101,358,0.768,14.1,426,1,0,0,5.3,0
C008302,969,2569.32,17,90,325,0.817,10.6,2508,4,0,1,1.2,0
A000518,285,2213.75,12,4,38,0.195,7.3,39,3,0,0,2.4,1
C006214,236,8370.21,15,56,247,0.937,34.3,1124,4,0,0,9.8,0
C004903,414,7015.22,11,49,171,0.578,18.0,167,1,0,0,6.1,0
C006139,39,7001.22,15,71,250,0.563,28.8,1067,1,0,0,4.4,0
C000565,364,3294.48,8,41,122,0.353,31.0,3042,3,0,0,10.0,0
C001583,112,1907.37,10,51,211,0.552,20.3,829,5,0,0,8.1,0
C006046,380,10570.49,25,104,388,0.548,22.7,280,7,0,0,7.4,0
C002176,50,6134.21,15,59,236,0.858,25.5,945,2,1,0,9.4,0
C005946,1388,8398.16,12,50,191,0.176,24.8,483,6,0,0,9.9,0
C002541,184,7337.72,24,96,361,0.852,21.1,887,2,0,0,4.4,0
A000013,464,12065.42,11,1,18,0.218,3.8,101,8,1,1,1.1,1
C005546,358,10263.25,15,70,245,0.814,17.8,749,4,0,0,2.9,0
C007862,285,2107.21,18,86,305,0.782,10.9,1103,8,1,0,3.4,0
C002708,575,9667.57,16,91,370,0.685,36.6,3061,1,0,0,5.2,0
C003373,214,2394.41,11,48,186,0.814,24.1,596,3,0,0,5.6,0
A000852,463,6830.28,16,8,124,0.335,7.6,142,29,1,0,1.6,1
C002229,211,8388.29,14,87,308,0.741,26.1,358,15,0,0,4.8,0
C001116,103,17162.2,23,121,406,0.498,16.6,1744,5,1,0,1.6,0
C004984,640,6159.5,15,79,279,0.882,19.8,4634,0,1,0,8.6,0
C005034,425,5983.19,31,157,537,0.574,15.3,1648,1,2,0,7.4,0
C004190,224,2191.57,14,62,240,0.803,18.1,1093,1,0,0,6.9,0
C004082,235,5382.92,18,73,257,0.749,27.7,2601,0,0,0,8.9,0
C004506,509,13331.71,9,35,139,0.933,17.2,3315,3,0,0,5.0,0
C006158,209,6658.19,19,79,335,0.822,21.4,727,5,0,0,6.8,0
C006914,955,3052.99,15,54,229,0.714,25.4,2017,8,0,0,2.8,0
C009934,740,26175.15,23,90,349,0.735,23.2,894,1,0,0,5.3,0
C009793,227,8206.91,16,65,250,0.599,20.6,331,4,2,0,1.2,0
C003430,318,4251.06,18,99,339,0.554,24.3,1599,13,0,0,7.4,0
C000822,270,6971.0,14,64,242,0.96,28.1,2630,9,1,0,5.3,0
C002064,297,4495.68,15,84,352,0.738,26.0,952,11,1,0,5.2,0
C002273,1077,5864.0,18,74,331,0.663,23.8,492,4,1,0,4.0,0
C006769,253,5800.51,17,98,340,0.783,23.0,1666,6,0,0,4.6,0
C000082,657,6569.21,16,89,318,0.836,24.7,1887,3,0,0,9.5,0
C001324,232,3514.87,16,89,309,0.489,13.7,411,2,0,0,3.9,0
C006448,973,3217.02,19,103,393,0.67,24.9,1275,4,0,1,5.6,0
C009603,158,4494.28,7,25,114,0.654,20.6,3871,0,0,0,5.1,0
C001615,462,12481.87,17,95,331,0.933,35.6,3453,9,0,0,5.3,0
C002698,566,4972.79,22,131,438,0.778,25.6,579,2,0,0,6.0,0
C000832,366,4459.13,16,69,259,0.735,16.8,1338,10,0,0,10.0,0
C005815,438,2918.55,14,57,259,0.439,32.3,2866,0,0,0,9.0,0
C009721,590,4791.55,20,120,429,0.556,25.3,576,1,0,0,4.1,0
A000073,1822,1484.04,10,4,49,0.24,7.6,47,15,0,1,1.4,1
C002421,378,2468.08,15,68,265,0.926,25.0,1655,0,0,0,3.0,0
C005441,757,2807.15,15,73,258,0.769,34.7,2990,10,0,0,2.4,0
C006530,158,1303.31,19,101,349,0.575,26.4,932,1,0,0,9.8,0
C002834,242,4126.28,21,152,513,0.608,19.1,574,5,0,0,7.7,0
C006490,483,8548.85,20,110,408,0.51,21.1,1468,3,2,0,4.1,0
C007938,518,12816.9,18,118,510,0.828,20.7,2827,6,0,0,2.6,0
C004101,138,3356.43,10,61,206,0.58,23.8,1185,2,0,0,4.8,0
C001650,666,7401.77,11,53,213,0.699,23.7,695,0,0,0,5.1,0
A000712,193,1986.58,18,2,32,0.392,5.4,88,3,0,1,4.6,1
C004711,217,10987.58,8,39,158,0.561,30.1,457,2,0,1,5.8,0
C003996,282,35172.01,10,35,138,0.766,25.6,1221,0,3,0,5.2,0
C008128,438,5038.83,19,80,325,0.852,23.4,4059,1,0,0,6.9,0
A000282,117,2432.07,14,5,75,0.62,6.3,19,26,1,3,7.5,1
C008440,1237,5559.45,20,100,367,0.706,21.5,3452,8,1,0,3.4,0
C005715,638,2226.26,15,54,216,0.621,23.7,283,1,1,0,8.8,0
C008293,327,2440.5,12,53,232,0.535,15.2,980,2,0,0,7.9,0
C006358,74,8060.88,15,69,241,0.696,28.4,1091,0,1,1,5.4,0
C002690,499,2381.53,14,57,204,0.478,21.5,2091,17,0,0,4.5,0
C009366,147,6749.12,17,91,328,0.586,26.5,1815,4,0,0,8.6,0
C003609,343,9060.68,12,41,189,0.63,19.3,867,0,0,0,7.6,0
C000750,246,7743.71,14,67,246,0.722,23.1,1118,3,0,0,0.9,0
C009829,454,936.89,11,66,265,0.631,20.1,696,2,0,0,5.6,0
C002374,667,10960.6,12,69,278,0.596,23.4,1549,1,0,0,6.1,0
C002443,346,8278.18,11,51,189,0.762,21.2,745,3,1,0,3.2,0
C005717,183,1832.86,14,61,211,0.131,21.1,35,0,1,0,5.9,0
A000388,397,1933.41,16,5,40,0.173,7.8,17,30,0,2,2.8,1
C002759,647,5370.16,17,75,289,0.8,23.4,7435,0,1,0,4.0,0
C009670,632,4797.71,18,55,228,0.37,27.8,3484,9,0,0,0.5,0
C006146,1306,2858.68,14,4,204,0.874,26.5,77,4,0,0,1.2,0
C009213,383,6909.62,15,82,314,0.656,26.1,2284,1,0,0,1.9,0
C006130,416,3422.46,19,76,289,0.887,18.2,963,0,0,0,10.0,0
C008154,206,28356.8,18,77,260,0.882,21.4,1710,3,2,0,10.0,0
C004599,779,32450.33,15,86,327,0.743,11.3,1443,2,0,0,10.0,0
C005663,96,3712.88,17,75,286,0.753,18.3,110,1,0,0,8.8,0
C004831,260,8880.34,14,57,235,0.573,14.6,4465,6,0,0,2.3,0
C006707,820,500.0,16,61,274,0.641,13.0,938,1,0,1,2.8,0
C009649,496,1360.53,15,78,292,0.821,26.6,1985,1,0,0,7.0,0
C005837,430,6060.0,17,90,318,0.919,18.9,106,4,1,1,10.0,0
C005858,468,500.0,12,57,199,0.648,20.2,2401,4,0,0,6.2,0
A000096,54,4418.9,16,6,96,0.462,7.3,33,30,0,1,1.3,1
C009600,450,10625.42,13,94,318,0.81,27.2,2419,6,0,0,4.8,0
C001140,787,3673.97,16,88,366,0.877,12.3,2474,4,0,0,2.5,0
C008716,396,2424.68,15,74,263,0.843,16.8,1136,7,0,0,7.8,0
C002232,542,6199.36,11,62,212,0.659,14.9,1967,0,0,0,1.6,0
C002165,368,3202.0,18,87,352,0.765,36.2,1746,0,1,0,8.3,0
C002887,1523,1640.62,14,73,252,0.797,18.3,2584,2,1,0,7.4,0
C006496,671,4708.67,13,59,257,0.508,18.8,529,8,0,0,1.6,0
C007776,409,2655.68,22,110,472,0.721,20.6,925,6,0,0,10.0,0
C002778,458,1672.19,16,80,302,0.794,35.0,428,2,0,0,10.0,0
C007083,355,4806.74,17,57,222,0.815,29.0,1428,4,0,0,2.3,0
C003687,325,7156.47,14,42,161,0.551,18.6,263,4,0,1,5.2,0
C001571,324,13665.03,19,51,233,0.577,38.0,778,5,0,0,5.2,0
C000173,574,4156.82,18,83,370,0.768,16.5,920,4,1,0,1.1,0
C000640,995,5160.92,15,66,264,0.705,18.0,2470,3,0,0,8.5,0
C004396,304,20250.37,15,66,249,0.636,24.6,548,9,0,0,7.8,0
C002088,650,7630.63,20,9,103,0.343,15.0,1265,2,0,0,0.1,0
C003129,310,2586.91,13,62,210,0.531,23.8,4253,6,0,0,3.4,0
C002401,279,5619.75,15,83,285,0.587,20.8,419,0,0,1,8.4,0
C007839,194,5270.67,14,57,241,0.914,25.1,3289,3,0,0,1.6,0
C001144,30,9051.66,20,96,382,0.709,23.4,479,4,1,0,5.8,0
C007701,551,2309.72,15,75,311,0.67,27.7,2003,0,0,0,10.0,0
C004829,90,4971.94,10,53,228,0.942,17.6,2083,4,0,0,7.7,0
C006002,494,1292.01,15,61,259,0.854,22.8,546,0,0,0,8.1,0
C009229,377,4474.04,15,92,324,0.479,14.5,528,12,0,0,5.9,0
C009962,670,19359.06,13,70,256,0.858,27.9,1403,20,0,0,3.8,0
C001833,575,15868.6,16,62,279,0.886,22.2,1710,0,0,0,10.0,0
C006233,633,2491.37,13,48,189,0.851,16.4,1461,4,0,0,5.4,0
C005170,245,4331.45,12,59,205,0.676,19.2,296,0,0,1,8.0,0
C007614,328,3687.38,16,110,368,0.872,19.1,6104,0,0,0,6.0,0
A000045,282,5375.01,14,10,88,0.511,3.5,14,22,0,2,3.9,1
C008374,582,10910.31,13,51,221,0.706,11.3,1172,0,0,1,10.0,0
C005373,410,1664.53,20,76,345,0.94,23.3,623,11,0,0,8.6,0
C004672,270,8032.31,21,95,420,0.859,25.2,1185,2,1,0,4.9,0
C007792,541,6331.54,19,100,384,0.677,28.7,6048,2,1,0,6.6,0
C009970,246,1231.35,16,112,381,0.689,19.0,8419,1,0,0,8.4,0
C000835,714,3334.45,17,83,346,0.594,23.8,424,1,0,0,4.5,0
C002487,771,10875.87,17,55,198,0.714,23.8,436,14,0,0,7.7,0
C008248,444,7966.81,14,61,261,0.413,16.8,2254,1,0,0,3.4,0
C009764,387,9521.63,13,83,302,0.838,16.9,1175,16,0,0,10.0,0
C005530,958,3713.67,19,77,323,0.609,31.8,671,2,0,1,4.3,0
C004090,558,5875.66,9,49,179,0.826,15.7,1065,0,0,0,4.0,0
C004627,374,5193.81,13,54,201,0.977,26.9,452,1,0,0,3.9,0
C009652,170,6478.55,14,76,300,0.852,20.1,891,15,0,0,3.9,0
C000820,359,20420.06,12,72,246,0.83,23.1,935,1,1,0,4.5,0
C000066,583,10410.0,20,89,393,0.473,15.0,178,1,0,0,5.1,0
C004254,416,8938.66,17,76,322,0.945,18.0,577,3,0,0,10.0,0
C006857,1121,5743.15,13,44,197,0.824,22.4,610,7,1,0,10.0,0
C002025,209,5380.06,11,59,235,0.639,25.1,899,13,1,0,9.2,0
C006192,321,6391.16,10,45,180,0.827,23.8,645,1,0,0,10.0,0
C000355,765,2313.18,6,27,121,0.757,17.4,1886,3,0,0,8.7,0
A000220,215,4426.5,18,11,151,0.053,7.0,307,7,0,0,3.1,1
C004950,270,2879.06,17,73,318,0.598,34.0,322,0,0,0,6.2,0
C006843,471,14394.98,15,70,315,0.602,16.3,1570,5,0,0,3.0,0
C001809,582,3096.96,12,48,188,0.644,30.3,2248,7,0,0,0.0,0
A000088,443,4584.21,12,8,72,0.03,4.9,156,4,0,1,2.1,1
C004481,481,2170.24,15,60,256,0.648,25.0,5948,0,0,0,6.5,0
C005029,85,5998.31,17,99,370,0.57,17.3,1145,17,0,1,3.4,0
C008941,1076,2223.92,14,74,252,0.848,19.8,2482,1,0,1,8.8,0
A000863,387,6371.24,10,0,9,0.384,5.2,150,3,0,0,3.7,1
C006840,92,18062.92,17,100,408,0.771,19.6,923,0,0,1,6.8,0
C009506,662,2070.11,15,67,297,0.648,25.3,841,1,0,0,9.8,0
C004138,179,8123.4,19,90,409,0.557,19.6,1871,0,0,0,9.7,0
C000473,448,6077.92,17,99,335,0.853,19.5,554,1,0,0,7.7,0
C008069,477,3955.23,14,51,205,0.756,11.9,531,3,0,0,4.7,0
C003128,259,3479.48,18,63,282,0.801,27.1,454,2,0,0,4.2,0
C003738,422,6847.64,14,60,222,0.879,15.9,563,17,1,1,3.3,0
C006420,483,13659.13,19,86,295,0.887,18.0,1397,2,0,0,10.0,0
C007234,553,9356.43,8,33,150,0.807,21.5,1667,9,0,0,4.9,0
C007634,242,4695.46,16,57,217,0.645,23.6,834,3,0,0,4.7,0
C006741,307,10870.04,21,111,400,0.812,26.8,2315,0,0,0,5.3,0
C000869,135,1413.9,14,54,6,0.867,11.3,2873,9,1,0,3.3,0
A000554,899,17632.05,21,13,102,0.24,5.0,41,4,1,2,2.1,1
C004783,111,5600.12,13,63,217,0.472,26.1,937,10,1,0,3.9,0
C008522,387,10695.2,11,30,133,0.728,2.7,507,0,0,0,2.8,0
C001507,466,2961.4,13,79,278,0.565,21.2,1527,1,0,0,0.8,0
A000196,150,10497.02,16,7,58,0.485,4.0,240,19,0,1,3.2,1
C007415,395,3724.08,11,46,179,0.751,22.9,542,1,1,0,4.3,0
C006228,1621,6115.44,14,60,270,0.806,13.7,292,2,0,0,9.5,0
C003729,101,2904.46,19,85,310,0.935,20.8,3065,5,0,0,3.5,0
C007301,339,5761.53,11,41,170,0.612,19.4,306,12,0,0,9.3,0
C005852,239,2699.33,15,57,239,0.61,16.9,1170,1,0,1,7.2,0
C002771,572,13928.88,13,76,284,0.387,26.2,790,1,0,0,10.0,0
A000267,392,13108.46,15,5,60,0.265,4.7,11,9,1,1,1.8,1
C008024,428,4234.2,9,29,126,0.548,31.2,190,10,0,1,6.7,0
C006413,234,4829.11,17,96,401,0.728,25.5,1911,11,0,0,2.3,0
C004793,419,7295.88,13,59,232,0.755,17.9,650,3,0,0,2.0,0
C001076,846,1917.08,13,53,239,0.773,29.7,1107,13,0,0,5.1,0
C003888,570,5050.26,13,54,185,0.928,22.9,2179,5,0,0,8.9,0
A000902,1036,1840.85,7,3,52,0.251,6.1,165,4,1,0,4.8,1
C009609,51,11542.26,18,76,337,0.698,31.1,162,0,0,0,4.7,0
C003210,377,7057.26,17,75,338,0.919,22.7,1129,10,0,1,9.1,0
C005849,996,4743.73,13,62,244,0.635,25.2,1392,0,1,0,3.6,0
C001400,264,3645.34,18,55,231,0.519,11.7,2097,6,0,0,5.9,0
C006498,598,2998.01,11,45,207,0.914,25.5,4802,0,0,0,5.3,0
A000410,591,3021.84,14,5,102,0.449,7.1,519,24,1,2,3.6,1
C005799,237,6193.2,14,39,176,0.629,32.3,2034,4,0,0,10.0,0
A000576,543,7047.18,17,3,30,0.145,3.7,537,3,0,2,5.4,1
C007740,163,5970.1,6,31,128,0.959,18.8,851,6,0,0,8.4,0
C002380,475,3652.37,18,65,269,0.785,18.4,2391,6,0,0,5.0,0
C008388,111,4771.43,7,32,126,0.668,13.4,1380,5,0,0,0.8,0
C001603,413,3480.84,16,87,322,0.462,26.5,959,4,0,0,7.7,0
C009437,215,33825.22,12,47,195,0.822,32.5,2104,0,0,0,6.7,0
C000074,746,6796.14,14,52,196,0.842,31.7,1102,0,1,0,3.1,0
C004953,669,13027.37,20,88,314,0.689,15.5,3302,1,0,0,2.8,0
C004504,292,4379.98,13,60,211,0.846,22.1,989,3,0,0,4.2,0
C005327,1108,8033.34,13,57,245,0.764,21.4,297,18,0,0,6.8,0
C008148,1093,2825.63,17,87,374,0.886,18.9,751,2,0,0,8.9,0
C003429,959,10268.55,13,53,219,0.595,23.2,2749,2,0,0,8.9,0
C005345,177,3463.69,19,91,326,0.743,17.8,1990,0,1,0,5.4,0
C001102,242,3932.02,19,71,244,0.641,27.9,6203,1,0,0,4.7,0
C004353,224,4239.16,12,41,169,0.693,24.9,2737,4,0,0,3.8,0
A000490,433,1459.33,21,6,51,0.059,6.2,194,11,0,0,5.2,1
C007096,231,1956.78,19,88,373,0.618,12.3,3733,11,0,0,3.4,0
C000314,284,2249.32,16,86,313,0.798,26.6,566,0,1,0,8.0,0
C008445,256,2035.11,14,79,327,0.575,18.1,1833,10,0,0,9.0,0
C003558,435,5784.08,16,99,371,0.844,22.0,2274,0,0,0,4.7,0
C004709,185,1358.64,15,51,227,0.805,27.4,2687,6,0,0,5.8,0
C007766,194,37173.68,16,63,285,0.624,25.5,1352,1,0,0,9.3,0
C000119,52,15545.36,18,86,320,0.538,27.5,1357,2,1,0,1.2,0
C002023,241,10667.27,22,141,509,0.802,20.7,620,3,0,0,6.1,0
A000865,798,2296.59,19,15,118,0.17,6.8,115,12,1,1,6.4,1
C004440,261,2572.92,11,51,187,0.556,27.9,260,9,0,1,8.0,0
C007704,181,1100.56,13,72,286,0.741,22.6,809,7,1,0,4.9,0
C002035,210,4275.47,20,95,374,0.775,18.2,1130,1,0,0,5.4,0
C006276,240,9390.34,15,94,351,0.519,15.9,853,0,0,0,2.7,0
C002857,111,3224.12,16,112,419,0.727,18.1,120,1,2,0,3.2,0
C009565,910,800.65,11,51,184,0.827,14.1,1826,3,0,0,7.7,0
C008333,610,4357.86,14,55,248,0.699,21.4,1338,6,0,0,4.6,0
C001220,717,3536.58,13,35,131,0.526,21.5,793,1,0,0,8.5,0
C007677,295,3898.43,13,81,274,0.719,17.9,2547,2,0,0,3.8,0
C006828,999,16816.96,17,80,290,0.886,19.5,1522,10,1,0,6.3,0
C009035,944,3944.08,17,76,260,0.91,16.6,3790,2,0,1,5.5,0
C004177,386,14321.7,13,84,300,0.805,16.2,614,1,0,0,5.4,0
C002511,346,5936.14,14,54,85,0.242,27.3,1590,5,0,0,4.3,0
C005226,473,6258.02,19,92,324,0.555,21.9,2041,6,0,0,3.7,0
C008275,274,5394.53,18,91,333,0.58,21.8,6901,3,0,0,7.4,0
C005026,182,3263.52,9,53,199,0.623,16.4,981,0,0,0,5.1,0
C009049,206,8198.71,21,97,387,0.774,15.4,723,5,1,0,3.2,0
C009716,37,1360.33,11,53,179,0.816,12.1,1052,3,0,0,5.2,0
C008271,31,1121.26,16,61,274,0.738,20.4,257,0,1,0,8.6,0
C004421,923,4289.52,17,80,295,0.491,16.8,1371,1,0,0,6.9,0
C000178,660,3901.33,16,101,357,0.739,30.9,1097,1,1,1,2.8,0
C001644,709,4490.86,11,43,166,0.859,22.7,573,0,1,0,9.0,0
A000826,947,1430.79,25,14,110,0.68,15.1,39,0,0,1,6.9,1
C008524,477,5663.62,9,36,150,0.476,22.5,562,6,0,0,7.6,0
C004225,265,5143.8,10,46,166,0.921,12.8,1298,1,0,0,3.2,0
C001375,676,10148.43,16,100,346,0.619,25.7,3497,8,0,0,4.5,0
C001721,919,717.79,12,48,204,0.419,30.1,1220,5,0,1,4.5,0
A000184,725,1480.97,12,9,70,0.222,5.8,177,29,1,2,10.0,1
C007772,466,6772.73,15,67,251,0.5,21.0,2431,2,0,0,9.4,0
C002265,603,4576.99,26,120,429,0.149,18.2,886,0,2,0,0.0,0
C000088,975,3697.14,17,55,236,0.91,18.4,362,5,0,1,5.7,0
A000369,233,2998.94,11,10,79,0.367,4.7,121,5,2,0,10.0,1
C005975,252,10815.91,20,98,383,0.684,26.9,544,12,0,0,0.0,0
C003383,397,4385.46,15,49,218,0.859,33.3,809,5,0,0,6.2,0
C006502,143,10069.36,13,69,260,0.83,18.5,725,13,1,0,3.9,0
C009576,389,5004.19,13,52,205,0.852,27.1,1348,4,1,0,10.0,0
C000404,729,3947.22,17,100,374,0.702,16.2,997,1,0,0,8.0,0
C004348,251,6517.05,20,101,406,0.881,23.6,2116,2,0,0,8.3,0
C003351,643,1363.76,12,61,219,0.786,10.8,861,6,0,0,8.3,0
C009569,122,3605.71,12,55,244,0.658,25.7,974,5,2,0,8.9,0
C004113,509,7990.13,22,73,320,0.721,20.1,1820,2,0,0,8.3,0
C007389,981,9392.57,20,85,377,0.859,15.7,383,2,0,0,8.4,0
C008261,816,2027.23,14,72,255,0.716,15.8,1043,1,0,1,5.1,0
A000185,1344,3817.88,20,4,78,0.143,9.0,132,2,2,1,2.3,1
A000309,374,4469.18,15,11,97,0.178,5.5,71,1,1,0,8.3,1
C007560,589,3413.16,22,93,367,0.955,29.4,4088,2,0,0,4.1,0
C002457,469,2289.61,9,33,130,0.944,17.9,2787,7,0,0,5.3,0
C004081,533,33952.18,18,71,277,0.766,17.3,1443,3,0,0,8.6,0
C009985,94,911.44,23,105,428,0.557,14.7,2831,6,0,0,2.2,0
C002215,52,14675.48,11,49,187,0.896,24.6,269,9,0,0,6.9,0
C001028,313,2093.69,14,67,261,0.872,24.7,1763,3,0,1,5.3,0
A000671,30,2362.68,13,3,79,0.499,3.9,134,0,0,1,0.2,1
C001422,424,7813.68,10,28,128,0.826,27.0,1470,0,0,0,9.8,0
C002437,694,5617.12,17,99,366,0.13,24.6,2061,30,0,1,6.2,0
A000779,360,7297.58,14,10,90,0.141,5.3,34,0,0,0,8.0,1
C006774,66,2485.1,17,67,283,0.57,26.1,2346,3,0,0,5.1,0
C010007,379,8198.78,17,73,277,0.571,18.2,3318,2,0,0,3.4,0
C001279,585,1310.61,13,53,178,0.81,19.0,3661,1,1,0,8.4,0
C005295,708,5865.49,14,65,289,0.855,20.7,1221,5,1,0,5.3,0
A000594,639,2570.32,11,6,63,0.11,7.3,30,4,1,1,4.7,1
C002761,213,7670.45,19,74,303,0.827,23.1,932,6,0,0,8.9,0
C005984,82,2294.7,20,114,452,0.807,18.8,793,5,1,0,5.7,0
C006178,559,6437.97,13,71,256,0.638,14.3,1042,4,0,1,5.1,0
C008032,896,4339.92,19,92,339,0.541,20.6,4520,3,0,0,9.5,0
C001979,238,2586.89,15,54,207,0.969,22.6,1180,9,1,1,8.4,0
C001062,214,5540.03,13,47,183,0.769,22.8,776,2,0,0,7.8,0
A000213,405,4740.57,11,7,69,0.567,5.9,146,19,0,1,5.9,1
C001426,142,5110.33,16,67,264,0.873,16.3,1588,2,0,0,3.6,0
C008360,1058,6476.48,15,77,310,0.407,28.2,392,3,0,0,7.7,0
C009841,480,5565.54,6,25,101,0.822,17.1,1823,0,1,0,6.5,0
C005580,114,8204.66,12,60,258,0.763,32.6,4203,10,1,0,9.5,0
C001503,938,10616.73,18,101,387,0.85,24.3,1929,6,1,0,3.6,0
A000710,562,2196.24,12,4,55,0.419,6.5,220,15,1,3,0.0,1
C009439,995,6071.89,21,118,461,0.449,16.3,242,1,2,1,9.3,0
C004027,245,12257.42,13,58,257,0.534,28.1,602,1,0,0,8.7,0
C008471,223,1504.79,19,110,439,0.15,30.9,854,1,1,1,7.9,0
C009456,789,5649.5,14,38,148,0.568,19.2,1794,12,1,0,4.3,0
C008749,1064,4012.92,16,42,188,0.768,10.9,2811,4,0,1,1.4,0
C000679,527,5607.16,5,23,104,0.631,21.3,729,1,0,0,3.2,0
C002578,376,4373.5,15,90,324,0.782,30.4,4407,2,0,1,4.4,0
C005564,1033,2978.89,13,7,110,0.714,23.9,1072,19,0,0,5.3,0
C003099,429,3403.34,15,59,219,0.58,21.1,276,0,0,0,7.6,0
A000550,44,8998.48,10,10,315,0.566,21.0,146,15,1,1,6.2,1
C008684,497,2020.88,19,96,380,0.766,15.4,2541,3,0,0,6.9,0
C007745,695,3478.71,19,65,286,0.719,16.6,2870,0,0,0,2.2,0
C007609,319,7138.57,8,41,172,0.914,24.6,248,7,1,0,5.4,0
C000103,206,5524.86,15,67,296,0.877,28.2,2542,1,0,0,4.2,0
C000958,151,2538.15,15,61,220,0.559,26.0,524,0,0,0,4.2,0
C005970,211,5737.53,16,71,285,0.617,20.3,1720,4,0,0,3.8,0
C004792,591,7041.77,12,46,208,0.776,27.3,2063,1,0,0,3.3,0
C009295,616,10492.93,15,64,229,0.546,22.1,1292,3,0,1,3.4,0
C001071,205,2781.73,15,60,274,0.743,30.8,2370,2,0,1,8.0,0
C004011,446,4030.47,8,37,147,0.676,17.4,969,4,0,0,8.6,0
C002689,238,1965.31,13,57,201,0.609,23.2,654,1,0,0,4.6,0
C003920,91,4910.21,22,107,402,0.55,16.1,1351,5,0,1,4.5,0
C007963,514,8963.59,13,54,234,0.597,7.3,883,0,0,0,7.7,0
C009163,183,25885.61,16,47,198,0.755,6.3,1629,18,0,0,6.2,0
C003393,492,7186.74,13,59,232,0.608,13.7,1938,0,0,1,9.5,0
C005413,280,2898.57,22,91,317,0.256,23.8,1066,4,0,0,8.4,0
C008780,134,6722.6,11,53,190,0.552,8.6,1343,6,0,0,5.7,0
A000293,263,5531.57,13,5,66,0.437,8.5,76,7,3,2,5.2,1
C003283,931,6712.85,19,106,378,0.581,14.6,1858,0,1,0,5.7,0
C007268,1324,2831.63,16,59,205,0.844,16.3,1184,0,0,1,10.0,0
C007343,554,3482.32,20,84,342,0.887,22.1,1399,8,0,0,3.3,0
C000419,808,3821.59,12,63,267,0.714,21.8,4142,12,0,1,3.1,0
C005897,167,3256.48,15,56,232,0.668,24.4,1310,2,0,0,10.0,0
C008917,951,5001.33,16,65,271,0.504,27.2,2495,3,2,0,10.0,0
C007132,591,5040.71,16,86,354,0.594,17.6,815,2,1,0,8.8,0
C001948,134,4198.08,21,96,416,0.91,22.2,989,0,1,0,6.4,0
C002319,248,5175.32,15,74,272,0.561,23.1,3113,2,0,0,9.8,0
C007953,127,5286.86,14,46,208,0.589,16.0,2754,7,1,0,0.0,0
C002300,557,15689.89,18,106,372,0.771,19.1,2254,0,0,0,8.2,0
C006449,574,5168.43,17,90,310,0.758,28.3,272,1,0,0,9.0,0
C007372,421,7247.35,15,58,231,0.645,18.3,1427,1,1,0,10.0,0
C009613,795,23845.21,13,62,263,0.806,26.6,2138,16,0,1,6.6,0
C000209,444,6460.6,14,67,232,0.573,29.5,1464,2,0,0,7.5,0
A000020,316,7247.01,17,9,75,0.429,5.7,186,1,0,2,0.0,1
C006121,201,7904.45,13,61,264,0.383,18.6,455,3,2,0,5.8,0
C007195,374,13667.04,19,82,313,0.475,25.5,253,0,1,0,9.3,0
C005944,761,6086.78,14,49,221,0.689,19.6,1077,12,0,0,9.7,0
C005227,782,4396.21,8,35,160,0.741,28.1,741,2,0,0,5.6,0
C000529,127,3928.36,15,75,329,0.656,15.9,405,9,0,0,5.0,0
C001234,364,4387.83,14,76,263,0.633,23.9,439,4,0,0,4.4,0
C000780,434,8688.48,12,58,194,0.628,11.6,1153,3,0,0,5.7,0
C000723,472,10383.57,10,29,125,0.304,11.0,2655,0,0,0,7.7,0
C003942,641,2704.29,10,49,201,0.67,28.1,1059,3,0,0,5.8,0
C009858,302,10836.65,12,5,241,0.315,21.8,1990,3,0,0,7.2,0
C007539,220,3901.74,11,42,192,0.873,21.8,1155,8,0,1,6.7,0
C001861,298,6368.55,11,67,243,0.674,23.7,5665,8,0,0,10.0,0
C009286,550,3621.8,17,83,369,0.698,15.9,1309,5,0,1,6.9,0
A000514,1358,1067.81,18,14,110,0.196,5.7,77,19,0,0,0.2,1
C009330,512,4804.11,13,55,213,0.607,18.1,1183,10,0,0,3.8,0
C003871,386,2905.07,15,54,221,0.642,10.1,711,0,0,0,6.6,0
C001993,466,16326.86,14,56,201,0.77,12.8,876,2,0,0,4.6,0
C002333,216,6036.45,23,98,341,0.69,26.4,1400,0,0,1,8.2,0
C008996,416,8563.05,19,82,374,0.668,25.4,583,1,0,0,6.9,0
C009991,359,12665.17,14,63,270,0.933,25.3,400,0,0,0,7.3,0
C006652,570,8975.75,14,69,279,0.776,17.1,2064,1,0,1,5.9,0
C008299,282,2612.29,14,55,187,0.763,30.5,127,0,0,0,4.0,0
C003781,556,5252.12,11,59,203,0.85,24.0,3235,1,1,0,7.3,0
C002022,458,2846.18,14,96,348,0.814,20.2,827,0,0,0,0.3,0
C003460,339,1774.09,13,52,228,0.767,32.4,3753,3,0,0,8.0,0
C000429,231,2138.09,15,7,302,0.109,12.9,1091,9,1,0,2.1,0
C002472,383,1637.02,12,72,242,0.516,28.5,73,0,0,1,3.0,0
C007435,375,2102.5,16,72,302,0.842,27.1,1227,8,0,1,5.4,0
C006423,507,12812.1,14,63,222,0.445,20.8,1386,3,0,0,4.6,0
C009754,821,3861.32,16,75,298,0.808,17.6,1376,3,0,0,8.0,0
C005653,356,1555.92,14,71,250,0.608,21.9,2449,9,0,0,4.9,0
C005724,246,8990.19,10,52,184,0.451,22.1,653,2,0,0,5.6,0
C001397,70,5147.41,13,61,241,0.813,20.8,1059,8,0,0,10.0,0
C001490,1427,6405.24,21,86,342,0.504,17.7,4206,8,0,0,6.9,0
C007920,366,3228.72,17,89,302,0.601,19.8,865,5,0,0,10.0,0
C002885,803,1330.89,10,56,199,0.847,26.3,455,1,0,0,8.7,0
C004437,371,6536.34,14,51,184,0.733,29.5,1333,0,0,1,5.7,0
C001043,415,1206.48,7,27,105,0.434,17.5,1801,4,0,0,6.9,0
C004983,701,1066.1,22,110,383,0.936,19.9,289,4,0,0,6.4,0
C000574,602,1020.07,11,54,220,0.789,30.4,831,4,0,0,5.3,0
C009186,136,5201.66,19,131,475,0.848,22.3,333,2,0,0,5.4,0
C000258,105,23987.48,16,68,266,0.724,24.2,5025,2,1,0,7.9,0
C009707,303,8419.95,19,88,296,0.95,16.4,1188,10,0,0,1.8,0
C008521,504,8076.38,17,76,274,0.664,30.9,165,0,0,0,1.0,0
C009494,655,3388.27,8,29,116,0.847,25.0,2229,1,0,1,9.4,0
C008815,334,5186.07,19,111,373,0.44,16.9,2236,4,0,0,6.8,0
C002836,397,2215.1,11,42,182,0.754,14.2,267,10,0,0,4.5,0
C006078,247,2698.06,15,73,311,0.725,22.4,820,11,0,0,8.1,0
C002090,206,7199.33,20,77,351,0.787,38.1,1723,0,0,0,7.0,0
C003626,228,4777.57,13,45,201,0.59,18.7,344,1,0,0,6.1,0
C000703,273,2306.81,20,95,360,0.755,23.9,2613,1,0,0,5.4,0
C003190,1238,7142.57,19,93,359,0.806,20.6,4234,1,0,1,6.9,0
C000504,290,2233.35,10,40,168,0.546,21.0,786,1,0,0,6.8,0
C005298,863,2702.29,11,53,205,0.389,31.7,347,10,0,0,3.3,0
C009717,619,13104.57,17,84,311,0.977,17.8,789,17,0,0,6.9,0
C001346,345,2851.52,11,7,232,0.808,19.3,1524,1,0,0,3.5,0
C007884,887,15283.76,11,74,277,0.768,25.8,465,3,0,0,2.0,0
C007633,572,5520.83,17,61,240,0.724,26.7,1711,0,1,0,4.5,0
C002249,573,6016.19,8,43,159,0.974,14.8,356,11,0,0,10.0,0
C006758,549,4665.39,16,70,315,0.623,26.9,902,9,0,0,8.0,0
C006073,833,12080.51,12,60,248,0.628,23.7,1213,15,0,0,4.9,0
C007769,382,7412.01,23,74,326,0.739,21.3,3122,1,0,1,7.7,0
C000373,634,3912.89,11,44,162,0.707,25.2,873,8,0,0,6.1,0
C009303,120,5754.01,11,56,226,0.488,23.2,1665,1,1,0,2.4,0
C005752,477,2265.69,16,84,313,0.518,19.0,751,2,1,0,4.6,0
C002007,147,2221.93,11,42,147,0.784,14.1,1434,1,0,0,7.1,0
C004716,548,1210.31,17,79,283,0.716,22.3,4929,13,0,0,5.2,0
C007500,763,4251.02,26,121,441,0.834,16.3,3551,1,0,0,8.6,0
C004920,449,3524.14,12,48,210,0.923,28.3,826,0,0,0,5.4,0
A000873,372,8648.36,19,7,86,0.169,4.1,63,21,0,1,2.1,1
C001460,742,2857.52,20,94,369,0.7,27.5,2301,2,0,0,9.7,0
C007383,703,6981.9,12,39,178,0.488,17.1,831,1,0,0,10.0,0
C002103,997,2228.68,12,47,166,0.792,16.7,890,0,0,0,8.5,0
C000998,769,8771.42,13,82,307,0.765,24.0,986,2,0,0,3.9,0
C009015,602,3975.87,17,55,240,0.64,27.9,830,0,0,0,7.7,0
A000160,708,13867.5,13,122,88,0.167,8.7,726,8,0,1,9.0,1
C001177,199,3589.44,13,47,209,0.865,23.0,1286,12,0,2,6.2,0
A000652,130,4005.75,9,8,58,0.399,4.7,335,10,1,1,0.4,1
C000552,576,4089.15,10,38,160,0.771,22.8,825,2,0,1,5.2,0
C000745,384,2748.26,20,102,348,0.949,23.0,427,26,1,0,8.4,0
C003299,613,2330.02,12,31,127,0.757,16.9,619,13,0,0,7.4,0
C006799,969,16224.72,17,93,352,0.876,19.6,1369,2,0,0,10.0,0
C003498,116,10163.98,14,77,279,0.878,24.3,2032,2,0,0,4.9,0
C004336,431,2361.24,12,68,260,0.557,23.5,936,7,0,0,7.5,0
C005728,82,13291.98,21,127,444,0.641,20.1,1228,4,1,0,0.5,0
C004004,218,957.24,16,74,291,0.692,16.9,2132,4,0,0,1.3,0
C003937,126,6262.51,12,58,213,0.683,23.1,1302,9,0,0,5.5,0
C006426,221,34188.32,12,43,194,0.937,15.3,988,2,0,0,9.4,0
C004032,202,8797.51,18,87,343,0.729,21.6,1171,3,0,0,8.6,0
C008268,551,19925.03,18,97,339,0.822,21.5,1002,2,0,0,8.2,0
C009826,1081,7925.73,22,90,395,0.469,22.2,1189,6,1,0,4.7,0
C008672,334,7470.33,15,61,252,0.874,29.2,6050,0,0,0,5.7,0
C006302,230,10043.39,12,49,173,0.756,32.8,1772,7,0,0,6.1,0
C005602,1064,3275.92,10,54,189,0.601,22.5,9583,1,0,0,2.6,0
A000247,363,7768.73,14,6,55,0.137,7.3,427,6,1,0,1.5,1
C009261,142,9046.44,19,70,295,0.739,15.5,288,0,1,0,6.7,0
C005517,450,3927.78,14,47,200,0.682,19.0,11097,3,0,0,2.2,0
C006072,275,2706.3,21,100,418,0.786,17.3,1318,3,1,0,2.1,0
C004257,962,14528.78,11,36,139,0.761,17.1,708,1,0,1,4.1,0
C000694,415,7889.04,15,86,316,0.833,17.1,591,1,1,0,2.8,0
C002534,1148,3299.14,8,43,160,0.811,29.6,991,1,1,0,7.3,0
C005516,351,3626.99,10,44,164,0.622,29.9,258,0,0,0,9.5,0
C003444,298,17201.02,17,62,233,0.468,16.6,2101,13,0,0,7.9,0
C000983,631,8064.38,9,51,179,0.749,27.9,454,3,1,0,6.2,0
C005995,313,2065.86,7,30,112,0.794,12.9,1114,0,0,0,3.4,0
C005283,260,8803.23,14,53,202,0.531,20.8,1107,3,0,0,6.1,0
C000080,186,2096.08,13,59,233,0.398,35.0,2039,2,1,0,7.2,0
C006281,322,6198.51,16,95,348,0.821,15.4,989,1,0,0,6.0,0
C000092,514,2368.34,19,78,305,0.605,25.7,2047,6,0,0,6.0,0
C007890,238,3660.67,21,91,393,0.819,18.5,1292,5,0,0,9.9,0
C002267,185,9135.81,17,68,15,0.727,24.8,657,0,0,0,1.8,0
C005560,1018,2239.61,14,77,271,0.765,27.7,601,0,0,0,9.8,0
C007093,506,2066.67,20,66,269,0.846,12.9,1050,0,0,0,9.5,0
C006042,278,10663.22,14,107,362,0.432,24.1,1523,5,0,0,10.0,0
C000262,679,2473.15,14,65,241,0.362,25.2,2736,2,1,0,5.3,0
C002143,1024,21336.68,19,106,359,0.839,24.4,3090,5,2,0,4.5,0
C003338,126,5576.31,21,109,471,0.653,20.4,579,1,0,0,6.7,0
C003692,366,6245.41,11,31,126,0.608,20.7,598,3,1,0,5.2,0
A000484,471,4114.05,7,2,36,0.316,6.3,22,23,0,1,4.4,1
C008186,444,7879.7,13,59,216,0.897,17.7,794,6,0,0,7.0,0
C005615,406,4685.82,11,58,215,0.876,25.6,736,11,0,0,7.0,0
C002269,314,2810.37,10,53,218,0.748,21.4,1068,9,0,0,3.4,0
C000446,166,6255.85,9,47,185,0.792,24.6,1174,10,0,0,10.0,0
C006597,106,13822.57,21,96,377,0.84,14.4,489,1,0,0,5.9,0
C008117,719,5868.3,15,86,290,0.842,20.0,556,1,0,0,7.6,0
C004605,271,2657.69,16,65,222,0.475,19.3,8299,5,0,0,4.3,0
C003725,256,4505.77,9,43,177,0.861,20.7,5485,0,1,0,5.1,0
C008758,796,1609.72,20,101,355,0.714,25.2,2687,16,0,0,7.6,0
C005201,40,3639.96,15,9,69,0.878,27.1,1349,0,0,0,0.0,0
C003556,158,8756.47,15,84,283,0.848,8.8,3176,1,0,0,5.1,0
C008072,411,17870.47,20,96,427,0.875,19.5,527,7,0,0,5.9,0
C001599,176,9194.97,18,91,354,0.766,21.2,1112,3,0,0,9.5,0
A000842,477,9469.51,19,9,132,0.286,6.7,81,6,0,2,5.9,1
C001702,164,3602.1,15,62,273,0.887,20.9,919,3,0,0,4.6,0
C006823,351,5931.31,26,97,393,0.651,18.3,2028,0,0,0,10.0,0
A000157,222,5558.79,19,5,104,0.068,7.1,175,2,0,1,6.1,1
C004033,897,9361.38,12,64,246,0.706,26.0,793,3,0,0,9.0,0
C002527,409,1111.21,14,53,229,0.853,22.8,416,1,0,0,4.1,0
C006538,462,11302.79,12,55,229,0.765,20.9,625,2,1,0,0.8,0
C004827,700,9519.99,14,64,217,0.919,5.6,1547,15,0,1,3.1,0
C005099,494,4008.74,17,99,67,0.712,5.6,1925,8,0,0,6.1,0
C000069,1194,5751.25,10,49,167,0.434,25.9,1323,3,0,0,9.8,0
C001169,380,17639.61,14,72,260,0.836,24.5,45,0,1,0,7.0,0
C003849,291,6948.95,13,76,290,0.798,19.9,798,2,1,0,3.3,0
C000049,505,3297.74,12,56,246,0.748,12.4,608,7,0,0,7.5,0
C007783,630,3441.79,14,56,249,0.935,23.9,1682,3,1,0,9.0,0
C001054,449,5809.28,20,84,371,0.695,25.5,519,2,0,0,6.2,0
C000085,240,8042.68,16,33,130,0.915,23.5,3842,0,0,0,7.5,0
C003150,715,3894.56,17,93,378,0.51,29.6,890,10,0,0,4.8,0
C005377,688,6986.32,12,54,193,0.402,28.1,4369,5,0,1,4.7,0
C000881,658,3902.46,14,62,241,0.722,29.5,2610,8,0,0,7.8,0
C002652,426,12191.86,13,58,232,0.738,18.3,967,7,0,0,10.0,0
C009459,247,5228.96,14,53,228,0.687,23.1,516,2,0,0,7.7,0
C002440,246,8631.89,15,64,230,0.704,13.4,899,3,0,0,7.8,0
C009944,557,5740.84,12,71,249,0.76,15.6,893,8,2,0,2.8,0
C004602,803,16983.5,13,59,261,0.765,23.6,2627,6,0,0,3.8,0
C005740,163,14962.07,18,2,316,0.374,23.7,766,12,0,1,0.7,0
C001468,626,5457.54,9,48,176,0.398,15.3,944,2,1,0,2.3,0
C007946,272,3302.73,13,58,237,0.796,22.1,501,1,0,0,6.7,0
C004292,353,8821.48,12,64,218,0.877,30.6,1298,1,0,0,7.8,0
C002442,453,6312.89,11,63,220,0.559,23.2,2804,1,1,1,4.8,0
C007770,586,3500.32,15,62,218,0.605,21.0,2345,1,0,1,2.3,0
C005696,751,3918.28,14,51,234,0.886,33.8,1368,0,0,0,10.0,0
C000231,750,2397.49,15,69,316,0.764,25.3,640,0,1,0,4.2,0
C001321,254,4613.27,17,68,300,0.753,18.4,1009,1,1,0,3.9,0
C000042,151,4107.84,18,96,403,0.734,36.3,704,4,0,0,6.3,0
C003040,169,1529.72,20,64,252,0.952,24.7,946,0,0,1,6.1,0
C000778,158,7192.32,17,86,319,0.368,18.2,1194,1,0,0,5.0,0
C009862,712,4899.64,11,56,189,0.931,23.9,1253,0,0,0,3.4,0
C002373,172,7604.21,20,117,395,0.33,20.5,131,7,1,0,8.1,0
C001730,758,4005.51,18,85,292,0.861,17.0,2038,2,0,0,3.9,0
C009808,747,2609.33,22,110,415,0.423,20.2,2181,1,0,0,8.8,0
C003579,486,11117.21,22,135,562,0.683,28.0,1139,2,0,0,7.2,0
C000580,924,14814.64,19,104,407,0.507,22.8,5379,9,0,0,9.9,0
A000323,347,2534.54,17,5,94,0.079,4.3,35,11,0,1,4.7,1
C007111,309,13749.4,17,85,337,0.381,17.6,1265,1,1,0,6.4,0
C007284,271,7942.89,15,39,163,0.994,28.4,16,4,0,0,0.0,0
C003079,409,8309.13,20,79,325,0.609,19.3,1908,6,0,0,6.1,0
C005509,565,3512.91,12,65,252,0.494,17.2,3284,9,0,1,5.6,0
C008035,644,4404.87,21,91,353,0.331,18.0,1212,0,1,0,6.3,0
C006952,189,8297.11,8,42,161,0.812,14.5,615,1,0,0,7.4,0
C002868,522,4726.71,17,73,297,0.861,30.5,1130,14,0,0,2.2,0
C001492,1390,6948.41,15,53,233,0.775,19.2,1145,16,0,1,10.0,0
C008688,367,4781.84,10,32,142,0.491,4.4,1675,1,1,0,7.8,0
C006848,745,7104.43,13,87,313,0.805,13.2,543,5,0,0,5.2,0
C000062,655,2231.48,18,65,252,0.589,23.7,1594,2,0,0,7.4,0
C005360,1384,5756.33,9,50,181,0.9,20.6,313,4,0,0,5.1,0
C003474,1041,2751.71,13,51,196,0.677,26.8,773,2,0,0,6.8,0
C004868,586,4324.31,14,87,292,0.758,25.7,268,2,0,0,0.3,0
C007948,813,3317.46,21,100,354,0.768,20.4,1184,3,0,2,10.0,0
C000403,717,6218.65,13,74,292,0.773,22.4,427,0,0,0,6.5,0
C000333,202,12231.48,16,89,300,0.63,27.3,2304,7,0,0,8.9,0
C002085,500,5756.53,12,62,254,0.949,17.4,700,3,0,1,6.9,0
C003058,1195,4314.69,11,47,208,0.869,18.2,2076,2,2,0,2.5,0
C006595,94,2626.57,17,94,338,0.475,29.8,846,1,1,0,7.5,0
C008258,137,5554.37,20,103,349,0.626,29.3,910,18,0,0,1.8,0
C004607,193,2502.37,20,118,415,0.891,26.4,1426,2,0,0,5.5,0
C000165,624,3383.07,14,64,253,0.917,22.2,1038,0,0,0,9.9,0
C005175,401,7256.09,17,89,362,0.617,13.2,515,1,1,0,9.2,0
C002716,167,1090.91,18,71,278,0.68,19.4,1673,5,1,0,7.2,0
C009833,231,8573.87,10,49,179,0.902,25.2,1303,11,0,1,10.0,0
C006331,347,17712.42,12,67,242,0.876,29.1,714,0,0,1,4.2,0
C006254,337,1430.26,18,110,369,0.823,27.9,610,0,0,0,9.1,0
C008243,357,10844.08,9,46,174,0.888,29.4,1897,1,1,0,1.5,0
C003318,258,1356.72,11,59,203,0.841,8.7,839,0,0,1,8.6,0
C008841,517,1106.25,16,71,262,0.845,26.7,573,1,0,0,5.1,0
C006839,374,2264.37,13,56,211,0.576,18.2,776,2,0,0,10.0,0
C007482,217,2265.26,14,64,283,0.647,19.9,991,2,0,0,4.8,0
C007439,190,2144.12,16,77,267,0.688,11.7,1409,4,2,0,3.7,0
C003935,947,8199.5,19,83,336,0.59,19.2,790,2,1,1,5.3,0
C002756,107,3638.1,24,107,380,0.575,23.0,1496,0,0,0,6.7,0
A000616,500,2172.33,18,7,154,0.437,6.3,49,2,0,1,9.7,1
C008383,496,4485.38,20,80,338,0.688,23.0,74,2,0,0,5.5,0
C001335,234,7522.74,15,66,110,0.554,3.0,1636,24,0,0,6.1,0
C008481,217,4351.49,14,53,234,0.854,29.3,989,14,1,0,9.3,0
C002865,52,1643.07,16,65,259,0.957,25.0,642,2,1,0,6.5,0
C001660,320,5414.78,20,90,313,0.657,21.8,844,3,1,0,6.6,0
C005584,484,2927.64,12,67,278,0.954,5.3,2315,0,1,0,1.6,0
C000754,426,23019.99,16,62,221,0.973,23.1,2883,0,0,0,7.0,0
C003065,619,2097.37,19,103,391,0.822,21.8,1366,6,0,1,6.4,0
C008009,1207,2307.92,14,58,233,0.568,21.3,55,10,1,0,6.5,0
C002902,313,11075.16,13,68,294,0.534,18.5,470,1,0,1,9.1,0
C007094,533,1981.15,15,58,239,0.592,28.5,2036,8,1,0,5.4,0
C008219,174,3199.16,11,55,195,0.677,17.9,2211,3,0,0,4.8,0
C000707,1329,8880.77,13,62,271,0.377,18.4,582,0,0,0,4.8,0
C006958,353,10538.65,10,47,160,0.744,22.8,800,0,1,0,2.7,0
C002974,739,2024.66,14,53,209,0.841,19.8,6549,1,0,0,9.9,0
A000593,276,3717.95,10,3,57,0.248,6.3,42,9,1,1,2.1,1
C004282,75,1636.78,17,87,367,0.804,26.1,3808,3,0,0,8.3,0
C009427,117,12297.53,17,80,355,0.798,23.6,5589,4,0,1,3.6,0
C003536,308,22067.91,15,61,267,0.763,24.5,517,0,0,0,8.0,0
C007774,130,9792.81,13,51,212,0.972,28.4,1120,1,0,0,5.6,0
C009040,679,3082.74,13,62,222,0.736,25.1,956,19,0,0,9.5,0
C007969,296,3629.17,18,82,304,0.645,34.1,452,3,0,2,5.0,0
A000855,1310,3759.21,15,4,352,0.702,19.5,87,30,1,0,7.7,1
C004099,390,2796.47,17,89,309,0.897,25.5,2707,2,0,0,9.5,0
A000543,371,8988.17,15,7,51,0.356,6.2,52,12,1,1,5.0,1
C003152,84,6485.76,14,55,197,0.764,19.6,2129,10,0,0,8.0,0
C004606,381,17737.62,12,60,216,0.913,22.7,1446,2,0,0,5.0,0
A000511,849,2086.34,8,4,47,0.297,6.8,620,5,1,0,2.0,1
C009898,769,7801.72,19,86,292,0.756,20.5,1515,3,1,0,5.5,0
C003800,155,12762.35,11,66,252,0.837,26.5,723,7,0,0,7.8,0
C004023,829,4042.41,16,61,240,0.608,25.1,723,3,0,0,3.3,0
C006177,587,2039.02,16,66,255,0.563,21.5,1643,4,1,0,3.0,0
C001835,558,2121.85,20,106,362,0.576,27.7,310,3,0,0,6.6,0
C001075,267,5929.02,18,73,252,0.607,24.1,812,1,0,0,8.0,0
C009166,564,4605.24,15,82,329,0.772,20.7,2674,0,0,0,6.6,0
C003439,331,1974.28,11,42,161,0.529,19.8,2680,0,0,0,5.4,0
C008973,390,5888.03,12,56,145,0.334,21.5,25,2,0,0,10.0,0
C006760,367,4237.88,13,78,266,0.956,26.6,2471,1,0,1,5.8,0
C008891,235,5696.63,12,47,206,0.802,24.2,383,17,0,0,5.7,0
C002430,594,13161.29,15,80,276,0.567,25.9,582,4,0,0,5.3,0
C000247,205,2917.66,19,84,284,0.651,17.0,1477,9,1,0,4.2,0
C003816,457,4496.1,18,82,48,0.609,27.2,1150,6,1,1,2.1,0
C003633,596,3542.47,18,56,248,0.463,18.9,1962,5,0,0,7.0,0
C006585,420,8902.72,12,75,274,0.788,26.8,657,6,1,0,7.5,0
C002263,495,1850.85,15,78,285,0.778,28.2,804,4,1,0,4.6,0
C002247,986,6498.05,20,104,391,0.97,25.4,1551,8,0,0,6.8,0
C000836,227,4908.58,15,59,241,0.525,18.3,785,1,1,0,4.3,0
C000433,486,6483.37,23,140,500,0.813,19.6,1943,4,0,0,7.2,0
C009498,108,5667.79,16,7,328,0.709,20.2,2504,1,0,0,6.6,0
C001174,303,4892.9,18,96,385,0.961,28.7,328,0,1,1,9.3,0
C004623,645,1512.11,10,59,206,0.939,15.4,964,6,0,0,1.8,0
C006081,94,3649.72,8,49,172,0.662,21.7,901,3,0,0,6.8,0
C006667,274,2831.77,15,88,301,0.729,21.0,2457,1,1,0,3.7,0
C004158,456,3179.04,11,64,233,0.61,19.2,2123,3,0,0,10.0,0
A000757,988,27494.29,15,6,49,0.153,6.0,145,0,1,2,9.1,1
A000975,600,9584.92,6,5,38,0.407,5.2,94,30,0,1,5.9,1
C004303,355,10598.46,16,69,306,0.756,24.0,723,3,1,1,6.0,0
C004345,803,9315.09,16,52,204,0.566,16.9,2200,0,0,1,7.2,0
C009017,454,3076.98,14,85,303,0.707,19.2,4784,19,0,1,9.6,0
C002730,557,4944.18,12,66,232,0.692,34.5,342,3,0,0,9.2,0
A000880,643,8499.97,14,3,38,0.141,5.0,129,7,1,2,7.4,1
C000434,183,16259.3,16,61,251,0.816,17.1,938,6,1,0,1.1,0
C008361,1061,1032.3,7,36,137,0.807,22.1,762,2,0,0,8.5,0
A000003,580,5573.77,15,8,84,0.664,6.0,1292,20,0,1,5.0,1
C006195,414,13136.75,19,87,397,0.306,23.4,723,9,0,0,7.0,0
C009481,691,6791.21,12,58,236,0.589,24.3,726,4,0,0,8.4,0
C009141,309,10047.67,20,92,396,0.805,28.2,244,6,0,0,0.0,0
C004003,780,6802.21,19,130,463,0.833,19.9,4157,9,1,0,3.4,0
C001333,523,4952.18,14,70,239,0.597,20.5,145,7,2,0,3.1,0
C006392,528,2081.45,19,12,290,0.592,16.1,95,3,0,0,8.4,0
C007249,191,1675.66,14,64,219,0.745,25.3,415,2,0,0,7.4,0
C001444,123,14122.52,18,100,355,0.854,26.3,345,3,0,0,6.7,0
C005937,781,1888.24,14,68,246,0.707,26.7,1204,6,0,0,4.3,0
C004206,454,3354.41,20,118,441,0.801,19.3,785,29,0,0,3.4,0
C007991,307,3508.59,15,72,260,0.613,23.6,1212,11,0,0,4.9,0
C008257,569,3853.1,11,36,153,0.641,7.2,888,3,0,1,7.0,0
C008799,706,10882.32,15,86,297,0.634,23.2,459,0,0,0,8.7,0
C002570,92,4318.99,16,71,303,0.329,21.3,747,0,2,0,1.6,0
C003667,175,11403.61,20,77,273,0.8,13.1,1867,2,1,0,5.2,0
A000204,671,6830.82,11,2,21,0.603,6.8,145,0,1,2,1.9,1
C002447,576,14168.59,17,72,303,0.693,16.7,1118,10,1,0,0.5,0
A000066,300,4530.69,14,4,73,0.232,7.7,44,14,1,1,3.1,1
C008076,287,5613.78,16,72,297,0.862,29.2,1170,0,0,0,4.3,0
C008903,202,3178.11,14,57,254,0.499,33.9,252,0,0,0,8.6,0
C003173,500,6091.16,14,68,265,0.787,20.5,1184,2,0,1,6.6,0
C001224,231,4164.86,16,59,251,0.838,17.7,693,0,1,0,9.0,0
C004681,345,3379.3,21,77,327,0.578,15.7,789,4,0,0,6.7,0
C000545,124,3016.01,16,62,220,0.711,25.2,1159,0,0,0,10.0,0
C001205,417,9489.95,5,31,121,0.603,13.3,1202,2,0,0,8.2,0
C004455,165,1984.11,10,42,159,0.334,19.4,486,5,1,0,6.7,0
C005122,223,2116.76,16,68,287,0.935,29.4,949,1,0,0,6.0,0
A000018,207,2042.66,10,7,49,0.179,5.8,1919,10,1,0,7.3,1
C002638,284,6043.27,7,34,119,0.855,22.4,233,2,0,0,10.0,0
A000646,178,3082.44,14,7,60,0.117,6.5,144,27,0,0,1.4,1
A000532,159,2326.84,11,9,69,0.408,9.0,247,4,0,0,2.7,1
C009170,357,3685.62,12,65,265,0.808,24.7,2149,2,0,0,5.2,0
C009941,543,11611.16,14,52,177,0.852,19.8,2185,16,0,1,9.7,0
C009604,406,2615.09,13,60,210,0.867,14.6,916,12,0,0,7.2,0
C000878,218,2982.18,19,75,327,0.899,25.0,271,4,0,0,7.4,0
C008950,378,3910.48,17,98,343,0.591,29.7,968,2,1,0,9.9,0
C000197,404,5487.38,28,108,444,0.716,23.1,150,6,2,0,0.0,0
A000715,556,6936.88,12,2,42,0.187,3.5,118,11,0,1,4.0,1
C003384,155,17957.46,12,54,221,0.471,15.2,748,1,0,0,5.4,0
C007062,949,3290.62,15,61,247,0.788,32.3,4290,27,0,0,9.6,0
C007636,273,7099.61,16,104,350,0.553,29.8,3547,8,1,0,5.0,0
C002998,452,6376.77,13,48,187,0.887,27.9,1917,1,0,0,3.8,0
C006111,716,8193.24,11,42,156,0.588,22.2,1667,15,1,0,7.4,0
C002572,390,17429.4,21,78,317,0.95,27.5,1500,1,0,0,3.7,0
C004772,343,30485.7,15,82,329,0.361,5.4,3127,6,0,1,5.2,0
C009508,647,2417.95,13,74,267,0.932,20.2,1256,0,1,0,2.1,0
A000308,813,7340.64,11,113,97,0.535,20.3,3044,8,1,1,6.7,1
C008164,125,2370.51,9,21,85,0.492,27.3,669,10,0,0,3.5,0
C004191,156,7710.59,24,83,358,0.806,12.8,3220,8,0,0,4.9,0
C008289,1062,1073.78,16,43,194,0.556,28.3,468,5,0,0,7.7,0
C002683,1078,5188.98,21,134,458,0.252,15.0,4083,6,0,0,7.2,0
C002509,757,5906.28,15,67,295,0.614,25.9,976,4,0,0,9.9,0
C004374,276,4179.17,16,100,426,0.806,21.2,1770,1,0,0,4.5,0
C008085,84,3562.92,13,63,276,0.765,20.4,3034,2,0,0,1.9,0
C005864,368,4100.36,15,56,241,0.919,16.3,619,1,0,0,6.0,0
C001245,809,6074.93,13,57,250,0.753,29.8,472,3,1,0,1.5,0
C004505,246,1927.52,10,46,187,0.371,25.6,1079,7,0,2,10.0,0
C009714,128,2547.93,15,64,267,0.624,21.8,1707,6,0,0,8.3,0
C004122,338,7118.62,14,49,192,0.443,18.4,3931,0,1,0,9.3,0
C007815,134,16065.93,17,56,220,0.814,17.4,668,2,0,0,7.5,0
C004563,584,3976.28,17,113,391,0.88,22.0,794,5,0,0,2.3,0
C007186,252,7092.84,16,68,239,0.578,29.9,2293,3,0,0,9.4,0
C005293,451,5168.15,19,69,267,0.603,29.6,1969,18,1,0,5.8,0
C000255,228,3028.87,17,74,299,0.629,17.7,2917,0,0,0,5.9,0
C004413,905,9024.69,9,44,164,0.55,20.0,648,3,1,0,7.2,0
C005636,295,8721.18,18,85,377,0.72,32.2,531,2,0,0,5.2,0
C009103,280,12879.37,13,75,255,0.52,16.7,1523,0,0,0,7.3,0
C000760,751,7191.74,15,77,282,0.548,25.5,862,2,0,0,6.5,0
C000655,816,4838.13,12,56,233,0.416,26.4,1949,5,0,0,5.2,0
C008900,770,7324.84,11,51,200,0.804,28.6,1108,2,1,1,7.0,0
C003402,490,6445.06,15,83,289,0.898,18.9,1186,1,0,0,6.8,0
C001421,974,13144.74,8,28,117,0.914,17.0,1083,8,1,2,8.7,0
C003045,526,5517.35,15,72,290,0.282,14.5,2203,12,0,0,4.5,0
C002831,324,2668.45,11,48,168,0.699,23.0,1124,1,0,0,7.0,0
C008489,528,3083.84,14,84,293,0.837,28.8,605,0,0,0,5.4,0
C000329,435,9532.67,15,93,328,0.727,12.2,2331,8,0,0,3.1,0
A000370,336,10744.64,18,11,83,0.591,5.9,47,16,0,1,3.8,1
C008150,381,33088.62,16,104,368,0.63,28.9,1918,2,1,0,6.9,0
C003020,671,7571.69,15,74,261,0.459,23.7,310,0,0,0,8.4,0
C003030,1007,5406.5,9,40,166,0.787,18.6,320,17,0,1,5.5,0
C002637,423,11614.51,16,88,327,0.913,28.9,923,0,0,0,10.0,0
A000981,222,8564.02,16,4,33,0.322,6.5,188,7,0,1,2.9,1
C003019,634,4002.49,16,64,245,0.699,21.0,1095,1,0,0,6.8,0
C002946,653,14512.98,13,52,185,0.877,18.6,418,2,0,0,3.9,0
C003660,885,10914.16,18,99,420,0.741,27.9,279,6,0,1,8.6,0
C008354,194,5427.03,14,73,298,0.959,18.1,405,0,1,0,6.6,0
C005936,339,7076.55,18,80,301,0.857,23.9,231,10,0,0,2.1,0
A000195,196,3258.51,19,10,180,0.646,21.8,275,6,0,2,5.7,1
C002664,501,9283.64,9,46,210,0.814,20.2,1450,1,0,0,2.2,0
C004608,219,2392.23,16,80,279,0.548,14.1,865,1,0,0,6.4,0
C001363,887,6099.39,18,55,239,0.249,20.6,1954,1,0,0,6.0,0
C010008,376,4380.98,19,115,387,0.73,17.0,448,0,0,1,6.9,0
C003482,911,6996.12,14,96,333,0.923,27.0,153,6,0,1,7.1,0
A000592,1016,4864.01,17,12,84,0.452,5.8,70,10,0,2,2.8,1
A000582,410,2831.6,17,11,88,0.402,7.3,432,23,1,1,4.3,1
C009333,548,952.48,19,87,332,0.759,16.1,985,1,0,0,9.2,0
C004490,181,12354.14,10,65,226,0.532,18.0,864,2,0,0,7.3,0
C006806,444,9812.46,10,45,167,0.652,19.3,2388,0,0,0,2.2,0
C002881,252,6080.17,23,93,409,0.506,16.0,2183,2,0,0,9.6,0
C003382,544,1714.25,19,67,240,0.344,28.6,2172,1,0,0,6.7,0
C001303,1014,1168.12,18,63,271,0.273,32.9,583,24,0,0,8.3,0
C007829,380,2868.87,13,89,307,0.465,16.7,2787,0,0,0,3.2,0
C004973,367,2836.61,12,47,161,0.647,21.1,1607,2,0,0,7.8,0
C006019,536,4290.59,13,64,264,0.67,18.2,181,0,0,1,6.8,0
C004367,392,4627.86,21,89,402,0.652,27.2,2831,0,0,1,8.6,0
C008014,617,3251.6,12,72,251,0.617,27.2,2338,6,1,1,10.0,0
C003236,377,8036.16,16,67,304,0.721,17.1,810,3,0,0,8.5,0
C003258,745,3130.94,16,49,190,0.882,31.6,854,1,0,0,6.8,0
C006628,338,3240.12,9,46,169,0.74,20.0,438,1,0,2,4.3,0
C008137,539,3844.08,15,87,321,0.677,15.8,628,0,0,0,9.3,0
C000177,926,6780.49,16,71,297,0.85,22.4,1086,6,0,0,10.0,0
C000436,233,4986.18,13,53,195,0.596,17.7,3003,1,0,1,10.0,0
C004251,310,17656.79,13,62,248,0.918,24.8,967,0,0,0,4.0,0
C000309,175,6135.86,12,73,244,0.799,30.4,649,15,1,0,0.0,0
C001566,360,1724.0,21,98,412,0.459,23.8,1434,8,0,0,3.6,0
C003965,445,4737.56,13,62,245,0.777,17.3,4095,2,0,0,2.4,0
C006832,269,2790.19,16,73,269,0.734,23.5,171,2,1,0,7.2,0
C005404,1194,9375.16,16,76,255,0.389,20.7,305,7,1,1,0.2,0
C009028,640,1746.11,24,138,489,0.823,16.0,5139,0,0,0,5.4,0
C000596,353,3574.64,10,46,184,0.678,23.4,518,1,0,0,2.3,0
C006439,244,1431.48,13,89,310,0.788,20.6,357,2,1,0,3.1,0
A000613,459,4082.84,15,4,39,0.312,5.6,34,0,2,1,4.9,1
C002624,364,4056.44,14,2,219,0.753,30.3,16262,3,0,0,7.8,0
C008372,191,3488.64,24,98,416,0.386,20.7,1302,3,0,0,5.9,0
A000068,840,8412.94,13,0,0,0.169,4.8,49,18,1,2,6.7,1
C000232,485,9027.83,19,75,261,0.73,23.7,718,2,0,0,2.9,0
C000180,455,6617.4,16,86,327,0.871,20.7,453,5,1,0,5.2,0
C000738,117,2248.18,18,84,321,0.609,23.9,889,5,1,1,1.3,0
C007335,483,3977.19,15,56,223,0.823,25.2,795,0,0,0,4.9,0
C007972,574,3220.84,11,49,180,0.385,22.6,1608,10,0,0,7.2,0
A000131,651,3272.45,13,4,44,0.321,5.0,811,30,1,1,1.0,1
C009653,313,2457.85,25,117,444,0.91,22.2,969,0,0,0,9.2,0
C007350,85,4936.41,23,86,380,0.705,18.5,458,3,0,0,2.5,0
C008595,363,4540.79,14,57,205,0.864,19.6,522,2,0,1,9.7,0
C001322,188,10813.78,15,95,344,0.835,22.0,1258,1,0,0,8.4,0
C001996,207,5015.5,18,80,357,0.745,25.0,510,0,0,0,7.0,0
A000571,465,10619.38,12,7,60,0.18,4.1,46,8,1,0,9.2,1
C006249,374,5879.28,14,63,264,0.616,34.8,8985,4,1,0,3.9,0
C000801,296,2680.73,16,72,260,0.672,20.5,1382,0,0,0,9.4,0
C009401,113,9168.67,17,69,289,0.899,24.9,1705,2,1,0,6.1,0
C006923,576,1853.65,13,55,228,0.72,18.0,1178,4,0,0,8.0,0
C009538,363,5372.78,14,60,258,0.921,24.2,2526,0,0,0,7.5,0
C000070,510,4461.65,14,43,177,0.721,23.7,465,23,0,0,7.5,0
C005577,405,6096.08,17,59,242,0.537,26.1,3202,6,1,0,7.0,0
C006816,345,6781.55,17,76,308,0.829,19.6,1276,12,0,0,7.9,0
C001681,580,15061.89,8,46,180,0.903,24.5,917,0,0,0,7.8,0
C000378,1086,6793.48,18,101,353,0.902,9.8,6236,2,0,0,6.4,0
C001470,54,3255.43,10,57,246,0.544,26.2,4578,4,1,0,10.0,0
C002604,620,3423.66,17,64,218,0.609,20.4,2032,3,1,0,8.4,0
C004182,687,10607.27,13,54,225,0.12,20.9,375,2,0,0,5.6,0
C005287,84,3058.63,15,55,246,0.376,25.2,355,3,0,0,3.0,0
C004231,474,11065.45,16,71,278,0.841,18.6,579,3,0,0,8.4,0
C003092,346,3173.86,18,56,220,0.626,15.9,1092,6,1,0,8.4,0
C002727,227,1889.83,19,97,376,0.828,19.2,433,3,0,1,4.7,0
C000478,88,4064.08,13,66,233,0.792,20.3,1368,1,0,0,8.2,0
C001330,533,2735.32,20,75,329,0.863,29.4,3336,7,0,1,4.5,0
C002284,737,1700.24,15,70,273,0.866,22.1,1366,3,1,0,3.8,0
C008539,755,9998.41,12,60,249,0.675,18.2,530,0,0,1,5.7,0
A000607,242,6527.76,21,20,164,0.307,6.4,331,20,2,3,9.0,1
C000752,537,3168.32,19,123,418,0.853,24.0,1953,3,0,0,7.8,0
C004970,217,7544.31,18,76,266,0.607,12.9,580,1,1,0,9.5,0
C007334,531,13129.69,16,65,244,0.831,17.1,912,4,0,0,6.2,0
C006335,339,3848.43,14,70,303,0.682,28.7,2945,6,0,0,5.1,0
C009100,309,5961.94,19,70,301,0.865,20.3,546,1,0,0,5.0,0
C001546,425,11215.86,15,70,304,0.762,6.9,2225,3,0,0,6.0,0
C007670,221,1762.08,14,64,255,0.576,21.5,596,14,0,0,4.1,0
C009433,1089,3702.92,11,61,257,0.72,27.6,285,12,0,0,9.1,0
C002684,477,4711.38,14,58,236,0.701,12.9,1730,9,1,0,8.4,0
C009403,505,9756.66,15,79,293,0.946,21.8,3260,2,0,0,10.0,0
C009612,1119,1300.69,7,25,111,0.077,6.3,4963,1,0,0,7.7,0
C006555,727,5784.3,15,43,186,0.858,16.5,1930,2,0,0,2.5,0
C003519,781,4336.57,16,57,248,0.727,31.2,2264,0,0,0,8.7,0
C004333,339,3360.57,15,60,236,0.394,21.6,1157,3,0,0,5.9,0
C002355,763,7451.14,11,49,210,0.482,16.2,5297,0,1,0,9.6,0
C000774,246,4748.89,10,53,230,0.658,25.2,1275,0,1,0,6.7,0
C009539,59,2282.92,18,82,281,0.585,13.0,844,2,1,0,4.9,0
C009712,931,8746.35,10,55,215,0.738,31.9,814,2,0,0,8.1,0
C008732,598,4850.61,14,48,208,0.562,14.3,539,1,0,0,6.2,0
C000642,51,4808.21,20,122,478,0.658,21.2,586,5,0,0,5.2,0
C007860,325,2817.64,14,86,314,0.546,32.5,1510,7,0,0,5.3,0
C004813,259,9285.89,25,4,271,0.466,24.8,2475,24,0,1,8.8,0
C005480,937,10025.95,18,74,335,0.747,25.2,2428,3,0,0,6.5,0
C007970,278,3680.94,12,62,212,0.786,30.9,507,6,0,0,6.1,0
C004310,439,11296.05,12,32,146,0.61,23.8,1311,1,0,0,0.2,0
C000866,341,1725.05,18,106,361,0.712,22.4,1314,25,0,0,3.8,0
C006096,401,6690.1,16,63,211,0.606,10.6,1328,3,1,0,1.4,0
C008095,661,3184.98,18,84,345,0.611,20.3,318,15,0,0,2.4,0
A000868,612,4302.01,16,5,85,0.462,8.4,251,10,0,2,2.6,1
C006018,375,6768.18,13,38,171,0.848,24.5,1142,4,0,0,6.4,0
C005829,226,4633.57,12,56,207,0.889,23.6,1853,0,0,0,4.9,0
C009032,280,4567.88,7,28,106,0.576,15.0,348,3,1,0,10.0,0
C000963,988,9133.16,15,59,54,0.706,22.7,1540,3,0,0,6.4,0
C008169,401,5296.83,18,83,377,0.694,22.9,1048,5,0,0,5.8,0
C007257,1387,4814.41,20,108,387,0.63,26.8,221,5,1,1,10.0,0
C005278,299,5651.42,22,78,277,0.53,23.9,423,0,0,0,4.1,0
C003310,541,11351.5,20,117,433,0.84,26.8,380,0,0,0,6.0,0
C002167,197,1770.85,14,61,252,0.584,5.5,952,0,0,0,10.0,0
C000364,304,2502.82,20,92,401,0.684,11.4,12619,9,1,0,5.8,0
C003724,486,1425.49,14,64,223,0.647,11.7,676,1,0,0,7.4,0
C002826,634,2442.71,8,33,123,0.624,4.7,5362,0,0,0,8.4,0
C003598,620,4877.62,15,69,271,0.489,25.0,970,3,0,0,4.5,0
C000547,252,7943.53,12,4,52,0.805,16.5,691,3,1,0,6.5,0
C002941,773,2434.44,10,35,145,0.709,20.0,653,2,0,0,5.4,0
C000472,695,6106.67,24,124,497,0.863,18.4,766,0,1,0,7.0,0
C001642,374,6293.28,16,68,284,0.727,22.9,797,5,0,0,0.5,0
C003339,323,11798.38,15,80,287,0.515,26.0,1704,1,0,0,4.7,0
C006854,265,6668.36,17,81,362,0.678,25.7,541,3,0,0,2.3,0
C001173,971,3003.55,18,68,243,0.49,13.0,3442,2,0,0,5.3,0
C004342,348,5360.11,13,73,282,0.655,20.9,1212,3,0,0,6.1,0
C006940,581,2407.73,11,43,169,0.8,11.7,2492,6,0,0,6.3,0
C005522,629,3709.72,14,77,259,0.662,25.6,111,4,0,0,5.0,0
C005557,220,7497.97,22,108,396,0.793,22.8,2651,5,0,0,6.4,0
C007400,243,1895.93,23,122,476,0.969,23.4,1586,2,0,1,4.8,0
A000735,250,11511.24,19,94,91,0.708,5.8,727,29,1,1,5.0,1
C001411,362,10071.49,19,72,329,0.647,19.1,3002,8,0,0,10.0,0
C005860,182,7174.43,13,69,268,0.657,6.3,224,1,0,0,7.3,0
C004849,657,11866.36,15,51,226,0.83,31.7,743,0,0,0,6.8,0
C007259,610,32503.46,15,76,290,0.976,11.1,1044,1,3,0,3.7,0
C008204,209,17441.15,27,89,383,0.838,28.4,4277,7,0,0,4.2,0
C007976,325,6667.17,11,48,196,0.444,5.7,266,15,0,0,4.0,0
C000816,338,6418.64,13,46,174,0.666,32.7,641,3,0,0,7.0,0
C002132,630,2325.33,21,69,259,0.929,26.8,437,3,0,0,1.0,0
C001798,379,2925.54,12,56,207,0.86,29.0,1609,8,0,1,7.2,0
C003123,323,3570.56,14,58,266,0.664,5.7,328,0,0,0,10.0,0
C005382,132,23299.16,15,69,305,0.72,19.9,1583,2,1,0,5.0,0
C004276,282,1741.47,11,46,191,0.922,26.7,572,5,0,1,8.5,0
A000177,740,4497.94,16,4,59,0.508,8.3,18,30,0,1,3.8,1
C006744,304,2992.22,16,61,279,0.782,18.7,3291,6,0,0,5.3,0
C005651,538,12423.47,24,116,448,0.811,17.7,719,3,0,0,6.6,0
C009335,400,6850.04,17,103,432,0.606,16.4,486,4,0,0,3.1,0
C006086,115,7133.93,11,34,158,0.682,23.6,283,4,0,0,9.6,0
C000238,489,4013.01,19,90,321,0.739,18.3,622,9,0,0,0.0,0
C001533,163,19354.8,14,62,220,0.967,26.5,2282,9,1,0,9.4,0
A000356,208,5536.32,14,10,75,0.361,6.4,74,9,1,3,1.0,1
C004706,1206,6638.5,18,101,380,0.898,30.5,512,1,0,1,3.3,0
C003411,293,1934.51,19,80,338,0.926,25.5,1298,1,1,0,6.4,0
C007661,1151,3963.3,9,54,197,0.685,20.0,847,3,1,0,2.1,0
A000022,356,10510.64,13,8,59,0.152,4.4,219,30,2,1,3.5,1
C001536,195,5975.79,10,75,256,0.588,29.5,615,2,0,1,4.1,0
C003880,263,1305.33,12,41,180,0.814,19.4,2048,0,0,0,6.2,0
C001300,295,15907.86,10,48,187,0.208,26.7,7576,3,0,0,7.1,0
C009684,569,3054.04,19,68,251,0.85,31.1,2286,1,1,0,4.8,0
C007600,255,3009.31,15,81,294,0.475,20.4,2109,2,1,0,5.7,0
C001481,216,1853.13,23,101,371,0.669,27.5,2269,3,0,0,7.9,0
C002794,342,4492.67,18,101,389,0.97,24.4,1179,18,0,0,6.4,0
A000819,137,2471.67,16,11,100,0.361,7.8,90,1,1,0,1.8,1
A000752,137,2966.02,15,4,49,0.214,5.3,10,3,0,1,8.1,1
C007348,259,4124.28,16,92,307,0.733,28.9,1712,0,0,1,7.9,0
C004808,390,11738.41,16,74,267,0.742,15.2,791,1,0,0,5.5,0
C004581,354,5210.52,22,118,494,0.744,24.1,1645,3,0,0,2.6,0
C005609,206,6076.97,13,70,261,0.713,16.4,694,0,0,1,4.2,0
C004986,513,2770.69,16,73,275,0.736,25.5,3658,1,0,0,5.6,0
C003662,779,10633.32,16,46,203,0.646,22.2,1363,6,0,1,6.9,0
C000556,657,9068.47,18,56,250,0.705,19.1,919,13,0,0,4.5,0
C001164,59,4477.1,11,62,230,0.866,24.0,1218,0,0,0,2.3,0
C006063,215,15264.91,10,44,192,0.836,31.7,511,2,0,0,5.4,0
C000398,401,1789.45,14,65,285,0.413,19.7,886,1,0,0,7.8,0
C007109,288,4116.38,18,100,343,0.531,16.7,2759,1,0,0,7.0,0
C006429,1142,9187.36,10,51,178,0.584,23.3,1531,1,1,1,9.0,0
C009695,714,4483.43,16,93,346,0.777,28.2,431,2,0,1,9.2,0
C005184,282,5581.01,13,59,269,0.599,11.1,1382,5,0,0,6.6,0
C006400,657,8400.72,11,53,194,0.856,25.4,5411,0,0,0,5.2,0
C007594,96,6550.21,11,65,259,0.555,24.9,1025,3,0,0,5.8,0
C000724,945,3596.95,10,52,179,0.764,25.3,603,0,1,2,3.6,0
C000301,139,4718.04,26,122,447,0.928,20.2,1953,2,0,0,7.7,0
C009257,439,3435.23,9,45,155,0.801,25.6,1390,7,0,0,5.5,0
C004295,506,2587.78,17,84,323,0.671,26.5,1988,7,0,0,5.4,0
C004398,304,6121.29,23,119,470,0.517,25.0,2286,8,0,0,6.1,0
C004186,216,6916.32,12,53,211,0.799,22.5,725,4,0,1,6.4,0
C005280,835,5945.36,18,89,373,0.754,22.7,1209,4,0,0,7.0,0
C004512,903,4514.65,14,60,217,0.658,20.0,2420,5,1,0,10.0,0
A000835,525,12456.74,13,6,80,0.346,4.7,127,10,0,2,1.9,1
C003143,262,1866.41,17,81,276,0.785,34.3,1899,1,1,0,6.3,0
C005007,481,2806.4,11,59,209,0.558,20.6,2338,1,0,0,0.1,0
C003206,872,4402.95,16,120,416,0.558,17.2,1003,2,0,0,6.8,0
C009982,186,19399.62,18,94,357,0.764,20.4,2336,7,0,0,6.4,0
A000525,179,4307.75,16,10,98,0.25,3.8,74,0,1,1,1.7,1
C007221,459,2609.07,12,62,223,0.603,27.7,9191,2,0,0,5.7,0
C007718,138,6744.95,22,124,503,0.759,20.5,626,0,0,0,6.2,0
C001153,512,6908.16,17,70,263,0.695,12.4,704,5,0,1,4.3,0
C001213,185,6889.74,12,58,241,0.736,19.1,2627,1,0,0,7.8,0
C009206,219,4312.21,15,54,242,0.496,24.3,2646,0,0,0,10.0,0
A000670,1017,4365.55,9,8,203,0.205,6.5,57,0,0,2,8.3,1
C007901,275,2056.03,14,61,275,0.886,18.3,1400,6,3,0,0.0,0
C005863,330,5620.78,10,50,179,0.888,26.3,236,2,1,0,5.9,0
C005174,147,5016.41,14,44,195,0.656,30.9,730,1,1,0,10.0,0
C000666,621,3336.27,19,94,365,0.927,23.7,2118,7,0,0,9.2,0
C000643,641,4526.4,19,83,288,0.634,15.5,375,0,1,0,5.6,0
A000254,205,8915.58,14,4,66,0.222,8.7,518,3,2,1,4.5,1
C003768,254,9272.36,15,59,231,0.722,28.2,2117,10,1,0,7.3,0
C004273,303,3259.57,19,95,336,0.939,25.2,533,12,0,0,0.0,0
C004576,837,6974.63,8,29,130,0.481,22.5,583,10,0,0,1.9,0
C000787,350,8238.07,14,85,302,0.653,28.2,372,2,0,0,2.4,0
C007764,85,1649.54,13,64,285,0.721,25.7,866,3,0,0,6.7,0
C003203,681,8095.88,14,57,212,0.619,13.9,389,2,0,0,9.3,0
C005857,1147,2898.57,17,106,386,0.866,14.4,326,1,0,0,5.5,0
C004188,969,849.89,16,59,228,0.755,26.2,539,1,0,0,5.6,0
C007840,236,1668.24,15,69,306,0.896,12.4,1051,3,0,0,4.1,0
A000834,210,3578.18,11,9,101,0.171,6.1,263,7,0,1,1.0,1
C002906,562,22019.62,17,69,238,0.822,20.5,396,7,1,0,7.2,0
C004705,623,6425.75,16,73,252,0.827,17.0,1563,1,0,0,8.4,0
C000997,460,16309.26,25,126,436,0.693,14.9,417,6,0,0,6.7,0
A000011,189,4727.08,12,2,41,0.58,6.3,101,13,0,0,2.7,1
C007601,329,1513.23,16,68,283,0.332,24.2,1463,0,0,0,3.6,0
C008053,672,8767.69,15,85,293,0.931,22.9,375,8,0,0,7.9,0
C000157,565,1204.7,15,57,239,0.539,21.1,1464,1,0,0,2.3,0
A000028,553,8677.03,17,11,150,0.174,7.2,61,7,0,1,2.1,1
C003086,219,4326.92,15,73,298,0.651,24.0,1246,5,0,0,4.4,0
C009210,318,7039.33,14,62,223,0.586,35.6,8401,4,0,1,6.4,0
C007580,624,1466.84,11,46,192,0.36,5.9,3220,9,0,0,10.0,0
C006968,119,7832.28,15,80,355,0.642,25.4,584,0,0,0,4.5,0
A000086,583,4451.78,11,2,34,0.575,6.4,325,16,0,0,3.1,1
C003796,690,5207.12,14,71,255,0.409,13.7,1225,0,0,0,10.0,0
C000496,123,11938.77,17,86,361,0.938,21.7,675,0,1,0,4.3,0
C002322,220,5893.16,18,78,343,0.553,25.7,1514,0,0,0,7.7,0
C006287,780,9637.64,16,86,294,0.774,19.2,1562,4,0,0,5.3,0
C004552,530,3032.68,16,108,381,0.757,28.4,3216,8,0,0,3.0,0
C000152,85,9059.44,15,83,325,0.638,34.6,1677,5,0,0,6.1,0
C009500,533,10916.29,15,71,264,0.917,24.3,930,0,0,0,6.8,0
C005379,602,2457.38,14,66,237,0.598,32.7,836,5,0,0,8.3,0
C006943,209,10575.57,17,65,296,0.487,13.4,553,30,0,0,8.7,0
C001739,148,9407.61,13,54,212,0.679,18.9,1171,3,1,0,5.7,0
C003002,96,9890.5,12,46,158,0.572,19.5,582,1,0,0,8.5,0
C009778,669,7783.97,13,44,157,0.809,25.8,3545,7,0,0,5.0,0
C006058,412,1902.27,21,91,404,0.879,16.0,1609,7,0,0,6.5,0
C005847,389,8903.63,12,52,187,0.816,30.5,3373,1,0,0,6.5,0
A000785,255,1441.03,16,9,149,0.113,17.6,584,14,0,1,3.6,1
C002884,362,6999.77,13,73,304,0.63,16.7,1118,9,1,1,6.4,0
C003721,392,3864.98,14,72,257,0.846,22.1,1887,0,0,1,5.9,0
A000856,279,10014.65,11,7,57,0.215,7.3,103,3,2,2,1.9,1
C009397,466,8687.24,14,43,189,0.861,30.5,488,0,0,0,9.0,0
C009834,515,2819.94,16,105,354,0.783,18.8,442,1,0,0,6.8,0
C004824,425,8009.43,17,61,238,0.677,22.2,1051,18,0,0,7.4,0
C002277,480,5361.45,16,89,337,0.565,16.1,561,9,0,1,4.8,0
C004462,309,4497.48,14,57,233,0.651,17.6,1703,4,0,0,3.8,0
C000344,502,9107.13,11,62,211,0.931,20.8,556,1,0,0,6.6,0
C004137,615,4651.39,18,65,271,0.733,20.7,1805,2,1,0,3.0,0
C007734,923,1278.65,18,81,328,0.825,25.5,690,5,1,0,5.6,0
C007091,399,6479.35,20,108,388,0.817,28.0,1691,4,1,0,7.3,0
C002224,448,5972.36,14,59,199,0.573,26.7,1975,0,0,0,5.1,0
C004197,439,18163.0,17,87,299,0.603,22.6,515,2,0,1,6.5,0
C006401,312,3152.66,10,46,186,0.626,25.8,1693,0,0,0,2.6,0
C005096,1006,3735.19,14,63,236,0.655,30.1,264,8,1,0,0.0,0
C007130,468,5114.2,15,76,308,0.595,18.6,895,1,0,0,5.9,0
C005951,58,3870.01,13,56,257,0.884,16.1,1429,5,0,0,1.1,0
C008492,497,12061.74,20,81,306,0.64,13.9,767,4,0,1,2.3,0
A000056,205,12208.61,16,5,60,0.004,7.1,13,17,1,1,3.4,1
C005488,183,7896.94,17,110,383,0.586,23.8,724,2,0,0,4.8,0
C001466,512,15748.06,17,75,327,0.456,29.4,1981,1,2,1,2.9,0
C002235,378,10300.16,14,57,208,0.62,26.0,578,13,0,0,1.8,0
C008197,626,1431.69,11,60,238,0.401,17.8,655,0,0,0,8.9,0
C003904,717,2493.74,10,37,146,0.542,30.4,890,2,0,0,2.0,0
A000584,400,3057.67,10,3,58,0.34,6.3,4781,1,1,0,6.1,1
C007407,252,2217.14,16,56,257,0.767,29.6,3639,5,0,0,7.0,0
C009448,519,6511.4,17,46,191,0.704,24.8,1602,10,0,0,8.7,0
A000566,88,7657.66,18,10,95,0.123,5.4,253,2,0,1,8.0,1
C006129,196,5283.86,17,6,292,0.492,23.9,1293,8,0,0,4.7,0
C004152,250,4467.06,12,44,183,0.52,25.8,2380,24,0,0,3.0,0
C005334,297,5270.41,22,104,372,0.756,30.9,503,1,0,0,10.0,0
C002122,87,3628.66,12,63,264,0.479,16.3,2635,2,0,0,3.9,0
C004526,677,4043.59,15,69,313,0.902,18.6,2706,6,0,0,7.3,0
C008502,221,4935.97,13,68,249,0.894,24.5,2003,3,0,0,8.7,0
C005054,642,7289.17,6,40,135,0.487,24.2,1229,8,0,1,6.9,0
C003162,725,2489.02,18,74,252,0.564,19.1,343,4,0,1,7.9,0
C002631,182,9841.39,17,83,334,0.751,17.4,673,3,0,0,7.9,0
C008654,529,3930.96,16,77,332,0.754,19.8,2404,0,0,0,5.9,0
C009376,137,4922.54,14,68,255,0.859,20.8,1055,3,0,0,3.1,0
C006624,624,2805.46,16,51,209,0.827,21.9,15,10,0,1,6.4,0
C009891,403,7532.35,15,71,271,0.496,26.6,636,4,1,1,6.6,0
C001204,961,3838.23,8,31,114,0.861,20.7,393,3,0,0,3.2,0
C007798,846,1572.81,16,49,207,0.846,26.3,2640,3,0,0,7.6,0
C000617,161,4271.23,15,74,294,0.676,25.5,885,7,1,0,5.4,0
C001927,479,5540.78,16,75,327,0.763,13.5,1957,7,1,0,6.2,0
C003115,349,3681.89,9,44,151,0.851,21.3,3661,12,0,0,5.3,0
C002642,189,5817.01,14,73,267,0.947,28.6,525,6,0,0,9.2,0
C009885,229,8860.47,15,82,287,0.613,20.0,4131,3,2,0,6.7,0
C002563,190,4451.11,19,61,232,0.974,10.5,1262,0,1,0,7.9,0
A000438,741,4784.5,15,0,2,0.265,4.6,26,0,1,3,7.9,1
C002729,579,3807.41,18,77,278,0.762,32.9,1080,2,0,0,6.7,0
C004695,80,3550.98,18,99,354,0.898,25.7,1269,0,0,0,0.6,0
C008759,849,7823.89,20,62,273,0.656,7.1,670,3,2,0,5.8,0
C002127,214,14318.47,20,77,314,0.362,22.3,4037,1,0,1,8.6,0
C005228,279,2194.56,18,68,275,0.667,17.8,705,4,1,0,4.3,0
C009089,303,9851.64,14,67,228,0.583,23.3,2243,8,0,0,6.5,0
C005621,772,4199.55,18,91,308,0.493,13.7,3346,4,0,0,6.2,0
C006033,523,2066.88,14,85,294,0.357,25.0,1471,1,2,0,5.5,0
C000806,221,2395.73,18,80,288,0.738,16.3,494,5,0,0,5.4,0
C005107,463,3461.71,15,57,245,0.682,25.9,3169,3,0,0,9.0,0
A000038,250,5326.76,19,16,111,0.28,2.7,61,10,1,1,3.8,1
C004281,66,5539.7,13,59,245,0.55,22.2,562,6,1,1,7.6,0
C008327,302,3470.87,21,84,361,0.901,21.1,2796,11,0,0,7.1,0
C009118,734,4735.76,21,99,352,0.528,22.5,1021,2,0,0,3.2,0
C004853,646,992.01,16,84,318,0.96,30.3,1172,2,0,0,9.2,0
C000548,640,10307.12,19,82,318,0.855,16.2,1349,5,0,1,10.0,0
C000027,278,1970.68,19,80,359,0.863,26.2,1251,2,0,1,3.5,0
C008876,545,5403.6,21,91,328,0.848,10.0,861,1,1,0,4.9,0
C003919,821,8261.1,19,106,364,0.942,15.6,846,3,1,0,7.7,0
C004487,52,7099.69,21,76,339,0.821,30.0,572,7,0,0,7.0,0
C007821,700,2791.7,22,132,461,0.913,21.7,2140,13,1,0,0.0,0
C004902,134,2496.64,16,82,285,0.832,22.1,706,0,0,0,4.9,0
C001222,142,3451.79,10,52,216,0.692,25.1,13598,1,2,0,8.5,0
C006085,688,10383.51,15,69,291,0.824,22.1,750,3,0,0,5.0,0
C002549,736,4670.64,9,29,116,0.876,17.4,897,7,1,0,4.4,0
C000438,254,14268.6,19,81,315,0.578,34.2,348,2,0,0,10.0,0
C005323,457,2759.54,21,114,391,0.932,31.6,3033,0,0,0,2.8,0
C009323,650,7137.06,23,128,513,0.963,12.8,892,2,0,0,4.5,0
C001862,283,2765.71,13,74,270,0.7,17.9,1506,9,0,0,8.1,0
C002700,313,1881.95,7,38,151,0.522,16.4,1283,4,0,0,7.4,0
C009949,633,2421.16,14,54,189,0.811,19.6,545,14,0,1,4.6,0
C005642,247,4997.49,7,31,139,0.599,18.3,944,3,0,0,4.7,0
C002482,308,1732.09,18,100,343,0.64,15.6,1411,1,1,0,4.2,0
C004863,449,2917.14,19,101,339,0.859,14.0,1087,1,0,0,4.8,0
C009292,245,7177.63,10,60,203,0.709,18.1,607,3,0,0,2.8,0
C002707,873,3364.42,20,111,398,0.579,12.6,443,9,0,1,7.8,0
C000327,576,6312.26,19,62,283,0.795,18.4,988,2,0,0,6.9,0
C002500,455,5336.73,6,41,140,0.416,24.6,178,0,0,0,5.4,0
C001005,530,2228.24,15,81,290,0.484,16.2,282,2,0,1,6.2,0
C008971,1407,4315.2,11,50,225,0.724,24.1,1909,7,0,0,5.7,0
C009789,296,5381.64,11,67,228,0.871,22.7,1300,1,0,0,9.0,0
C004012,98,1777.86,12,43,168,0.714,12.0,282,1,0,0,3.9,0
C007645,530,2134.44,13,69,253,0.506,22.2,2181,1,0,0,2.2,0
C000535,169,3663.25,17,88,307,0.724,17.3,1504,0,2,0,5.1,0
C006428,1187,7026.82,16,78,274,0.703,14.6,2502,9,0,0,8.2,0
C003961,226,3336.61,15,63,261,0.613,26.4,973,6,0,0,3.8,0
C000586,301,3153.55,11,50,185,0.732,23.2,2530,3,0,0,9.9,0
C009084,232,3837.87,12,37,148,0.547,20.6,1067,0,1,0,4.9,0
C007360,1012,4625.45,17,57,228,0.722,21.6,1043,10,0,0,7.9,0
C005392,192,4080.15,17,84,352,0.813,25.3,399,0,0,0,2.6,0
C007208,376,5798.06,10,51,177,0.768,22.0,966,0,0,0,8.8,0
C006798,694,3764.25,12,44,186,0.847,13.6,837,6,0,0,5.1,0
C000492,122,5843.11,18,78,304,0.647,18.1,761,1,0,0,2.3,0
C006859,413,4034.41,19,58,252,0.148,3.8,325,13,1,1,8.8,0
C005823,544,7709.93,9,35,147,0.818,21.5,1268,0,0,1,4.1,0
C004814,539,1453.95,15,51,225,0.781,23.9,6097,0,1,0,7.7,0
C005738,496,5127.98,15,59,263,0.652,11.8,621,2,0,0,10.0,0
C008662,250,10503.34,8,29,126,0.787,23.5,3185,8,0,1,8.3,0
C003549,732,8758.2,13,66,252,0.821,18.4,398,1,0,0,7.0,0
C001917,365,1746.82,16,70,288,0.38,17.5,1035,1,0,0,7.0,0
C003186,601,3416.72,16,64,242,0.737,22.4,428,8,0,0,5.3,0
C004668,510,1718.82,16,68,300,0.478,18.0,1854,2,0,0,6.2,0
C001911,905,1643.11,10,39,150,0.685,18.9,521,4,1,0,10.0,0
C006501,133,1056.66,17,96,374,0.835,17.9,4681,5,1,0,10.0,0
C006752,524,7311.68,17,99,364,0.475,23.7,1788,0,0,0,6.9,0
C001134,762,6739.63,11,47,196,0.862,27.1,442,2,0,0,6.4,0
A000879,216,2046.57,19,5,39,0.331,6.4,137,1,1,0,5.7,1
C002519,80,2541.06,11,66,226,0.674,22.0,4577,0,0,0,8.3,0
C007683,421,5978.05,16,88,324,0.686,19.9,4745,0,0,0,7.8,0
C001318,1429,2209.19,13,58,254,0.843,12.9,571,3,0,0,5.9,0
C004369,53,4360.12,10,50,189,0.7,17.4,2186,3,1,0,9.9,0
C000122,200,30162.75,5,35,122,0.492,31.7,233,6,0,0,3.4,0
C008455,490,6796.32,18,64,279,0.852,25.1,5820,5,0,1,3.9,0
C002450,1256,2610.28,23,104,409,0.498,30.1,845,0,0,0,6.8,0
C006979,257,675.95,19,120,417,0.742,16.8,947,1,0,0,9.0,0
C005276,155,3793.45,11,53,179,0.778,12.5,976,0,0,0,6.1,0
C002602,180,6312.83,21,100,395,0.517,17.2,1590,2,0,0,4.5,0
C009187,590,8100.86,19,81,334,0.905,24.0,554,0,0,0,2.5,0
C008699,451,3854.99,19,69,269,0.87,17.7,705,12,0,1,3.7,0
C002174,491,3443.17,8,37,128,0.815,18.0,3371,7,0,0,2.3,0
C003284,280,10565.9,13,70,247,0.777,24.9,3025,14,1,0,9.7,0
C004555,510,5775.23,14,47,205,0.853,25.9,1004,4,0,0,7.8,0
C003606,299,5356.95,9,34,155,0.706,25.9,2220,3,0,0,9.6,0
C004719,318,2746.23,11,51,201,0.962,15.2,938,3,0,0,3.6,0
C009994,641,1339.97,14,76,274,0.9,21.9,1851,5,0,0,6.4,0
C003769,982,14093.23,13,62,235,0.967,23.2,2689,8,0,1,7.0,0
C006960,715,2763.47,14,54,204,0.734,19.8,851,5,0,0,4.4,0
C004039,2000,8538.88,13,64,221,0.674,26.7,657,5,1,0,0.0,0
C003503,117,6143.09,11,42,182,0.602,20.5,1044,2,0,0,10.0,0
C001408,1494,7712.1,17,64,259,0.872,26.2,726,1,0,0,7.7,0
C007376,203,6618.13,11,59,221,0.813,10.7,3824,6,0,0,2.3,0
C007119,161,4089.89,12,56,206,0.846,21.6,2921,1,0,1,4.6,0
C009519,794,4264.63,20,104,381,0.672,20.4,2442,3,0,0,8.1,0
C002580,195,18231.31,7,27,105,0.901,20.6,614,13,0,1,3.7,0
C005419,370,9013.69,11,51,184,0.587,24.8,415,1,1,0,10.0,0
C003270,286,6137.78,12,69,262,0.611,26.9,3127,2,0,0,7.5,0
A000507,343,4059.18,20,15,179,0.36,6.4,81,3,0,1,4.5,1
C001868,680,2458.56,28,109,394,0.731,16.4,1968,3,0,0,7.2,0
A000893,70,10694.58,16,5,77,0.106,2.0,11,30,1,1,8.9,1
C005028,427,2434.95,12,63,213,0.924,19.0,132,2,0,0,5.0,0
C002522,389,4925.85,12,64,218,0.766,19.6,570,7,0,0,10.0,0
C005406,253,3706.88,11,46,180,0.463,17.0,642,4,0,0,5.5,0
C001821,613,3607.34,16,68,289,0.778,22.4,2384,3,0,0,1.2,0
C008606,672,4692.71,20,102,395,0.847,27.3,1692,12,0,0,2.0,0
C000052,191,2908.12,13,73,283,0.757,25.2,6689,0,0,0,10.0,0
C003889,303,4584.52,19,115,415,0.932,36.4,2690,1,1,0,5.2,0
C006672,700,3900.64,17,93,315,0.748,25.1,622,9,0,0,7.7,0
C003578,451,3998.99,17,58,254,0.621,18.5,2673,6,1,0,7.0,0
C004566,76,5112.88,8,51,190,0.594,24.9,903,1,0,2,5.3,0
C009080,596,10100.84,9,36,165,0.457,39.0,79,1,0,0,5.4,0
C005187,684,2937.75,15,78,266,0.809,27.3,695,2,1,0,4.9,0
C001859,459,3305.73,12,55,210,0.721,19.0,1015,1,0,1,9.3,0
C006162,553,5477.02,26,137,511,0.664,30.4,2531,1,0,0,6.5,0
A000485,391,13062.52,13,6,104,0.272,6.4,75,17,1,0,7.4,1
C009747,321,3053.4,9,45,165,0.975,20.7,363,1,0,0,2.7,0
C006000,397,2903.0,15,63,280,0.644,23.7,1338,6,0,0,6.7,0
C009741,429,1164.49,16,52,232,0.825,24.9,252,4,0,1,7.0,0
A000149,440,3020.3,10,3,52,0.7,7.4,127,20,0,0,4.4,1
C000426,1063,10604.94,17,83,347,0.995,26.8,2180,5,0,0,7.8,0
C004285,80,3488.21,15,86,325,0.982,18.5,1308,22,0,0,6.6,0
C006868,385,13533.73,10,45,202,0.891,20.6,444,10,0,0,2.5,0
C006852,512,5918.52,19,73,284,0.631,18.6,1556,13,0,1,3.6,0
C000229,1168,2274.24,17,69,296,0.628,32.4,3388,3,0,1,2.2,0
C006320,409,7920.24,20,74,292,0.589,28.3,1178,3,1,0,4.5,0
C002742,645,2896.94,15,62,229,0.924,20.0,848,2,0,0,10.0,0
C009636,42,20259.43,14,39,148,0.792,12.3,665,1,0,0,3.6,0
C009856,338,992.56,15,73,304,0.927,31.2,3806,1,0,0,10.0,0
C005949,329,4549.96,19,86,336,0.692,23.8,1122,9,0,0,6.2,0
C002922,909,8160.97,16,85,329,0.676,19.1,1301,0,1,0,9.7,0
C009289,302,2450.47,10,40,164,0.89,14.9,782,3,0,0,4.2,0
C003654,438,9215.11,18,89,331,0.67,15.2,651,3,0,0,8.5,0
C005554,228,9702.32,20,88,393,0.758,32.2,626,10,0,0,4.6,0
C004992,178,3029.24,12,54,190,0.797,23.2,1439,3,0,2,5.1,0
C001129,582,10138.46,14,77,304,0.841,24.2,518,0,0,1,10.0,0
A000881,309,6365.84,10,4,79,0.374,4.6,233,4,1,2,5.5,1
C002332,640,7848.63,14,82,308,0.778,21.7,1828,7,0,0,5.0,0
C002209,376,9679.89,16,61,267,0.705,15.7,1004,15,0,0,2.5,0
C009914,242,8521.3,8,28,99,0.684,13.8,6546,4,0,0,5.2,0
C009810,204,9643.76,18,91,394,0.598,22.0,1828,0,0,0,7.6,0
C005124,120,8068.96,14,68,229,0.812,18.2,677,0,0,0,5.7,0
C003154,411,8337.26,24,133,495,0.476,29.8,683,8,0,0,5.1,0
C009746,134,1789.37,16,81,284,0.711,22.1,360,4,1,0,6.1,0
C008650,294,2070.75,14,62,232,0.687,10.8,349,4,0,0,5.0,0
C007554,515,2888.49,14,71,242,0.644,18.7,1431,6,0,2,10.0,0
A000561,538,11291.9,18,4,62,0.403,5.7,46,27,0,1,6.8,1
C002375,539,3153.77,22,76,342,0.807,14.8,465,0,0,0,5.0,0
C001633,293,5237.21,14,36,153,0.866,19.4,370,3,0,0,7.6,0
C008280,1029,4583.74,15,76,333,0.802,22.3,923,1,0,0,2.9,0
C002299,401,2226.21,16,94,362,0.602,15.7,558,2,0,0,0.3,0
C006912,933,8580.03,12,44,160,0.77,29.7,7367,3,0,0,6.2,0
C004253,64,2708.94,13,62,276,0.837,30.3,367,0,0,0,2.5,0
C007847,398,2537.26,21,113,433,0.737,28.5,39,0,1,0,5.9,0
C008158,447,5001.12,18,72,293,0.762,25.4,1764,2,1,0,6.1,0
A000252,626,7253.79,17,8,154,0.441,6.6,213,5,2,1,0.0,1
C009495,909,5375.46,10,55,195,0.92,19.5,1600,11,0,0,10.0,0
C008516,1500,4898.86,13,56,237,0.792,20.6,511,3,0,0,6.8,0
C006727,256,9896.63,12,39,171,0.716,28.5,840,7,0,0,8.2,0
C008162,361,6641.03,16,64,274,0.856,24.2,410,3,0,1,6.8,0
C008410,210,7595.08,5,31,115,0.775,25.1,576,0,0,0,5.4,0
C004915,385,2232.65,14,87,372,0.36,18.2,1311,1,0,0,5.3,0
C007629,154,7094.05,10,60,249,0.853,24.8,336,0,0,0,6.9,0
C005144,129,2769.89,9,39,166,0.642,27.4,2544,18,0,0,3.6,0
A000898,853,4859.04,10,3,56,0.123,6.5,74,0,0,2,6.0,1
C006748,145,7363.88,20,96,401,0.838,15.3,2611,8,0,0,7.2,0
C008966,350,3537.67,16,91,308,0.406,20.5,4657,0,1,0,4.7,0
C002551,676,4458.42,19,88,312,0.541,29.1,2258,21,0,0,3.5,0
C005158,654,3217.42,10,42,168,0.681,20.2,2003,7,1,0,7.7,0
C000939,465,4339.93,13,78,262,0.825,26.4,313,3,0,0,6.7,0
C006210,332,3170.98,18,70,282,0.615,15.9,583,0,0,0,9.0,0
C009771,105,12687.95,14,75,255,0.68,25.5,1295,1,1,0,9.1,0
C009469,925,7661.44,6,24,110,0.602,22.7,743,0,0,1,8.4,0
A000692,501,7423.37,15,7,80,0.123,7.4,141,7,0,0,4.5,1
C002645,486,5344.23,13,52,224,0.745,31.1,743,1,0,0,2.8,0
C009628,538,9944.37,11,48,213,0.861,20.9,3850,1,0,0,1.9,0
C003166,499,10356.1,18,97,362,0.875,20.5,453,1,0,0,8.8,0
C003640,552,3343.51,10,44,164,0.75,14.7,2207,1,0,0,1.9,0
C009293,628,2429.0,9,56,207,0.831,11.6,1628,0,0,0,8.2,0
C002062,352,1741.78,12,55,238,0.548,19.9,921,3,0,0,5.4,0
C004646,401,5456.85,13,44,197,0.918,26.6,684,0,0,0,3.4,0
C008075,150,2786.77,15,52,233,0.623,24.6,4388,1,0,0,7.0,0
C002813,506,12523.83,9,37,144,0.613,23.4,559,0,1,1,7.5,0
A000322,716,3547.1,16,4,66,0.113,6.4,200,9,0,1,2.9,1
C009549,414,1421.48,16,67,292,0.714,19.9,263,1,1,0,8.9,0
C009910,92,5438.09,20,67,236,0.56,21.1,886,0,0,0,7.0,0
C002550,399,4572.91,11,47,168,0.644,20.3,737,11,0,0,7.1,0
C007380,169,3749.27,10,55,188,0.467,20.8,981,1,0,0,8.6,0
A000884,298,3575.42,17,5,68,0.053,5.8,70,2,0,0,4.7,1
C005229,263,1302.32,15,3,370,0.812,26.1,40,4,1,0,8.2,0
C004175,316,15475.37,21,80,357,0.496,23.7,1640,1,0,1,9.0,0
C009644,674,3635.76,21,115,396,0.614,11.1,796,2,0,1,6.4,0
C001025,251,3941.45,12,57,210,0.706,21.8,1147,4,0,0,2.6,0
C005957,347,18280.96,16,52,228,0.82,11.1,933,0,0,0,1.4,0
C006583,220,9000.0,15,62,232,0.783,26.6,953,1,0,0,4.5,0
C001952,312,3241.6,11,43,157,0.813,22.6,747,11,0,0,5.3,0
C006070,291,5695.3,14,88,307,0.949,15.4,322,3,0,1,7.9,0
C000352,209,8598.45,13,60,240,0.728,17.3,2651,0,0,0,10.0,0
C005886,834,2053.73,14,50,227,0.603,25.2,1364,2,0,1,10.0,0
C004739,386,8404.24,13,81,300,0.609,15.0,1080,3,0,0,10.0,0
C003663,1494,12203.58,10,52,189,0.441,13.9,399,15,0,0,7.3,0
C009391,816,2703.37,18,59,248,0.717,21.5,388,11,0,1,3.7,0
C004658,211,8478.5,14,64,255,0.914,36.8,1989,5,0,1,9.0,0
C008052,36,1838.95,19,106,415,0.859,29.6,588,0,0,0,10.0,0
C003151,99,5900.36,19,82,308,0.696,18.9,404,1,0,0,6.2,0
C005236,156,22784.61,16,56,240,0.895,26.9,2070,2,2,0,5.1,0
C005545,650,3590.77,13,64,281,0.299,27.5,482,3,0,0,2.1,0
C007371,142,4321.96,18,95,336,0.62,17.5,1130,7,0,1,6.4,0
C002940,837,3174.4,12,58,200,0.906,28.7,3381,1,1,0,7.2,0
C004511,403,20531.14,19,106,363,0.66,16.9,3472,14,0,2,3.3,0
C001341,701,5660.85,17,121,406,0.504,25.4,395,9,0,0,2.1,0
A000311,276,1223.34,17,9,102,0.329,5.4,63,30,0,1,0.2,1
C007325,403,4490.54,12,64,251,0.672,16.9,3035,2,0,0,6.3,0
C008586,761,13311.57,6,26,112,0.868,16.3,1429,3,0,0,5.3,0
C008974,625,1956.07,13,68,254,0.819,21.8,550,1,0,1,8.2,0
C009624,1257,6743.52,13,57,192,0.532,26.7,1230,1,0,0,5.5,0
C005362,116,3675.86,11,42,179,0.575,23.1,1447,2,0,1,9.4,0
C001584,559,7072.82,20,87,367,0.885,25.7,792,15,0,1,5.7,0
C001413,410,1866.48,19,79,297,0.869,18.7,1233,4,0,0,4.7,0
C009370,795,4526.76,17,62,254,0.798,23.9,1183,1,0,0,1.5,0
C009642,228,4837.4,10,35,146,0.695,25.4,451,1,0,0,6.7,0
C002257,410,3901.11,15,55,246,0.684,28.7,1095,9,0,0,1.5,0
C008141,380,9553.54,20,132,443,0.89,21.0,973,3,0,0,6.8,0
C002213,649,13072.69,19,97,442,0.685,18.2,258,0,0,0,7.2,0
C002623,482,3563.97,10,47,217,0.567,16.2,1452,0,0,0,1.9,0
C007919,416,4767.87,10,45,204,0.451,10.6,1366,10,0,0,4.4,0
C003625,314,8640.81,15,64,247,0.327,18.7,1114,2,2,0,7.4,0
C005211,187,3065.11,16,68,306,0.889,11.5,1418,2,0,0,9.5,0
C004268,275,6811.06,17,77,279,0.657,29.8,2160,2,0,0,4.1,0
C009901,402,4331.45,8,39,150,0.87,20.6,757,6,0,0,0.0,0
C000464,422,1872.99,19,98,370,0.838,37.2,2057,1,0,0,4.2,0
C001755,312,5596.55,14,34,149,0.873,18.3,2906,1,0,0,4.7,0
C008787,388,13435.27,14,67,259,0.589,35.5,607,9,0,0,9.1,0
C005361,183,4135.23,19,60,255,0.81,24.6,930,3,1,0,3.8,0
C004914,342,1292.74,25,83,354,0.549,23.8,497,0,0,1,8.0,0
C006119,699,5094.1,17,76,326,0.921,9.1,904,4,1,0,7.2,0
C000379,299,5206.9,15,65,272,0.796,7.3,1729,5,0,0,3.8,0
C003107,681,8036.01,10,55,213,0.964,10.4,302,1,0,0,7.0,0
C001336,428,17062.58,20,135,487,0.616,30.6,582,6,1,0,6.1,0
A000659,507,4609.39,11,1,19,0.658,3.4,167,8,0,1,4.4,1
C002717,190,2911.3,15,72,249,0.909,22.7,1100,8,0,0,0.3,0
C006088,577,9810.97,14,50,212,0.513,29.1,2031,11,0,0,10.0,0
C005313,459,3628.19,11,53,234,0.577,24.7,435,13,0,0,3.4,0
C005899,392,11279.62,20,117,447,0.289,12.4,1834,0,0,0,9.8,0
C006207,239,3002.87,16,79,292,0.741,19.4,870,9,0,1,4.6,0
C001812,138,5816.56,9,57,200,0.791,16.7,4286,4,0,0,5.4,0
C001895,475,14566.03,15,63,288,0.764,26.9,3255,0,0,0,2.3,0
C008843,180,5648.65,16,90,331,0.551,18.5,1705,2,0,0,6.0,0
C005333,299,12717.18,16,88,330,0.892,22.6,280,14,1,1,8.1,0
A000170,304,17618.54,13,15,122,0.062,6.9,130,9,0,3,4.4,1
C001190,198,7193.84,15,60,265,0.753,19.1,1656,1,1,0,10.0,0
C005729,481,2387.98,21,80,353,0.664,18.0,2708,0,1,0,0.9,0
C004882,336,3923.67,11,41,142,0.95,20.7,661,11,0,1,3.4,0
C003455,601,7228.91,15,62,240,0.539,26.0,1380,0,0,0,7.2,0
C006453,574,2487.79,18,52,178,0.769,16.3,1257,1,1,0,3.2,0
C008547,134,1503.29,25,137,486,0.561,18.1,1309,4,0,0,5.2,0
C009399,257,4821.98,13,46,159,0.785,29.3,1089,9,1,0,7.7,0
C008804,441,3769.52,11,46,156,0.675,25.5,469,0,0,0,1.2,0
C008218,335,2301.82,19,131,442,0.869,13.7,377,16,0,0,9.1,0
C004614,437,2127.82,17,85,320,0.435,29.1,355,0,0,0,2.9,0
C003993,514,4609.1,15,66,234,0.842,11.7,793,2,1,0,9.7,0
A000175,101,1400.84,18,7,77,0.575,8.0,42,11,0,1,2.6,1
C001031,306,4128.64,9,45,198,0.826,21.7,193,11,0,0,0.7,0
C005654,104,6891.47,17,69,236,0.812,17.1,1009,11,1,0,3.7,0
C002221,507,5396.87,18,93,343,0.467,17.7,547,6,0,0,4.5,0
C003775,952,50000.0,20,84,304,0.738,35.8,6384,0,0,1,4.5,0
C007466,149,2007.63,16,82,345,0.58,26.4,3573,0,0,0,6.9,0
C008549,231,4439.64,22,100,412,0.846,14.3,2313,1,0,0,9.7,0
C001756,193,9051.21,12,56,229,0.693,21.1,2156,1,0,0,10.0,0
C009967,202,2043.32,15,63,238,0.596,26.5,1226,2,0,0,6.7,0
C007943,556,6414.45,15,59,60,0.791,25.8,1011,3,1,0,0.0,0
C004328,365,8763.64,13,80,275,0.61,16.8,1107,0,0,0,8.7,0
C000111,333,28387.9,19,144,484,0.746,19.1,576,5,0,0,6.5,0
C008105,315,3661.91,17,68,253,0.78,19.9,3541,2,0,0,6.9,0
C008160,137,1313.25,19,97,382,0.672,28.0,1290,2,0,1,10.0,0
C002918,690,16877.11,19,59,257,0.845,19.5,974,6,0,0,2.9,0
C001516,545,9618.86,12,54,199,0.761,23.1,542,1,0,0,7.7,0
A000393,413,3340.21,11,8,60,0.202,4.9,47,14,0,0,7.1,1
A000930,270,4509.83,13,8,65,0.277,5.3,56,22,0,1,2.9,1
C009980,956,2579.8,15,76,323,0.765,17.1,1153,2,1,0,3.6,0
C009265,313,1887.02,20,71,259,0.149,27.4,675,2,0,0,2.6,0
C002264,475,2315.92,15,56,227,0.824,18.7,1285,13,0,0,0.0,0
C005501,348,9421.03,15,77,343,0.928,17.3,2096,3,0,0,1.3,0
A000372,394,7262.31,14,9,75,0.307,5.8,26,3,0,0,5.3,1
C009355,578,6255.47,14,66,225,0.491,19.7,307,4,0,1,4.7,0
C007309,474,2853.48,12,50,224,0.82,28.8,4306,8,0,0,4.4,0
C000894,387,3410.34,21,104,350,0.851,22.5,524,16,2,0,3.7,0
C001491,220,9452.28,12,49,178,0.626,22.0,3492,8,0,0,7.0,0
C001851,411,6034.83,13,62,229,0.791,19.6,2980,0,0,0,2.6,0
C000325,1225,5454.67,12,49,220,0.751,22.6,622,7,0,0,8.6,0
C001216,631,7420.04,11,57,202,0.909,25.9,1161,1,1,0,9.0,0
C002934,318,4908.52,9,48,170,0.778,24.0,1269,3,0,0,4.5,0
C004690,425,7824.15,16,72,305,0.871,21.9,2651,2,2,0,7.6,0
C008119,547,1538.69,12,45,154,0.9,24.4,1486,9,1,0,3.4,0
C007656,377,11054.34,21,130,462,0.568,26.5,617,14,0,0,8.1,0
C009458,314,2213.84,16,72,288,0.616,20.1,350,3,0,1,3.3,0
C007498,529,18006.19,9,50,183,0.341,21.1,729,4,1,0,4.5,0
A000693,600,28950.75,18,8,60,0.09,8.5,31,4,1,0,6.3,1
C001130,424,3153.04,14,65,63,0.798,24.4,1277,13,0,0,9.5,0
C005834,648,3130.16,12,64,236,0.477,18.7,2562,2,0,0,7.6,0
C002919,380,6980.14,13,63,249,0.879,20.7,834,30,0,0,7.7,0
C003085,1041,4668.98,21,91,354,0.829,22.9,434,8,0,1,7.5,0
C004589,247,17751.15,14,71,244,0.715,20.4,623,3,0,0,5.8,0
C004305,734,24342.36,12,71,262,0.967,17.6,2083,0,0,0,4.6,0
C002796,693,6247.87,12,63,220,0.57,19.9,1457,2,0,0,10.0,0
A000416,434,4424.76,9,6,47,0.142,3.8,40,0,1,2,6.3,1
C000799,871,3721.45,18,76,336,0.943,22.1,699,4,0,0,9.0,0
C000735,84,9567.81,9,43,165,0.82,16.3,1521,1,1,0,10.0,0
C006544,737,2248.27,12,48,212,0.783,18.9,3901,7,0,0,4.3,0
C002245,754,6576.57,15,78,309,0.318,15.5,652,0,0,0,5.7,0
C000179,647,7556.04,13,61,253,0.895,25.9,669,5,0,0,2.5,0
C009742,480,6180.05,18,69,303,0.657,22.1,658,5,0,1,7.3,0
C009723,255,17604.12,24,101,413,0.745,19.0,759,2,0,0,7.0,0
C001175,1518,6796.48,12,60,206,0.908,21.5,2070,0,0,0,6.9,0
C009700,564,4177.69,10,57,215,0.436,21.9,1379,26,0,0,4.0,0
C001832,1181,887.43,13,51,215,0.922,23.9,850,5,1,0,10.0,0
C009886,275,6051.96,20,88,342,0.631,14.6,534,6,0,0,9.4,0
C005237,567,2032.92,12,52,214,0.679,32.6,764,7,1,0,7.1,0
C008857,92,6604.43,14,79,265,0.516,27.2,398,8,0,0,1.2,0
C001782,72,4662.65,19,68,264,0.714,26.7,399,2,0,0,4.8,0
C003202,242,5030.13,23,110,500,0.869,27.0,2692,0,0,0,3.5,0
C000199,427,1769.95,16,72,326,0.479,20.4,1557,0,0,0,2.0,0
C006936,447,4327.97,14,55,231,0.797,26.9,2454,4,0,0,8.5,0
C004088,592,5993.9,16,73,294,0.928,22.9,1843,3,0,0,4.7,0
C000549,372,3608.27,11,52,225,0.693,25.5,249,16,0,0,5.3,0
C003340,649,3409.88,15,72,319,0.69,11.4,1116,3,0,0,7.8,0
A000378,153,5864.58,20,11,118,0.178,7.0,207,6,0,1,3.0,1
C005574,194,2691.03,19,81,332,0.336,25.7,756,2,0,0,1.5,0
C009276,127,4540.67,20,69,291,0.804,9.4,922,7,0,0,7.8,0
C005787,388,17774.03,10,43,179,0.339,28.1,1660,1,0,0,6.5,0
C002533,276,5199.07,12,82,292,0.738,17.9,628,4,0,0,5.3,0
C002315,153,2938.45,13,77,260,0.4,19.1,272,0,0,0,8.1,0
C008096,298,5517.94,11,68,285,0.882,17.4,762,1,0,0,7.0,0
C009317,531,9798.79,18,70,308,0.705,21.8,3061,6,0,0,5.5,0
C008948,158,1908.27,11,60,232,0.808,19.9,766,6,0,0,9.6,0
C000067,115,1766.94,14,60,254,0.845,21.8,301,0,1,0,3.4,0
C004713,449,3828.08,13,90,334,0.698,30.2,332,4,0,0,7.9,0
C003261,687,3910.67,8,28,106,0.755,22.4,1917,3,0,0,2.7,0
C002573,999,12631.09,18,79,337,0.799,24.5,1006,3,0,0,4.4,0
A000171,582,22094.44,11,4,44,0.143,9.0,45,2,3,1,8.5,1
C007686,827,3019.69,17,86,367,0.746,27.1,697,0,0,0,8.3,0
C000623,265,4727.74,9,37,137,0.659,15.8,402,0,0,0,1.7,0
C001682,186,5758.39,8,43,163,0.701,21.5,1520,6,0,0,6.8,0
C000788,231,1659.17,15,64,261,0.749,18.7,1925,11,0,0,3.6,0
C003333,152,10842.99,16,71,286,0.327,32.3,1254,2,0,0,10.0,0
C008464,322,6729.85,11,57,235,0.867,20.1,1820,2,0,0,10.0,0
C007230,775,7146.36,12,58,240,0.707,21.0,1613,7,0,0,6.9,0
C003281,299,13023.67,21,71,319,0.457,26.5,2195,1,0,0,6.5,0
C005768,854,3520.92,13,67,265,0.796,17.0,6512,2,0,0,4.8,0
C009021,95,4404.63,20,92,327,0.581,22.8,543,7,1,0,6.9,0
C005408,166,13034.14,15,72,266,0.75,25.6,1430,5,0,0,7.1,0
C009530,179,2612.33,16,79,282,0.679,18.6,2427,10,0,1,9.4,0
C009217,334,3517.03,13,67,245,0.796,22.7,2139,1,0,0,9.6,0
C000479,530,5839.15,8,39,155,0.913,6.2,30,3,0,1,8.2,0
C007883,244,2432.31,16,94,361,0.552,17.9,713,5,1,0,8.1,0
A000015,185,6586.96,18,6,103,0.505,7.1,70,2,1,1,0.0,1
C002648,578,1368.26,13,65,263,0.976,30.0,355,2,0,0,2.9,0
C006677,1324,3332.94,9,46,163,0.46,20.9,2517,4,1,0,6.4,0
C008757,457,1840.57,16,91,355,0.659,17.1,1220,3,0,1,5.5,0
C001034,380,12480.88,15,68,290,0.87,29.9,3198,0,0,0,7.7,0
C005710,269,2986.33,19,82,281,0.747,24.1,899,0,0,1,9.1,0
C002599,276,7500.74,20,115,410,0.725,18.0,732,8,0,0,10.0,0
A000602,414,6245.39,11,3,55,0.396,5.2,140,0,1,0,9.5,1
C008400,818,12144.21,19,96,324,0.835,29.6,1270,5,1,0,4.8,0
A000503,389,9261.61,22,0,3,0.24,5.9,93,12,0,0,2.2,1
C000345,648,2003.1,16,75,254,0.441,29.1,3123,4,0,0,6.4,0
C004955,390,1866.98,16,79,328,0.69,34.1,3039,1,0,0,3.0,0
C001872,272,17962.45,17,78,304,0.635,19.6,534,3,0,0,9.0,0
C006696,64,6164.36,17,102,394,0.468,10.8,1267,6,2,0,6.3,0
C006089,177,5196.6,13,72,268,0.761,21.5,1501,3,0,0,6.9,0
C003987,372,4393.39,17,63,276,0.72,22.4,3679,2,1,0,6.4,0
A000563,188,4151.54,13,2,41,0.055,5.6,290,0,1,0,7.7,1
C002889,850,7577.82,17,94,361,0.655,32.4,1292,2,0,1,8.1,0
C004624,228,7075.98,20,75,315,0.671,27.2,636,4,0,1,7.0,0
C004819,459,6215.83,12,55,208,0.772,32.4,3473,1,0,0,8.0,0
C000221,264,18863.62,14,76,258,0.521,20.6,119,4,1,1,10.0,0
A000110,622,2794.03,19,7,72,0.279,6.5,62,30,0,0,1.6,1
A000820,362,4529.93,14,4,57,0.21,2.9,50,24,1,2,5.6,1
C009174,226,7572.01,13,53,198,0.867,22.9,971,4,0,0,7.9,0
C005595,178,5328.53,18,64,279,0.828,21.1,2239,0,0,0,7.1,0
C007748,324,2623.01,13,44,191,0.684,25.0,461,0,0,0,4.6,0
C005339,823,3854.24,12,75,310,0.761,22.7,684,1,0,1,4.4,0
C004017,494,7684.55,13,55,198,0.474,14.6,5577,0,0,0,5.4,0
C007763,645,2410.16,6,34,121,0.669,27.6,405,1,1,0,7.8,0
C004249,380,11334.54,16,69,256,0.403,22.7,276,17,0,0,6.9,0
A000072,389,1377.26,12,3,51,0.545,7.3,58,17,1,1,6.8,1
C007250,349,5859.25,20,102,415,0.71,24.1,430,9,0,0,8.3,0
C009238,354,5302.24,15,67,286,0.654,29.1,759,0,0,0,4.2,0
C006391,281,2740.87,22,84,375,0.904,24.5,2170,0,0,0,2.4,0
C007837,329,6236.58,16,104,377,0.686,23.6,2189,3,0,0,5.1,0
C004242,290,4752.17,11,38,175,0.64,13.6,3981,13,0,0,10.0,0
C005152,595,7125.42,20,100,423,0.722,24.3,738,2,0,0,10.0,0
A000005,652,2664.23,19,32,108,0.321,27.8,21,4,0,2,7.2,1
C009956,361,2932.24,11,65,251,0.525,30.7,185,14,1,1,8.5,0
C009267,252,4529.61,17,73,303,0.914,5.1,2207,5,0,0,6.3,0
C002882,304,8635.06,8,30,115,0.849,21.5,493,4,0,0,6.2,0
C001678,326,1772.73,14,55,199,0.76,17.2,2300,10,0,0,1.4,0
C007530,129,3803.69,22,105,448,0.84,30.5,3378,0,0,0,8.1,0
C000902,389,22702.65,23,133,449,0.658,24.0,4106,2,2,0,10.0,0
C008956,212,5781.93,28,104,451,0.779,23.8,675,2,2,1,0.5,0
C002297,484,2808.32,16,89,323,0.469,20.7,438,1,0,0,7.1,0
C007586,856,13711.47,20,124,435,0.847,25.8,776,1,1,0,1.7,0
C005112,623,1393.23,19,63,285,0.884,24.2,1232,4,0,0,0.9,0
C000297,455,6000.74,21,113,407,0.613,26.7,959,6,0,1,7.2,0
C009679,637,7300.25,20,77,340,0.553,16.3,654,5,0,1,3.7,0
C004154,605,3536.63,13,68,231,0.671,26.7,1712,2,0,0,10.0,0
C005341,382,1666.14,13,56,250,0.655,22.2,1858,4,0,0,4.9,0
C000028,321,1940.03,16,88,300,0.593,17.1,3102,2,0,0,9.0,0
C006934,891,5653.33,16,83,283,0.824,21.8,2115,5,0,0,6.6,0
C008132,117,6857.93,7,31,131,0.485,13.9,806,3,0,0,3.8,0
C008087,424,4207.41,11,45,201,0.844,25.0,1968,0,0,0,7.7,0
C009931,932,13882.53,15,71,315,0.742,28.7,1238,0,1,0,2.0,0
C003249,1701,2578.97,14,64,240,0.846,26.7,2528,1,0,0,10.0,0
C008871,164,2429.47,9,51,204,0.865,22.5,1063,1,0,0,10.0,0
C006307,217,5878.57,14,67,240,0.488,28.4,4139,1,0,0,5.4,0
C002581,73,3672.66,11,35,154,0.709,19.5,174,5,0,1,5.1,0
C005364,343,1254.83,22,124,436,0.83,18.0,499,1,0,0,7.4,0
C006689,787,14898.83,13,49,214,0.879,29.4,1294,6,0,0,6.0,0
C006861,143,4519.21,22,107,412,0.703,17.1,457,1,0,0,3.5,0
C001371,150,1660.07,10,47,172,0.749,30.3,1761,1,0,0,5.3,0
A000833,410,9185.48,9,2,31,0.133,8.5,154,2,1,0,5.8,1
C008356,192,13876.94,23,91,363,0.881,27.8,1395,0,0,0,6.9,0
A000076,473,1591.85,18,3,38,0.119,3.9,17,8,0,1,2.2,1
A000658,819,9025.55,11,2,36,0.484,4.1,156,12,1,2,2.7,1
C000682,686,2127.91,14,68,128,0.987,22.9,3826,3,0,0,6.6,0
A000240,486,3556.13,16,8,69,0.486,6.0,119,26,0,1,5.4,1
C004776,328,3676.51,9,34,128,0.81,27.2,470,1,0,0,7.2,0
C003160,468,3892.73,13,53,186,0.912,18.9,1727,3,0,0,4.4,0
C002988,260,3701.3,18,79,306,0.881,7.6,1051,1,0,0,6.9,0
C004909,297,5860.66,13,67,243,0.725,26.6,1137,0,0,0,10.0,0
C001883,195,5982.96,15,92,311,0.665,13.8,1059,0,0,0,4.8,0
C007106,841,4209.22,17,79,316,0.617,15.8,835,14,1,0,5.7,0
C001941,481,9024.27,19,101,353,0.266,9.2,611,0,0,0,8.6,0
C003297,673,8409.3,12,55,187,0.756,25.1,2604,1,0,0,9.1,0
C003535,44,3318.3,20,112,434,0.789,18.3,811,2,1,0,7.0,0
C003730,293,5880.21,13,66,223,0.711,12.6,264,10,1,0,8.4,0
C007558,199,9573.14,14,83,288,0.815,23.8,1718,5,0,0,10.0,0
C001182,401,2065.31,9,29,114,0.353,29.0,4110,3,1,0,4.6,0
C001376,233,2965.73,10,38,170,0.564,23.9,4839,13,0,0,3.4,0
C008887,491,7336.62,14,78,303,0.752,19.4,2037,7,0,0,3.9,0
C008976,233,7265.98,14,73,42,0.504,26.3,1008,11,1,1,10.0,0
C000627,945,5306.82,20,90,345,0.715,16.9,2266,2,0,1,6.6,0
C004759,990,3146.79,14,74,278,0.486,24.6,938,0,0,1,8.9,0
C002113,398,8620.49,20,137,460,0.454,24.0,1518,13,0,0,3.6,0
C007073,362,6489.67,14,74,290,0.664,26.3,1915,0,1,0,8.8,0
C006683,684,13154.95,14,64,273,0.848,21.5,1771,0,0,0,3.9,0
C007966,32,7550.92,10,57,211,0.627,21.7,1450,0,0,0,6.7,0
C007546,627,2212.5,19,80,330,0.911,26.6,1008,0,0,0,3.3,0
C004181,883,4081.13,11,50,196,0.577,30.0,1427,1,0,0,7.7,0
A000708,441,5325.71,7,1,15,0.235,7.2,105,5,0,1,5.5,1
C005071,469,5202.56,10,51,200,0.583,30.2,2282,0,0,0,10.0,0
C001463,830,9144.28,14,85,318,0.831,26.7,205,10,1,1,6.5,0
C002888,421,4416.38,9,42,169,0.848,27.3,788,7,0,0,4.9,0
C005767,1100,17897.86,12,59,225,0.657,19.0,2705,5,0,0,3.6,0
C000685,858,7433.31,15,66,248,0.732,19.6,687,5,1,0,5.1,0
C004540,90,5964.97,18,84,337,0.555,15.8,644,10,0,0,8.0,0
C004515,181,2970.01,15,63,278,0.754,16.8,683,1,0,0,9.5,0
C008480,338,2019.03,17,56,235,0.474,24.2,1905,0,0,0,10.0,0
C008678,633,12249.16,16,79,299,0.595,21.6,6524,6,1,0,2.8,0
C001367,278,7684.58,19,87,364,0.461,16.9,2620,5,0,1,5.4,0
C003917,504,7040.96,12,61,259,0.292,24.5,2499,4,0,0,8.3,0
A000778,127,14372.43,18,20,138,0.108,3.1,118,9,2,1,7.6,1
C002640,181,5896.39,19,64,243,0.875,29.8,608,0,0,1,8.4,0
A000408,847,3759.39,15,4,31,0.419,5.7,91,15,0,0,3.0,1
C009955,1510,8174.99,12,50,226,0.946,22.3,1286,1,0,0,4.7,0
C007090,826,1894.92,20,111,386,0.667,26.5,1324,8,0,0,7.5,0
C002301,442,3524.63,10,41,174,0.675,22.2,199,7,0,0,6.5,0
C004788,382,5530.93,12,49,177,0.8,25.6,2403,10,1,0,6.0,0
C002939,271,5688.69,8,27,124,0.825,20.2,523,15,0,0,3.1,0
C006935,315,7217.89,11,40,155,0.383,5.2,864,14,0,0,3.2,0
A000522,435,15137.47,16,6,69,0.376,3.8,111,6,1,2,0.0,1
C009253,136,9023.9,13,71,249,0.825,26.4,395,0,0,0,6.6,0
C001980,478,6868.42,16,73,266,0.865,17.2,442,3,0,0,4.9,0
C003804,236,5814.1,17,83,309,0.589,28.0,1459,1,1,0,8.7,0
C004535,273,12872.52,20,109,431,0.525,19.1,1231,4,0,1,6.7,0
C005518,466,4654.95,14,74,317,0.773,22.0,617,6,0,3,6.3,0
C005274,41,13909.56,20,85,289,0.579,26.8,1134,8,0,0,3.0,0
C005562,508,10496.88,17,85,288,0.249,15.5,1341,1,0,0,6.0,0
C005762,499,5824.41,12,64,269,0.408,25.5,896,1,0,1,6.7,0
C008273,338,4765.11,15,0,15,0.56,25.4,2089,1,0,0,0.7,0
C004801,477,5534.16,25,141,496,0.805,15.6,1161,0,0,0,2.4,0
C002281,197,3007.54,9,45,189,0.791,14.9,1918,2,1,0,7.0,0
A000111,700,4427.69,10,7,67,0.173,2.1,191,3,0,2,3.4,1
C005050,229,3894.51,12,71,239,0.847,24.8,1504,1,0,0,7.7,0
C004470,781,5083.73,11,51,233,0.816,20.3,3185,8,0,0,9.3,0
C008109,688,4928.82,14,56,223,0.739,17.8,310,5,0,0,9.7,0
C004131,1669,6258.46,16,66,284,0.542,25.2,545,23,0,0,8.0,0
C007368,80,8790.72,17,74,284,0.465,21.0,789,4,0,1,2.0,0
A000782,1674,5069.6,17,8,112,0.116,8.0,713,30,0,2,5.6,1
C001785,1226,2801.76,9,23,100,0.504,17.3,1090,6,0,0,3.9,0
C003183,1264,4609.97,9,40,147,0.892,33.9,167,1,0,0,3.1,0
C000495,497,7386.72,10,31,133,0.871,27.0,312,0,0,0,4.9,0
C005428,74,5959.38,15,70,268,0.938,26.2,4275,2,0,0,4.3,0
C008566,507,3928.08,10,43,193,0.791,16.3,1013,7,0,0,4.6,0
C006188,571,3513.16,20,67,259,0.707,27.5,4391,1,0,0,5.6,0
C002861,394,9773.38,20,92,391,0.878,30.1,339,4,2,0,6.1,0
C007342,638,14359.53,14,7,68,0.795,23.8,1183,28,0,0,4.1,0
C004042,264,1670.03,17,51,220,0.715,24.3,196,1,0,0,2.5,0
C008463,331,5678.92,22,118,445,0.862,19.5,527,2,0,0,9.0,0
C002898,1355,7608.89,10,46,199,0.297,22.5,1429,4,0,0,9.9,0
C000367,193,3901.09,17,86,344,0.886,25.9,4417,5,0,1,2.9,0
C000850,1142,3634.16,16,62,273,0.414,30.6,414,8,0,0,7.9,0
C007915,631,5302.55,8,38,157,0.694,21.3,531,7,0,0,6.8,0
C007370,268,2428.46,17,116,433,0.935,23.5,691,4,0,1,10.0,0
C006534,172,2886.22,14,61,250,0.695,21.4,2280,10,0,0,3.3,0
C008677,394,20485.98,17,66,229,0.739,14.1,128,0,0,1,8.9,0
C002654,183,2352.99,11,60,233,0.502,17.7,594,10,0,0,4.7,0
C003504,293,13566.59,17,48,167,0.759,15.5,683,0,1,0,3.7,0
C001542,568,3464.15,18,70,247,0.762,23.3,3057,1,0,0,6.6,0
C005072,678,28689.7,8,35,137,0.511,24.7,355,3,0,0,0.7,0
C009774,243,3567.75,16,68,243,0.779,23.0,1628,9,0,0,0.0,0
C000323,564,15018.01,16,71,240,0.987,21.5,184,2,0,0,2.0,0
C002032,763,11593.68,17,71,281,0.531,18.4,2114,5,0,0,7.1,0
C000814,753,4237.7,11,3,222,0.648,7.7,317,0,0,1,4.7,0
C002529,184,1942.84,20,96,398,0.687,23.5,919,1,0,0,10.0,0
A000315,462,6449.58,12,6,67,0.182,7.6,144,5,0,1,7.9,1
A000621,145,5903.79,11,6,44,0.179,5.5,176,3,2,1,6.1,1
A000118,498,8307.68,16,4,75,0.328,6.2,231,30,1,1,8.7,1
C001080,315,8866.58,12,69,272,0.551,22.7,1988,5,1,0,10.0,0
C002227,550,3127.92,14,50,209,0.692,18.8,723,4,0,1,0.5,0
A000052,171,10812.86,22,9,87,0.063,3.9,120,6,0,0,2.9,1
C006805,250,1002.7,15,76,287,0.889,27.1,2256,3,0,0,10.0,0
C002706,264,6002.76,17,83,324,0.852,16.1,823,8,1,0,6.4,0
C008249,156,7642.62,23,105,452,0.584,19.6,1480,1,0,0,7.1,0
C009215,147,8071.14,12,53,188,0.908,29.2,859,8,0,0,10.0,0
C001165,647,13340.06,13,56,202,0.828,30.4,702,2,1,0,5.4,0
C003262,833,5108.81,11,51,178,0.645,4.6,32,2,1,1,9.5,0
C009412,659,1978.12,12,35,124,0.812,21.2,435,2,0,0,10.0,0
C001451,1165,4133.19,12,96,340,0.897,12.4,1044,3,0,0,5.3,0
C004230,507,2773.71,21,72,312,0.833,19.2,356,5,0,0,5.7,0
C003863,285,7948.83,14,72,296,0.419,21.0,1773,12,1,0,7.9,0
C007416,1367,15420.03,13,62,217,0.704,20.2,2249,11,0,0,5.7,0
C008909,399,9824.16,18,61,232,0.799,16.6,404,10,1,0,3.4,0
C003918,568,2310.38,16,65,297,0.494,25.1,388,15,2,0,4.9,0
C005962,182,7237.37,12,36,155,0.424,32.4,1781,0,0,0,7.8,0
C009553,566,902.02,10,34,123,0.894,14.7,847,2,1,0,3.9,0
C007553,499,2905.99,11,47,200,0.876,24.3,1063,0,0,0,8.5,0
C008048,504,2644.86,15,68,273,0.709,21.6,1048,5,1,0,4.8,0
C006700,240,3915.42,18,90,339,0.694,14.9,77,1,0,0,7.3,0
C004057,854,5542.91,17,68,239,0.896,21.3,1010,11,1,0,8.8,0
A000462,392,3629.08,14,6,45,0.351,23.7,34,7,1,0,1.9,1
C003000,179,3460.22,19,89,332,0.733,29.5,755,3,1,0,4.4,0
C009942,1108,5534.27,19,88,311,0.804,15.6,1553,1,0,0,6.5,0
C001232,1096,8500.35,15,80,314,0.738,15.3,616,4,0,0,3.4,0
C001515,299,2211.81,14,70,283,0.834,19.8,1367,7,0,0,7.0,0
C002314,104,2359.27,14,55,213,0.633,17.0,3534,4,0,0,8.6,0
C001452,1104,10600.11,10,37,135,0.783,26.7,303,1,0,0,2.6,0
C008573,568,1877.1,13,73,255,0.556,21.1,2504,5,0,0,7.9,0
C006973,392,2389.4,15,81,326,0.354,23.3,2782,2,0,0,2.8,0
C009395,1227,11793.8,13,55,214,0.507,24.0,2052,11,0,0,9.5,0
C004322,151,6121.35,17,92,357,0.859,18.5,1233,2,0,0,6.8,0
C008558,935,2326.52,18,78,269,0.813,20.8,895,0,0,0,6.8,0
C000839,243,11570.13,10,38,148,0.755,24.1,3167,0,2,0,8.4,0
A000896,844,2013.85,9,6,72,0.306,6.8,434,0,1,2,4.3,1
C005628,90,16128.28,9,45,169,0.91,22.4,1269,3,0,0,6.1,0
C009963,889,8779.06,13,42,163,0.708,25.6,1240,0,0,0,3.8,0
A000120,418,7004.54,15,8,73,0.313,5.2,66,30,0,1,4.1,1
C003568,658,9103.85,17,73,303,0.879,22.7,1878,0,0,0,4.6,0
A000192,561,12234.16,16,6,78,0.217,7.2,38,1,1,1,7.4,1
C003088,68,10771.54,11,45,172,0.77,11.9,1037,0,0,1,5.4,0
C009930,382,4776.0,14,56,210,0.531,24.2,846,0,0,0,2.7,0
C009068,635,7546.72,28,183,621,0.782,18.7,740,4,0,0,3.7,0
C004693,674,5857.8,19,99,362,0.859,30.6,418,7,0,1,6.9,0
C001715,407,10558.35,12,51,217,0.464,31.4,1933,0,1,0,8.1,0
C004271,314,12588.84,16,73,310,0.774,16.3,4996,0,0,0,8.5,0
C000340,637,8238.09,13,42,173,0.798,20.8,472,2,0,0,6.2,0
C008189,81,1944.45,19,84,301,0.726,25.8,421,0,1,0,5.0,0
C009083,190,2227.86,21,87,298,0.865,15.9,346,12,0,1,6.8,0
C006779,430,6520.38,14,64,244,0.673,22.5,2008,3,0,0,3.4,0
C008972,453,5844.34,12,67,243,0.551,22.9,775,7,0,0,3.6,0
C005981,513,7467.78,16,77,280,0.6,22.1,808,3,0,0,5.7,0
C000589,101,9597.78,17,96,385,0.734,22.4,745,2,0,0,5.4,0
C003366,252,5160.83,14,75,273,0.745,15.9,1263,0,0,0,6.4,0
C002671,369,5255.07,16,68,309,0.475,22.3,976,5,0,0,5.2,0
C003590,572,5817.3,8,33,118,0.499,27.7,816,0,0,0,4.9,0
C000035,140,8060.61,16,85,287,0.793,21.3,772,2,0,0,6.2,0
C000029,202,1312.64,18,91,380,0.775,21.1,483,8,0,0,8.5,0
C002396,200,3027.04,25,127,490,0.933,32.4,1379,1,1,0,8.0,0
C006084,148,8823.94,13,49,190,0.826,22.4,907,3,0,0,4.7,0
C007853,478,6518.22,15,94,354,0.941,23.9,587,0,2,0,10.0,0
C002171,176,6996.43,16,85,385,0.608,28.4,650,0,1,0,9.7,0
A000207,1158,3448.86,17,7,106,0.426,5.0,58,30,0,1,9.5,1
C005685,936,2963.52,19,106,360,0.648,30.4,1331,2,0,0,8.4,0
C000890,183,23117.3,16,83,308,0.91,24.3,705,1,0,0,9.4,0
C008627,220,8293.6,11,41,186,0.676,21.3,2769,5,1,0,6.3,0
C003323,207,7331.89,17,105,380,0.694,37.1,527,5,0,0,10.0,0
A000336,447,4056.19,25,18,125,0.121,5.3,27,19,0,1,5.2,1
C003515,292,5733.19,15,71,275,0.413,19.7,625,0,0,1,7.0,0
C005383,337,2008.42,16,82,349,0.578,15.3,198,5,0,0,4.0,0
C009193,147,6316.81,12,56,189,0.753,21.5,313,0,0,0,8.8,0
C009113,315,1427.81,12,62,249,0.655,30.6,519,2,0,0,4.8,0
C003734,812,9324.53,19,96,374,0.663,22.6,1706,6,0,0,10.0,0
C005730,145,12158.69,16,61,255,0.649,26.5,315,1,0,0,6.6,0
A000413,537,19096.41,16,12,112,0.225,6.2,30,16,1,2,2.5,1
C008401,756,5843.82,20,93,315,0.535,25.2,863,1,0,0,4.2,0
C004529,682,7772.14,14,58,229,0.278,28.3,527,7,0,0,1.8,0
C001655,470,4208.42,13,48,207,0.502,21.2,1165,0,0,0,0.8,0
C008607,211,4112.59,15,54,245,0.606,14.2,1346,0,1,0,5.6,0
C006136,485,9730.67,15,66,235,0.847,21.2,86,7,1,0,8.1,0
C000224,493,5028.62,12,66,243,0.977,28.9,1276,0,0,1,10.0,0
C009845,196,6014.36,12,56,231,0.703,17.1,429,10,0,0,8.8,0
C005401,172,6014.37,13,69,263,0.52,26.4,993,0,0,0,7.1,0
C004240,467,26726.11,13,61,222,0.766,15.1,2388,5,0,0,6.8,0
C001591,337,2169.86,11,27,123,0.609,23.6,228,1,0,0,7.5,0
C007273,371,6271.86,20,101,366,0.543,31.7,1548,9,0,0,6.0,0
C003257,510,2449.87,16,83,326,0.947,28.1,1060,5,0,1,6.8,0
C009304,882,3908.87,15,69,262,0.487,25.3,3854,1,0,0,3.5,0
C005813,75,3423.5,16,57,252,0.565,21.6,2461,2,0,0,3.1,0
C002182,110,16669.62,11,65,235,0.801,20.3,235,1,0,2,2.6,0
C009011,314,7586.04,6,27,107,0.431,20.1,1272,6,1,0,6.4,0
C008238,99,3981.27,16,78,321,0.74,27.4,296,3,0,0,5.0,0
A000279,109,23774.3,20,10,116,0.287,5.0,67,7,0,2,8.2,1
C008025,411,3800.71,21,99,390,0.811,18.2,1266,0,0,0,8.1,0
C008225,562,17634.85,17,67,301,0.34,23.4,3252,0,0,0,6.4,0
C004818,995,650.79,18,81,359,0.648,13.8,719,1,0,1,3.3,0
C005838,694,5130.43,24,145,551,0.935,21.3,594,7,0,0,6.5,0
C005506,281,4857.08,16,67,275,0.89,24.9,228,0,0,0,6.4,0
C001210,183,2891.69,10,46,200,0.851,18.3,3771,0,0,0,2.7,0
C000422,222,26752.64,20,75,281,0.7,28.3,2247,1,0,0,7.2,0
C009635,520,3997.27,9,41,173,0.781,22.7,774,18,0,1,8.3,0
C001707,1711,10828.24,16,65,296,0.972,24.5,1806,3,1,0,5.0,0
C001159,463,7278.47,20,71,322,0.685,23.8,10306,2,1,0,2.2,0
C002307,180,2008.0,23,102,404,0.696,25.7,1936,3,0,0,8.9,0
C000274,459,3041.59,13,63,230,0.408,29.0,527,5,1,0,6.0,0
C000172,478,27686.4,12,65,228,0.88,22.5,4580,13,0,0,6.3,0
C003957,217,2078.22,14,66,258,0.828,27.2,1510,1,0,0,3.8,0
C004866,520,6025.24,12,47,196,0.79,21.9,5079,0,0,0,5.6,0
C007022,416,7448.91,7,23,87,0.828,26.4,1625,0,0,0,2.6,0
C003189,154,7843.55,12,51,186,0.924,31.2,1020,5,0,0,3.3,0
C001726,535,6685.2,20,78,300,0.711,23.7,398,1,0,0,6.6,0
C005235,513,3083.42,18,95,362,0.355,15.1,1114,1,0,0,6.4,0
C009974,711,21334.61,9,32,147,0.941,25.0,745,5,0,0,8.1,0
C001565,497,12003.42,10,37,160,0.668,18.7,3274,2,1,0,10.0,0
C001783,441,1784.12,18,113,428,0.892,18.2,2320,1,1,0,5.9,0
C000844,265,5782.09,15,72,257,0.725,15.2,356,2,1,0,6.6,0
A000283,286,3974.23,15,6,110,0.199,6.8,102,30,0,0,3.9,1
C005749,498,12248.1,5,17,74,0.577,20.0,1486,0,0,0,4.9,0
C000905,279,845.43,19,81,345,0.298,15.4,2375,3,0,0,0.5,0
C007880,305,3091.02,13,41,187,0.793,12.0,1569,0,0,0,7.3,0
A000636,378,6307.5,16,8,86,0.427,2.2,455,5,0,1,2.0,1
A000231,891,1339.24,14,7,96,0.22,4.4,357,27,0,0,4.1,1
C001548,808,1584.87,21,126,432,0.859,14.6,403,3,0,0,3.4,0
C002081,486,6719.09,14,63,287,0.701,19.8,1707,3,0,0,5.7,0
C005472,403,6578.54,15,59,251,0.441,25.4,5335,1,0,0,7.3,0
C003986,430,10045.02,12,63,249,0.813,21.4,815,5,1,0,5.9,0
C009173,219,17652.54,14,72,249,0.759,26.8,452,15,1,0,2.8,0
C006396,927,8517.39,14,61,256,0.617,22.7,533,8,1,0,4.4,0
C007524,417,3179.52,14,60,230,0.601,32.7,183,0,1,0,7.6,0
C007992,134,14031.21,16,89,337,0.906,15.0,891,1,0,0,7.4,0
C009037,329,4787.6,20,93,339,0.606,5.5,579,3,0,0,0.0,0
C007174,260,4794.87,19,77,300,0.739,25.5,2485,1,0,1,5.7,0
C003821,73,2563.35,19,74,308,0.621,30.1,752,0,2,0,6.1,0
C002647,224,3699.08,16,85,288,0.645,21.8,1380,1,1,3,1.2,0
C005427,30,1919.02,17,63,265,0.671,22.2,2173,5,0,0,6.1,0
C008453,253,4807.52,18,100,400,0.816,15.1,5000,0,0,0,4.5,0
C006223,1187,2188.56,14,72,253,0.692,18.0,219,0,3,1,5.7,0
C007960,345,3485.32,13,67,228,0.433,25.0,1764,1,0,0,7.8,0
C008362,921,4537.85,21,92,408,0.824,20.9,695,5,0,0,7.0,0
C004351,131,1529.84,19,100,372,0.627,21.2,1440,9,0,0,6.4,0
C007382,760,9056.24,20,107,404,0.774,14.0,3573,0,0,1,2.8,0
C002156,191,5553.88,11,60,202,0.184,10.8,1747,7,0,0,9.7,0
A000793,972,2918.79,15,3,35,0.234,6.6,813,4,0,1,7.5,1
C003716,790,3303.1,14,53,219,0.699,21.4,888,10,1,0,6.5,0
C004058,234,3644.65,12,49,199,0.873,26.8,1456,10,0,0,10.0,0
C008465,527,5498.27,16,78,330,0.667,31.4,1033,0,0,0,8.1,0
C009142,324,4511.11,15,66,283,0.719,27.1,580,1,1,0,8.3,0
C007239,186,4395.86,11,36,158,0.747,25.3,1800,5,0,0,1.9,0
C007076,471,3997.09,11,57,235,0.587,31.1,353,4,1,0,6.8,0
C003103,246,7286.55,13,73,300,0.642,23.8,900,1,0,0,7.0,0
C000559,411,2993.64,18,67,293,0.696,31.3,984,1,1,0,4.3,0
C008170,486,9218.55,19,77,291,0.905,17.9,6958,0,0,0,7.7,0
C007787,764,6820.12,18,92,368,0.75,31.5,1299,3,0,1,2.7,0
C001437,428,2306.12,15,70,240,0.674,13.2,1879,5,0,0,9.7,0
C000508,145,2050.59,12,59,244,0.859,20.0,2694,0,2,0,3.5,0
C004473,93,14342.9,22,101,352,0.849,23.2,574,4,0,0,5.3,0
C001870,245,1683.86,23,116,467,0.768,23.3,4610,0,1,0,10.0,0
C000756,64,13739.6,18,91,394,0.799,16.2,1149,7,0,0,4.4,0
C006619,453,11506.54,10,44,169,0.74,32.4,1303,0,1,0,8.2,0
C004051,278,4047.87,11,41,188,0.761,12.2,1040,3,0,0,9.3,0
C007496,1115,6105.24,15,92,350,0.593,27.9,518,2,0,0,7.8,0
C003837,548,7898.14,12,48,161,0.646,25.0,995,13,0,0,8.7,0
C004387,518,2418.14,11,53,192,0.5,24.8,1059,0,0,0,4.5,0
C008325,465,2817.9,17,106,365,0.557,27.0,1546,1,0,0,8.0,0
C002119,323,18043.51,20,69,310,0.956,23.5,2979,0,1,1,4.2,0
C007473,256,7178.48,16,43,195,0.866,22.9,1496,4,0,0,7.1,0
C000730,492,5076.24,13,71,258,0.436,25.9,633,2,0,0,4.1,0
C000502,425,3589.54,13,56,218,0.76,31.9,2561,14,1,0,3.3,0
C005275,346,3765.5,11,48,178,0.346,24.4,848,2,0,0,4.9,0
C007610,431,7814.63,9,33,139,0.748,30.2,3708,9,1,0,3.3,0
A000906,406,1836.16,19,7,112,0.406,2.7,407,4,1,2,1.3,1
C001540,160,14322.57,12,75,252,0.786,19.0,893,1,0,2,9.7,0
C007460,223,16777.76,16,76,338,0.502,26.7,738,1,0,1,10.0,0
C001212,408,5238.19,13,52,235,0.707,27.6,255,3,0,0,4.4,0
A000036,450,4737.7,20,6,61,0.343,5.9,32,1,0,2,5.2,1
C000673,266,2181.88,8,31,143,0.825,22.9,542,2,0,0,8.3,0
C004916,312,7247.56,16,111,374,0.741,24.0,474,3,0,0,3.4,0
C005269,309,18702.23,13,59,205,0.868,28.4,1010,2,1,0,10.0,0
C003378,315,39614.23,14,58,250,0.902,23.5,653,0,0,1,8.0,0
C004477,368,4012.79,18,80,326,0.534,16.6,1637,0,0,0,10.0,0
C009685,52,11070.34,18,85,338,0.923,16.7,373,8,0,0,5.3,0
C001465,453,4334.04,12,52,222,0.858,21.9,1795,11,1,0,5.5,0
C004746,344,3317.17,17,72,274,0.379,34.1,1199,0,0,0,10.0,0
C009835,244,853.2,18,48,212,0.608,19.1,1127,10,0,0,9.0,0
C001193,283,2982.87,8,6,113,0.879,16.2,301,5,1,0,0.0,0
C003794,136,4499.04,14,77,324,0.623,11.7,1259,5,0,0,3.2,0
C001873,352,4817.38,20,72,310,0.615,17.2,1355,7,0,0,3.0,0
C003591,610,6119.37,10,51,178,0.829,22.3,690,3,1,0,10.0,0
C008182,370,15263.32,10,68,229,0.928,28.0,960,1,1,1,7.2,0
C009358,749,582.19,18,75,324,0.692,32.1,1253,0,0,0,6.7,0
C000506,595,3021.03,11,33,133,0.741,29.4,257,1,0,0,5.7,0
C000244,414,7143.26,8,37,133,0.94,22.1,652,0,0,0,6.1,0
C000507,626,13448.88,11,44,198,0.682,28.6,769,0,0,0,4.8,0
C009023,89,1222.12,11,45,163,0.93,29.7,625,0,0,0,5.5,0
C008152,419,9381.07,14,68,264,0.251,30.4,881,1,1,0,8.4,0
C006785,575,27629.79,26,108,434,0.663,26.1,476,7,0,0,9.4,0
C009890,620,24866.62,15,68,268,0.731,14.4,5669,1,0,0,9.0,0
C005690,286,1952.31,15,59,257,0.846,21.5,478,0,0,0,4.6,0
C007751,97,3230.87,6,34,116,0.947,22.0,535,4,0,0,9.9,0
C001774,612,5515.55,8,38,131,0.485,25.0,767,4,0,0,10.0,0
C005251,496,8361.42,20,88,377,0.707,31.6,5019,2,0,2,6.6,0
C006902,159,8591.98,14,59,239,0.585,19.9,421,2,0,0,7.6,0
C005983,353,1407.37,14,59,205,0.71,34.5,602,5,0,0,2.6,0
C009013,338,6285.05,15,73,264,0.895,23.5,1042,11,0,1,5.3,0
C000798,121,2339.05,16,78,291,0.627,34.0,3121,5,0,0,7.8,0
C003619,40,4851.06,17,88,304,0.522,24.3,1503,0,0,0,4.3,0
C002382,182,6035.13,24,137,504,0.424,6.1,142,0,0,0,2.3,0
C002830,499,6443.87,14,56,215,0.437,9.1,1154,3,0,0,3.5,0
A000531,227,5827.87,18,5,67,0.235,9.4,93,24,1,2,0.0,1
C009631,30,6342.77,19,84,291,0.896,19.4,545,4,1,0,10.0,0
C004634,130,7436.28,16,74,262,0.849,25.2,3338,6,0,0,10.0,0
C000313,248,15375.0,15,60,221,0.622,26.6,259,7,0,0,6.8,0
C000747,164,3644.88,18,76,340,0.903,24.7,53,3,1,0,3.4,0
C003570,284,5600.96,13,71,304,0.448,6.9,331,3,1,0,0.1,0
C000791,281,9538.6,11,50,194,0.815,17.7,3573,12,1,0,3.8,0
C002477,574,8994.73,17,79,307,0.536,31.8,870,9,0,1,10.0,0
A000261,811,6528.69,16,17,140,0.12,6.0,18,8,0,0,5.4,1
C002571,978,4919.26,13,63,212,0.597,5.7,5677,2,0,0,3.3,0
C008122,824,2134.48,17,91,396,0.911,23.6,4532,6,0,0,6.0,0
C006361,1172,8769.82,12,49,186,0.714,16.5,985,0,0,0,8.8,0
C004356,112,2793.73,12,50,190,0.613,21.9,2550,1,1,0,1.6,0
C002164,60,3768.25,14,57,221,0.81,22.0,576,0,1,0,3.3,0
C008002,702,2053.98,10,51,203,0.567,22.7,464,2,0,0,4.5,0
C008782,476,2688.2,12,62,261,0.807,19.5,946,2,0,0,6.2,0
C000381,178,6233.36,12,72,247,0.588,13.5,287,7,1,0,5.8,0
C007402,264,5209.14,15,84,354,0.901,14.7,726,8,0,1,5.8,0
C001293,734,961.11,14,59,270,0.707,27.9,1803,0,0,0,6.3,0
C001913,311,6355.95,23,97,367,0.643,14.7,1853,4,0,0,5.2,0
C006966,161,8745.74,17,56,245,0.98,15.8,1732,9,0,0,4.6,0
C000600,192,1911.42,10,56,192,0.941,19.7,2116,9,0,0,4.3,0
C003893,197,2479.1,15,48,209,0.97,16.1,474,1,0,0,9.1,0
C004142,573,10156.62,14,75,266,0.405,19.2,1055,3,0,0,2.1,0
C001653,312,2838.21,15,64,234,0.762,17.7,752,0,0,0,4.0,0
C006380,524,10892.34,11,47,172,0.755,32.2,889,1,0,1,10.0,0
C001894,223,5446.86,10,38,141,0.46,20.3,2183,3,1,0,4.0,0
C001945,173,2323.89,20,88,392,0.396,15.4,887,5,1,0,9.9,0
C003396,104,4103.8,21,137,507,0.835,19.6,2900,0,0,0,9.6,0
C006687,444,5656.91,19,81,280,0.631,27.5,977,0,0,1,5.9,0
C004363,352,5010.47,18,72,113,0.911,5.7,1662,3,0,1,5.9,0
A000741,269,3276.21,14,2,58,0.185,4.2,27,7,0,0,1.5,1
C000376,177,1535.64,9,31,126,0.946,21.8,944,4,1,0,7.5,0
C001967,227,3166.4,15,89,309,0.884,30.8,1492,1,0,0,5.8,0
C003958,1054,8402.56,13,44,161,0.603,34.2,391,1,0,0,4.5,0
C009669,180,4293.0,8,48,180,0.473,21.7,2036,0,0,0,8.8,0
C004424,122,11206.14,14,57,194,0.735,21.9,1012,2,0,0,8.9,0
C001244,722,6868.44,18,74,252,0.783,14.1,923,10,0,0,9.9,0
C008894,165,1732.02,18,98,345,0.834,21.1,2084,2,0,1,6.0,0
C005490,526,3554.23,12,58,247,0.445,26.0,1415,12,0,0,7.0,0
C006301,437,7017.53,11,54,188,0.745,32.5,993,1,0,0,3.9,0
C006464,562,4847.29,12,52,180,0.739,4.6,2980,1,0,0,0.7,0
C001472,440,2310.91,14,106,370,0.721,28.7,173,8,0,0,9.3,0
C003347,216,2565.26,20,98,382,0.563,24.6,327,8,0,0,0.2,0
C004523,522,5604.36,16,80,303,0.703,16.2,1681,1,1,0,8.1,0
C007604,329,2245.16,12,53,186,0.892,24.3,2182,2,0,0,7.8,0
C002854,435,2556.74,18,86,306,0.685,17.7,492,6,0,0,10.0,0
C004507,1271,8778.72,10,42,177,0.92,30.0,418,8,0,0,7.5,0
A000427,525,5043.19,17,4,71,0.414,6.3,51,20,0,1,7.4,1
C009903,1174,6635.01,14,53,224,0.507,11.5,1235,0,0,1,3.3,0
A000747,462,9923.04,7,4,45,0.137,4.0,66,3,1,2,4.5,1
A000587,797,2192.36,22,20,159,0.269,7.5,18,6,1,1,8.2,1
C004063,942,3509.43,19,113,409,0.593,24.6,1204,1,0,0,9.1,0
C006330,269,5194.02,12,67,228,0.332,18.7,1290,1,0,0,7.8,0
C007949,603,1978.57,18,80,290,0.906,20.9,1121,2,0,0,5.1,0
C004307,164,5458.28,16,59,262,0.681,22.6,1066,7,0,0,3.9,0
C008080,541,12149.2,14,47,213,0.677,21.4,253,3,0,1,5.4,0
C006527,337,3626.92,23,96,395,0.708,26.8,416,7,0,0,6.8,0
C008498,834,3233.73,15,81,315,0.554,25.7,669,1,0,0,6.4,0
C006444,510,11666.96,11,49,208,0.593,25.2,2759,1,0,0,7.0,0
C003991,254,3880.78,14,49,173,0.733,29.0,709,1,0,0,10.0,0
C001050,502,4340.56,10,54,217,0.92,24.2,1269,8,0,0,7.9,0
C007506,335,1592.16,9,22,84,0.771,23.7,2034,0,0,0,1.2,0
C008820,408,11250.4,7,41,150,0.7,16.6,1422,7,0,0,4.0,0
C008836,485,2841.05,16,71,303,0.879,17.7,3843,1,1,0,6.0,0
C002036,284,15130.71,24,126,491,0.592,29.8,4426,2,0,0,5.7,0
C004040,417,6960.4,14,55,227,0.579,23.1,791,3,0,0,6.9,0
C006390,433,2120.08,18,96,322,0.742,28.0,1153,2,1,0,7.6,0
A000901,167,7461.55,15,4,27,0.18,7.4,22,0,0,0,4.3,1
A000292,727,16856.4,14,4,83,0.168,3.3,175,6,1,1,6.3,1
C001973,543,7950.07,10,58,204,0.639,33.9,1302,0,0,0,6.9,0
C005818,430,3502.02,10,54,190,0.605,17.8,2003,5,0,0,7.6,0
C002100,403,5465.94,14,52,201,0.582,18.2,1405,1,0,0,5.5,0
C001500,422,9766.78,15,68,277,0.867,15.1,943,3,1,0,8.0,0
C005206,578,1582.08,9,41,166,0.905,25.3,729,4,0,1,5.9,0
C008989,625,5156.02,21,99,359,0.84,20.5,421,0,1,1,7.3,0
C000653,625,4715.06,18,64,244,0.783,19.2,3464,4,0,0,4.5,0
C000171,148,5696.45,16,57,204,0.915,26.1,2037,0,0,0,3.6,0
C004086,357,5758.26,13,49,185,0.84,23.8,561,3,0,0,9.3,0
C000243,452,2906.19,13,79,266,0.873,31.7,369,3,0,0,3.9,0
C006957,475,7124.21,12,45,191,0.477,29.2,905,2,0,1,8.4,0
C004372,389,2018.68,12,55,216,0.784,32.4,1676,4,0,0,8.0,0
C001645,543,7078.02,13,77,264,0.926,25.0,1224,2,0,1,8.6,0
C002757,291,4530.53,12,51,186,0.749,5.2,81,11,0,0,7.0,0
C008288,383,8139.71,13,40,134,0.45,19.8,5478,6,0,0,10.0,0
C006884,460,18779.61,10,47,181,0.947,27.4,1684,5,0,0,6.7,0
C005232,185,2738.32,12,60,241,0.363,18.1,438,7,0,0,5.8,0
C002077,539,2696.36,22,95,329,0.859,30.8,992,6,0,1,8.2,0
C004104,143,11881.99,9,40,150,0.692,19.4,1510,0,0,2,7.1,0
A000515,475,8236.87,19,10,168,0.658,20.0,161,5,0,0,6.9,1
C007607,1050,3867.06,11,35,157,0.754,26.5,1058,8,1,0,3.2,0
C004802,448,16192.2,9,33,132,0.87,27.5,3654,5,0,0,6.1,0
C005910,271,6960.44,11,38,161,0.685,28.4,516,3,0,0,5.5,0
A000271,385,13301.33,17,13,127,0.323,6.1,106,6,0,1,6.0,1
C006221,140,9058.0,12,49,169,0.944,30.6,1116,3,0,0,7.0,0
C009656,332,9001.46,20,101,388,0.783,25.5,2277,7,0,1,4.8,0
C008068,1005,3533.94,14,79,276,0.706,22.9,880,4,1,0,4.4,0
A000313,237,5038.6,21,14,147,0.46,5.2,172,2,0,1,5.3,1
C005774,241,7320.94,11,50,204,0.957,21.0,1930,2,0,0,10.0,0
C008523,695,7515.43,8,62,228,0.592,28.3,2366,4,0,0,7.6,0
C005462,270,14299.43,17,88,329,0.843,28.6,779,0,1,0,8.8,0
C009167,473,7850.32,19,84,361,0.701,15.9,461,1,0,0,5.9,0
C004662,476,3569.09,15,73,278,0.84,23.9,317,6,0,0,10.0,0
C004079,234,6282.19,14,66,291,0.762,20.2,921,8,0,0,5.0,0
C009306,495,6702.81,14,31,140,0.532,23.8,1182,1,0,0,9.1,0
C000641,335,3425.54,10,53,184,0.883,19.1,1755,1,0,1,6.7,0
C001271,297,20919.54,13,49,214,0.942,32.2,549,1,0,0,7.8,0
C002779,255,3808.05,15,69,246,0.588,13.4,448,7,0,0,5.8,0
C006422,423,8325.83,12,57,103,0.837,20.0,1174,3,0,0,0.1,0
C004933,105,5874.67,12,33,146,0.885,15.2,1003,4,1,0,7.4,0
C001986,800,2613.13,11,38,154,0.767,21.9,475,1,0,0,3.1,0
C003862,184,7510.22,16,68,302,0.67,21.1,893,13,0,0,4.7,0
C003481,917,5652.58,16,65,292,0.776,20.7,2328,7,0,1,5.2,0
C001535,620,9596.37,24,146,542,0.752,19.0,671,4,0,0,9.4,0
C000326,307,6667.46,10,48,177,0.919,23.7,1916,7,1,0,2.0,0
C002339,993,6756.77,21,124,501,0.973,19.7,1208,4,0,0,4.6,0
C003981,356,3899.33,7,34,122,0.818,24.3,1820,2,0,0,5.9,0
C008285,408,5622.82,13,50,200,0.843,25.8,1298,6,0,0,1.9,0
A000077,389,20310.64,17,55,116,0.382,8.5,96,30,1,1,6.7,1
C004055,214,3141.48,14,70,261,0.945,20.3,1503,0,0,0,9.8,0
C002238,172,8216.35,15,57,228,0.929,26.7,3344,1,0,1,3.9,0
C005230,467,3239.45,12,48,216,0.851,21.8,803,1,0,0,7.1,0
A000295,570,7571.51,11,4,48,0.727,7.5,250,4,0,1,1.7,1
C004572,344,11703.06,12,60,232,0.514,21.8,975,8,0,0,10.0,0
A000634,513,3336.53,14,7,96,0.194,5.0,289,7,0,2,4.9,1
C009792,410,2290.9,15,86,334,0.827,24.5,649,5,0,1,6.3,0
C000865,685,3221.92,17,97,394,0.349,19.8,553,2,0,0,2.8,0
C006931,405,35021.53,9,41,168,0.674,20.4,425,0,0,0,9.9,0
C004943,1678,4241.8,8,29,135,0.519,26.3,1434,4,0,0,10.0,0
C006724,923,6529.02,16,99,333,0.906,12.0,204,3,0,1,4.7,0
C008177,636,4563.19,9,44,150,0.705,27.2,1550,14,0,0,4.8,0
C000372,468,5155.9,18,98,344,0.741,19.8,794,0,0,0,3.6,0
C007654,299,3948.22,16,57,247,0.736,17.2,1402,5,0,0,7.6,0
C006775,256,5193.67,15,68,237,0.566,22.4,1562,4,0,0,8.9,0
A000291,96,2801.19,14,2,22,0.192,4.7,55,30,1,0,3.0,1
C005763,860,3382.68,14,71,295,0.881,20.7,1571,0,0,0,10.0,0
C009689,125,7218.53,13,47,175,0.496,30.4,969,2,0,0,9.0,0
A000216,307,7524.01,18,17,131,0.309,6.4,35,1,1,1,5.7,1
C007808,404,9198.3,13,46,201,0.859,30.3,1494,10,0,0,8.9,0
C002365,1336,2530.25,19,78,318,0.458,27.6,753,18,0,0,4.8,0
C003214,338,2484.7,14,58,47,0.283,21.3,253,9,0,0,5.4,0
C000912,405,7985.51,24,128,543,0.389,25.6,1473,0,0,0,2.4,0
C009966,467,4082.24,19,99,355,0.816,27.2,865,19,0,0,0.0,0
C009608,49,8536.49,21,118,398,0.709,22.3,1630,2,0,1,9.4,0
C003790,184,3152.8,15,72,256,0.897,27.5,711,10,0,0,3.8,0
C007947,358,2847.47,10,45,171,0.685,20.6,1071,1,1,1,7.3,0
C009281,770,9568.76,14,72,259,0.605,16.1,385,3,0,0,8.4,0
C007955,985,10620.74,15,48,221,0.624,15.9,565,1,0,0,3.3,0
C009161,756,2782.77,22,82,313,0.74,20.2,539,0,0,0,6.1,0
C005061,372,8917.21,16,69,267,0.593,17.9,1479,4,0,1,10.0,0
C001424,582,5621.22,6,18,84,0.606,21.6,2904,2,0,0,3.1,0
A000780,490,3204.89,13,14,111,0.163,34.8,695,5,1,3,3.0,1
C000480,230,9941.83,14,49,216,0.569,21.1,1529,2,0,0,8.1,0
C000663,105,3909.01,21,95,322,0.844,20.0,2141,2,0,1,8.7,0
C005457,290,2316.42,12,61,46,0.815,20.3,1385,30,0,0,4.5,0
C009897,536,5470.49,19,98,338,0.495,20.5,180,5,2,0,10.0,0
C008960,332,19180.35,9,48,186,0.402,20.3,1126,12,0,0,5.7,0
C002989,223,6523.47,10,29,101,0.858,19.1,1699,0,0,0,9.5,0
C001120,733,8442.39,16,60,265,0.808,16.3,2204,2,1,0,5.6,0
C002777,345,1420.76,15,70,317,0.89,21.7,258,0,0,1,9.9,0
C004536,225,7108.81,14,86,310,0.64,16.7,841,0,0,0,6.8,0
C006780,437,4120.22,22,83,371,0.613,21.0,975,0,0,0,6.6,0
C006097,81,2370.53,16,67,271,0.523,26.9,633,0,0,0,6.7,0
C008092,182,3249.63,18,114,383,0.747,20.0,533,0,0,0,6.2,0
C006290,863,10292.54,13,86,315,0.809,28.1,7356,0,0,0,6.6,0
C005270,687,2646.28,16,89,305,0.91,22.4,1650,0,0,0,7.2,0
C004428,158,4275.55,21,108,401,0.874,26.7,640,9,0,0,4.5,0
C008604,720,4303.16,17,67,298,0.764,16.2,462,7,0,0,9.1,0
C005248,408,13168.93,16,85,361,0.985,16.8,1349,10,0,0,6.6,0
C005827,371,5586.93,12,50,203,0.698,25.7,1797,0,1,0,7.8,0
C003982,249,6975.24,17,88,325,0.801,19.5,2480,0,0,0,6.3,0
C007721,672,3597.62,15,83,335,0.508,17.0,1355,13,0,0,1.8,0
C002894,227,7027.54,20,83,308,0.753,21.8,964,0,0,0,7.1,0
C002670,423,3192.31,11,35,153,0.781,16.2,1335,1,0,0,10.0,0
C003978,982,6010.89,18,83,369,0.893,17.0,960,4,1,1,7.7,0
C009687,361,6693.38,22,100,380,0.898,5.3,44,3,0,0,6.5,0
C000280,367,8623.73,22,78,292,0.689,25.1,1084,0,0,0,8.9,0
C009471,367,7388.84,15,87,294,0.717,19.9,2550,9,0,0,9.4,0
C008188,309,5049.15,16,78,334,0.677,25.0,361,8,0,0,5.7,0
C007418,323,5135.49,10,57,216,0.916,25.2,5030,3,0,1,1.0,0
C008368,1400,3639.67,13,65,248,0.783,17.9,1419,17,0,0,9.3,0
C005198,616,12672.24,13,67,229,0.769,31.1,753,7,0,0,8.0,0
C007047,457,8503.07,19,87,326,0.736,17.1,423,0,0,0,9.0,0
C001695,110,6251.8,17,85,387,0.727,18.3,6921,0,0,0,8.6,0
C009821,748,4265.2,11,57,203,0.524,23.9,427,1,0,0,7.9,0
C005019,720,1891.66,16,52,229,0.886,21.7,606,0,1,1,10.0,0
C003480,334,15438.29,13,62,275,0.85,22.0,1611,1,0,0,7.6,0
C004417,174,8609.96,18,81,277,0.32,19.4,1139,3,0,0,5.3,0
A000241,246,4009.32,11,13,93,0.506,5.4,123,23,1,1,1.9,1
C004156,258,5877.58,22,94,346,0.631,20.8,1867,2,0,0,5.4,0
C004884,434,4430.6,14,63,285,0.584,24.2,985,0,0,0,7.7,0
C007534,107,10303.48,15,83,286,0.804,25.1,3367,3,0,0,7.7,0
C007542,446,21675.02,11,36,157,0.648,23.1,1179,2,0,0,8.0,0
C009497,551,1584.76,15,58,220,0.689,33.7,166,0,0,0,6.3,0
C008798,696,4423.63,9,42,168,0.878,25.1,935,17,0,0,6.4,0
C004297,785,4494.18,18,90,405,0.59,21.1,898,5,0,0,8.9,0
C005598,629,4420.75,20,96,344,0.687,20.1,4679,3,0,0,9.5,0
C004684,419,3250.86,14,75,264,0.575,20.0,1749,14,0,0,7.7,0
C008963,471,18440.26,18,86,317,0.942,24.9,1862,1,0,0,1.1,0
C002210,547,4033.17,16,87,302,0.887,21.1,994,0,0,0,10.0,0
C008701,92,6914.29,12,42,187,0.781,16.8,1335,0,1,0,8.8,0
C005403,293,8942.75,13,50,218,0.61,21.3,503,4,0,0,2.6,0
C006715,935,12708.6,17,63,217,0.916,30.9,1005,4,0,0,9.1,0
C004564,344,10703.83,13,44,183,0.782,25.9,636,3,0,0,9.7,0
C000185,928,5771.22,9,31,119,0.83,23.4,1290,4,0,0,6.9,0
C005854,117,15005.03,12,50,216,0.575,15.7,655,14,0,0,2.6,0
C005909,148,8944.98,9,46,159,0.385,25.4,1157,0,0,0,7.5,0
C004517,157,5386.09,12,55,236,0.852,27.4,816,8,0,0,5.5,0
C002351,615,3639.29,16,62,225,0.559,23.1,1351,3,0,0,1.5,0
C000554,606,2593.5,13,73,319,0.65,19.8,2471,0,0,0,6.5,0
C001398,127,3074.3,15,70,276,0.785,25.7,1723,4,0,0,4.6,0
C001385,746,2791.47,13,68,306,0.468,22.3,1115,0,0,0,1.3,0
C005782,627,3225.84,11,57,65,0.733,14.0,1289,10,1,0,8.5,0
C006174,501,30485.23,21,79,361,0.851,19.7,5320,22,0,0,3.6,0
C004904,357,2902.97,11,63,245,0.683,15.7,1508,5,0,0,4.7,0
C000298,147,13537.66,18,78,330,0.784,24.7,1418,0,0,0,3.7,0
C000444,452,8138.06,16,59,218,0.884,24.9,1890,0,0,0,6.8,0
C007024,620,7248.25,14,57,243,0.889,28.3,1157,13,0,0,5.1,0
C005216,385,6966.49,13,61,216,0.689,24.2,1287,2,0,0,4.2,0
C009010,360,4641.64,13,55,205,0.849,21.8,390,0,0,1,5.6,0
C002078,573,6777.82,15,97,332,0.846,15.1,745,5,0,0,10.0,0
C004752,300,7006.8,12,46,209,0.626,21.8,1065,2,0,0,6.9,0
C008814,375,5519.84,14,57,223,0.647,12.3,870,0,0,0,4.9,0
C002230,223,16243.63,17,76,289,0.78,27.5,950,9,0,0,2.0,0
C002843,953,3323.19,21,121,409,0.902,21.0,3864,1,0,0,7.0,0
C002538,183,11644.74,14,66,240,0.794,29.2,961,2,1,0,2.8,0
C007608,117,582.99,15,62,261,0.524,11.0,2066,0,1,0,8.4,0
C009144,104,6969.88,12,43,171,0.879,20.6,936,1,0,0,6.3,0
C006055,471,3784.7,21,86,321,0.832,20.8,532,0,0,0,4.7,0
C007826,466,5310.84,9,44,160,0.658,20.8,608,3,0,0,8.1,0
C003368,218,6051.81,16,93,328,0.885,19.7,2735,27,0,0,6.1,0
C008686,301,4815.58,24,153,527,0.673,30.8,1173,1,0,0,5.2,0
C002579,994,3836.19,23,111,453,0.516,13.8,183,2,0,0,4.8,0
C001132,262,7024.34,5,18,74,0.579,21.6,550,1,0,0,5.1,0
C005493,596,5420.52,17,74,45,0.647,13.7,536,10,0,0,5.2,0
C006826,727,3626.34,18,73,320,0.654,19.7,2377,3,2,0,3.0,0
C008532,796,6085.34,12,24,112,0.632,16.5,4651,1,0,0,2.9,0
C000321,313,2904.85,22,128,465,0.535,17.6,1771,0,0,0,4.3,0
C001372,484,6247.8,8,39,135,0.481,25.7,1095,3,0,0,6.1,0
C004043,1076,3170.27,14,62,274,0.881,24.8,1385,7,0,0,10.0,0
C005611,301,4859.12,15,96,325,0.687,14.7,2499,3,0,0,2.4,0
C006278,408,8917.82,15,56,255,0.436,20.9,173,2,0,1,5.8,0
C000908,631,5040.06,15,52,200,0.776,23.5,947,4,0,0,5.7,0
C007252,413,4676.99,16,84,327,0.876,22.8,1343,0,0,1,6.0,0
C003951,276,3630.57,9,44,162,0.865,13.4,554,1,0,0,8.3,0
C005747,410,5125.06,13,73,290,0.43,27.1,1913,3,0,0,2.6,0
C009795,178,4894.9,13,69,237,0.353,20.3,2780,2,0,0,5.9,0
C008143,68,22551.66,15,102,358,0.304,9.6,775,1,0,0,9.6,0
C006068,737,1484.87,16,57,240,0.808,13.7,4596,5,0,0,8.5,0
A000575,253,3339.5,15,7,69,0.315,8.9,100,7,0,0,6.1,1
C007404,258,4068.75,21,73,308,0.607,21.5,2736,2,1,0,5.2,0
C009256,178,26220.46,12,69,251,0.932,21.7,1906,6,0,0,10.0,0
C000927,167,6807.82,13,50,194,0.892,18.4,1290,4,1,0,8.6,0
C008923,540,11636.38,19,97,362,0.485,24.8,1702,4,0,0,8.7,0
C000016,577,10828.56,15,84,370,0.458,22.1,481,9,0,1,7.1,0
C000144,690,1914.03,11,45,176,0.947,26.1,543,5,1,0,3.0,0
C002364,350,1810.05,19,105,368,0.812,16.1,619,10,0,1,3.0,0
C000130,516,6210.79,18,98,420,0.831,19.0,1079,1,0,1,6.2,0
C001162,739,2949.86,16,75,280,0.901,20.0,9257,2,0,0,7.4,0
C007147,144,7694.57,7,34,129,0.839,12.0,3055,15,0,0,4.3,0
C007446,765,4153.99,14,55,220,0.763,19.9,392,0,0,0,7.1,0
C009924,190,1459.29,11,64,220,0.821,16.7,652,2,0,0,6.6,0
C008108,321,4840.4,22,97,408,0.84,20.2,1751,0,1,0,0.0,0
C007516,397,3677.58,16,77,318,0.896,16.1,683,0,1,1,1.4,0
C005459,618,7645.95,12,61,258,0.583,18.3,257,3,1,0,5.6,0
C006716,396,3699.48,18,82,285,0.776,3.7,502,0,0,0,0.0,0
C005309,331,23227.24,19,78,346,0.577,29.0,1383,8,0,0,10.0,0
C001877,373,4485.24,19,84,337,0.804,16.8,285,0,1,0,0.2,0
C002489,89,8092.18,12,79,284,0.804,19.3,562,8,0,0,6.5,0
C009389,352,2822.31,16,76,259,0.656,16.9,450,1,0,0,4.9,0
C004480,493,12574.16,16,85,288,0.457,27.1,1743,6,2,0,10.0,0
C001183,321,2596.06,13,63,285,0.751,37.3,1684,3,0,0,1.4,0
C007454,1036,3937.78,13,74,260,0.857,25.8,650,4,1,1,8.5,0
A000425,713,1977.82,16,14,127,0.379,7.6,252,6,0,1,6.9,1
C001171,431,3514.19,16,52,220,0.935,24.2,1155,2,0,0,7.3,0
A000394,863,6721.58,8,10,190,0.1,12.1,670,2,2,3,1.9,1
C002183,277,5042.77,18,79,346,0.353,16.1,1082,4,1,0,4.7,0
C005551,122,13307.75,17,79,298,0.88,24.7,1257,5,0,0,3.4,0
C003372,605,12634.97,10,46,211,0.665,16.7,3206,4,0,0,2.2,0
C008939,502,12582.46,12,71,263,0.365,23.2,367,2,0,0,8.2,0
C001860,606,4550.74,16,85,292,0.905,19.9,1327,0,0,0,6.9,0
C008451,466,2976.04,14,51,221,0.924,25.9,1121,2,0,0,7.4,0
C005821,148,3880.49,16,60,258,0.799,26.2,2441,3,1,0,5.9,0
C006476,238,14509.92,11,55,199,0.68,24.1,2043,4,0,0,7.0,0
C009421,837,6642.64,15,56,227,0.675,15.3,959,1,1,0,8.4,0
C007464,240,5177.32,19,89,324,0.694,22.6,1026,4,0,0,8.1,0
C003589,460,8152.49,13,59,253,0.892,18.2,2816,14,1,0,6.5,0
C006860,411,1526.26,17,75,310,0.853,19.4,2263,2,0,0,5.4,0
C003122,1094,2385.16,12,39,172,0.821,26.2,1398,2,0,0,6.8,0
C000388,412,12787.06,19,89,369,0.596,21.0,2164,4,0,0,8.5,0
C001312,336,1850.79,21,79,342,0.782,23.1,332,5,0,0,9.7,0
C001033,405,5252.89,20,100,380,0.547,29.1,1140,3,1,0,0.0,0
C008829,80,8793.61,17,78,293,0.38,16.6,3794,1,0,0,7.9,0
A000538,1017,11868.25,24,16,128,0.413,7.0,156,4,0,1,5.8,1
C004937,410,7013.45,17,95,407,0.761,20.1,1256,4,0,0,0.5,0
C000932,259,1382.75,15,55,200,0.902,15.6,624,2,0,0,5.3,0
C006753,662,8337.28,12,64,222,0.717,13.3,1093,5,0,0,3.7,0
C004020,673,2666.54,20,57,244,0.027,20.2,1953,8,0,0,8.4,0
C000692,30,4477.14,9,44,196,0.946,33.7,1213,2,1,1,10.0,0
C008819,290,4761.91,18,78,299,0.85,23.0,1382,3,0,0,9.4,0
C008833,503,2275.94,12,73,246,0.457,16.5,2207,5,0,0,8.5,0
C000830,452,8676.85,10,41,168,0.575,25.9,1147,1,0,0,5.5,0
C003499,228,4080.5,14,42,157,0.493,27.8,1012,0,1,0,4.1,0
C002082,216,913.09,16,75,327,0.46,13.1,4581,1,0,2,4.3,0
C009820,207,5008.89,11,31,113,0.648,26.9,4415,3,0,1,7.5,0
A000386,158,13055.44,12,7,71,0.279,7.4,68,4,0,1,6.6,1
C000045,594,8193.1,10,43,154,0.801,23.0,300,10,0,0,5.9,0
C003940,252,7296.64,15,61,274,0.894,28.8,1925,5,0,1,10.0,0
C006425,243,4242.47,6,38,143,0.427,23.2,389,3,0,1,6.8,0
C005604,310,2767.99,13,56,220,0.912,29.0,368,1,0,0,3.8,0
C004320,364,13487.82,17,81,313,0.381,19.8,621,5,0,0,7.8,0
C002966,328,9402.54,11,40,171,0.636,20.5,242,10,0,0,8.0,0
C003970,480,4580.39,15,78,276,0.811,20.2,598,0,0,0,5.2,0
C001188,67,4164.73,12,60,213,0.818,22.6,4656,3,0,0,10.0,0
C009870,231,4283.48,9,31,114,0.919,30.9,616,12,0,0,7.2,0
C006484,195,3854.11,14,80,278,0.453,20.3,1591,13,0,1,3.4,0
C000285,403,3515.71,13,52,187,0.65,20.2,346,1,0,0,5.4,0
C009781,132,2219.99,15,71,271,0.465,21.6,1085,5,0,0,3.9,0
C004160,1338,4133.12,16,64,293,0.783,13.0,3447,0,1,0,8.7,0
C003093,133,4876.55,15,85,381,0.544,28.2,1656,3,0,0,7.0,0
C006955,493,7880.96,18,110,412,0.843,18.4,317,0,0,0,5.2,0
C004557,66,1419.75,29,105,464,0.784,27.9,759,6,0,0,4.5,0
C005585,321,3048.05,12,49,211,0.382,22.0,1843,2,0,0,7.6,0
C004324,583,5080.32,23,109,415,0.457,21.9,1565,1,1,1,1.8,0
C006719,1290,8402.64,16,97,328,0.909,26.9,348,0,0,0,7.9,0
C006503,400,1336.74,17,75,304,0.42,16.0,629,0,0,0,10.0,0
C003365,1079,11288.9,14,81,288,0.872,19.2,472,1,0,0,6.2,0
C001405,175,3678.64,8,37,144,0.883,22.2,1128,2,0,0,0.0,0
C003196,141,9741.98,20,107,428,0.832,25.8,1541,0,0,0,5.5,0
C006265,514,4454.38,18,74,260,0.605,22.9,1024,4,0,1,4.6,0
C000970,1196,5939.98,8,32,116,0.71,22.7,1640,6,0,1,3.4,0
C003735,176,6259.33,10,4,183,0.945,26.7,169,0,1,0,7.3,0
C000926,124,7672.12,8,30,129,0.284,23.3,797,1,0,0,3.8,0
A000447,418,8536.15,8,1,18,0.251,6.2,73,18,0,0,3.5,1
C007835,146,6446.52,22,135,458,0.713,21.5,1615,12,0,1,6.4,0
C004726,1107,12370.16,17,96,358,0.953,14.7,2220,1,1,1,2.7,0
C006871,803,2194.72,18,71,274,0.679,16.9,8847,2,0,0,4.7,0
C002852,181,4077.96,11,57,220,0.539,28.3,898,0,1,0,8.5,0
C009091,212,9044.68,13,62,225,0.769,13.2,831,8,0,0,10.0,0
C006323,564,2115.5,11,47,182,0.593,27.3,5819,8,2,0,4.7,0
C007848,799,946.73,13,50,211,0.352,20.5,1817,4,0,0,2.5,0
C009773,257,3920.26,10,59,218,0.579,24.6,2686,0,0,1,10.0,0
C008813,119,9645.55,11,30,138,0.707,15.2,2194,4,2,1,7.3,0
C004472,666,3380.23,11,41,184,0.435,12.5,1906,0,1,0,4.1,0
C009592,698,5469.6,17,79,325,0.71,30.5,286,3,0,0,5.4,0
C004349,335,10620.45,12,40,168,0.81,20.7,2024,10,0,1,10.0,0
C009894,463,18604.45,20,90,397,0.916,19.0,2735,1,0,0,5.2,0
C008862,609,1342.53,18,105,360,0.569,30.7,1326,3,0,0,6.3,0
C003627,174,6694.33,15,67,249,0.751,11.4,1309,1,0,0,7.1,0
C001790,866,5169.75,17,45,202,0.719,22.2,618,2,1,0,8.7,0
C009129,271,6505.38,11,51,221,0.523,23.2,865,1,0,0,5.8,0
C002060,883,2168.58,14,47,213,0.569,25.3,941,7,0,1,5.3,0
C008332,523,10277.89,15,59,228,0.622,22.7,2317,9,0,0,4.2,0
A000751,745,2443.32,13,8,90,0.401,5.3,87,13,2,0,0.4,1
C004014,1006,3672.27,20,91,347,0.502,20.2,977,0,0,0,0.7,0
C001903,966,9100.84,18,5,73,0.895,20.8,1643,4,1,0,8.0,0
C004687,372,11761.61,12,81,281,0.883,32.0,1236,1,0,0,5.7,0
C006804,279,4894.27,7,22,93,0.554,26.7,5594,4,0,0,8.7,0
C004923,421,5039.76,22,84,383,0.587,14.6,1613,2,1,1,5.9,0
C008311,264,14050.4,15,78,330,0.68,18.6,772,4,0,0,4.6,0
C000076,93,22849.2,19,101,438,0.73,16.2,658,0,1,0,6.6,0
C002346,358,8085.53,18,93,355,0.687,21.4,1109,9,0,0,3.6,0
C006693,301,3286.49,12,62,214,0.567,10.0,718,0,1,0,8.8,0
C000431,683,4773.21,15,88,345,0.462,23.4,2363,1,1,1,3.3,0
C004587,971,3580.96,19,79,320,0.726,22.0,1997,0,0,1,6.3,0
C005484,355,19368.36,13,50,191,0.841,18.4,1327,1,0,0,2.6,0
C006026,323,12600.91,12,37,90,0.798,4.1,5674,2,0,0,6.0,0
C006149,440,8117.02,16,66,251,0.624,19.4,1265,2,0,0,2.5,0
C005734,541,4260.18,17,53,205,0.717,20.0,1496,2,0,0,5.9,0
C009001,431,2560.43,24,173,598,0.975,16.2,803,0,1,0,8.2,0
C008631,189,10981.41,11,53,185,0.528,18.0,300,0,0,0,3.8,0
C001554,553,7937.59,11,56,193,0.759,22.7,903,2,0,0,3.6,0
C000241,745,1421.45,17,76,266,0.675,20.9,2072,1,0,0,4.4,0
C000784,142,8866.64,18,67,286,0.792,26.9,943,1,0,0,10.0,0
C009169,205,2434.54,14,49,191,0.925,13.9,1840,12,0,0,5.2,0
C003067,354,3675.5,17,83,359,0.918,25.4,4765,5,0,1,9.0,0
C000978,533,4118.36,14,64,267,0.615,23.1,5100,1,0,0,6.4,0
C004906,659,2258.5,11,45,172,0.883,17.0,1995,0,0,0,5.4,0
C002942,376,8973.14,20,133,445,0.779,23.4,457,0,0,0,5.7,0
C005770,551,17124.85,13,53,232,0.57,19.0,2053,3,0,0,8.3,0
C008247,212,2591.08,21,119,470,0.848,17.4,432,0,0,0,6.1,0
C005764,198,4888.93,10,57,247,0.804,28.0,1057,7,0,0,6.5,0
C009840,1036,5566.96,16,67,274,0.749,22.0,528,1,1,0,10.0,0
C001621,487,2352.12,14,61,223,0.749,25.1,455,1,0,0,7.4,0
C007733,186,6589.99,13,57,237,0.89,29.6,1294,4,1,0,3.2,0
C002147,462,8425.05,18,78,319,0.834,23.4,3543,4,0,0,10.0,0
C001802,665,4611.79,15,87,309,0.863,23.5,576,20,0,0,6.6,0
C002096,675,12393.22,11,54,186,0.928,19.2,1189,1,0,0,4.4,0
C007385,192,2501.54,7,33,148,0.66,12.2,761,1,0,0,6.0,0
C006408,466,3211.26,18,94,369,0.793,24.7,5830,2,0,0,5.6,0
C001358,141,2688.74,18,96,430,0.89,24.9,475,7,0,0,4.2,0
C008952,844,31239.82,17,79,330,0.94,25.3,603,2,1,1,8.5,0
A000463,111,14269.64,7,7,51,0.012,6.7,76,6,1,0,3.9,1
C009211,504,7053.65,18,72,316,0.716,21.7,1140,5,0,0,2.6,0
C008694,216,1014.35,19,74,295,0.889,21.6,413,1,0,0,10.0,0
C009310,215,3121.06,24,107,449,0.634,19.9,978,1,1,0,0.7,0
C007319,219,13352.46,15,87,304,0.809,26.5,1240,1,0,0,3.8,0
A000912,595,13935.5,13,2,25,0.131,3.0,104,6,0,0,3.0,1
C009668,412,15466.12,9,46,171,0.791,22.8,3413,0,0,0,1.6,0
C009411,1123,11890.32,16,55,249,0.567,22.5,2081,3,1,0,8.0,0
C001610,668,7450.06,15,78,298,0.858,26.0,457,4,0,0,5.1,0
C003097,223,3530.28,11,52,184,0.551,23.1,282,4,0,0,9.9,0
C006755,383,9165.03,19,69,267,0.618,18.0,1368,8,0,1,6.1,0
C002416,99,1864.92,15,64,86,0.877,25.7,1294,14,0,0,0.5,0
C002018,505,4794.11,20,96,373,0.737,31.4,1396,4,0,0,7.3,0
C007320,359,4257.55,10,49,71,0.939,26.2,2343,30,0,0,0.1,0
C004126,378,9409.28,13,59,227,0.462,26.8,1021,15,0,0,10.0,0
C005376,274,5728.71,22,124,484,0.76,11.1,985,4,1,0,5.0,0
A000775,254,7984.81,14,9,86,0.285,7.2,46,2,0,1,3.4,1
A000541,624,7594.46,25,8,133,0.257,6.8,60,4,1,1,6.7,1
C003247,522,12495.46,22,85,309,0.651,23.8,1763,6,0,0,9.2,0
C000125,165,5093.61,22,109,367,0.893,23.1,316,5,1,0,3.5,0
C007804,529,8457.18,13,58,254,0.385,29.3,1545,5,0,0,2.5,0
A000274,196,4678.58,15,5,105,0.464,5.9,59,25,1,1,1.9,1
C006486,960,5623.54,14,75,271,0.588,20.2,6449,1,0,0,3.3,0
C000841,353,5395.96,16,63,270,0.691,26.3,385,4,1,1,4.4,0
A000075,565,2747.51,18,9,133,0.352,6.8,144,6,1,1,0.0,1
C003342,327,5817.32,21,82,356,0.731,24.9,774,2,0,0,5.6,0
C000599,1174,1403.81,8,52,179,0.533,17.8,521,3,1,0,4.9,0
C002124,472,5573.58,16,81,280,0.677,22.0,662,7,0,0,4.7,0
C005513,390,2649.31,16,94,337,0.878,23.8,160,2,0,0,4.6,0
C008060,624,1955.78,20,111,418,0.741,17.6,415,1,0,0,5.7,0
C008680,1699,8632.02,8,34,120,0.384,16.6,475,5,0,0,4.5,0
C007627,387,2764.34,17,90,339,0.63,19.7,1111,4,2,0,8.3,0
C008384,112,18168.01,12,46,211,0.74,18.7,1666,6,0,1,6.5,0
A000627,531,6269.8,27,55,151,0.465,5.7,8,5,0,1,8.4,1
C002198,375,5107.02,12,51,178,0.627,23.6,1064,4,0,0,10.0,0
C004052,163,12762.08,9,29,131,0.304,29.8,498,1,0,0,8.9,0
C007363,52,17179.46,12,63,217,0.836,15.3,1665,0,0,0,5.9,0
C003363,308,9436.72,20,120,450,0.572,7.5,535,0,3,0,4.3,0
C002502,211,11416.64,8,28,107,0.792,23.0,5621,2,0,0,8.1,0
C000726,541,3527.71,10,38,164,0.564,18.1,829,1,1,0,7.4,0
C006014,821,5095.65,15,65,220,0.601,36.7,1072,2,0,0,3.1,0
C000979,366,1375.43,18,98,344,0.727,25.7,1274,1,1,0,4.7,0
C000809,773,6946.92,13,43,196,0.804,9.5,678,7,0,1,9.4,0
C006180,622,6089.8,19,87,345,0.661,19.2,1332,1,1,0,8.7,0
C001476,895,7359.67,18,80,343,0.618,25.8,621,0,0,0,10.0,0
C008279,176,2267.29,17,91,310,0.848,13.9,871,7,0,0,3.4,0
C005731,165,1281.47,13,62,256,0.797,23.9,947,0,1,0,1.3,0
C006751,143,2273.05,12,43,195,0.872,15.8,235,1,0,0,5.0,0
C004907,341,3295.25,15,73,260,0.807,16.8,2456,3,0,0,7.0,0
C007217,237,4188.77,17,101,365,0.923,16.5,1305,0,0,0,3.4,0
C009954,481,3658.03,12,53,189,0.785,31.4,1392,29,0,1,6.5,0
C004931,455,7403.66,20,75,256,0.912,28.4,1966,3,0,0,1.8,0
C004543,261,16263.69,21,84,292,0.462,32.8,413,4,0,1,7.1,0
C003963,631,3334.25,18,87,331,0.771,15.1,1828,1,0,0,5.7,0
C007801,1261,1335.78,18,78,270,0.614,26.9,799,15,0,0,7.5,0
C005982,405,14759.95,14,50,180,0.847,11.8,4221,3,0,0,3.5,0
C001236,880,975.16,19,99,398,0.491,27.7,691,0,0,0,7.9,0
C001226,592,6956.5,17,78,339,0.764,29.4,894,2,0,0,6.2,0
C001765,350,1831.45,8,27,117,0.91,18.6,706,5,0,0,7.4,0
C007622,621,3767.65,14,85,296,0.794,22.5,316,6,0,0,4.6,0
C009148,361,3233.94,12,47,199,0.758,18.9,2042,2,0,0,4.2,0
C006211,344,1640.03,18,80,314,0.489,23.4,520,4,1,0,2.7,0
C007483,109,3897.75,12,63,224,0.771,18.9,502,5,0,0,1.7,0
C003218,574,5249.31,10,62,220,0.824,28.0,131,4,0,0,7.5,0
C000288,554,3454.04,16,91,323,0.358,30.2,1240,1,0,0,9.3,0
C006124,489,16162.99,19,71,316,0.916,21.9,486,1,0,0,5.2,0
C002967,102,33003.41,19,108,430,0.685,27.7,2135,8,0,0,7.5,0
C003165,99,3717.99,17,81,371,0.751,8.7,368,1,0,0,10.0,0
C007299,117,2635.93,22,102,411,0.837,18.2,3487,8,0,0,5.0,0
A000124,485,2697.52,10,5,74,0.503,7.8,37,11,0,1,5.5,1
C001658,380,3948.19,17,74,274,0.862,15.8,488,4,0,0,7.4,0
C001976,248,3832.75,19,71,304,0.836,21.7,2916,7,0,0,6.1,0
C002398,287,4067.79,9,28,116,0.748,21.1,2566,1,1,0,3.3,0
C000453,502,9750.66,10,58,196,0.804,20.6,1134,6,0,0,5.0,0
C002711,344,7906.16,14,54,216,0.702,28.4,3846,4,1,0,3.5,0
C005720,64,5333.51,14,64,239,0.696,28.4,970,2,0,0,5.2,0
C003682,588,7375.06,19,65,253,0.807,24.2,1029,23,0,0,5.9,0
C000423,309,7494.11,15,64,260,0.624,17.5,1157,2,0,0,2.7,0
C007357,889,4994.54,13,76,259,0.699,17.1,716,0,1,0,6.4,0
C005317,407,4809.41,11,43,186,0.831,29.9,1802,13,0,0,6.4,0
C000658,507,3932.09,13,44,162,0.544,17.2,49,3,0,0,7.4,0
C003302,31,23135.51,18,78,273,0.539,19.1,1331,3,0,0,10.0,0
C007114,302,13931.29,9,39,154,0.452,21.9,633,1,0,0,4.0,0
C002846,322,6502.04,16,80,284,0.968,17.4,448,7,0,0,6.1,0
A000400,625,714.51,10,8,73,0.117,7.3,674,1,0,1,9.3,1
C008645,360,7039.29,8,36,139,0.677,23.2,4136,2,0,0,5.8,0
C005245,262,1057.73,20,114,515,0.698,22.3,29,2,2,0,4.6,0
C001002,387,4455.09,19,41,147,0.787,24.4,2985,0,0,0,7.6,0
C004199,722,3044.13,16,89,329,0.767,28.1,74,17,1,0,8.5,0
C002419,441,6843.12,17,110,376,0.663,22.4,1375,1,0,0,5.3,0
C000876,1352,4973.99,14,79,273,0.845,25.2,425,13,0,0,8.1,0
C006459,40,4579.35,15,68,256,0.793,20.1,554,0,0,0,4.3,0
C003848,315,1646.9,15,57,253,0.899,24.7,823,1,1,0,5.1,0
C000962,842,2311.97,18,57,259,0.407,18.7,1628,5,0,1,7.2,0
C001581,438,7960.79,12,48,221,0.92,22.8,1200,3,0,0,3.7,0
C006101,245,5975.99,17,97,328,0.834,27.6,519,10,0,0,8.2,0
C002207,436,10608.22,14,70,261,0.879,22.3,856,6,0,0,3.9,0
C007672,54,4016.29,16,76,322,0.77,26.9,1151,0,1,0,6.4,0
C008407,310,2019.51,17,76,303,0.797,13.7,1980,0,0,0,6.7,0
A000903,980,4880.97,14,6,59,0.762,6.1,51,1,0,2,0.0,1
C004232,446,707.06,13,47,210,0.657,28.6,2621,0,0,0,4.9,0
C000758,851,4421.47,9,40,182,0.802,31.4,1210,11,0,0,5.3,0
C004867,946,21699.43,22,99,435,0.768,15.0,1222,2,1,0,0.0,0
C005407,254,5985.11,14,75,256,0.714,28.6,1599,3,0,0,3.6,0
C005314,205,6535.36,12,53,216,0.829,10.2,2664,1,0,0,6.6,0
C002285,197,9833.4,14,66,260,0.745,25.3,1343,5,0,0,6.2,0
C009158,377,3554.39,12,45,198,0.747,16.5,1695,7,0,0,8.4,0
C007811,1131,11203.35,15,56,203,0.68,27.5,987,8,0,0,8.4,0
C005508,927,10669.1,14,67,256,0.362,12.9,1183,19,0,1,10.0,0
C005310,394,6842.11,17,59,257,0.801,22.2,571,0,0,0,5.9,0
C004828,759,3411.09,9,42,148,0.825,20.0,1618,5,0,0,4.9,0
C006682,206,4386.49,14,83,308,0.534,23.3,1215,1,0,0,7.4,0
C000808,791,6907.07,19,91,346,0.806,22.4,898,3,0,0,3.3,0
C007211,758,7133.75,8,39,137,0.805,13.5,624,2,2,0,5.0,0
C008772,438,1005.36,19,71,251,0.633,19.1,2372,0,0,0,7.9,0
C001957,626,1023.95,8,29,119,0.609,19.1,482,2,2,0,8.6,0
C002446,204,4450.38,13,60,236,0.811,29.8,442,4,0,0,5.6,0
C008166,156,2259.76,13,39,181,0.849,25.6,3629,0,0,0,2.0,0
C009640,375,10476.43,11,58,218,0.956,29.6,1547,1,0,0,7.2,0
C007457,538,1242.24,22,83,334,0.666,30.4,2030,2,0,0,4.5,0
C009003,858,16162.42,20,95,368,0.687,26.9,379,0,0,0,5.3,0
C002403,257,4524.55,7,28,123,0.141,19.2,9976,1,0,0,0.0,0
C007707,961,15503.64,12,65,234,0.868,21.2,1560,2,0,0,9.0,0
C001074,598,4126.63,18,100,367,0.724,22.9,1132,0,0,0,8.3,0
C007978,166,5532.45,17,61,268,0.882,20.8,2089,2,0,0,5.0,0
C004241,524,6512.4,12,60,204,0.792,13.5,1829,0,0,0,5.8,0
C005437,89,8618.86,14,65,239,0.729,24.5,4196,6,0,0,8.1,0
C009368,118,8464.04,9,45,170,0.67,23.5,1420,15,0,1,3.5,0
C002092,480,3593.23,19,86,327,0.687,31.2,272,2,0,0,4.9,0
C004528,238,1545.98,15,70,286,0.754,22.9,6368,5,0,0,3.1,0
C001699,107,13277.37,10,29,129,0.678,23.8,352,0,1,0,2.8,0
C009655,1077,4337.23,24,154,521,0.704,22.0,2110,7,1,0,5.1,0
C009244,219,5928.89,18,110,418,0.493,27.5,306,0,0,0,10.0,0
C008599,312,8974.44,17,58,243,0.837,23.4,1922,3,0,0,5.7,0
C009214,862,2328.12,17,80,284,0.802,23.0,2092,0,0,0,8.6,0
C008262,398,4955.72,15,82,307,0.63,22.4,6893,3,0,0,2.3,0
C001004,239,13651.3,23,100,354,0.711,17.6,1176,2,0,0,6.4,0
A000390,279,6343.19,14,135,29,0.257,16.9,151,27,0,0,0.0,1
C007984,586,6392.41,16,80,306,0.731,16.3,3929,6,0,0,7.4,0
A000536,247,11021.35,13,5,101,0.537,7.6,140,3,0,1,7.2,1
C004652,257,2494.62,14,60,229,0.764,19.7,608,0,0,0,5.5,0
C008370,1103,4222.66,13,78,264,0.817,24.1,244,3,1,0,9.6,0
C001486,901,8784.1,14,49,205,0.801,19.9,516,6,0,0,4.9,0
A000153,449,4524.17,23,7,145,0.131,7.3,30,13,0,2,1.5,1
C005369,74,4792.31,23,135,506,0.767,18.1,662,0,0,0,7.2,0
C001412,454,6579.43,20,77,265,0.555,24.6,376,0,1,0,6.3,0
A000377,622,4930.94,14,11,93,0.394,6.2,151,10,2,0,4.9,1
C010005,333,4996.1,19,84,343,0.762,25.6,191,2,1,0,6.3,0
C006559,430,1530.89,17,56,222,0.717,23.6,820,2,0,0,6.8,0
C000710,717,2868.03,11,69,242,0.885,15.4,902,4,0,0,5.2,0
A000172,687,11724.02,12,18,121,0.244,4.3,1524,7,1,0,0.0,1
C003604,289,2854.0,13,54,244,0.933,19.0,1911,15,0,0,6.7,0
C000986,259,1178.95,15,76,262,0.667,17.4,662,2,0,1,0.2,0
C003077,175,3950.56,12,65,224,0.836,28.5,1051,8,0,0,8.6,0
C007700,181,13784.61,14,57,244,0.417,20.2,2136,4,0,0,6.6,0
C005078,374,4132.56,10,45,160,0.874,17.5,1893,6,1,0,8.8,0
C004102,165,14231.87,15,68,243,0.542,15.0,263,0,0,0,5.4,0
C006238,478,10388.66,8,40,156,0.98,26.2,3022,1,1,0,10.0,0
C002723,100,7595.63,15,55,225,0.639,21.1,40,10,1,0,6.9,0
A000298,605,3150.22,10,3,30,0.05,4.3,74,10,0,1,4.4,1
C001269,362,11237.06,9,53,178,0.732,23.1,4164,0,0,0,3.5,0
C002463,600,7964.19,16,58,231,0.97,29.0,356,12,0,0,8.3,0
C006671,215,26095.87,14,66,285,0.861,18.2,1141,0,0,1,0.4,0
C000269,282,10036.27,14,75,311,0.936,22.8,283,0,0,0,5.5,0
C003581,435,4250.32,14,70,294,0.432,14.7,1122,0,0,1,3.0,0
C004751,292,2387.56,23,142,477,0.765,21.0,450,26,0,0,4.6,0
C007276,886,4108.21,18,113,402,0.938,21.8,3237,0,0,1,7.1,0
C006024,407,2364.5,20,83,293,0.745,18.5,778,1,0,0,3.9,0
C009216,705,2233.59,15,81,309,0.643,21.0,3170,10,0,0,10.0,0
C008744,398,2484.39,16,54,238,0.691,23.8,1192,1,1,0,0.8,0
C002822,772,5533.78,15,57,247,0.639,15.4,711,1,0,0,4.3,0
C009221,725,2496.58,20,95,412,0.502,22.3,780,3,1,0,8.7,0
C000590,430,5485.14,18,105,356,0.826,18.1,2544,4,0,0,3.2,0
C007244,296,9651.22,14,61,233,0.73,12.8,1724,2,0,0,7.2,0
C009900,334,4902.96,15,66,227,0.871,22.1,854,2,1,0,10.0,0
C006419,434,8976.15,16,57,229,0.621,22.4,1087,2,0,0,4.0,0
C008571,33,2046.15,12,65,220,0.864,22.5,1611,7,1,0,0.3,0
C008951,566,4456.07,12,64,246,0.929,25.0,564,0,1,0,5.3,0
C008734,430,1892.18,20,92,398,0.834,22.1,624,4,0,0,7.7,0
C002038,220,5059.05,12,63,219,0.636,16.5,973,2,1,0,4.8,0
A000839,661,3485.99,19,7,93,0.061,5.7,563,2,0,0,7.7,1
C007660,556,15057.11,17,81,338,0.847,23.8,487,0,0,0,8.0,0
C006954,202,9668.63,16,64,284,0.676,22.0,446,3,0,0,10.0,0
C002029,148,2476.71,14,69,289,0.797,27.8,3162,3,0,0,7.0,0
A000924,127,2710.4,12,6,44,0.438,6.8,457,1,1,0,9.5,1
C000678,491,821.58,10,46,190,0.7,24.8,1926,6,0,0,3.3,0
C007016,212,7898.31,18,87,302,0.822,22.9,626,0,0,0,6.1,0
C001233,450,10244.76,10,56,199,0.702,17.7,1518,10,0,0,7.1,0
C005455,182,3609.8,8,21,97,0.776,12.5,2419,2,0,1,10.0,0
C006473,214,2388.53,14,67,262,0.954,18.8,1072,0,0,0,5.0,0
C009917,477,5024.44,15,50,189,0.648,24.7,633,0,0,1,5.1,0
C006138,498,5209.44,18,127,429,0.948,22.6,1168,4,0,0,10.0,0
C004857,413,5520.18,19,92,356,0.791,12.8,591,3,0,0,5.3,0
C006655,436,4297.15,18,82,294,0.645,19.1,579,4,1,0,3.1,0
C002433,1284,1251.34,10,20,77,0.494,28.8,749,5,1,0,10.0,0
C007679,623,5023.26,10,44,197,0.882,17.2,1936,3,0,0,7.4,0
C007434,617,10445.04,10,55,209,0.665,27.5,884,0,0,1,9.7,0
C007339,1131,6966.54,21,115,433,0.861,19.2,775,3,0,0,2.7,0
C007582,255,1842.95,16,70,286,0.633,35.2,4542,2,1,0,2.9,0
C007153,272,4779.62,14,58,219,0.293,16.1,1729,3,0,0,7.9,0
C000897,352,11682.13,10,33,117,0.594,30.5,884,2,0,0,2.6,0
C001612,621,1677.49,14,53,242,0.988,22.6,863,0,0,0,4.7,0
C007872,200,8097.8,15,64,265,0.478,20.0,1859,4,0,0,3.4,0
C005964,444,1756.05,7,37,141,0.6,21.3,799,1,1,0,4.4,0
C006728,345,4678.52,16,60,12,0.683,25.2,27,0,1,1,6.0,0
C001720,1163,5733.89,16,61,263,0.854,21.9,296,11,0,0,9.4,0
C003807,323,12934.51,18,86,337,0.506,24.2,770,8,0,0,9.1,0
C008200,317,2211.22,17,77,269,0.336,21.8,422,8,0,0,10.0,0
C006762,628,2830.61,9,30,136,0.798,26.4,511,5,1,0,1.9,0
C004702,744,4699.6,16,69,256,0.375,12.1,4776,5,0,0,10.0,0
C003962,488,2941.81,17,76,344,0.729,24.3,1195,1,0,0,3.1,0
A000744,565,5884.06,15,6,74,0.426,4.7,87,18,0,2,8.7,1
C005558,108,5668.34,18,82,336,0.832,33.2,355,6,0,0,3.9,0
C005565,221,2655.17,16,65,296,0.544,26.0,753,3,0,0,6.1,0
C009124,554,3055.6,25,108,466,0.887,24.1,594,2,0,0,4.8,0
C000891,807,1481.51,14,55,206,0.771,14.9,2131,1,0,1,5.4,0
C006093,335,2226.95,19,87,329,0.595,15.4,509,2,0,0,9.8,0
C009922,258,19470.25,14,65,285,0.583,19.7,1063,5,0,0,9.1,0
C004007,576,5090.7,19,91,371,0.402,18.0,278,1,1,0,7.4,0
C007263,531,2593.9,17,67,265,0.455,10.1,576,2,0,0,6.6,0
C006217,533,7872.34,15,58,234,0.878,34.9,3616,4,0,0,5.7,0
C008319,149,3780.05,23,125,426,0.674,14.5,488,1,0,0,4.3,0
C005820,533,4139.52,13,63,232,0.814,20.6,3130,1,0,0,7.2,0
C009788,299,4179.67,19,82,352,0.593,31.4,2014,0,0,0,3.9,0
C007020,268,2345.32,19,77,320,0.643,22.1,1258,3,1,1,4.8,0
C002800,1030,4303.51,18,81,277,0.405,21.1,1259,10,1,1,8.0,0
C007579,99,2597.2,18,85,367,0.765,16.1,1152,2,0,0,7.9,0
C000585,1088,7128.46,16,84,318,0.985,28.5,3905,2,0,0,0.7,0
C003269,599,17435.74,21,117,429,0.759,17.5,1340,6,0,0,5.9,0
C003933,627,3713.39,16,68,260,0.57,26.9,1967,0,0,0,7.4,0
C004966,347,9568.77,12,75,262,0.946,24.2,1480,2,1,0,10.0,0
C001261,201,8239.58,16,80,331,0.896,23.6,1695,6,0,0,5.9,0
C007223,402,5070.91,17,65,236,0.601,30.2,2291,1,0,0,3.6,0
C000311,212,10656.23,13,58,256,0.748,21.4,3022,1,1,0,8.7,0
C001717,288,8967.7,13,81,278,0.921,25.0,1689,7,0,0,3.2,0
C006028,375,1802.96,15,78,316,0.64,21.3,420,4,0,0,3.0,0
A000480,517,3169.42,10,3,32,0.118,8.3,558,6,0,2,6.1,1
C009606,647,7349.69,20,50,170,0.338,22.0,921,4,0,0,4.8,0
C004669,429,5393.62,19,77,334,0.861,28.5,487,4,0,0,7.2,0
C004299,305,2166.56,17,70,293,0.531,26.0,374,2,0,0,6.7,0
C003784,341,2668.19,20,92,413,0.662,26.5,366,1,0,0,4.6,0
C001009,30,4358.7,20,84,330,0.861,18.4,573,9,0,0,1.3,0
C009196,930,5641.45,14,54,215,0.598,22.2,825,0,0,0,3.3,0
C002186,614,15364.37,21,113,385,0.665,12.8,429,5,0,0,0.0,0
C003624,363,8230.42,19,83,318,0.79,23.8,589,4,0,0,5.6,0
A000759,599,3252.01,19,6,102,0.024,6.4,37,5,2,2,3.5,1
C006432,965,2419.68,17,79,313,0.355,19.5,1893,1,0,1,6.8,0
A000639,110,3151.06,12,7,56,0.324,4.5,48,20,0,0,3.8,1
C009450,335,4191.66,16,71,240,0.428,21.0,1440,17,0,0,10.0,0
C006763,288,1452.68,13,77,284,0.849,18.9,1975,3,0,0,6.6,0
C004835,778,4308.87,22,131,472,0.887,24.4,479,10,1,0,5.5,0
C007264,640,8905.23,9,47,162,0.457,19.1,116,4,1,0,3.5,0
C004757,107,3374.65,17,87,292,0.703,14.3,685,5,0,0,7.8,0
C006190,231,6532.91,11,55,217,0.673,18.9,457,0,0,0,3.3,0
C000091,290,4003.55,17,52,225,0.681,13.3,821,18,0,0,6.2,0
A000334,513,7805.1,22,1,29,0.045,4.8,16,2,1,0,2.4,1
C007795,817,2619.62,15,75,297,0.949,22.9,1600,1,2,0,10.0,0
C001327,322,15398.66,13,70,305,0.535,24.1,2834,1,2,0,10.0,0
A000512,222,12014.44,9,7,56,0.406,7.9,34,8,0,0,5.4,1
C008864,1296,3247.88,12,43,195,0.824,23.0,1148,0,0,0,8.8,0
C002118,246,4731.25,16,55,234,0.211,6.1,940,7,0,0,4.3,0
C002938,139,7150.87,18,85,337,0.692,27.9,257,1,0,1,5.4,0
C007820,684,2152.98,19,89,311,0.746,15.8,1482,7,0,0,10.0,0
C000984,450,3852.92,19,77,125,0.209,22.3,2979,12,0,0,7.5,0
A000439,216,6331.19,14,10,100,0.177,3.7,62,16,0,1,4.4,1
C008929,293,8952.5,16,66,238,0.703,15.0,1059,1,1,0,6.3,0
C009540,224,12893.91,14,59,235,0.759,18.9,1197,6,1,0,2.3,0
C002926,588,1836.14,12,59,210,0.454,22.5,8099,2,0,0,4.4,0
C006573,225,2527.68,17,90,304,0.559,23.9,955,4,1,0,5.2,0
C003215,487,4515.16,13,48,212,0.677,31.2,746,0,0,0,3.8,0
C005885,355,5573.15,10,45,161,0.849,27.3,209,0,0,1,2.3,0
C007830,149,1038.72,10,49,186,0.807,27.4,1032,1,0,0,10.0,0
A000142,309,11423.57,15,7,94,0.499,5.9,19,13,0,1,3.6,1
C007282,468,9276.74,13,78,266,0.72,23.9,326,7,0,0,6.3,0
C008378,411,9947.12,21,104,432,0.535,23.1,4401,4,0,0,4.1,0
C008710,332,5504.24,14,76,300,0.874,22.8,3643,0,1,0,4.9,0
C007442,115,6701.84,15,73,284,0.765,29.0,866,4,0,1,5.5,0
C000628,475,1890.67,20,84,370,0.359,28.3,740,5,0,0,3.7,0
C007406,919,16999.17,13,56,189,0.636,30.6,1815,0,1,0,1.3,0
C004948,516,10039.66,17,85,339,0.658,31.6,2213,6,1,0,10.0,0
C005081,278,7829.16,10,58,200,0.398,26.2,750,4,0,0,5.3,0
C004245,399,4783.03,15,81,282,0.702,21.1,639,7,0,0,3.9,0
C006253,202,5559.51,18,66,284,0.577,27.7,3442,0,0,1,5.3,0
C004766,279,2841.85,14,73,277,0.738,24.2,598,2,0,0,6.2,0
C001602,720,5969.81,9,32,131,0.614,29.7,1094,8,0,0,5.8,0
A000557,722,6637.47,22,31,223,0.427,7.6,26,5,0,1,5.0,1
C001270,57,14471.32,15,64,289,0.803,28.7,334,2,0,0,8.8,0
C000129,328,4689.8,17,61,259,0.771,16.3,3289,3,0,0,4.8,0
A000932,625,6925.24,25,6,169,0.081,7.4,195,2,0,2,2.9,1
C001712,241,10511.85,19,95,422,0.712,11.0,2294,20,0,0,6.6,0
C004183,278,11698.63,12,60,223,0.699,29.5,3531,18,0,0,5.9,0
C007855,193,5405.51,17,73,287,0.926,28.4,637,6,0,0,3.1,0
C004236,443,10415.19,15,66,296,0.784,25.2,2493,6,1,1,6.8,0
C006336,729,7286.25,11,61,239,0.895,29.9,687,6,2,0,2.3,0
C002399,508,1689.46,17,96,358,0.197,18.4,8349,7,0,0,3.5,0
C008040,611,6650.46,14,39,165,0.709,16.0,1554,7,2,0,10.0,0
C009442,398,2497.85,16,90,330,0.899,12.2,750,4,0,0,0.9,0
C007366,555,9048.91,13,50,194,0.631,16.4,892,2,0,0,8.2,0
C009322,211,1387.58,15,64,261,0.739,27.9,796,1,0,0,7.5,0
C001187,769,2713.03,29,146,557,0.885,12.8,558,2,0,0,4.1,0
C007314,1073,1861.27,11,67,245,0.665,7.3,680,2,0,1,1.5,0
A000766,269,2610.33,25,13,120,0.164,6.8,163,3,0,0,4.7,1
C007308,515,4572.57,19,83,370,0.791,19.7,1514,3,0,1,4.7,0
C001978,455,5316.49,17,61,272,0.509,25.2,737,9,0,0,4.7,0
C005315,471,12475.24,9,45,153,0.836,19.5,2980,2,0,1,6.4,0
A000867,798,7692.85,19,9,111,0.395,8.7,367,15,0,1,4.4,1
C004248,317,4066.63,5,27,105,0.618,24.0,1528,3,0,0,8.3,0
C008742,1005,5387.28,13,72,253,0.918,8.6,1637,0,0,1,9.4,0
C000916,196,7382.54,17,74,297,0.886,27.8,2129,6,0,0,5.8,0
C001306,350,4225.77,11,73,256,0.886,14.0,608,4,0,0,9.0,0
C006658,451,14558.62,13,64,243,0.893,23.7,435,6,0,0,10.0,0
C003050,477,2920.85,13,61,236,0.607,21.3,1037,15,0,0,6.4,0
A000473,188,8671.62,22,8,77,0.567,4.9,53,28,0,2,2.2,1
C001274,402,4247.56,12,46,188,0.521,28.4,962,1,0,0,5.9,0
C005699,94,2389.85,15,65,263,0.759,26.0,284,9,0,0,6.3,0
A000495,620,5028.07,10,80,47,0.342,7.0,598,15,0,1,8.3,1
C002797,525,3474.12,24,83,297,0.765,18.1,394,13,0,1,2.8,0
C001399,301,2572.47,19,103,366,0.839,29.7,512,0,0,0,10.0,0
C003359,524,18240.9,17,79,347,0.959,21.6,665,3,0,0,4.6,0
C000184,171,2877.15,13,51,177,0.617,24.0,231,0,0,0,1.4,0
C008603,775,3944.94,18,70,267,0.786,18.6,444,11,0,0,9.1,0
C006941,833,16051.83,10,35,153,0.864,12.8,476,0,0,0,1.1,0
C009485,364,26009.85,20,108,406,0.924,17.9,2268,3,0,0,8.5,0
C008822,773,3729.97,21,73,297,0.699,16.3,2200,1,1,2,6.5,0
C007499,215,27713.49,20,101,394,0.798,21.8,1883,4,0,1,6.5,0
C008355,784,7822.65,14,52,221,0.892,24.5,2307,0,0,0,6.5,0
C004568,496,6032.26,11,58,211,0.658,20.5,774,0,0,0,10.0,0
C008456,415,6686.23,11,66,223,0.659,17.7,2689,0,0,0,5.7,0
C008937,174,2211.37,15,55,247,0.685,28.0,1102,4,0,0,8.4,0
C002657,627,1963.44,19,85,352,0.648,19.1,1950,2,0,0,10.0,0
C009913,511,7347.02,19,116,399,0.759,22.6,1684,10,0,0,8.2,0
C004306,342,4343.13,19,71,280,0.959,16.9,1725,4,0,0,5.2,0
C001962,314,3764.35,15,52,231,0.611,17.0,1214,1,0,0,8.9,0
C004993,115,1626.1,12,62,246,0.569,17.4,6133,1,1,0,10.0,0
C004892,131,10036.86,8,39,142,0.757,21.2,1023,7,0,1,10.0,0
C005816,658,11115.01,18,70,273,0.916,22.1,2782,2,0,0,10.0,0
C005870,98,4383.51,17,69,301,0.788,35.3,436,3,0,1,5.6,0
C007755,263,12100.81,22,112,402,0.773,12.4,593,6,0,0,7.1,0
A000426,110,6755.75,9,5,34,0.639,23.4,159,7,0,2,0.0,1
C008313,511,1376.03,12,39,170,0.594,20.2,445,1,0,1,6.0,0
A000963,323,2909.55,22,12,117,0.351,6.0,103,6,0,1,1.2,1
C007459,211,5274.86,11,48,167,0.77,26.4,2359,3,0,0,2.9,0
C001252,556,3857.16,15,55,245,0.913,27.2,3846,15,1,0,8.4,0
C003177,779,2982.88,22,111,488,0.913,14.4,2189,7,0,0,8.3,0
C005073,229,8701.07,16,83,356,0.346,31.2,1730,7,0,0,4.0,0
C003360,764,3140.05,18,41,175,0.885,25.7,2662,9,0,0,8.8,0
C006110,222,3524.85,12,81,282,0.846,24.1,765,2,1,1,3.4,0
C006680,631,6733.5,10,65,247,0.621,20.1,3052,6,0,0,6.6,0
C008557,394,7752.71,11,49,83,0.303,23.9,575,2,0,0,7.0,0
C007959,167,5158.35,14,69,269,0.75,16.0,1166,6,0,0,4.9,0
C003290,659,8089.73,17,81,339,0.787,21.2,1378,1,1,0,3.4,0
A000202,1121,6437.94,20,10,88,0.043,6.7,48,10,0,0,4.6,1
C009620,409,865.97,16,3,324,0.726,4.3,1609,9,0,1,8.9,0
C003191,111,6691.66,16,82,275,0.846,17.2,257,0,0,0,6.9,0
C006890,548,2716.68,16,68,285,0.563,22.5,1291,3,0,0,7.4,0
C008291,160,9178.62,13,59,246,0.55,22.5,2834,1,1,0,6.0,0
C001052,534,5934.67,14,53,239,0.947,19.1,983,8,1,0,0.2,0
C004070,758,5272.86,18,56,223,0.858,31.7,1492,0,0,0,8.5,0
C007432,484,11027.34,14,63,220,0.408,13.8,3662,14,0,0,9.3,0
C007788,382,6261.69,18,91,355,0.837,24.0,2391,18,0,0,2.4,0
C000273,92,9541.91,16,101,382,0.615,11.5,8340,1,1,0,5.2,0
C002043,218,6419.36,17,87,357,0.678,19.6,1413,0,1,0,6.9,0
C004764,713,23158.74,25,120,413,0.861,10.0,1226,3,0,0,1.9,0
C006062,270,8096.54,17,83,330,0.564,16.1,2618,0,0,0,7.1,0
C006349,367,3575.49,11,46,169,0.808,11.9,1584,8,0,2,10.0,0
C009342,146,20604.27,19,86,320,0.803,23.1,773,0,0,0,4.6,0
C001087,1202,8278.63,23,3,379,0.778,26.0,2244,4,0,0,8.0,0
C007069,80,14345.53,16,70,267,0.844,22.8,383,3,0,0,7.9,0
C007712,545,16321.28,15,84,313,0.406,22.3,626,1,1,0,1.2,0
C009085,270,5286.94,12,56,209,0.8,22.0,4694,5,0,0,9.3,0
C008851,418,9418.23,21,67,299,0.938,11.2,1745,2,0,0,10.0,0
A000037,385,9364.55,8,3,52,0.283,7.5,58,28,0,2,3.9,1
C004323,160,5578.66,11,35,152,0.555,19.2,892,10,0,1,8.2,0
C008328,197,3494.57,15,69,291,0.975,19.3,2495,1,0,0,5.9,0
C009431,609,9823.2,18,89,319,0.787,21.6,1363,4,0,0,9.3,0
C005832,315,16167.51,19,88,371,0.877,26.5,747,0,0,0,5.3,0
C006833,417,32218.46,9,41,163,0.482,19.8,835,5,0,0,8.2,0
C006735,481,7675.07,19,68,311,0.794,16.3,2788,2,0,1,5.8,0
A000682,306,1633.94,16,8,244,0.583,21.9,46,11,0,0,3.2,1
A000600,266,2789.82,17,5,61,0.436,5.9,171,1,1,1,4.7,1
C004710,183,4205.98,22,96,379,0.981,23.7,970,13,0,0,6.5,0
C006903,507,8138.01,12,53,218,0.785,19.7,651,4,0,0,7.2,0
C008982,661,7145.87,10,33,145,0.826,33.9,1333,14,0,0,4.0,0
C008638,187,2033.1,6,24,103,0.837,20.1,768,5,0,0,7.5,0
C009544,602,22548.75,18,83,289,0.579,25.7,400,3,0,0,4.3,0
C003479,39,4875.29,14,77,268,0.864,23.3,1258,17,0,0,4.8,0
C008423,262,20322.12,19,52,223,0.94,23.5,913,13,0,1,1.9,0
C003925,302,1741.33,14,37,144,0.856,26.0,495,4,0,0,0.0,0
C001749,541,4869.81,13,59,238,0.594,19.5,902,1,0,0,2.1,0
C000733,400,7744.42,14,52,185,0.619,16.4,437,0,0,0,7.2,0
C002554,392,3452.62,10,41,168,0.837,28.0,538,2,0,0,5.4,0
C006663,693,2652.26,22,103,412,0.571,24.4,3620,6,0,0,9.0,0
C007255,567,12572.1,18,57,253,0.735,18.7,1215,9,0,0,5.1,0
C002663,546,6307.17,16,79,275,0.26,24.4,4265,6,0,1,1.3,0
C006637,262,7409.5,14,56,196,0.706,19.3,452,3,1,0,0.0,0
C007158,607,1977.23,14,70,242,0.625,25.8,2520,13,0,0,3.5,0
C003114,364,6869.94,21,139,483,0.628,28.4,1921,5,1,0,4.8,0
C003304,1027,2431.46,17,61,269,0.937,26.8,183,6,1,0,4.4,0
C001345,796,4567.14,16,72,286,0.828,32.3,1323,2,1,0,4.8,0
C009696,246,1491.76,10,49,174,0.594,32.2,1140,1,0,1,10.0,0
C001691,196,1899.82,18,85,371,0.695,20.5,322,2,0,1,3.2,0
C006126,396,6680.44,19,101,370,0.84,17.6,602,3,0,0,6.8,0
C007908,559,6686.53,30,124,525,0.911,23.5,575,6,0,1,3.2,0
C005049,227,918.59,16,106,390,0.774,15.8,1691,2,0,0,8.9,0
C006150,428,5181.14,12,61,217,0.432,36.4,939,8,0,0,6.3,0
C003309,230,18827.5,12,62,223,0.467,28.3,2088,1,0,0,3.9,0
C001505,393,2123.0,10,40,179,0.919,11.8,1283,1,1,0,5.5,0
C001807,1208,3738.18,16,77,274,0.42,16.8,1121,0,1,0,4.7,0
C007584,699,4595.01,22,142,481,0.767,19.2,687,1,0,0,6.6,0
C007602,263,7773.28,15,64,251,0.196,16.0,354,4,0,0,5.8,0
C003792,779,1622.04,12,44,188,0.669,20.1,1115,4,1,0,1.1,0
C005218,329,3232.1,17,88,336,0.89,27.1,1437,2,0,0,5.6,0
C008991,487,3854.31,8,42,153,0.641,19.2,3934,13,0,0,5.5,0
A000472,306,1966.13,14,4,81,0.145,7.1,39,0,1,0,4.0,1
C001068,189,2344.25,14,53,227,0.907,25.7,3160,3,1,0,8.6,0
C007189,427,2715.94,18,91,359,0.79,19.6,424,3,0,1,5.6,0
A000440,435,2939.3,12,5,61,0.38,3.7,83,3,0,1,2.0,1
C006863,247,5270.59,16,85,384,0.277,18.4,2252,5,1,0,6.6,0
C002697,517,4013.49,17,77,319,0.788,18.3,775,0,2,0,9.4,0
C001849,320,3141.37,16,66,230,0.88,25.5,3053,7,0,0,5.4,0
C004513,629,5250.85,10,41,162,0.747,31.5,646,3,0,0,4.4,0
A000162,265,7101.4,14,10,74,0.417,6.2,201,5,3,0,9.6,1
C002432,196,5591.69,15,60,251,0.746,23.6,905,6,0,0,1.5,0
C004661,200,6098.28,14,45,191,0.728,19.7,1700,1,0,0,7.9,0
C003436,627,9229.8,12,46,183,0.667,24.0,529,1,1,0,2.5,0
C006818,344,4931.09,16,44,201,0.841,18.0,1652,0,1,0,6.2,0
A000318,303,1408.49,13,5,59,0.107,5.2,43,2,2,2,1.9,1
C000143,531,4588.49,17,73,301,0.615,21.1,1477,5,1,0,6.0,0
C005587,219,2758.56,24,96,374,0.564,23.9,1724,1,1,0,5.5,0
C009658,456,10994.41,17,87,311,0.534,25.0,3977,3,0,0,8.2,0
A000097,520,5241.48,22,2,39,0.139,5.9,148,30,0,0,5.8,1
C006754,348,10765.45,17,88,325,0.718,20.8,458,3,0,0,6.2,0
C005291,519,7172.39,11,57,198,0.461,12.4,1521,2,1,0,2.7,0
C008254,854,8455.51,16,72,291,0.95,19.7,514,0,0,0,5.4,0
C003410,65,4423.99,13,47,195,0.718,25.2,4215,0,0,0,2.1,0
C001118,174,3953.69,17,84,319,0.342,25.1,1050,3,0,0,6.4,0
C001757,501,3707.47,12,55,216,0.549,35.1,496,2,0,0,4.3,0
C000498,669,2953.24,17,71,289,0.735,30.2,3691,1,0,0,6.8,0
C009906,625,2794.05,20,91,308,0.504,24.6,1142,3,0,1,6.4,0
C000871,479,1455.61,14,65,266,0.863,14.0,715,10,0,0,4.9,0
C003358,254,4433.5,15,78,304,0.674,20.6,4711,11,0,0,7.8,0
C000913,510,4031.11,18,70,300,0.576,15.5,2890,1,1,0,7.0,0
C000722,908,10931.54,11,61,210,0.69,27.5,550,12,0,0,5.9,0
C002806,235,2785.47,8,28,97,0.707,27.7,3482,5,0,0,1.9,0
A000926,183,3619.01,9,3,26,0.327,5.3,76,6,1,0,7.4,1
C000887,448,5630.79,9,31,130,0.728,35.2,677,5,0,0,8.9,0
A000555,426,4957.54,18,4,81,0.318,5.5,65,20,0,0,6.5,1
C008012,728,8615.45,14,56,208,0.84,27.2,1325,2,1,0,7.2,0
C009611,110,5621.18,13,72,259,0.808,16.8,323,1,0,0,7.0,0
C008461,231,15445.16,9,47,169,0.689,33.2,232,3,0,0,6.4,0
C001521,277,2820.99,14,76,278,0.878,18.2,20213,1,0,0,10.0,0
C009578,488,2583.11,10,49,197,0.846,29.6,960,2,0,0,5.7,0
C002747,636,5076.59,12,55,225,0.745,22.3,1067,1,0,0,8.1,0
C006919,160,12865.68,17,15,296,0.452,20.5,720,5,0,0,4.5,0
C007131,215,2975.51,17,82,292,0.777,24.6,1509,0,0,0,10.0,0
C000315,465,10866.24,21,72,307,0.877,15.9,427,0,0,0,5.9,0
C001800,279,1913.49,14,64,227,0.619,22.2,692,1,1,1,7.2,0
C000328,140,6712.33,21,125,459,0.596,22.8,1287,1,0,0,6.4,0
A000140,344,1187.35,17,6,86,0.627,8.0,96,12,0,2,5.3,1
C004205,471,3129.1,9,55,242,0.661,26.1,982,0,0,0,5.6,0
C005851,103,1437.45,11,53,191,0.765,33.8,1359,1,0,0,7.4,0
C005448,63,11620.05,16,100,367,0.434,26.3,493,5,0,1,8.7,0
C003130,403,3328.17,10,32,139,0.861,24.3,1775,5,0,0,9.1,0
C001997,493,2396.91,23,114,395,0.51,28.7,4014,2,0,0,6.6,0
C008194,1025,2046.76,8,46,157,0.842,22.8,522,2,0,0,9.0,0
C003969,1007,500.0,20,88,385,0.401,25.9,1094,30,0,1,10.0,0
C006993,467,8267.86,13,55,192,0.763,27.3,365,7,0,0,7.5,0
C006729,424,8570.25,18,63,224,0.503,19.5,273,12,0,0,7.2,0
C001974,329,4780.26,15,81,323,0.89,19.7,1257,1,0,0,8.4,0
C000337,368,7320.19,17,62,255,0.883,25.3,477,0,0,0,4.2,0
C002765,228,13069.46,17,91,343,0.624,14.7,1168,0,0,0,6.1,0
C008736,892,1480.73,14,73,298,0.601,14.1,743,2,0,0,7.6,0
C000276,446,5475.25,16,77,26,0.945,25.7,17,1,0,1,5.6,0
C002986,847,6966.34,8,37,154,0.691,21.5,226,5,1,0,0.4,0
C006889,94,2652.09,16,85,309,0.792,6.0,516,5,0,0,0.0,0
C007121,278,2241.35,22,106,420,0.609,14.7,1291,0,0,0,6.8,0
C003478,228,3856.46,20,82,349,0.672,18.7,3213,1,0,0,7.6,0
C006434,204,3796.08,17,86,314,0.65,22.4,1730,4,0,0,1.4,0
C003559,490,4791.49,11,49,210,0.759,26.2,8457,0,0,1,7.0,0
C006812,280,3985.5,13,59,247,0.856,21.8,410,1,0,1,7.9,0
C002810,1521,6334.85,15,65,249,0.818,18.4,1083,1,0,0,5.1,0
A000025,573,3953.05,21,4,29,0.696,6.3,43,21,0,1,1.4,1
C004862,771,4561.83,14,59,207,0.869,24.1,186,2,1,0,5.5,0
A000418,630,3176.37,14,6,65,0.45,4.9,36,0,0,2,3.5,1
C007922,593,12934.39,17,74,258,0.123,6.8,413,13,1,0,5.0,0
C005247,104,5614.18,17,108,417,0.73,24.4,482,15,0,0,2.7,0
C003417,1074,9724.68,16,76,261,0.416,19.2,730,4,1,0,0.9,0
C000308,92,2429.66,20,97,370,0.641,17.2,2318,2,0,0,8.0,0
C003909,1265,21763.57,9,45,170,0.795,26.7,1376,2,1,0,2.3,0
C010009,724,8933.67,19,69,266,0.116,15.0,2261,0,0,0,0.0,0
C000349,280,4785.4,8,42,186,0.563,30.6,1067,0,0,1,9.9,0
C005919,698,1187.9,14,80,281,0.866,29.8,1009,11,0,1,6.8,0
C000827,1425,7407.97,18,109,383,0.289,24.8,805,2,1,0,8.1,0
C005297,326,4735.02,14,84,323,0.945,16.0,2876,0,1,0,7.1,0
A000452,267,9728.16,13,9,68,0.071,7.8,120,30,3,0,3.2,1
C008874,341,3448.99,8,35,127,0.7,18.2,1036,0,1,0,10.0,0
C004483,162,6327.67,16,81,299,0.729,16.4,2797,17,1,1,10.0,0
C008001,405,7573.5,15,75,320,0.872,15.4,2315,16,0,0,5.7,0
C003683,573,4731.74,16,76,267,0.787,12.7,966,0,0,0,7.7,0
C007154,669,1959.51,15,66,248,0.345,26.9,170,16,0,0,4.8,0
C009233,568,11963.42,14,60,272,0.702,13.6,1329,9,0,0,5.7,0
C002054,623,2540.39,15,76,261,0.854,28.9,575,1,1,0,8.7,0
A000569,357,2175.73,19,4,42,0.36,3.5,221,4,0,1,8.8,1
C000072,211,1484.17,18,97,366,0.891,20.0,4578,0,0,0,7.5,0
C009853,610,3286.93,17,54,248,0.905,20.0,2862,0,0,0,3.1,0
C008366,748,3740.16,10,52,183,0.653,12.5,3915,19,0,1,5.7,0
C007631,588,21297.0,16,62,259,0.687,25.1,292,2,3,0,6.6,0
C009000,320,3035.84,19,97,358,0.721,20.9,2179,6,0,1,6.2,0
C005357,442,4560.48,13,67,269,0.51,19.2,763,3,1,0,5.3,0
C001667,193,5478.99,8,50,176,0.437,34.7,90,20,0,0,8.4,0
C005571,150,3606.66,14,61,263,0.635,16.5,1357,0,1,0,5.6,0
C007517,757,7522.18,9,37,168,0.808,14.9,510,0,0,0,4.9,0
C009983,211,14545.8,5,28,97,0.737,9.8,3025,3,0,0,1.1,0
C006554,555,2744.9,13,57,204,0.523,22.1,3373,4,0,1,4.8,0
C001446,401,5581.62,13,62,255,0.864,29.0,488,0,0,0,5.2,0
C006383,270,6251.63,13,41,178,0.802,22.9,3136,1,0,0,2.5,0
C007521,443,4783.97,9,40,170,0.629,12.6,877,1,0,0,2.1,0
C001696,609,2100.37,10,45,193,0.843,21.4,2025,1,1,1,8.6,0
C002893,549,6008.62,14,76,262,0.567,20.5,631,1,0,0,6.4,0
A000987,220,6806.76,9,5,58,0.11,5.8,79,22,0,1,0.0,1
C001575,487,5041.99,14,85,303,0.367,22.3,387,3,0,1,1.7,0
C008178,712,3843.24,19,88,328,0.959,16.6,1187,1,0,1,8.9,0
C003204,180,6047.56,9,31,125,0.553,23.6,1840,3,1,0,8.5,0
C004406,113,7250.3,22,89,372,0.724,19.3,687,0,0,0,2.4,0
C001631,160,8446.41,14,72,279,0.431,22.1,678,2,0,0,10.0,0
C009268,543,20860.11,17,82,357,0.826,19.5,402,17,0,0,6.1,0
C001882,756,27614.63,18,82,325,0.928,24.2,1067,12,1,0,5.1,0
C005113,338,11399.14,18,83,332,0.311,14.8,2182,5,1,0,5.7,0
C005709,200,5866.81,11,44,188,0.467,15.2,2805,0,0,0,3.0,0
C005075,186,5013.15,12,60,254,0.506,26.6,1178,7,0,0,6.6,0
C009224,683,10811.66,10,66,228,0.47,23.2,1857,4,1,0,2.9,0
C009725,736,3428.04,11,62,225,0.654,29.0,2740,2,0,0,6.9,0
C006819,110,6820.85,17,60,240,0.337,21.8,512,3,0,0,6.9,0
C000849,41,5810.76,12,47,174,0.719,20.1,1779,12,0,0,5.6,0
C007291,387,5530.27,7,38,144,0.719,22.7,707,7,0,0,3.5,0
C007519,356,5681.9,15,67,233,0.664,23.4,771,10,1,0,7.0,0
C007145,676,3622.05,11,64,238,0.698,14.6,1389,0,0,0,4.3,0
C002878,205,2866.82,15,73,293,0.951,4.6,385,7,0,0,0.0,0
C000187,659,2433.99,19,65,280,0.902,20.8,536,2,1,0,5.9,0
C003780,464,5044.02,16,55,254,0.979,32.2,473,1,0,0,6.3,0
C001831,69,11207.28,12,71,243,0.676,20.6,1592,2,0,0,3.1,0
C006197,574,5886.2,18,77,295,0.56,20.6,1278,2,0,0,0.6,0
C002960,329,2435.92,15,68,232,0.423,24.6,456,0,0,0,8.6,0
A000166,578,4861.52,12,6,50,0.488,5.8,20,12,1,1,2.7,1
C007750,798,9593.37,18,60,256,0.864,31.7,692,6,1,0,10.0,0
C005447,409,5832.99,16,69,288,0.649,23.4,1271,3,1,1,6.9,0
C001235,419,2859.1,15,61,240,0.346,13.2,418,0,0,1,5.9,0
C007262,542,7985.09,17,85,294,0.672,19.6,1629,4,0,0,7.7,0
C003916,717,1123.3,22,102,409,0.979,17.6,784,0,0,0,7.3,0
C000447,821,4767.45,13,87,306,0.718,18.5,1074,1,0,0,6.2,0
C005840,406,2392.69,10,55,209,0.827,27.7,914,2,0,0,10.0,0
C000845,509,2838.5,12,50,186,0.437,24.4,1104,2,1,0,5.2,0
C005202,570,3162.95,25,78,297,0.909,6.1,2198,21,0,1,6.2,0
C007029,44,6174.22,14,43,186,0.416,27.9,940,0,1,0,4.2,0
C006596,567,5845.15,17,93,408,0.636,23.7,167,0,0,0,7.4,0
C002441,519,4970.55,18,97,371,0.681,22.8,654,5,0,0,6.4,0
C003104,717,2108.53,16,83,321,0.706,23.0,1139,2,0,0,10.0,0
C009457,481,10042.01,22,100,427,0.421,24.8,2312,11,0,0,4.0,0
C004775,149,5213.36,23,84,292,0.384,25.2,1601,13,0,1,7.8,0
A000510,1302,11447.84,18,8,105,0.061,5.4,43,3,0,0,2.1,1
C006095,111,27978.86,11,41,177,0.3,31.8,1422,7,0,0,10.0,0
C001295,446,6913.2,15,66,297,0.64,17.6,553,11,0,0,10.0,0
C006795,220,3707.29,12,54,191,0.597,26.4,1654,3,0,0,4.9,0
C005519,259,7584.25,10,35,157,0.871,10.1,1674,13,0,0,5.8,0
C009933,558,4333.48,22,103,381,0.645,13.2,418,12,0,0,1.0,0
C005068,727,8811.14,14,68,298,0.586,15.0,561,3,0,0,5.1,0
C003443,717,11067.77,12,77,299,0.679,21.6,692,0,1,0,4.0,0
C009354,282,4944.35,23,77,290,0.738,16.1,641,4,1,1,6.6,0
A000053,171,5331.79,13,6,49,0.364,7.8,11,30,0,2,2.2,1
C009183,331,10822.47,14,57,212,0.528,22.6,1175,0,1,0,9.6,0
C008980,367,2215.5,15,77,278,0.969,26.5,2938,8,0,0,4.6,0
C000777,428,2821.09,12,51,173,0.693,24.2,218,2,0,0,8.1,0
A000684,685,3618.31,16,11,102,0.256,6.5,5,28,0,0,2.4,1
C002154,229,3760.0,13,57,199,0.827,22.4,952,7,0,0,7.6,0
C005559,134,6107.73,14,87,307,0.398,16.1,3690,20,2,0,4.8,0
C004921,73,3993.94,19,82,329,0.866,17.0,1270,2,0,0,8.3,0
A000761,181,4682.17,13,7,91,0.153,6.2,85,1,1,2,1.8,1
A000442,580,8737.19,12,1,20,0.262,7.8,67,0,1,2,4.5,1
C006750,268,8751.22,14,72,271,0.927,26.0,965,9,0,0,2.1,0
C003137,709,5688.3,13,34,156,0.928,31.3,1001,11,0,1,2.6,0
C009280,457,4768.58,19,68,302,0.822,22.4,1289,8,0,1,1.5,0
C005463,1186,6875.81,21,91,410,0.922,10.5,1160,2,0,0,4.8,0
C007878,95,6295.68,12,44,169,0.748,25.6,1310,3,0,0,5.3,0
C008938,150,5091.33,14,78,320,0.739,26.0,1282,10,1,0,7.8,0
C003184,424,8114.94,17,73,292,0.71,29.3,259,3,0,1,5.9,0
C009153,302,9401.53,9,57,205,0.72,21.2,670,1,0,0,4.3,0
C001944,1463,18665.43,19,95,354,0.798,25.7,711,0,0,0,0.4,0
C003200,656,9141.78,16,84,340,0.637,16.5,501,11,0,1,9.2,0
C008371,384,5268.65,13,69,249,0.641,35.2,437,5,0,0,3.6,0
C001290,611,7743.14,21,82,365,0.283,21.0,2122,6,0,0,6.4,0
C004582,270,3238.55,8,29,100,0.509,22.4,2134,0,0,0,6.4,0
A000818,975,3506.78,20,59,266,0.503,6.3,60,2,1,1,5.3,1
C009847,834,2768.5,17,105,366,0.695,18.8,1379,2,0,1,3.3,0
A000496,469,8222.49,13,10,80,0.102,9.8,50,5,2,2,4.5,1
C008217,347,4563.82,9,47,195,0.845,28.6,1481,5,0,0,8.2,0
C004107,563,14064.27,12,2,195,0.823,4.6,121,0,0,0,3.6,0
C004127,399,3360.25,17,104,383,0.884,13.4,1150,8,0,1,5.6,0
C009171,760,3080.57,16,103,433,0.832,23.7,895,3,0,2,7.8,0
C003967,401,1744.43,17,95,385,0.736,24.1,1127,1,0,0,9.7,0
C001880,284,5782.28,16,60,210,0.683,26.4,1226,14,0,0,6.3,0
C009352,734,3689.81,15,59,229,0.441,24.7,907,14,0,0,5.5,0
A000229,103,3390.6,21,6,93,0.269,20.9,184,6,0,1,1.8,1
C006607,622,1405.12,14,64,264,0.777,18.8,297,1,0,0,3.2,0
C005458,435,4797.64,16,60,256,0.477,23.6,1765,12,1,0,3.6,0
C008754,557,6392.26,19,74,312,0.541,17.3,1593,6,0,0,3.9,0
C003588,486,8999.07,18,77,262,0.538,22.4,2635,4,0,0,5.8,0
A000117,524,6010.76,16,2,34,0.088,6.5,5,2,0,1,2.1,1
C003866,518,4187.97,16,63,232,0.922,15.3,742,3,0,1,3.4,0
C002149,482,13870.99,16,73,271,0.904,25.8,978,3,0,1,9.7,0
C004132,772,1232.94,13,74,275,0.738,16.8,1733,0,1,1,5.7,0
C001037,157,1324.04,19,80,313,0.545,24.2,681,0,0,1,5.3,0
C000637,913,18233.32,18,69,284,0.405,17.9,65,3,0,0,6.5,0
C006725,979,2080.91,13,50,216,0.744,25.4,1497,0,0,0,8.6,0
C004135,506,8534.28,13,61,253,0.539,20.8,536,3,0,0,6.9,0
C006522,165,4265.67,14,68,250,0.627,31.1,1359,0,0,0,2.2,0
C001084,1265,3953.0,9,44,158,0.129,20.6,2086,3,2,1,0.2,0
C000862,400,11690.86,12,83,283,0.549,20.8,1242,4,0,1,5.2,0
C005213,215,2271.41,10,44,158,0.751,28.5,1574,0,0,1,4.2,0
C000904,388,6958.82,13,62,279,0.84,15.9,1011,0,0,0,6.9,0
C000192,280,3703.92,12,55,222,0.619,29.2,458,0,0,0,7.0,0
C000110,350,4485.35,17,71,302,0.804,23.2,4875,2,0,0,4.4,0
C006027,157,7381.41,14,66,287,0.502,31.0,328,4,0,0,6.5,0
C004456,576,856.09,12,83,326,0.524,23.2,821,3,1,0,9.0,0
C001943,331,3967.87,22,116,420,0.955,35.3,4284,0,1,0,2.3,0
C006462,382,10433.22,19,84,345,0.393,22.0,2078,5,0,0,7.0,0
C004332,771,2394.2,18,73,276,0.903,34.2,713,2,0,0,4.0,0
C009759,721,2766.28,16,84,296,0.767,17.1,1200,0,0,0,5.0,0
C009407,430,2389.07,16,74,253,0.59,16.0,3750,3,0,0,7.2,0
C005928,433,3077.75,18,66,272,0.556,18.5,1759,0,0,0,7.3,0
C002041,517,5097.82,11,55,239,0.735,20.1,270,2,0,1,1.3,0
C008551,350,3026.03,15,90,302,0.851,21.3,1231,0,0,0,0.9,0
C008269,657,5154.59,12,57,237,0.606,26.1,157,10,0,0,10.0,0
C004879,457,3401.85,15,74,255,0.802,18.1,960,8,0,0,4.8,0
C004660,69,13261.1,19,73,274,0.758,20.8,5358,5,0,0,7.3,0
C007786,257,13199.5,9,37,148,0.62,23.5,3898,6,0,0,6.1,0
C002776,558,4290.57,14,58,226,0.946,13.1,1351,6,0,0,3.2,0
C004146,560,6504.08,14,43,156,0.818,14.5,1644,0,0,0,2.5,0
C002324,716,1826.57,14,49,211,0.953,21.7,1852,1,1,1,3.0,0
C000763,477,2668.5,11,49,201,0.576,19.2,1198,21,0,0,5.4,0
C005922,801,1385.34,11,34,141,0.95,21.4,564,0,0,0,10.0,0
C002618,342,4317.3,13,55,203,0.478,22.9,4425,10,0,0,7.0,0
C002412,281,1468.19,7,35,122,0.933,20.3,278,9,0,0,6.6,0
C001095,752,1330.12,14,70,270,0.554,29.7,3389,4,0,0,4.7,0
C006066,422,8945.35,20,108,479,0.557,22.5,1703,1,0,0,9.2,0
C007502,413,3338.64,18,110,387,0.792,23.5,574,2,0,0,8.9,0
C004590,671,4303.41,8,37,160,0.925,19.6,802,2,0,0,8.6,0
C006035,997,7319.67,14,94,331,0.745,18.5,1121,4,0,0,5.5,0
C006821,265,19368.77,15,66,259,0.978,18.1,1038,0,0,1,3.4,0
C003136,622,5948.44,11,53,223,0.698,28.3,1580,0,1,0,3.9,0
C006932,862,1195.17,16,88,337,0.764,20.9,1118,9,1,0,8.8,0
C005041,302,3122.2,15,49,217,0.49,28.7,833,1,0,0,8.5,0
A000136,317,6934.14,11,3,52,0.101,6.7,9,2,1,2,0.6,1
C005429,135,9423.99,18,80,343,0.86,14.9,502,0,0,0,9.8,0
C003806,878,4006.89,8,53,190,0.866,25.4,1172,4,1,0,8.8,0
C000885,1039,1948.24,20,90,389,0.884,36.6,974,3,0,1,5.2,0
C002655,535,2838.73,19,75,309,0.898,26.1,414,0,0,0,2.5,0
C006488,302,6912.45,19,103,377,0.763,18.9,499,6,0,0,3.9,0
C007518,443,1899.14,4,22,92,0.58,18.3,462,0,0,1,8.4,0
A000146,278,4222.46,16,9,93,0.159,7.7,403,11,2,1,0.3,1
C000465,347,825.04,16,83,343,0.701,22.5,677,15,0,0,3.4,0
C001258,780,6490.39,17,56,231,0.941,27.2,1742,0,0,0,1.2,0
C009432,629,5956.24,20,90,328,0.854,21.4,1455,24,0,0,7.1,0
C006926,407,8786.02,12,62,218,0.434,26.6,248,0,0,0,8.4,0
C004275,723,3650.2,12,56,194,0.423,28.7,1323,11,2,1,6.9,0
C005193,322,2149.76,14,41,140,0.648,15.7,3222,6,0,0,8.3,0
C007260,277,3511.86,12,63,216,0.953,13.8,827,0,0,0,9.7,0
A000653,284,8632.5,16,9,102,0.258,7.9,87,4,2,0,5.5,1
C006232,807,10106.46,17,72,254,0.819,9.3,2232,12,0,1,1.7,0
C005301,960,6906.14,26,77,335,0.857,12.8,1840,4,0,0,5.1,0
C002203,495,15323.13,11,55,196,0.924,19.2,362,1,0,1,5.4,0
C007421,607,1537.02,21,3,469,0.388,23.9,2257,0,0,0,7.8,0
C008146,286,8708.46,20,116,435,0.574,25.8,544,1,0,0,4.9,0
C001263,582,3790.01,11,31,133,0.638,21.9,1145,1,0,0,4.1,0
C008927,416,5199.74,14,29,123,0.645,17.9,522,0,1,0,4.2,0
C000976,243,1598.5,16,79,324,0.714,19.7,752,4,0,0,7.3,0
C009218,194,4759.97,12,72,247,0.733,16.1,441,2,0,0,3.0,0
C005867,639,3713.49,14,62,263,0.635,24.3,799,1,1,0,2.8,0
C004926,454,12844.04,10,56,195,0.669,23.2,997,1,1,1,8.1,0
C000942,217,25150.04,14,58,224,0.742,16.8,2302,0,0,0,8.6,0
C005264,731,3897.21,7,29,130,0.684,23.1,2972,8,0,0,10.0,0
C004724,463,8963.68,12,58,206,0.425,27.4,1302,1,0,0,0.9,0
C002388,136,2586.27,13,52,209,0.877,24.9,1875,1,0,0,5.4,0
A000697,176,2005.43,12,5,68,0.61,6.5,33,4,2,0,3.0,1
C005022,488,5065.87,15,71,263,0.595,24.5,842,1,0,0,2.3,0
C004392,947,8063.08,15,59,265,0.796,27.8,3778,0,1,0,7.0,0
C005149,325,7771.66,21,112,457,0.867,25.8,773,1,0,0,5.7,0
C003222,281,3282.38,14,75,271,0.573,14.7,3010,6,0,0,2.5,0
C003883,168,34591.7,25,107,362,0.299,20.2,1096,8,0,0,4.5,0
C006706,389,9211.47,13,77,306,0.899,26.3,1354,4,1,0,3.9,0
A000384,556,2789.22,12,5,57,0.242,21.0,335,12,0,0,4.0,1
C009888,799,5289.35,14,62,236,0.62,31.2,1652,0,0,0,3.1,0
C007198,771,5201.72,18,77,340,0.982,21.6,1278,4,0,0,2.2,0
C005954,216,2219.88,11,69,243,0.641,22.9,421,1,2,0,7.0,0
C002790,501,2024.3,21,94,348,0.97,22.0,4258,5,0,0,8.2,0
C000945,522,4810.17,15,70,315,0.853,18.0,1852,0,0,0,7.3,0
C009817,364,6834.08,18,91,362,0.839,22.9,1104,10,1,0,10.0,0
C001858,582,7686.02,9,33,151,0.689,20.6,1494,7,0,0,6.3,0
C009554,824,3995.12,17,60,237,0.696,21.8,3121,5,0,0,8.9,0
C004109,522,11830.25,10,55,192,0.683,20.9,1114,6,0,0,7.2,0
C005214,338,8074.62,14,41,183,0.589,30.2,488,0,0,0,6.9,0
C009374,957,10525.1,16,67,231,0.467,29.7,1229,7,0,0,6.8,0
C003256,158,2077.44,8,39,145,0.472,17.4,367,11,0,1,6.7,0
C002691,779,1988.8,17,73,289,0.725,16.9,3015,7,1,0,4.2,0
C008969,1186,5413.2,11,38,172,0.735,22.1,1288,3,0,0,9.7,0
C004628,379,1896.45,16,65,276,0.962,9.9,909,3,0,1,2.8,0
C008232,438,3478.47,19,100,420,0.843,23.0,560,1,2,1,6.4,0
C001320,209,4754.77,15,49,205,0.454,13.8,580,10,1,0,5.6,0
C008350,615,3941.5,9,52,189,0.665,18.7,840,2,1,0,5.4,0
A000860,236,6004.43,15,14,110,0.398,8.3,91,5,0,1,7.9,1
C005163,660,3510.56,15,7,103,0.689,22.2,1029,4,0,0,7.8,0
C007101,331,9411.65,22,85,349,0.907,21.5,534,0,0,1,8.2,0
C008230,679,4865.1,12,52,204,0.592,23.5,1742,0,0,0,9.1,0
C007247,249,3372.32,21,112,387,0.677,28.6,252,0,0,0,3.6,0
C007587,873,2682.38,13,50,199,0.309,11.4,3096,2,1,0,3.1,0
C003476,338,2385.15,19,125,456,0.58,23.4,910,3,0,1,2.8,0
C003506,927,4752.59,23,118,414,0.614,14.6,3137,2,1,1,4.5,0
C004750,417,12182.88,19,92,317,0.94,27.8,990,14,0,0,7.0,0
C002478,239,7126.68,13,51,223,0.867,21.2,258,3,1,0,10.0,0
A000750,249,6147.01,21,3,54,0.214,5.0,22,5,0,1,5.7,1
C008049,272,4471.36,7,27,95,0.395,15.8,861,0,0,0,1.6,0
C008561,691,5640.66,15,38,161,0.734,26.0,936,0,0,0,6.1,0
C004502,299,7647.39,9,39,157,0.544,23.2,814,1,0,1,6.5,0
A000790,802,7009.41,12,2,32,0.121,8.0,6,0,0,1,0.6,1
A000843,490,1472.43,19,4,55,0.073,7.6,217,29,2,0,2.9,1
C006337,158,4452.14,20,48,205,0.876,28.2,889,11,0,1,4.6,0
C008223,155,1424.76,16,64,237,0.801,20.4,841,0,1,0,8.2,0
C001875,283,7759.96,21,62,233,0.77,20.8,826,3,0,0,6.7,0
C009377,184,14355.17,20,103,348,0.54,20.6,1710,4,0,0,7.8,0
C006441,421,1957.0,11,68,245,0.768,23.3,538,0,0,0,4.3,0
A000383,178,3861.61,26,8,289,0.895,4.6,128,19,0,0,2.4,1
C005097,348,10478.24,22,80,338,0.632,13.7,3205,1,0,0,2.5,0
C002905,1136,6321.52,19,93,357,0.742,22.3,858,9,0,0,9.8,0
C000571,391,3137.5,17,89,305,0.885,17.5,1552,1,0,0,4.0,0
C001449,1134,6209.81,20,95,345,0.835,16.0,2740,1,0,0,3.0,0
A000544,402,6004.57,21,8,70,0.25,7.5,37,11,1,2,4.7,1
C007591,409,7080.2,14,46,171,0.462,22.8,1201,4,0,0,10.0,0
C007713,665,2558.51,12,59,250,0.424,27.8,495,2,0,0,8.6,0
C008564,1309,3470.76,8,34,137,0.631,22.7,250,4,0,0,7.3,0
C007945,586,6550.82,20,116,393,0.812,22.5,2929,4,0,1,9.5,0
C005842,471,10962.55,19,76,338,0.555,26.8,628,5,0,0,5.5,0
C008724,458,4020.95,10,46,166,0.671,21.0,1161,0,0,0,10.0,0
C003227,298,1610.82,17,70,295,0.765,24.8,1060,2,0,0,3.0,0
A000713,843,7877.3,11,7,68,0.152,5.3,80,13,1,1,2.3,1
C007305,1272,7244.07,21,89,355,0.698,16.9,3883,7,0,0,6.4,0
C003979,525,1552.92,16,87,358,0.516,14.9,497,6,0,1,6.5,0
C004384,88,4833.45,12,64,245,0.625,21.8,1965,1,0,0,10.0,0
C005835,326,5024.51,13,70,247,0.558,15.8,1937,0,0,0,5.7,0
C008731,254,2684.73,13,67,260,0.965,24.8,1558,2,0,1,0.5,0
C008452,352,3655.18,15,68,252,0.706,27.6,2109,0,0,0,10.0,0
C003540,367,1204.93,21,96,326,0.916,25.3,751,0,0,0,10.0,0
C006928,469,11460.91,16,63,253,0.682,18.6,883,1,0,0,9.7,0
A000396,308,3441.19,21,2,48,0.28,7.3,51,0,1,0,6.4,1
C009798,647,2640.3,14,53,237,0.834,28.2,907,1,0,0,3.0,0
C007137,139,1649.4,19,71,319,0.88,17.8,3707,2,0,0,5.7,0
C005682,752,12487.77,18,84,319,0.945,7.5,643,1,1,0,2.9,0
C002828,67,2847.18,24,57,246,0.586,34.3,633,4,0,0,6.6,0
C005781,419,1273.57,16,67,252,0.444,19.9,620,8,0,0,9.1,0
C003635,253,1801.01,10,50,220,0.588,10.6,578,1,0,0,6.5,0
C004997,667,2569.53,15,72,313,0.596,22.1,389,0,1,0,7.5,0
C001339,175,4266.41,15,55,223,0.667,22.8,455,5,1,0,5.7,0
C003263,317,23678.54,13,69,244,0.839,31.6,588,4,0,0,6.7,0
C007758,343,2564.53,14,69,305,0.774,21.5,1636,9,0,1,5.4,0
C007304,712,9794.32,11,52,197,0.438,27.1,992,2,0,1,5.9,0
C005742,662,2770.82,12,38,142,0.653,27.8,2516,7,0,0,6.2,0
C000651,186,3291.45,13,73,270,0.739,8.1,314,2,0,0,3.8,0
C006040,100,5628.49,25,130,455,0.357,22.4,1449,9,0,0,2.2,0
C002903,186,5822.54,13,71,308,0.706,15.3,468,0,0,0,6.4,0
C002259,442,3837.12,6,29,99,0.672,24.1,221,7,1,0,7.2,0
C005396,141,11902.21,18,94,402,0.473,25.7,1452,0,1,0,5.8,0
C008588,474,8177.18,14,69,250,0.499,16.0,2007,4,1,0,9.0,0
C007436,650,7781.91,13,42,163,0.702,14.8,1995,2,1,0,4.3,0
C003522,615,1888.07,19,105,391,0.366,26.9,1384,7,0,0,6.6,0
C002731,170,4956.39,26,127,533,0.723,27.7,732,5,0,0,5.2,0
C009654,726,6488.2,16,59,206,0.618,5.2,327,0,0,0,6.2,0
C004479,307,5304.19,14,56,233,0.49,21.4,345,0,2,0,9.9,0
C005661,100,5680.76,18,96,358,0.853,27.7,1332,26,0,0,5.0,0
C001597,262,3193.25,16,49,198,0.916,17.3,360,9,0,0,10.0,0
C000068,479,937.76,15,80,272,0.52,22.6,2570,8,1,0,8.6,0
C002585,1229,11259.62,13,66,238,0.544,28.1,429,3,0,0,10.0,0
C008050,105,2983.26,18,97,356,0.912,27.1,707,0,1,1,8.3,0
C006282,511,775.02,14,63,223,0.887,27.7,1469,12,0,0,2.5,0
C003197,614,7198.72,19,65,287,0.639,29.3,2122,0,0,0,4.8,0
C007355,443,11894.81,22,4,371,0.45,6.8,804,8,0,1,5.0,0
C005328,235,3063.61,17,77,353,0.856,18.0,858,2,1,0,8.7,0
C008748,171,975.1,15,70,284,0.871,22.0,4986,0,1,0,4.4,0
C006563,757,4410.71,16,94,386,0.647,23.0,1821,0,0,0,7.8,0
C001259,458,4529.27,19,109,448,0.83,22.3,269,2,1,0,1.3,0
C006450,230,8408.13,26,171,615,0.714,21.0,2170,0,1,0,2.8,0
C006351,1234,7268.31,9,25,115,0.852,21.5,1232,0,0,0,6.8,0
C009384,258,49704.4,13,67,226,0.603,20.3,1324,1,1,0,8.1,0
C000992,705,6227.16,16,79,297,0.625,18.4,999,4,2,0,3.1,0
C003505,431,8426.72,18,98,341,0.842,15.1,4333,1,0,0,7.3,0
C000114,1509,17468.6,8,40,145,0.819,22.6,3389,17,0,0,7.6,0
C000920,162,2996.63,10,44,180,0.723,19.5,1729,7,1,0,5.8,0
C002510,173,7069.69,11,43,175,0.712,18.9,1050,4,0,0,4.2,0
A000345,742,2806.96,18,3,28,0.585,6.4,90,22,0,0,0.0,1
C000166,617,2315.82,14,57,195,0.958,22.1,288,17,0,1,10.0,0
C009646,478,5273.19,12,54,246,0.96,28.9,2141,14,0,0,9.1,0
C007760,73,9638.36,12,74,255,0.786,16.3,1417,0,0,0,5.5,0
C004604,840,3978.46,14,44,192,0.65,18.7,1287,14,1,0,8.4,0
C009867,373,19543.78,10,59,219,0.699,24.1,2498,2,0,0,3.4,0
C009367,466,2583.29,13,75,268,0.529,22.6,521,3,0,0,8.4,0
C000950,430,2902.88,9,49,57,0.477,4.7,1912,0,0,0,6.5,0
C004595,171,7091.93,11,52,222,0.772,20.6,1443,0,0,0,9.1,0
C007050,267,14351.64,16,76,262,0.732,31.4,520,0,0,0,8.6,0
C003771,528,5571.97,16,94,357,0.641,22.1,1258,1,1,0,9.8,0
C002507,269,4527.12,20,112,380,0.572,23.8,299,12,1,0,6.6,0
C005108,411,3229.62,15,72,320,0.809,17.2,2558,4,0,0,10.0,0
C002851,571,3819.36,15,78,294,0.421,6.2,1958,1,0,0,10.0,0
C006001,336,14600.99,12,49,224,0.77,24.6,4779,1,1,0,7.4,0
C007891,450,4394.09,11,65,242,0.582,32.2,3088,13,0,0,10.0,0
A000969,452,4036.3,18,9,75,0.032,6.8,99,18,0,0,6.3,1
C008896,262,11653.95,15,73,299,0.387,23.1,142,1,0,0,4.4,0
C009162,86,4957.62,13,72,274,0.794,20.2,641,27,0,1,2.9,0
C004447,109,2342.97,7,11,115,0.704,27.1,2693,13,1,0,5.5,0
C005795,164,3949.67,15,75,276,0.674,8.7,2246,9,0,0,1.9,0
C004461,122,10059.06,16,70,254,0.903,26.8,1035,2,0,0,1.4,0
C008240,419,8612.14,15,62,208,0.586,28.2,3774,8,0,0,5.5,0
C002506,289,6039.89,23,85,315,0.638,25.6,2238,2,0,0,5.0,0
C001115,535,1439.89,20,65,258,0.98,20.2,812,1,0,0,2.6,0
C009245,252,4273.55,12,42,166,0.893,14.5,950,1,1,0,9.7,0
C000299,1098,7073.26,21,83,350,0.82,28.2,1136,4,0,0,7.7,0
C001676,398,3401.48,13,90,306,0.494,29.2,4081,0,0,0,6.1,0
C003348,133,2512.64,14,70,256,0.382,22.1,1757,5,0,0,3.5,0
C006171,322,5696.97,18,75,280,0.735,26.4,2298,2,0,0,8.8,0
C002736,529,11745.61,17,93,324,0.735,32.4,1824,1,0,0,8.7,0
C005670,336,1747.48,15,65,242,0.408,22.3,1787,2,0,0,4.0,0
C008817,321,3422.24,16,63,228,0.929,27.9,517,4,0,0,10.0,0
C004989,373,19419.76,20,76,286,0.892,25.7,1008,6,0,0,7.3,0
C009911,387,2343.49,12,43,186,0.714,21.9,3755,3,0,0,5.5,0
C008845,594,12202.29,19,82,282,0.762,29.2,916,4,0,0,4.4,0
C007151,1623,4626.71,21,93,317,0.569,24.4,1499,15,0,0,7.8,0
C004326,441,1265.11,16,43,197,0.638,30.1,203,5,1,1,5.4,0
C009616,428,3676.92,12,62,218,0.418,18.5,1325,0,0,0,4.6,0
C007573,455,3685.18,18,87,292,0.403,18.3,1063,6,0,0,7.8,0
C004551,552,13476.84,9,8,90,0.719,21.3,4348,6,0,0,3.0,0
C006578,334,1395.62,10,51,173,0.608,19.0,6094,0,0,0,7.6,0
C008832,359,1353.74,15,63,273,0.93,30.8,580,2,0,2,7.1,0
C008827,410,10131.51,10,60,205,0.963,21.9,2548,3,0,0,5.1,0
C002104,2000,12167.83,12,49,214,0.48,18.5,1260,0,0,0,1.2,0
C005337,117,5023.35,13,55,236,0.966,17.2,1662,3,0,0,5.9,0
C008028,777,3490.78,19,109,384,0.584,25.2,584,0,0,1,8.9,0
C003760,512,4797.81,18,97,363,0.945,17.8,406,6,0,0,6.1,0
C008859,487,12398.23,18,107,368,0.629,26.1,323,2,1,0,5.1,0
C001838,514,4030.44,12,58,236,0.884,29.6,1382,20,0,0,10.0,0
C008861,318,2098.83,18,70,242,0.446,39.3,7014,1,1,0,6.9,0
C009157,557,2503.92,11,46,157,0.688,10.8,2113,0,1,0,4.0,0
A000403,286,3073.59,13,4,286,0.844,2.5,77,4,0,1,0.0,1
C005711,77,7704.44,13,34,72,0.876,8.7,627,9,1,0,7.2,0
C000608,229,7180.82,15,76,341,0.533,21.9,1333,13,0,0,3.4,0
C007338,337,3939.46,12,48,166,0.497,17.1,854,1,0,0,8.5,0
C001094,414,3192.16,20,86,345,0.772,29.9,613,0,1,0,6.0,0
C006625,847,8113.28,13,47,167,0.705,22.8,928,4,0,0,8.3,0
C007689,727,6067.42,17,96,341,0.78,9.4,910,3,0,0,6.1,0
C009877,609,10437.23,13,43,166,0.727,22.6,781,0,0,0,5.0,0
C004488,495,1743.62,26,109,403,0.476,15.9,2852,0,0,0,0.9,0
C000161,407,1677.88,15,56,226,0.879,26.4,673,1,0,0,3.6,0
C000204,323,1775.93,16,9,297,0.801,16.9,433,1,2,2,4.1,0
C003941,225,3668.43,16,99,342,0.681,26.6,6190,0,0,0,2.1,0
C007172,1299,10542.92,17,57,230,0.62,22.2,3581,1,0,0,10.0,0
C006104,377,3204.04,18,77,290,0.875,16.1,2881,2,1,0,3.9,0
C004934,907,1622.27,11,73,257,0.633,28.1,1978,2,0,0,6.4,0
C002935,525,4685.12,12,44,197,0.968,29.0,1304,2,0,0,4.9,0
C001815,1018,2453.94,14,61,228,0.621,24.9,2236,10,0,0,5.6,0
C002436,174,2914.25,15,64,260,0.576,9.1,2936,18,0,1,7.9,0
C001231,628,1833.14,18,81,293,0.929,17.0,1586,0,0,1,3.8,0
C009561,540,5114.36,8,36,126,0.781,10.5,1789,1,0,0,6.9,0
C003047,718,3746.33,11,59,229,0.976,20.1,488,4,0,0,7.1,0
C005706,555,2931.46,14,61,241,0.608,18.9,542,22,1,0,5.2,0
A000620,279,6457.03,20,11,268,0.698,5.9,44,3,0,0,3.3,1
C008527,765,14182.91,22,93,397,0.72,15.7,459,30,1,0,6.4,0
C009998,773,9544.99,11,59,217,0.876,24.9,957,3,0,0,8.5,0
C007782,838,1632.6,10,45,185,0.847,24.6,215,0,0,0,6.6,0
C004252,690,2712.61,11,72,244,0.81,20.8,1510,4,0,0,7.2,0
C006112,192,7634.11,11,47,171,0.693,22.9,2811,3,1,0,6.6,0
C009086,552,8668.6,16,79,312,0.618,19.8,1471,18,1,0,4.8,0
C006205,439,3921.7,10,38,174,0.785,24.0,278,7,0,0,4.3,0
C003294,249,3431.81,13,49,214,0.566,29.9,2217,2,0,0,4.5,0
C004035,151,2898.2,16,67,266,0.594,20.2,909,3,0,0,3.9,0
C002726,1065,5361.47,13,55,220,0.929,32.6,2352,5,0,0,3.4,0
C004291,411,10199.17,17,92,315,0.572,24.6,1079,11,1,0,4.2,0
C004335,130,5990.02,19,110,376,0.741,22.5,1491,12,1,0,5.5,0
C007213,223,3877.76,15,60,246,0.914,33.1,1161,7,0,0,4.6,0
C003878,118,8181.36,14,74,279,0.812,23.4,879,1,0,0,3.7,0
C006206,517,10525.81,9,39,137,0.906,23.7,3454,7,0,1,9.4,0
C008518,30,9679.61,14,52,220,0.742,24.0,300,4,0,0,4.8,0
C006867,193,4179.72,15,72,308,0.484,26.5,555,9,1,0,5.3,0
C004754,699,11653.45,19,79,337,0.485,21.5,1012,2,0,1,6.6,0
C004887,619,10488.32,11,55,234,0.554,28.1,424,0,0,0,2.8,0
C000858,124,10158.99,15,70,266,0.266,17.1,1768,6,0,0,6.7,0
C000371,554,5055.27,11,55,194,0.867,27.2,539,11,0,0,5.0,0
C009219,204,4433.63,18,68,271,0.679,20.8,1274,8,0,0,8.6,0
C002562,464,3448.84,16,85,286,0.798,14.8,461,0,0,0,4.5,0
C003802,292,23830.89,13,66,226,0.713,19.2,487,4,0,0,3.2,0
C002641,474,8209.39,15,57,214,0.789,13.4,1234,3,0,0,7.2,0
C005456,582,16278.39,20,68,309,0.949,20.6,417,2,0,1,5.6,0
C006831,1272,3588.09,12,58,243,0.892,28.2,299,3,0,1,7.7,0
C004491,619,5542.7,19,83,316,0.524,30.6,1293,1,1,0,6.0,0
C002348,751,10641.49,11,65,243,0.848,24.5,583,5,0,0,7.3,0
C000650,239,3702.7,12,60,51,0.847,27.5,1949,3,0,1,5.5,0
C002782,218,8103.4,18,82,314,0.898,18.8,452,2,0,0,4.3,0
C009122,447,13911.2,15,60,225,0.774,24.9,447,9,0,0,8.5,0
C009409,135,6355.56,16,114,401,0.67,17.1,2334,0,1,0,7.3,0
C009564,377,3327.32,10,45,204,0.947,23.5,540,23,0,0,3.4,0
C005945,755,9510.04,15,69,263,0.515,16.1,2719,2,0,0,9.2,0
C006988,174,2093.23,20,86,355,0.543,31.4,801,0,0,0,9.4,0
C000616,560,7827.25,15,65,278,0.809,16.9,1111,11,0,0,9.2,0
C009297,416,11838.85,14,73,324,0.601,9.2,1010,7,0,0,5.3,0
C002576,242,5730.27,20,60,217,0.871,5.9,1062,4,0,0,2.4,0
C000054,657,25731.44,17,76,58,0.066,19.4,749,3,0,0,6.4,0
C007568,619,4331.62,16,78,297,0.708,16.1,1241,0,1,0,10.0,0
C003341,934,28004.4,24,99,334,0.302,15.9,834,5,1,1,7.9,0
C008376,279,36149.29,20,87,306,0.672,18.6,259,0,0,0,6.0,0
C001706,745,3706.35,10,46,193,0.565,21.1,8961,1,2,0,8.2,0
C009979,647,3203.72,12,60,235,0.793,32.6,1228,6,0,0,5.4,0
C006670,801,8150.21,11,40,138,0.79,18.6,1839,2,0,0,6.0,0
C001494,602,11906.23,13,82,279,0.901,22.5,1134,12,0,1,6.5,0
C005877,214,14569.37,15,78,275,0.73,25.2,375,0,0,1,10.0,0
A000952,447,1482.86,11,2,25,0.189,4.4,89,11,0,1,6.1,1
C007136,374,4958.94,30,106,458,0.832,20.3,1443,2,0,0,2.6,0
C000804,548,2420.41,13,43,186,0.697,23.2,875,6,0,0,5.3,0
C004954,303,4763.41,19,97,336,0.971,15.9,1065,0,2,0,3.9,0
C001813,862,2167.36,14,71,289,0.716,18.3,1091,11,0,0,5.0,0
C008414,112,12088.87,13,55,194,0.82,26.9,1497,2,0,0,1.3,0
C000991,553,4784.73,11,43,187,0.6,23.8,431,9,0,0,4.0,0
C002775,613,5917.97,21,96,325,0.694,26.8,645,1,1,0,6.4,0
C008679,660,8556.06,14,71,40,0.856,22.2,75,2,0,0,6.9,0
C007796,233,6741.25,8,43,184,0.501,10.3,915,11,1,0,4.9,0
C003514,1026,9811.03,14,75,276,0.676,18.8,233,0,0,0,5.5,0
C006686,240,3066.17,18,94,389,0.869,24.7,1024,3,0,0,6.7,0
C009248,298,4067.96,10,66,229,0.806,16.7,4398,7,1,1,9.8,0
C000220,691,2571.57,15,61,237,0.737,22.7,1155,2,0,0,3.9,0
C008467,621,3786.46,17,86,312,0.952,16.2,2277,3,0,0,10.0,0
C001289,1287,5713.28,17,95,326,0.8,17.7,2399,2,0,0,7.8,0
C003164,327,1077.98,8,31,116,0.268,28.0,664,0,0,0,5.2,0
C004679,439,5488.72,16,81,320,0.821,20.1,1923,15,0,0,6.4,0
C002619,232,12743.28,19,71,315,0.749,33.7,1645,10,0,1,7.0,0
C003613,744,2400.15,16,95,323,0.695,22.1,1125,1,0,0,7.9,0
C000044,531,2273.33,20,94,338,0.521,20.7,1585,4,0,0,7.3,0
C008825,810,7239.11,10,47,186,0.783,20.7,405,0,1,0,5.2,0
A000116,144,4449.48,16,12,83,0.353,5.8,79,14,1,1,0.9,1
C003793,288,4997.88,16,87,304,0.539,20.8,781,2,0,0,5.1,0
C003572,516,6198.86,11,46,207,0.677,18.5,805,1,1,0,5.6,0
A000970,451,11008.64,15,12,107,0.517,10.5,58,9,0,2,4.0,1
C001504,220,12775.59,10,2,139,0.786,17.9,1756,1,0,0,2.7,0
C009059,407,4780.23,10,48,184,0.533,20.9,148,11,0,0,6.1,0
A000805,508,3373.94,13,7,352,0.371,25.8,111,12,0,1,6.6,1
C003440,298,9276.6,14,49,179,0.867,25.2,340,1,1,0,10.0,0
C001893,376,2425.13,18,90,317,0.434,16.2,2599,0,0,0,7.6,0
A000601,225,33605.68,15,6,96,0.299,2.8,490,3,2,2,8.6,1
A000258,424,1707.37,17,9,69,0.258,6.5,118,0,1,2,3.4,1
C005256,1048,7211.87,16,67,267,0.5,23.7,745,4,0,0,4.6,0
C001956,222,3953.95,17,88,323,0.612,24.2,638,5,0,0,7.6,0
C005168,215,6081.97,13,40,182,0.934,20.1,887,2,1,0,10.0,0
C004815,160,4163.73,16,11,272,0.797,28.0,796,18,1,0,2.5,0
C007615,336,2265.81,14,62,219,0.927,25.0,2076,1,0,0,2.7,0
C006461,137,7501.23,14,73,334,0.536,18.4,588,8,0,0,8.8,0
C001506,129,2795.43,10,55,193,0.902,21.4,4527,3,0,0,8.4,0
C000671,336,4818.88,12,7,195,0.832,25.6,629,2,0,0,5.2,0
C006492,578,5188.93,16,66,281,0.817,19.8,1367,0,0,0,5.2,0
C009816,1216,15005.72,12,53,225,0.762,29.4,1199,1,0,0,6.9,0
C001086,358,3947.51,15,70,286,0.466,24.7,889,0,0,0,5.9,0
C000898,284,18757.29,13,67,245,0.628,19.6,891,8,0,0,2.8,0
C007509,446,3226.42,12,54,216,0.582,21.6,1121,11,1,1,3.4,0
C006240,142,3602.25,12,53,184,0.735,19.3,1414,9,1,1,6.4,0
C002667,641,4028.88,11,35,132,0.495,10.7,675,5,2,0,8.6,0
C003194,387,10379.68,12,46,173,0.976,22.3,601,0,1,0,5.1,0
C002891,152,2009.25,14,77,269,0.849,11.5,421,13,2,0,8.5,0
C006004,82,3774.27,15,80,277,0.6,23.0,2129,0,0,0,4.8,0
C008424,167,5994.74,13,51,203,0.482,15.4,2787,0,0,0,10.0,0
A000290,712,8741.02,16,15,105,0.169,4.7,136,11,0,1,4.2,1
C002622,332,9193.73,14,77,278,0.593,20.4,3569,10,0,1,9.8,0
C006203,88,2505.5,14,66,264,0.908,25.8,2608,1,0,0,6.3,0
C007307,529,8208.29,18,105,371,0.916,21.9,1515,4,0,0,3.0,0
A000090,266,3068.52,14,3,51,0.417,5.7,158,6,1,1,3.2,1
C007245,284,5205.08,15,61,262,0.7,21.6,1481,2,2,0,6.8,0
C005814,302,3885.27,18,109,403,0.774,23.9,331,8,0,0,9.4,0
C000003,424,3603.42,11,62,209,0.704,14.7,519,8,0,0,5.2,0
C005971,510,3582.79,14,32,146,0.707,27.0,1716,2,0,0,5.9,0
C002371,342,3523.62,15,59,207,0.841,18.5,400,6,0,0,2.9,0
C003805,654,7330.83,14,63,225,0.755,23.4,854,4,2,0,10.0,0
C001770,733,2584.6,8,33,142,0.887,25.1,1528,0,0,0,5.4,0
C009364,556,6313.71,13,42,192,0.81,35.5,3112,8,0,0,3.4,0
C009069,101,12207.09,15,73,280,0.87,17.1,4772,0,0,0,5.4,0
C006080,366,6196.78,25,95,376,0.727,31.1,190,30,0,0,6.8,0
C000532,350,4859.11,14,56,242,0.87,24.2,668,0,0,0,7.5,0
C009502,642,2774.11,11,60,228,0.702,21.1,1223,5,0,1,3.1,0
C009531,141,4607.87,10,54,206,0.631,18.3,345,0,0,0,5.5,0
C006477,476,5228.35,13,44,196,0.911,20.6,356,2,1,0,1.2,0
C008043,986,16127.69,13,86,290,0.297,31.5,6608,4,0,1,6.7,0
A000866,364,5068.29,13,8,71,0.274,4.7,67,10,0,0,7.2,1
C003121,204,3124.21,13,37,152,0.76,20.1,1103,2,1,0,6.0,0
C009939,441,12396.92,21,81,334,0.686,27.0,2628,1,0,0,10.0,0
C006260,265,2682.25,17,111,380,0.635,25.1,1788,4,0,1,10.0,0
C000732,524,4660.63,18,91,321,0.832,30.6,1646,3,0,0,3.9,0
C003407,356,4532.95,14,61,273,0.501,20.6,217,5,0,0,7.8,0
C002340,247,11653.9,9,32,138,0.936,22.2,198,0,0,0,1.8,0
C005992,288,12871.85,21,70,260,0.628,26.7,3105,5,0,0,0.4,0
C006329,867,11024.03,11,63,229,0.699,19.2,1159,8,0,0,3.9,0
C007489,369,2643.44,15,75,277,0.817,13.0,1389,0,0,1,5.5,0
C007117,82,1856.24,16,63,264,0.711,29.2,366,0,1,1,10.0,0
C002566,510,5295.73,18,102,426,0.681,17.5,2641,4,0,0,4.0,0
C002582,726,6239.5,14,60,250,0.946,31.2,763,4,1,0,1.3,0
C009524,671,5979.58,24,79,344,0.625,19.7,888,0,0,0,5.3,0
C008167,766,5884.57,15,68,291,0.895,16.5,1642,3,0,0,8.9,0
C008359,699,3216.45,8,39,151,0.656,20.1,1186,9,1,0,5.1,0
C006691,695,3022.52,11,49,176,0.911,14.1,3214,3,0,0,8.9,0
C007269,258,1224.36,19,73,324,0.86,24.7,446,0,4,1,10.0,0
A000723,61,6868.92,9,4,65,0.165,4.4,15,3,0,2,5.1,1
C001256,371,4191.44,17,92,342,0.792,12.9,2279,5,1,0,4.5,0
C002105,234,3292.22,15,85,288,0.709,26.1,2183,5,0,0,6.6,0
C008192,111,5412.33,14,82,360,0.868,31.3,650,7,0,0,6.7,0
C008142,111,11123.64,10,57,201,0.949,23.3,1276,0,0,0,4.5,0
C007566,274,3553.05,21,88,342,0.548,21.8,2282,7,0,0,2.2,0
A000067,78,4105.04,11,9,65,0.045,4.1,65,2,0,1,3.6,1
C004995,922,8633.46,9,46,161,0.674,14.1,981,7,0,0,5.5,0
C009883,391,6985.68,9,33,146,0.546,31.2,2132,1,1,0,6.1,0
C008263,583,10530.52,11,75,267,0.432,6.3,1082,2,0,0,5.5,0
C005058,368,14359.14,16,62,260,0.925,26.1,796,2,0,0,4.1,0
C009882,181,5476.47,9,50,177,0.889,19.9,4487,0,0,0,6.4,0
C004435,130,6719.98,16,73,315,0.823,26.5,262,6,0,1,6.3,0
C003485,155,4054.72,21,109,390,0.669,18.8,340,3,0,0,8.2,0
A000443,630,23993.11,15,9,91,0.845,20.0,27,6,0,1,8.8,1
C005319,298,8352.98,11,41,168,0.819,18.1,526,0,1,0,6.8,0
C003817,664,4121.57,10,55,186,0.881,12.1,2460,3,0,1,5.4,0
C007449,450,7246.21,16,80,291,0.51,21.1,45,3,0,0,5.8,0
C009812,452,10433.92,13,65,247,0.891,26.0,5461,2,1,0,6.4,0
C002547,189,8620.05,7,25,97,0.954,27.3,172,3,0,0,4.4,0
C007293,628,2954.35,14,68,278,0.868,21.2,1385,7,0,0,5.9,0
C006480,510,10781.0,14,46,181,0.485,21.5,714,7,0,0,4.3,0
C001622,1008,5469.66,9,40,155,0.556,19.8,2452,0,0,0,3.7,0
A000365,561,3779.56,13,1,24,0.176,27.5,33,0,1,1,3.8,1
C008144,173,3135.37,11,61,226,0.714,14.8,742,1,0,0,6.6,0
C007590,453,5610.82,17,92,340,0.508,24.4,2216,2,0,0,6.1,0
C009811,106,4750.62,13,58,233,0.861,23.8,1038,2,1,0,9.6,0
C001097,575,6588.97,17,100,343,0.994,16.5,2175,5,0,0,2.3,0
C007732,410,4129.62,19,75,282,0.577,17.5,1711,7,0,0,4.6,0
A000125,878,4205.48,10,1,14,0.28,7.8,50,1,0,2,3.1,1
A000431,113,9802.5,18,16,131,0.26,6.2,57,1,0,1,4.5,1
C005500,256,5185.22,20,121,426,0.471,17.4,1792,1,0,0,2.8,0
C002464,1052,2979.3,11,41,146,0.717,12.8,3909,1,0,0,9.6,0
C009740,217,1231.75,10,50,186,0.66,27.5,4302,2,0,0,0.0,0
C003701,255,3218.13,20,92,311,0.508,15.8,3474,0,1,0,3.9,0
C001789,262,11247.11,15,59,244,0.901,21.1,1967,23,2,0,5.2,0
C000251,313,5299.24,10,31,119,0.707,13.6,1376,7,0,0,6.2,0
C006315,333,19529.98,17,61,238,0.868,26.8,1656,1,0,0,6.2,0
C008582,606,10528.89,21,69,314,0.267,27.2,1886,2,1,1,9.2,0
C007525,416,2154.52,17,93,341,0.722,25.0,3122,1,0,0,6.4,0
C008272,466,2150.26,14,67,286,0.866,31.8,9918,3,0,0,8.3,0
C000193,850,9979.56,12,3,218,0.699,18.7,1196,5,0,0,0.0,0
C000821,344,5103.18,17,94,327,0.726,19.1,702,2,0,0,3.6,0
A000591,108,14416.03,15,8,87,0.249,7.1,120,26,1,1,2.1,1
C009715,372,5909.23,10,34,138,0.944,19.9,485,4,0,0,2.0,0
A000194,302,6736.91,18,3,62,0.41,7.1,56,0,0,1,5.9,1
C006962,677,7235.22,15,73,58,0.692,7.2,3686,0,0,0,9.0,0
C004401,533,6035.52,18,65,244,0.472,18.6,698,2,0,0,5.5,0
C008381,588,7994.45,16,65,291,0.72,14.2,2122,6,0,0,10.0,0
C005389,89,7456.79,16,74,311,0.815,29.8,360,0,1,2,2.6,0
C004167,697,10183.41,17,102,345,0.844,23.1,398,1,0,0,5.5,0
C007041,52,5496.17,19,94,374,0.976,18.5,1446,8,0,0,4.8,0
C004952,190,4151.72,18,80,313,0.723,27.8,562,17,0,0,9.4,0
C002688,716,4022.94,14,84,325,0.726,16.0,5123,0,0,0,4.9,0
C004391,304,1933.32,15,84,288,0.714,25.3,1061,1,1,1,10.0,0
C008510,389,3545.89,15,88,352,0.92,12.4,3148,7,0,1,3.5,0
C007272,81,7874.23,19,55,230,0.615,25.7,1031,2,1,0,7.6,0
C004928,81,2247.27,11,54,210,0.784,27.9,919,4,0,0,6.3,0
C008193,424,8780.98,17,72,314,0.566,24.8,2218,4,0,1,4.9,0
C005553,516,4448.72,18,78,304,0.526,9.2,899,1,0,0,5.3,0
C002608,572,3124.65,19,66,252,0.531,24.0,735,10,1,1,10.0,0
C008626,1048,2415.68,12,55,229,0.879,27.6,1387,4,1,0,3.9,0
C000239,319,5576.22,17,17,370,0.672,4.0,587,4,1,0,8.0,0
C004016,58,6801.05,22,79,265,0.787,33.9,366,10,0,0,7.7,0
A000190,379,7290.16,19,9,62,0.57,3.4,36,30,2,1,4.4,1
C002978,118,4771.15,18,60,210,0.851,28.8,1812,2,0,1,5.7,0
C006959,536,5192.92,17,77,275,0.425,22.5,298,0,0,0,6.9,0
C007967,756,7402.56,14,63,226,0.812,15.7,2181,4,0,0,5.5,0
A000556,499,11744.13,21,38,55,0.197,6.4,199,11,1,1,5.1,1
C005474,342,17808.15,14,56,236,0.889,24.9,125,2,0,0,3.6,0
C000946,168,2753.31,19,90,397,0.743,28.8,1166,4,1,0,8.2,0
C007793,307,3114.55,12,45,183,0.788,16.1,1048,12,1,0,5.2,0
C008747,789,8101.63,16,80,304,0.91,32.2,2289,8,0,0,6.5,0
C005098,97,4685.86,12,40,170,0.627,22.4,1341,4,0,1,3.2,0
C007785,231,1740.12,19,10,253,0.116,23.6,1125,13,0,0,1.8,0
C006056,450,3383.99,11,46,200,0.6,27.9,502,1,0,0,6.2,0
C006474,773,25707.1,11,50,169,0.868,21.3,199,0,0,0,5.4,0
C009692,206,4742.73,20,76,343,0.538,24.1,4291,5,0,1,1.3,0
C007072,1172,3295.5,22,103,385,0.8,33.0,507,7,0,0,0.5,0
C003553,715,3549.91,14,57,249,0.893,19.5,1238,3,0,0,4.0,0
A000958,574,2067.56,13,3,46,0.255,5.6,37,30,0,0,6.1,1
C003361,1104,1461.07,13,56,237,0.775,28.0,1459,10,1,0,9.9,0
A000821,467,6811.0,20,10,123,0.634,4.8,171,3,0,0,5.3,1
C005629,43,13912.92,25,139,479,0.775,27.9,1059,4,1,0,4.1,0
C002411,627,5374.85,21,103,364,0.219,25.4,2464,2,0,1,7.3,0
C005784,1533,1373.39,17,90,309,0.796,16.0,653,6,0,0,8.2,0
C004508,781,7292.7,13,70,317,0.511,17.5,689,4,0,0,4.9,0
A000047,1000,2477.94,19,4,73,0.416,3.6,302,13,2,1,7.5,1
C003983,534,1412.34,13,59,261,0.506,6.5,880,0,1,0,2.0,0
C007079,173,50000.0,15,55,230,0.534,8.4,997,2,0,0,8.3,0
C000147,317,9842.58,19,78,284,0.776,20.6,866,5,0,0,7.8,0
C008091,567,26554.0,10,49,211,0.725,24.3,783,2,0,0,5.3,0
C002295,494,6234.86,16,89,319,0.687,20.1,3092,0,1,0,1.9,0
C002254,86,7928.88,13,53,236,0.873,13.8,850,5,0,0,10.0,0
C003612,687,16143.86,15,53,232,0.808,5.5,145,16,0,0,9.4,0
C005354,639,4639.44,17,44,161,0.926,27.8,4422,10,1,0,7.2,0
C001737,618,2406.15,18,98,361,0.814,22.2,292,2,0,0,8.4,0
C007140,94,3449.98,16,100,336,0.539,28.1,292,0,0,0,5.1,0
C009336,184,5195.0,14,74,284,0.683,32.7,227,6,0,0,8.5,0
C000115,204,7859.12,16,97,327,0.826,20.0,1503,2,0,0,7.4,0
C009768,370,5060.67,15,61,250,0.746,34.5,741,9,1,0,9.4,0
C006127,347,5028.84,16,65,294,0.822,18.9,121,2,0,0,7.2,0
A000115,942,8849.46,18,6,125,0.119,6.4,83,22,0,2,5.3,1
A000424,292,2969.94,13,15,102,0.286,4.8,311,0,1,0,3.1,1
C000499,1084,2878.71,11,34,151,0.705,27.2,651,5,0,0,5.3,0
C006560,171,2743.37,13,36,155,0.892,24.8,1134,4,0,0,3.1,0
C006379,267,16187.63,18,106,376,0.776,17.4,349,2,0,0,8.2,0
C004734,249,11658.52,15,77,277,0.78,31.0,454,2,0,0,9.5,0
C000721,493,3083.16,14,65,230,0.986,24.0,836,3,0,0,5.7,0
C004385,157,3519.09,20,105,386,0.617,20.7,800,1,0,0,9.3,0
C009749,525,6802.62,19,90,319,0.753,17.0,2439,14,0,0,5.9,0
C006978,314,8490.76,14,88,301,0.493,19.4,1867,1,0,0,7.2,0
A000294,561,6250.88,18,81,278,0.449,20.2,183,23,0,2,2.7,1
C003090,453,6244.67,15,84,352,0.714,16.7,547,7,0,0,6.3,0
C008486,727,4641.56,8,26,105,0.658,24.2,3289,1,0,0,3.8,0
C000485,380,4294.18,12,42,188,0.828,26.7,595,24,0,0,9.7,0
C007918,687,3506.62,18,55,198,0.686,32.9,1787,6,1,0,4.8,0
C000597,722,4389.61,14,61,233,0.867,19.7,1932,6,1,0,1.4,0
A000444,209,11029.53,14,5,90,0.062,3.3,183,1,0,0,1.7,1
C007408,265,2057.27,13,67,291,0.545,21.9,1291,7,0,0,1.8,0
C007362,368,3705.06,12,41,188,0.584,31.3,1918,10,0,0,3.3,0
C005165,344,11415.89,20,72,320,0.97,12.7,4121,12,0,0,7.5,0
A000060,1023,5138.65,17,11,114,0.144,6.2,31,27,0,0,3.1,1
C001648,587,2239.78,18,97,385,0.794,16.5,1144,6,0,0,3.0,0
C007451,484,10081.44,21,129,442,0.876,22.7,1880,2,1,0,7.7,0
C008310,231,10136.49,19,76,300,0.455,19.0,563,10,1,0,4.2,0
C002701,133,15669.27,24,158,576,0.52,21.8,7605,4,0,0,7.7,0
C009347,529,3660.08,21,114,401,0.856,25.7,365,7,0,0,10.0,0
C001701,425,10200.42,16,79,317,0.598,18.6,1846,5,0,0,7.3,0
C009855,225,5254.29,14,74,287,0.444,20.9,835,8,0,0,7.1,0
C005405,608,7636.65,15,63,267,0.846,15.9,2173,3,0,0,1.9,0
C008482,140,2896.65,17,67,289,0.816,15.5,642,0,0,0,6.9,0
C007214,1138,3913.62,17,72,270,0.478,36.0,393,9,0,0,6.1,0
C002943,636,4394.44,16,75,263,0.878,31.5,253,13,0,1,6.9,0
C006558,642,10818.82,13,49,172,0.919,25.9,253,0,0,0,10.0,0
C009344,779,3740.81,7,28,108,0.66,23.9,1048,0,0,0,4.2,0
C006220,433,7244.28,19,89,32,0.824,29.4,4619,0,0,0,9.3,0
C007659,811,4428.25,15,54,237,0.769,23.2,1064,6,0,0,0.5,0
C000087,139,9464.66,11,49,204,0.777,24.2,4835,0,1,0,1.6,0
C002309,378,1479.25,15,77,310,0.654,28.9,3322,3,0,0,6.4,0
C002678,355,11902.05,10,60,208,0.863,11.5,1995,0,1,0,2.3,0
C009047,1011,7381.69,8,34,129,0.729,18.1,896,1,0,0,1.3,0
C009026,374,6460.69,22,88,391,0.653,24.6,718,1,1,0,8.1,0
C002595,561,11723.45,13,65,289,0.935,26.6,435,1,0,0,9.9,0
C007163,274,8110.61,16,92,346,0.747,29.4,3640,4,0,1,6.1,0
C001030,548,7047.53,9,41,142,0.934,20.1,639,1,0,0,7.1,0
C000137,228,3696.06,18,92,370,0.617,6.3,835,0,0,0,5.4,0
C001237,454,8689.04,16,66,241,0.939,25.9,929,0,0,0,6.2,0
C006241,371,4135.25,13,63,239,0.76,20.2,1694,2,0,0,5.3,0
C007921,636,5780.11,17,77,280,0.666,15.8,894,4,0,0,4.5,0
C002855,667,3388.44,22,113,482,0.691,23.7,1711,0,0,0,8.3,0
C004410,606,7442.46,19,114,434,0.729,23.6,1388,0,0,0,7.2,0
C001201,224,3329.15,17,98,336,0.84,31.8,2053,0,1,0,7.2,0
C006122,490,2595.58,11,55,210,0.656,26.9,1118,1,0,0,7.8,0
C004718,199,1415.22,13,60,208,0.617,33.1,450,2,0,0,5.2,0
A000469,350,1459.54,10,8,77,0.598,4.3,291,4,0,2,0.3,1
C008023,664,3157.8,14,49,221,0.657,18.0,1376,3,1,0,5.0,0
C000567,324,5001.71,21,113,466,0.731,29.9,529,0,1,0,8.5,0
C008507,184,1880.48,12,80,281,0.624,13.2,71,16,0,0,8.4,0
C005934,670,13975.88,15,68,270,0.618,25.2,575,0,1,0,7.1,0
C005431,302,1564.89,10,45,169,0.506,25.7,473,0,1,0,3.9,0
C005869,472,2100.61,22,83,330,0.535,28.1,923,0,0,0,0.4,0
C006297,119,4695.07,12,36,156,0.589,22.4,694,3,0,0,1.4,0
C003928,374,10594.81,15,56,219,0.859,17.9,595,8,0,0,6.4,0
C006196,598,5503.95,9,30,129,0.714,17.2,254,6,1,0,7.8,0
C007364,167,3805.35,12,70,237,0.285,12.2,739,3,0,0,3.1,0
C008695,757,4449.01,10,56,190,0.898,20.1,1000,12,1,0,10.0,0
C006904,865,4505.15,23,123,462,0.838,20.1,2161,0,0,0,10.0,0
A000679,527,11002.71,15,10,100,0.176,6.4,115,30,0,1,4.9,1
C009953,867,4142.55,22,104,394,0.694,19.4,985,0,0,1,3.3,0
C007954,33,2321.98,12,51,194,0.888,22.9,2666,3,1,0,5.1,0
C009822,461,5256.47,15,57,242,0.639,19.0,3179,0,0,0,8.1,0
A000704,199,2387.26,25,19,187,0.216,7.5,102,3,0,1,6.8,1
C002331,674,9124.58,14,68,272,0.779,34.4,925,0,0,1,7.6,0
C003516,148,19016.59,19,87,294,0.976,20.6,1114,2,0,0,2.9,0
C002188,98,22047.22,20,102,404,0.883,24.3,1801,1,2,0,6.3,0
C000196,546,6983.78,16,64,255,0.747,20.0,1968,12,1,0,4.8,0
C008505,350,10662.65,14,43,180,0.812,13.3,2189,0,0,1,5.9,0
C006910,1103,5650.03,11,57,192,0.378,22.6,865,0,0,0,7.3,0
C005060,517,9266.0,14,65,23,0.663,16.6,720,15,0,0,5.5,0
C000803,411,4561.14,9,52,194,0.638,21.4,2982,5,1,0,10.0,0
C005716,528,10251.41,12,59,215,0.802,24.5,505,2,1,0,8.1,0
C009454,534,1109.86,13,59,251,0.379,13.8,1705,4,1,0,6.5,0
C007727,346,5462.54,11,48,186,0.931,29.4,807,15,1,0,6.8,0
C006599,356,1885.03,15,83,287,0.867,24.7,3535,2,0,0,4.8,0
C000242,391,4367.53,17,84,378,0.636,15.9,2476,16,0,0,4.4,0
C002069,207,7032.2,15,72,296,0.891,28.8,248,5,0,0,7.8,0
C007049,505,9360.92,18,90,391,0.678,15.2,492,1,0,0,5.1,0
C009639,325,4159.43,18,85,380,0.809,22.5,1345,1,0,0,6.3,0
C000645,383,2508.21,11,52,207,0.897,23.5,817,4,0,0,7.6,0
A000314,603,7366.3,11,2,34,0.63,4.6,759,1,1,1,3.1,1
C005104,376,19150.78,21,97,352,0.98,22.8,2928,4,1,0,5.8,0
C005461,86,10988.36,12,38,164,0.839,19.9,2838,0,0,1,5.9,0
C001638,176,3341.9,16,83,287,0.637,25.6,1287,2,0,0,5.3,0
C000121,1318,11654.1,18,94,383,0.556,24.9,1920,14,0,1,6.9,0
C005874,366,4492.52,10,30,125,0.918,29.7,838,1,0,0,2.6,0
C002982,214,2619.39,13,44,203,0.93,37.6,781,9,0,0,4.4,0
C005070,733,2756.49,9,35,143,0.817,23.0,371,3,0,0,3.0,0
C003075,1068,4841.07,15,78,308,0.754,21.6,4545,1,0,1,3.8,0
C009838,592,6737.62,14,73,247,0.582,29.8,1435,4,0,2,4.9,0
C003279,828,3916.2,14,62,227,0.744,31.4,479,11,0,0,5.6,0
C002136,291,10582.2,21,105,366,0.662,25.5,588,9,0,0,3.3,0
C007709,488,4064.13,20,88,316,0.82,23.4,920,2,1,0,6.4,0
C004971,391,5295.06,18,87,391,0.595,23.1,2924,1,1,0,6.8,0
C007531,429,3612.67,17,66,277,0.776,18.0,302,17,0,0,6.8,0
C000135,432,3607.91,15,74,269,0.476,19.2,1537,0,1,0,6.5,0
C004352,792,2822.99,18,70,315,0.86,25.2,1142,22,0,0,1.5,0
C005325,254,6787.36,11,16,203,0.786,5.9,578,1,0,0,5.7,0
A000605,595,5991.85,8,6,45,0.216,8.2,157,4,0,3,7.6,1
C007485,770,3415.77,18,99,375,0.74,21.0,1687,3,1,1,7.9,0
C002560,269,8857.13,11,51,203,0.578,21.0,1758,3,0,0,4.1,0
C000063,920,7717.47,13,57,228,0.584,11.7,1080,0,0,0,10.0,0
A000938,452,2712.49,8,6,45,0.23,5.6,34,15,0,1,1.3,1
C001359,136,4487.32,16,82,349,0.529,20.2,1316,1,1,0,5.2,0
C009744,554,4159.86,11,58,223,0.687,23.0,199,3,0,0,7.7,0
C009473,655,6063.24,20,99,358,0.962,26.0,1349,3,0,0,2.3,0
A000762,512,1840.02,15,82,52,0.967,7.1,17,2,1,0,7.2,1
C002468,496,5270.98,17,72,278,0.657,24.5,283,0,0,0,9.6,0
C000680,270,7502.17,7,25,111,0.746,19.9,1088,1,1,0,4.2,0
C002042,559,4767.03,8,40,174,0.889,14.2,677,2,0,0,7.2,0
C000742,212,3262.09,20,113,400,0.235,29.0,705,2,0,0,4.1,0
C005308,530,9012.6,14,74,260,0.767,23.1,1594,5,0,0,7.2,0
C006267,381,9356.23,19,108,374,0.93,14.4,1666,1,0,0,2.9,0
C008198,330,1543.43,15,60,229,0.933,18.0,1648,10,0,0,5.1,0
C003642,740,10111.17,11,45,203,0.765,29.0,1608,0,0,0,4.9,0
C000445,163,5437.95,9,40,143,0.826,31.3,720,1,0,0,7.2,0
C008993,584,8787.55,12,16,244,0.18,23.7,497,3,0,0,9.0,0
C003259,748,4236.18,16,82,29,0.963,25.4,3829,1,0,0,4.8,0
C004664,239,3876.4,16,51,221,0.879,20.8,1165,0,0,0,4.7,0
C001874,504,12616.23,24,155,575,0.872,24.2,384,0,0,0,7.5,0
C007800,232,1693.97,20,109,431,0.806,23.0,1150,9,0,0,8.4,0
C002597,154,2372.42,25,123,465,0.645,23.7,3819,12,0,0,3.6,0
C001718,264,2392.61,11,60,201,0.994,13.9,1716,0,0,1,6.5,0
C002913,705,4924.03,17,77,298,0.379,17.5,2128,1,0,0,4.2,0
C002844,571,5275.57,21,100,424,0.735,27.2,2949,1,0,0,4.5,0
C004028,167,3170.62,16,70,308,0.748,18.8,924,0,0,0,10.0,0
C005489,1066,8063.27,17,84,338,0.928,6.5,816,4,0,0,3.5,0
C009514,132,901.16,14,77,317,0.881,29.2,399,2,1,0,6.4,0
C004486,525,7869.36,14,56,242,0.542,27.6,359,9,1,0,5.9,0
C002557,230,6976.17,9,55,219,0.735,25.8,1084,5,0,1,5.9,0
C006865,1115,1169.73,14,64,232,0.954,31.3,2107,8,0,0,8.3,0
C000490,180,3950.89,17,72,246,0.728,26.0,2210,3,0,0,8.6,0
C000494,454,2452.88,13,66,284,0.97,24.5,1568,9,0,1,9.7,0
C000691,925,11788.01,12,45,174,0.961,28.7,603,1,0,0,10.0,0
C007825,577,12148.13,12,69,240,0.864,17.8,522,6,0,0,7.0,0
C003822,108,14177.66,17,87,308,0.83,29.9,149,3,0,0,1.9,0
C000603,363,8799.83,18,85,305,0.926,20.1,1040,1,0,0,7.1,0
C001912,564,3392.97,16,97,329,0.886,20.5,814,6,0,1,5.2,0
C001015,473,14388.35,15,61,258,0.919,18.9,868,26,0,1,7.1,0
C007478,292,2731.18,11,48,217,0.405,17.6,1478,2,0,1,7.4,0
C001994,904,5872.62,21,105,352,0.723,18.3,2198,0,0,1,10.0,0
C007025,402,1401.05,17,74,301,0.818,24.4,1785,1,0,0,9.3,0
C003758,530,12607.8,21,72,325,0.767,23.6,2311,12,0,0,6.9,0
C006648,1255,8446.25,16,99,345,0.802,17.2,1353,3,0,0,9.4,0
C009379,1310,3561.26,10,60,236,0.626,21.3,4685,3,0,0,10.0,0
C002367,217,6425.43,19,117,415,0.956,20.3,832,1,1,0,5.7,0
C005284,853,3820.25,11,55,201,0.511,26.6,536,2,0,0,6.5,0
C004371,49,2007.55,16,52,234,0.838,12.2,4515,1,0,0,5.6,0
C002687,311,7091.69,16,86,331,0.637,24.0,540,12,1,0,7.2,0
C001574,598,2972.24,16,68,301,0.849,30.3,1426,3,0,0,8.3,0
C001362,330,4163.1,11,57,211,0.683,26.9,437,8,2,0,7.4,0
C007278,741,1501.97,21,137,534,0.854,28.7,804,0,0,0,6.2,0
C001527,206,3250.92,9,37,147,0.763,24.2,278,3,0,0,8.4,0
C001328,240,3706.15,25,70,315,0.952,26.4,2056,0,1,1,5.9,0
C007394,168,4803.01,16,84,288,0.711,25.2,1504,16,1,0,7.5,0
A000711,32,7654.45,15,4,88,0.785,4.6,248,1,0,2,0.0,1
C001552,143,19650.58,20,87,301,0.725,31.6,1266,4,1,0,4.0,0
C007620,413,1836.28,15,77,263,0.498,15.1,1238,6,0,0,7.3,0
A000654,746,4454.46,9,7,53,0.119,7.7,23,0,0,2,5.8,1
C001338,71,1212.2,15,84,325,0.781,22.2,270,4,0,0,9.6,0
C003902,174,4388.19,11,46,190,0.514,19.0,3823,4,1,2,6.6,0
C003011,663,1527.66,9,49,216,0.8,27.3,3563,5,0,0,2.9,0
C005042,258,1754.34,13,68,247,0.714,14.4,2076,1,0,0,2.5,0
C009730,216,6273.12,15,61,264,0.846,15.4,1107,11,0,0,7.2,0
C002251,223,4810.1,16,88,301,0.759,28.1,494,5,0,1,5.0,0
C008970,1843,5720.77,14,49,222,0.621,21.3,648,5,1,0,8.2,0
C007952,359,4866.31,15,107,379,0.839,11.8,905,8,0,0,5.3,0
C005040,411,2208.6,14,77,283,0.814,14.9,653,1,1,0,6.0,0
C002347,612,3625.74,14,72,312,0.844,25.4,835,0,0,0,7.3,0
A000211,459,9467.87,24,3,72,0.445,21.3,61,3,0,1,6.7,1
C005486,1107,2210.64,17,85,339,0.891,27.9,1718,1,0,0,3.3,0
C009776,319,6168.93,16,114,383,0.54,26.0,778,3,0,0,6.1,0
C002785,666,2323.97,12,51,202,0.57,24.8,692,4,0,0,7.4,0
C005695,440,12141.19,15,67,120,0.159,21.4,2311,0,0,0,10.0,0
C005120,499,3667.38,8,30,132,0.684,28.7,218,6,1,0,1.6,0
C005167,1072,879.04,23,85,376,0.424,15.0,4280,15,0,0,4.9,0
C005556,329,9923.78,11,46,167,0.528,25.4,775,2,0,0,6.7,0
C005600,1302,10795.01,17,81,275,0.419,16.9,145,3,1,1,5.2,0
C009192,65,2331.33,12,71,272,0.67,22.2,8153,10,0,0,9.7,0
C000151,473,4173.49,21,99,448,0.74,13.1,678,7,0,0,8.5,0
C002805,688,13099.99,9,52,182,0.884,15.7,1172,7,0,0,9.4,0
C007150,859,3463.09,22,113,402,0.951,23.4,1045,3,0,0,7.6,0
C002087,1265,2268.32,14,64,277,0.633,23.7,1255,6,0,0,9.1,0
C003752,148,2488.75,14,59,201,0.781,25.6,285,3,0,0,0.0,0
C005613,79,5167.17,12,52,178,0.922,19.5,1254,3,0,1,8.2,0
C002260,905,1601.08,15,42,187,0.645,24.7,499,2,2,0,9.2,0
C004018,184,4826.89,12,54,198,0.754,21.4,729,7,1,0,5.0,0
C009033,527,5503.05,13,54,200,0.831,28.6,2085,1,0,0,8.5,0
C007367,176,6453.95,20,121,457,0.764,24.8,2568,0,0,1,7.5,0
C002425,1217,3859.48,23,98,341,0.529,26.9,1707,1,0,0,10.0,0
C004139,241,5605.34,19,95,358,0.356,24.0,1800,0,1,0,2.7,0
C003857,995,5888.46,20,69,288,0.878,27.2,1652,18,0,0,5.9,0
C000860,416,13762.62,11,39,146,0.348,25.5,964,7,0,0,4.2,0
C005368,588,2484.37,17,73,289,0.883,18.8,2342,1,0,0,9.4,0
C002963,363,4840.71,16,66,250,0.848,29.3,893,5,0,0,5.9,0
C009050,1277,10312.16,10,49,204,0.709,17.1,724,13,0,0,10.0,0
C008545,961,5765.53,20,92,371,0.904,20.3,937,1,0,0,7.4,0
C009434,759,1702.49,16,74,312,0.803,21.7,939,0,0,0,8.3,0
C004740,419,5244.75,13,53,245,0.789,28.5,1179,3,0,0,6.2,0
C009467,105,3844.89,10,64,244,0.808,19.2,415,9,0,0,10.0,0
C004463,741,6548.15,16,96,365,0.373,16.5,230,1,0,0,8.1,0
C005529,295,3650.47,9,28,103,0.702,24.5,577,0,0,1,7.8,0
C001365,83,6927.75,22,104,367,0.638,19.0,4559,11,0,0,9.1,0
C001780,494,7805.63,17,101,387,0.95,19.7,1102,3,0,0,7.8,0
C007146,392,4421.32,15,73,288,0.733,26.2,986,5,0,0,4.1,0
C004786,541,7756.89,14,66,276,0.644,31.0,953,11,0,0,8.9,0
C009492,344,2670.52,12,53,239,0.646,26.3,843,0,0,0,10.0,0
C001819,403,10354.03,20,124,435,0.659,34.2,144,6,0,1,8.0,0
C000370,521,10217.77,6,35,124,0.46,24.7,1639,0,0,0,7.4,0
C004938,1174,2250.32,10,57,217,0.39,14.8,6029,0,1,0,8.8,0
C002705,634,3921.65,20,98,343,0.766,31.0,667,11,1,1,7.9,0
C005286,309,12983.49,12,76,270,0.703,23.6,407,3,0,1,5.0,0
C000176,568,2705.16,7,28,112,0.838,28.8,892,6,0,0,4.7,0
C006406,105,4277.87,14,44,185,0.662,25.9,897,8,0,0,4.2,0
C008636,206,8401.0,19,90,365,0.706,19.5,1434,3,0,0,4.1,0
C002094,1264,3242.19,17,93,362,0.958,18.8,2261,3,1,0,5.3,0
C009360,1208,2705.38,22,116,403,0.871,22.0,5433,0,0,0,0.0,0
C003492,239,5548.4,26,93,403,0.742,25.1,682,11,0,0,10.0,0
C001921,414,1570.08,11,56,235,0.624,25.1,1004,12,1,0,8.5,0
C000083,692,11787.13,13,60,261,0.563,21.3,311,4,0,0,3.0,0
C000817,539,12072.37,12,63,278,0.362,22.1,1143,0,1,0,3.4,0
C009476,954,10025.17,18,71,279,0.894,19.1,1788,1,0,0,10.0,0
C001092,335,741.88,17,93,314,0.64,24.6,2405,0,0,0,9.7,0
C004397,648,2221.91,16,66,265,0.947,23.6,455,3,0,0,8.8,0
C002929,775,7052.97,22,118,510,0.674,29.7,1509,8,0,1,7.7,0
C005569,504,1070.76,20,83,357,0.871,24.2,1200,5,0,0,10.0,0
C000284,371,12666.04,14,72,246,0.466,18.0,1989,1,0,1,4.9,0
C006125,299,4117.67,15,64,242,0.635,29.4,277,0,0,0,6.3,0
C004121,266,5562.71,15,67,239,0.897,23.9,547,0,0,0,8.9,0
C008790,220,939.81,13,33,113,0.866,22.9,871,0,0,0,5.3,0
C000610,46,3715.72,11,62,224,0.796,25.0,288,1,1,1,9.5,0
C002916,446,2309.09,12,53,215,0.726,23.4,636,5,1,0,3.0,0
C001814,131,6981.74,23,131,533,0.651,11.0,222,26,0,0,7.9,0
C001272,657,16497.62,27,78,341,0.93,29.1,221,0,0,0,1.3,0
C007205,471,12690.16,19,73,256,0.46,29.0,2060,3,0,0,3.3,0
A000558,630,7378.62,16,7,64,0.197,7.6,169,1,0,2,7.9,1
C002995,185,1772.38,21,101,391,0.902,17.4,703,1,0,0,6.8,0
C008419,251,4942.16,17,91,343,0.812,33.2,382,7,0,1,7.0,0
A000872,559,7508.57,11,4,86,0.309,6.8,41,3,0,2,4.9,1
C006410,1008,4862.58,14,52,182,0.752,23.1,1390,1,0,1,1.5,0
C006105,170,10227.55,15,49,215,0.689,20.6,606,1,0,1,2.6,0
C009146,590,3173.82,9,58,197,0.805,22.2,1353,0,0,0,9.2,0
C002643,690,1384.84,13,57,213,0.753,21.5,10424,3,0,0,9.9,0
C008019,387,4874.34,15,84,336,0.828,24.6,326,17,0,0,9.3,0
C004509,546,3030.02,11,43,185,0.902,25.0,1101,2,0,1,0.0,0
C002306,1015,11134.27,8,37,153,0.585,21.8,721,0,0,0,0.2,0
C007912,415,9035.68,15,82,292,0.586,13.5,755,4,0,0,2.9,0
C007611,1051,7056.95,14,45,171,0.813,22.0,2006,4,1,0,5.0,0
C004196,430,4754.24,15,83,326,0.659,17.5,753,0,0,0,10.0,0
C005563,349,2620.06,18,73,305,0.726,20.9,357,6,0,0,4.0,0
C004841,1045,2450.72,17,96,336,0.798,26.4,594,1,0,1,9.5,0
C004656,492,6642.27,15,60,266,0.718,16.7,3044,6,0,0,10.0,0
C008998,224,2550.96,10,59,204,0.745,10.2,758,5,0,1,0.0,0
C004169,120,3682.55,18,98,388,0.308,30.9,546,2,0,1,10.0,0
C003850,155,2801.77,11,52,184,0.773,12.4,1376,0,0,0,1.3,0
A000822,205,7219.83,18,10,104,0.435,8.1,39,1,3,1,2.5,1
C009249,69,4239.52,11,52,197,0.817,14.8,1566,0,0,0,7.9,0
C005254,417,5801.4,17,59,247,0.703,20.8,800,1,0,0,5.7,0
A000528,364,6303.78,14,4,59,0.226,6.8,10,9,2,1,4.8,1
C005534,146,729.07,13,50,184,0.767,21.5,684,0,0,0,5.9,0
C002415,166,9853.72,16,82,339,0.649,20.4,837,0,0,0,4.7,0
C003555,360,10101.52,21,86,319,0.836,18.1,8542,12,0,0,8.0,0
C004692,385,6424.28,12,52,209,0.91,8.2,132,2,0,0,7.1,0
C004499,532,7012.22,11,42,159,0.823,25.6,5238,3,0,0,4.3,0
C002196,368,5813.0,20,73,312,0.541,25.2,1604,2,0,0,5.8,0
C005046,130,2292.64,18,92,338,0.519,23.2,679,14,0,0,5.9,0
C002601,331,1838.64,14,64,252,0.47,25.2,493,4,0,1,5.9,0
C006164,343,2723.07,17,88,309,0.844,18.9,2105,7,1,0,6.1,0
C006374,191,7341.57,21,75,301,0.815,28.5,181,4,0,0,3.7,0
C001519,370,2945.51,11,29,123,0.934,14.2,492,9,2,0,8.8,0
C004765,96,1178.54,13,56,190,0.416,17.6,889,3,0,0,2.1,0
C004315,672,8423.56,14,68,268,0.718,14.4,2693,5,2,0,1.7,0
C003367,128,4804.99,11,52,201,0.542,30.6,771,2,0,0,8.0,0
C006059,428,3317.93,16,102,357,0.819,20.2,3739,7,0,0,10.0,0
C008964,668,3015.08,17,78,335,0.635,27.8,613,6,0,0,6.2,0
A000894,420,7007.81,17,7,52,0.361,8.0,123,1,0,0,4.3,1
C006310,861,15583.25,13,69,234,0.781,18.9,1988,13,0,0,2.4,0
C002634,669,4468.46,17,75,272,0.953,19.7,2391,19,0,0,7.9,0
C005756,511,5401.89,17,80,342,0.764,22.6,5556,3,0,0,9.3,0
C005634,640,4159.9,9,49,166,0.566,13.4,692,1,0,1,2.1,0
C009024,506,6075.86,18,93,338,0.597,21.2,501,4,0,0,4.2,0
C005923,196,6826.57,17,85,310,0.955,14.0,2102,3,1,0,4.0,0
A000236,517,8806.58,19,7,70,0.528,6.3,230,30,0,1,8.6,1
C009691,365,2094.35,13,72,44,0.852,6.4,1360,1,0,0,6.4,0
C002435,130,3348.89,17,87,331,0.834,20.6,1181,3,0,0,7.4,0
A000093,388,2067.88,9,44,52,0.08,25.6,794,12,0,0,8.0,1
C003276,281,1615.2,11,37,159,0.878,26.9,506,3,0,0,6.1,0
C008340,379,15860.49,10,45,180,0.665,26.8,799,3,0,0,6.3,0
C008044,359,13863.47,10,46,158,0.522,28.2,7119,3,0,0,5.9,0
C006065,63,4261.88,14,52,216,0.935,23.3,889,2,0,0,9.8,0
C004521,137,4370.84,17,79,301,0.719,19.6,709,7,0,0,8.3,0
C005588,30,9125.5,20,85,351,0.637,22.2,344,9,0,0,2.1,0
C003546,378,1322.08,15,68,264,0.596,15.1,2498,1,1,0,10.0,0
C007256,978,9214.99,23,81,345,0.777,21.2,1538,4,0,1,4.5,0
C009474,484,1886.62,9,36,128,0.883,19.5,841,7,0,1,8.5,0
C009708,1069,6133.95,14,55,228,0.828,21.0,815,1,1,0,5.8,0
C005532,754,16835.93,14,85,293,0.748,29.3,775,0,0,0,6.2,0
C005445,390,2964.18,11,27,108,0.681,17.6,683,2,0,0,3.8,0
C000518,271,3010.01,8,40,152,0.813,24.4,407,1,0,0,6.8,0
C007424,404,1395.78,13,44,165,0.857,30.4,1599,26,2,0,6.3,0
C006161,477,7941.14,19,99,335,0.71,27.6,404,1,1,0,5.4,0
C008276,326,5344.99,10,4,146,0.757,17.1,2777,0,0,0,6.4,0
C010002,1152,3075.27,10,38,142,0.782,16.0,2165,1,0,0,5.0,0
C008904,447,4875.92,10,42,185,0.763,14.4,350,5,0,0,9.2,0
C007794,259,5608.98,19,121,87,0.697,30.0,1837,1,0,1,3.1,0
C001416,173,7893.81,17,77,339,0.753,13.1,1749,4,0,0,0.8,0
C004665,350,28712.46,15,80,334,0.609,13.8,504,22,1,1,10.0,0
C004457,478,11450.83,21,97,434,0.855,10.8,3499,0,0,0,7.7,0
C002762,349,3148.42,14,67,299,0.608,25.5,616,0,0,1,7.3,0
C006975,344,8836.7,16,57,228,0.786,30.1,692,2,0,0,0.6,0
C006482,380,14902.63,6,24,93,0.591,31.0,2139,1,0,0,4.9,0
C005912,49,16297.8,14,40,182,0.926,31.3,374,0,0,0,8.5,0
C006548,438,1869.63,11,49,211,0.797,14.9,1585,13,0,0,5.3,0
C004856,1394,5462.09,17,69,259,0.732,14.1,1243,6,0,0,6.7,0
A000259,262,3664.13,18,11,89,0.134,5.4,74,0,0,1,2.4,1
C000128,1050,14100.9,17,79,324,0.438,25.5,959,6,0,0,3.7,0
C003475,700,5596.86,17,100,371,0.936,17.4,2232,7,0,0,10.0,0
C006359,1046,4303.66,5,23,86,0.727,18.6,610,2,0,1,5.7,0
C008901,237,1675.9,19,101,352,0.829,20.1,448,5,0,0,6.1,0
C004311,223,1252.37,8,28,114,0.733,20.9,590,7,2,0,7.3,0
C002439,263,1522.56,14,49,218,0.715,22.9,776,0,2,0,2.4,0
C003766,340,3601.48,9,40,184,0.484,21.5,2721,6,0,0,3.0,0
C009104,456,5511.64,11,55,220,0.872,25.0,2372,3,0,0,10.0,0
C007175,122,3195.9,13,89,324,0.566,37.4,2288,2,0,0,2.4,0
C006433,157,6588.14,13,51,219,0.839,22.2,640,2,0,1,4.2,0
C007112,243,8168.27,19,91,317,0.86,13.1,519,1,0,0,4.4,0
C007551,485,5965.91,8,33,131,0.78,15.2,381,3,2,1,8.3,0
A000742,259,2046.31,10,9,99,0.477,5.2,360,13,1,1,3.3,1
C001474,476,4568.44,14,55,230,0.832,19.5,2642,6,0,0,0.0,0
C006341,619,10583.49,18,66,250,0.667,25.2,487,4,0,0,7.0,0
C004822,660,4394.27,17,62,227,0.943,31.0,173,20,2,1,9.5,0
C000019,621,6782.11,26,157,532,0.807,26.2,843,2,0,0,7.5,0
C003561,213,20423.76,16,86,332,0.719,25.5,359,2,0,0,0.0,0
C003952,422,6301.1,14,66,277,0.814,12.8,500,3,0,0,4.1,0
C000050,298,38023.6,13,78,264,0.579,16.2,2645,6,0,0,4.7,0
C005438,886,6420.95,11,64,236,0.526,23.1,976,15,0,0,9.9,0
A000877,275,12241.68,9,3,47,0.361,19.2,628,4,0,1,5.8,1
C000888,919,4734.85,21,129,473,0.929,22.3,702,0,0,0,9.2,0
C006262,742,18196.38,13,76,283,0.489,17.3,1592,0,1,1,8.4,0
C006990,841,5280.61,10,35,155,0.752,19.3,617,6,0,0,8.9,0
C006044,414,6125.8,17,72,284,0.576,26.4,2302,2,1,0,8.0,0
C002617,485,7138.98,15,89,351,0.436,29.2,1200,1,1,0,5.5,0
C000517,796,1528.95,19,92,392,0.863,18.0,983,0,0,1,3.9,0
C003169,579,5971.25,13,51,193,0.798,20.4,383,4,0,0,6.9,0
C002950,403,8256.06,17,103,408,0.731,22.8,1863,6,0,1,6.4,0
C001425,1891,9719.43,18,96,329,0.621,13.2,1342,0,0,1,6.3,0
C000140,220,10060.58,13,61,207,0.522,23.1,1485,6,0,0,8.1,0
C001925,152,2387.94,11,46,186,0.824,17.7,389,5,0,0,5.0,0
C002379,439,2850.35,17,58,227,0.621,28.8,327,3,0,0,1.9,0
C003198,187,8772.45,9,39,174,0.516,16.0,1161,0,1,0,8.7,0
C005132,330,4118.03,12,60,253,0.893,4.6,1497,1,1,0,7.4,0
C000113,414,9829.65,24,80,303,0.518,21.0,743,8,0,0,6.9,0
C004560,381,1942.35,18,71,262,0.776,18.1,344,4,0,0,7.6,0
C004596,186,3115.54,21,70,304,0.563,24.1,1406,0,0,0,10.0,0
C005330,327,2160.31,14,70,285,0.84,24.1,1670,1,0,0,8.3,0
C003251,259,6173.38,8,37,139,0.976,22.4,1855,4,0,0,4.1,0
C004691,186,3886.56,19,80,306,0.721,24.2,795,6,0,0,8.4,0
C008590,291,8760.63,13,55,220,0.765,20.6,1411,0,1,0,9.9,0
C003698,960,27023.28,17,95,329,0.871,28.1,276,3,0,0,6.5,0
C004547,221,5697.21,12,69,73,0.61,15.3,655,3,0,0,4.6,0
C009291,848,6062.75,14,58,228,0.94,22.5,1496,4,0,0,7.1,0
C003278,525,9485.86,20,86,289,0.45,21.4,2046,15,0,0,6.8,0
C007637,798,2682.54,16,62,220,0.865,27.9,149,0,0,1,1.4,0
A000746,150,9844.71,19,4,59,0.244,7.4,180,16,0,1,0.0,1
C004069,344,7335.78,17,75,300,0.694,22.2,750,0,0,0,5.3,0
C004409,159,7643.29,12,40,175,0.693,9.1,2137,6,0,1,0.7,0
C007986,93,8090.55,7,29,108,0.707,10.9,469,0,0,0,0.8,0
C009460,100,10825.55,17,84,319,0.932,15.2,162,1,0,0,5.3,0
C009920,1195,5006.91,13,58,256,0.457,20.4,1153,2,1,0,7.4,0
C003223,642,6786.89,15,83,280,0.776,21.6,315,1,0,0,7.9,0
C009041,176,2279.31,16,57,200,0.395,18.6,1034,0,1,0,5.8,0
C000452,531,12715.64,12,70,273,0.768,23.7,3294,0,0,1,9.0,0
C003732,443,4262.38,21,99,419,0.862,21.4,1159,13,0,0,7.5,0
C009865,517,1766.43,17,78,345,0.908,21.8,1436,0,0,1,9.0,0
C004987,266,3594.27,20,66,272,0.502,22.4,3411,6,0,1,6.1,0
C003664,1181,1436.76,12,58,231,0.62,19.7,228,4,1,0,9.9,0
C002764,332,6793.66,22,122,450,0.672,23.8,166,3,0,0,3.8,0
C000659,1106,5972.92,13,71,243,0.673,7.3,872,1,1,0,3.7,0
C005603,192,2232.76,10,36,130,0.287,12.3,1146,1,0,0,6.1,0
C001856,684,5240.01,16,79,291,0.69,17.8,651,5,1,0,6.9,0
C004621,596,6744.64,15,58,228,0.866,24.7,1125,1,0,1,4.0,0
C001000,580,3070.7,14,41,184,0.692,23.3,763,7,0,0,8.4,0
C000390,1050,1869.89,16,76,303,0.45,30.3,656,7,0,0,5.5,0
C003408,1400,2710.92,18,71,307,0.852,20.0,2035,6,0,0,6.0,0
C006427,54,8950.57,15,78,277,0.807,26.6,706,9,1,0,3.7,0
C001477,1213,10051.63,18,83,374,0.847,25.4,2977,1,0,0,8.4,0
C002241,185,6398.97,15,63,286,0.765,21.4,1527,5,1,0,8.7,0
C002387,611,5618.94,16,71,268,0.682,12.5,589,1,1,1,6.9,0
A000055,956,13095.12,9,2,32,0.45,7.1,16,12,0,2,4.6,1
C000993,503,4882.68,15,54,228,0.655,29.9,1059,1,1,0,9.1,0
C007033,122,2808.83,17,93,327,0.63,23.2,945,8,0,1,2.6,0
C004998,505,2777.27,9,32,147,0.471,19.9,2809,7,0,0,7.7,0
C003923,730,3379.03,12,53,225,0.769,15.9,938,13,0,0,5.8,0
C002973,658,8546.66,19,75,343,0.666,16.3,563,1,0,0,9.0,0
C003387,782,2599.41,14,70,253,0.919,28.5,1163,1,0,0,3.2,0
C006872,551,5559.27,16,81,328,0.907,4.8,3234,8,0,0,2.7,0
C008746,626,3229.21,15,71,309,0.645,26.1,612,0,0,0,6.0,0
A000943,307,2224.44,20,7,124,0.424,5.6,323,8,0,0,1.2,1
C008338,1327,1224.06,18,105,383,0.727,13.5,1908,1,1,0,4.1,0
C004770,353,7432.07,11,43,164,0.896,25.4,1770,10,1,0,6.3,0
C001294,896,6585.43,16,48,220,0.038,22.2,987,1,0,0,3.0,0
C001825,506,5564.34,17,12,278,0.863,7.9,792,7,0,0,6.3,0
C002874,225,9594.27,14,57,239,0.54,16.3,1428,15,0,0,2.7,0
C004174,415,3217.91,21,86,370,0.431,24.3,1065,1,0,0,6.0,0
C002536,510,4781.32,17,91,304,0.791,22.5,1095,2,0,0,4.0,0
A000048,366,1898.14,19,19,141,0.133,7.1,22,3,1,0,8.9,1
C001908,455,11052.95,21,90,380,0.586,15.8,2239,3,0,2,6.8,0
C000043,278,7165.51,18,116,392,0.698,32.5,1183,3,1,0,6.5,0
A000441,520,6860.55,16,50,201,0.522,17.0,140,3,0,2,4.5,1
C000369,159,4718.81,20,90,363,0.768,23.5,1082,0,0,0,6.5,0
C006034,441,4724.7,11,52,201,0.661,23.1,494,2,1,0,3.7,0
C001152,1332,3856.26,14,52,214,0.78,21.1,155,7,1,0,1.4,0
C007008,629,3904.62,15,68,258,0.818,22.2,1826,5,0,0,2.6,0
C001568,195,5134.53,7,44,182,0.793,25.7,777,4,0,0,3.8,0
C007728,328,6059.08,12,62,216,0.917,14.9,8377,1,1,0,9.7,0
C007192,503,2173.2,14,70,268,0.692,24.1,826,1,0,0,10.0,0
A000907,82,6135.93,11,2,42,0.18,6.0,30,10,0,2,7.0,1
C007107,285,4940.07,17,80,314,0.796,19.8,532,3,0,0,4.5,0
C008661,236,3082.93,16,75,289,0.586,17.1,752,13,0,0,7.3,0
C004161,1002,7397.04,14,78,270,0.924,27.1,219,3,0,0,6.2,0
C004288,571,5311.33,14,56,238,0.751,29.0,1139,2,1,0,5.4,0
C002231,675,10354.75,13,45,201,0.716,27.1,622,8,1,0,6.9,0
C008168,239,3675.09,10,41,188,0.929,21.7,1414,13,1,0,5.4,0
C000175,510,1536.51,18,86,329,0.604,24.5,676,3,0,0,1.4,0
C001904,703,22808.74,14,89,300,0.779,22.4,493,7,0,0,6.7,0
C001100,202,2583.01,11,54,239,0.545,18.9,778,4,0,0,4.4,0
C008978,764,13686.72,15,66,252,0.44,22.7,792,6,1,0,8.3,0
C003409,466,19263.14,14,59,232,0.657,23.7,2804,1,0,0,8.5,0
C001539,216,3976.27,12,63,222,0.921,15.9,699,4,0,0,5.3,0
C002293,959,1782.39,16,107,382,0.805,14.6,1293,2,0,1,5.0,0
A000230,450,4910.75,16,4,72,0.209,8.7,105,8,0,0,2.5,1
C001364,587,12772.75,16,62,246,0.79,22.6,916,7,0,0,6.8,0
C004358,702,4574.62,9,36,164,0.636,20.7,725,4,0,0,5.2,0
C008065,323,26098.69,23,98,357,0.765,20.6,3440,5,0,1,0.9,0
C005261,458,1192.65,15,67,231,0.864,18.3,722,2,0,0,7.4,0
C008244,142,7618.13,24,133,448,0.773,23.5,433,0,0,0,4.6,0
C008387,589,6215.73,17,46,203,0.812,29.0,332,6,0,0,7.2,0
C000681,326,7208.86,16,82,323,0.523,19.7,516,0,0,0,4.9,0
A000249,527,3575.41,20,15,168,0.162,5.1,20,1,0,1,4.6,1
C008730,68,3337.33,15,64,277,0.676,23.7,634,5,1,0,7.4,0
C003665,861,1070.21,16,62,254,0.986,27.6,2518,5,0,0,9.0,0
C009927,123,6664.62,17,83,297,0.987,23.9,594,0,0,1,7.8,0
C001662,98,1061.96,10,48,197,0.28,23.7,3438,2,0,1,6.4,0
C000509,271,1674.09,23,107,431,0.817,17.7,1089,8,0,0,10.0,0
C000167,372,6342.58,14,85,326,0.721,15.7,162,0,0,0,4.9,0
C005498,479,2741.85,13,69,260,0.432,28.7,533,3,1,0,2.4,0
C009140,891,5903.55,22,84,334,0.585,28.6,792,0,1,0,10.0,0
C001007,371,6526.5,15,66,276,0.945,24.8,2333,4,1,0,5.4,0
C009194,672,1377.58,12,61,209,0.821,36.4,421,5,0,0,5.1,0
C001915,473,9456.5,9,26,114,0.572,26.4,1778,14,0,1,4.3,0
C003495,605,32061.59,14,56,232,0.589,26.3,1750,0,0,0,5.8,0
A000597,289,3819.07,20,11,138,0.078,6.0,28,22,2,2,6.9,1
A000719,155,3562.59,15,5,44,0.073,6.9,41,1,0,2,2.6,1
C007827,561,5162.13,20,61,277,0.537,33.4,3704,4,1,0,2.3,0
C004991,438,18400.08,15,62,265,0.541,22.0,1136,3,0,0,10.0,0
C002537,660,1642.42,21,95,390,0.518,9.4,1415,1,0,0,3.2,0
C001105,165,5376.24,16,70,84,0.428,9.1,530,0,0,0,5.6,0
C003876,531,1524.03,20,97,418,0.914,16.8,714,21,1,0,4.1,0
C008658,651,10911.23,16,78,272,0.682,16.9,432,6,0,1,7.2,0
C001753,393,2391.32,13,73,261,0.867,28.0,525,0,0,1,7.7,0
C005311,179,5407.93,21,115,462,0.625,18.5,602,0,0,1,10.0,0
C005953,290,3699.42,15,63,252,0.786,29.6,3233,2,0,0,8.8,0
C008345,614,19649.21,20,83,316,0.94,22.6,1625,0,0,0,2.8,0
C002917,345,22572.63,11,46,197,0.94,18.8,1054,1,0,0,6.7,0
C008949,243,2356.48,15,70,292,0.829,11.4,574,1,0,1,4.2,0
C005755,199,10456.55,13,81,324,0.737,19.2,2399,2,0,0,1.4,0
C000153,1050,9269.95,15,66,262,0.788,29.9,468,6,1,0,8.5,0
C005231,359,1867.6,11,40,138,0.255,24.3,1289,3,0,0,2.9,0
C008771,1113,14747.3,24,105,470,0.285,24.2,1002,1,0,0,2.5,0
C005680,151,9377.55,19,101,404,0.674,18.9,3143,2,0,1,8.3,0
C003908,286,4526.61,16,100,354,0.856,21.1,4465,0,0,0,6.5,0
A000051,560,2723.26,16,1,14,0.242,4.9,2141,3,0,1,5.9,1
C002553,342,9267.66,20,67,304,0.723,6.9,253,1,0,0,4.0,0
C002774,486,8607.66,15,68,265,0.382,12.2,179,2,0,0,6.5,0
C007411,154,7046.88,16,77,273,0.528,18.2,339,0,0,0,0.0,0
C003552,558,3816.09,19,95,393,0.69,20.7,397,4,0,0,8.2,0
C003723,106,6901.21,14,67,277,0.839,15.3,1098,8,1,0,4.6,0
C008082,88,2152.85,13,73,315,0.523,23.1,219,8,0,0,7.8,0
C000521,644,1395.35,12,58,227,0.806,25.8,5029,5,0,0,3.9,0
C008934,66,2449.33,18,96,346,0.524,22.8,144,0,0,0,2.8,0
A000488,808,5425.24,11,5,39,0.274,5.3,67,4,0,1,6.0,1
C009864,1333,3187.61,18,74,334,0.445,27.9,347,0,0,0,4.6,0
C004539,256,2265.64,14,61,220,0.681,23.8,503,20,0,0,9.3,0
C006176,455,47013.74,16,54,210,0.575,20.8,2492,0,1,0,7.2,0
C009279,654,13027.15,14,71,268,0.608,25.5,855,3,0,0,3.8,0
C007082,398,9857.45,11,30,113,0.847,15.7,1053,6,2,0,10.0,0
C001823,1149,5284.48,22,120,423,0.682,10.8,709,9,0,0,7.0,0
C004087,1065,5936.16,19,100,340,0.451,24.6,2224,5,0,0,2.5,0
C008797,591,7129.84,15,80,358,0.625,21.8,1367,7,0,0,5.5,0
C009637,543,3833.77,15,88,318,0.491,16.8,1752,6,1,0,2.5,0
C006897,233,14867.25,12,56,203,0.335,28.4,960,1,1,1,4.0,0
C001992,461,5713.88,14,59,246,0.429,18.0,895,6,1,0,5.7,0
C009704,423,10035.51,16,53,225,0.889,24.9,1281,2,0,0,7.4,0
C000310,121,1627.7,16,110,374,0.988,18.0,1303,8,0,0,7.4,0
C004309,342,5558.87,16,69,256,0.391,23.0,1208,1,0,0,4.0,0
A000428,101,3724.0,15,4,42,0.079,2.6,49,13,0,2,1.9,1
C008542,720,2754.28,14,78,165,0.832,30.3,559,0,0,0,6.8,0
C003600,211,875.03,16,77,317,0.956,23.4,1062,2,1,0,5.5,0
C003623,277,1665.32,15,83,302,0.718,21.1,1551,9,0,0,10.0,0
C003812,77,3308.21,15,59,248,0.502,14.3,460,3,1,0,3.8,0
C006006,384,3872.11,12,49,181,0.475,26.6,437,0,0,0,1.8,0
C009588,407,1712.54,15,82,368,0.823,26.1,1173,0,0,0,5.6,0
C003451,207,7060.52,18,63,250,0.739,20.1,2005,1,0,0,10.0,0
C004592,392,1137.5,16,54,220,0.748,25.9,3969,3,0,0,6.5,0
C000206,137,19857.53,13,69,238,0.952,27.2,671,4,0,0,7.4,0
A000815,346,3205.32,18,4,46,0.245,6.2,33,10,2,1,3.0,1
C001136,605,8101.18,19,73,321,0.719,26.0,754,14,0,0,7.5,0
C006681,883,2625.08,16,59,214,0.441,21.6,1478,11,1,0,7.9,0
A000324,592,3601.56,17,9,123,0.63,4.9,101,1,0,1,7.9,1
C002750,273,14919.15,13,72,257,0.807,27.1,741,1,0,0,3.3,0
C003614,236,3099.09,14,54,233,0.516,14.1,2807,2,0,0,6.0,0
C000306,244,4944.45,11,47,204,0.644,31.2,397,7,0,0,4.6,0
C001850,595,11412.26,7,42,152,0.829,21.3,3477,3,1,1,5.9,0
C009601,176,7020.26,13,60,273,0.924,24.1,5343,2,0,0,9.3,0
A000765,243,10562.19,22,10,97,0.363,10.1,14,22,1,2,0.5,1
C001989,572,4881.28,18,81,302,0.871,24.5,1080,4,0,0,6.2,0
C003241,372,4893.88,16,80,297,0.693,14.0,718,1,0,0,4.8,0
C002799,471,4715.94,11,66,233,0.545,17.1,970,3,0,1,3.2,0
C004516,558,2316.47,13,44,197,0.35,17.3,3419,4,0,0,2.2,0
C005631,679,5062.94,18,92,347,0.854,24.0,1652,13,0,0,6.3,0
C008769,699,1908.76,18,91,375,0.842,22.9,803,7,0,0,3.7,0
C003110,396,4028.88,19,102,376,0.891,24.5,3500,2,1,0,5.1,0
C004940,261,6145.26,14,64,258,0.599,16.0,3590,4,0,0,6.5,0
C004060,186,3793.8,19,100,351,0.919,17.8,1533,0,0,0,7.0,0
C001988,314,19258.15,17,58,234,0.698,23.1,311,2,0,0,8.2,0
C005935,310,2780.7,20,87,366,0.367,25.1,1639,2,0,0,7.5,0
C009782,523,17549.79,14,36,162,0.8,23.6,3811,4,0,0,7.8,0
C008047,629,5497.88,12,47,162,0.724,24.3,714,2,1,0,5.4,0
C000384,585,3526.47,14,48,214,0.711,23.1,1750,4,0,0,6.6,0
C005635,861,1453.45,17,64,254,0.556,25.4,953,3,0,0,6.7,0
C004308,257,14472.9,16,80,297,0.644,28.5,1982,0,0,0,8.8,0
C003389,300,5668.79,9,34,82,0.677,21.9,84,19,0,0,4.6,0
C003157,193,12977.38,13,37,159,0.587,27.2,792,2,1,0,2.7,0
C006054,305,2142.29,25,107,464,0.596,25.6,1125,7,0,0,3.9,0
A000986,439,1953.27,22,6,82,0.447,21.0,1670,7,1,2,4.5,1
C006535,890,2947.86,12,43,186,0.746,24.8,252,1,0,0,9.2,0
C002728,75,1871.77,16,77,285,0.818,27.7,776,1,0,0,6.7,0
C008641,129,3977.38,17,96,349,0.943,19.0,2166,13,0,0,4.2,0
C007635,309,6813.0,10,49,168,0.726,27.1,891,1,0,1,1.7,0
C009573,456,8971.0,12,4,31,0.853,15.6,488,3,1,1,8.4,0
C009871,876,3950.19,9,37,159,0.6,20.6,186,2,0,0,3.0,0
A000647,305,11903.4,8,6,67,0.223,6.1,36,4,0,2,2.3,1
A000631,237,4700.96,15,7,58,0.098,4.5,32,11,0,2,3.3,1
C003833,250,4216.6,17,74,306,0.922,19.1,1285,1,0,0,4.4,0
C009595,250,2373.59,20,120,479,0.606,31.3,1311,11,1,0,7.4,0
C004777,66,9555.85,15,64,226,0.929,23.8,907,1,1,1,4.5,0
C004277,149,6304.59,18,90,342,0.828,27.3,530,0,0,1,8.3,0
C000254,874,1382.74,13,64,275,0.636,19.6,2229,0,0,0,3.3,0
C007501,51,5488.66,13,60,218,0.912,23.7,1973,1,1,0,8.6,0
A000552,94,11011.22,10,13,101,0.218,7.9,303,7,0,1,6.6,1
C002925,723,30162.23,8,45,161,0.727,19.8,2197,5,1,0,7.4,0
C000279,473,22525.25,18,63,277,0.689,12.3,635,3,0,1,8.2,0
C006772,1216,3634.24,23,151,78,0.532,31.4,2379,0,1,0,1.6,0
C003253,241,2118.97,15,94,336,0.823,18.8,2203,3,0,0,7.5,0
C008199,606,2765.89,13,57,213,0.971,22.9,537,22,0,0,6.1,0
C002481,291,23501.96,16,77,298,0.732,23.5,1647,0,1,1,3.9,0
C000290,463,2023.98,17,56,241,0.904,18.8,943,0,1,0,5.4,0
C009038,605,12173.47,24,132,497,0.596,26.1,1520,3,0,0,9.1,0
C003076,94,6385.56,12,44,187,0.476,21.9,1426,7,0,0,4.4,0
C004074,256,777.2,8,32,116,0.373,22.8,1445,0,0,0,10.0,0
C002584,286,8747.28,13,57,254,0.738,21.0,1785,8,0,0,2.6,0
C009851,669,2185.8,10,45,172,0.631,14.1,1367,0,0,0,6.0,0
C006109,293,6427.05,11,55,194,0.825,21.6,666,13,1,0,8.4,0
C005090,547,4376.85,12,50,222,0.86,29.9,1249,11,0,0,10.0,0
C006333,480,6876.4,9,37,139,0.761,11.1,1225,5,0,0,7.0,0
A000549,961,3564.15,14,3,296,0.207,7.1,1177,7,0,1,7.1,1
C008519,1421,7945.88,15,63,249,0.755,25.3,1190,3,0,0,0.1,0
A000685,192,4118.14,13,13,107,0.439,5.5,161,3,0,2,0.0,1
C009250,169,5199.76,8,49,204,0.839,17.3,1698,2,0,1,10.0,0
C006851,221,3733.11,13,58,216,0.796,24.4,2679,1,0,0,3.4,0
C009869,456,8541.86,15,76,263,0.636,28.8,450,12,0,0,5.6,0
C007437,77,10133.19,14,79,279,0.605,13.6,308,1,0,0,8.7,0
C004067,328,4469.47,8,29,133,0.668,22.2,514,3,0,0,5.5,0
C000271,263,5365.37,15,70,256,0.341,25.0,1913,6,0,0,4.6,0
C006010,266,10607.3,16,62,269,0.811,16.4,450,1,1,0,5.9,0
C008812,469,9358.65,11,51,190,0.404,23.9,1127,3,0,0,5.7,0
C004571,459,3655.16,18,66,279,0.569,27.3,1007,3,0,0,4.8,0
C003577,143,5283.63,10,56,203,0.619,26.8,445,2,0,0,4.9,0
C003566,260,1112.96,16,84,340,0.815,19.1,552,7,0,2,2.3,0
C002972,812,1172.66,8,47,161,0.678,23.7,1466,0,0,0,7.0,0
C008778,291,17126.46,14,88,312,0.698,17.9,1580,6,2,0,4.7,0
C009667,431,2127.55,20,84,325,0.974,16.5,377,0,1,0,5.0,0
C004208,402,6675.26,16,76,258,0.762,26.3,1040,4,1,0,0.0,0
C003219,819,7899.68,14,55,250,0.867,17.3,487,0,0,0,6.9,0
C001392,325,10567.72,15,84,304,0.923,21.6,805,0,1,0,2.2,0
C006697,83,2366.98,12,55,197,0.522,11.5,1923,3,0,0,10.0,0
C003976,191,2220.3,11,46,195,0.87,24.8,1026,3,0,0,8.4,0
C004317,537,10329.31,13,70,265,0.626,23.5,592,0,1,0,4.8,0
C008147,172,9491.66,15,54,191,0.827,18.4,1337,2,0,0,8.7,0
C002676,668,2411.75,15,71,267,0.829,26.3,3990,3,0,0,6.4,0
C006898,339,8890.45,17,51,228,0.805,19.9,1070,1,1,0,7.9,0
C001423,198,2912.69,15,74,309,0.61,19.9,1088,4,0,1,6.0,0
C000084,349,1569.4,15,75,290,0.544,26.8,366,0,1,0,3.2,0
C000874,258,1505.38,18,67,293,0.514,16.7,2416,2,0,0,4.6,0
A000568,270,1018.51,17,5,46,0.504,5.2,124,4,1,1,4.2,1
A000158,458,5947.9,18,18,175,0.389,6.1,712,3,3,0,4.5,1
C004558,528,7465.11,18,85,373,0.626,23.4,388,1,1,0,10.0,0
C004501,964,4174.7,14,50,194,0.526,5.5,724,8,0,0,9.6,0
C004648,136,6409.42,17,84,340,0.195,20.1,1711,4,0,0,5.4,0
C007475,204,30528.93,20,95,351,0.791,26.0,723,0,1,0,9.4,0
C006471,283,2989.63,18,109,391,0.71,24.3,269,0,2,0,6.6,0
C002039,555,5909.42,23,117,400,0.525,23.2,1245,1,1,0,4.2,0
C008611,120,2275.82,11,7,60,0.757,15.7,652,5,0,0,0.9,0
A000662,288,7126.1,13,11,117,0.402,6.0,284,7,0,1,3.3,1
C001133,817,4788.7,14,53,204,0.865,24.6,974,2,0,0,4.7,0
C002451,637,29264.98,8,37,131,0.83,22.5,2115,4,0,0,4.3,0
C003955,93,5245.5,21,84,373,0.521,25.7,571,2,0,0,4.5,0
C002330,233,5909.87,21,69,313,0.963,23.3,2933,2,0,1,4.8,0
A000399,1031,4270.71,12,8,64,0.377,6.2,41,0,0,1,1.8,1
C006243,463,1637.53,19,63,264,0.897,23.0,739,0,1,0,6.5,0
C008476,314,5999.19,13,83,278,0.596,28.7,1260,1,0,0,4.5,0
C005043,176,5685.1,14,78,275,0.572,19.6,2320,0,1,0,4.3,0
A000303,781,7723.15,11,1,22,0.197,7.2,332,19,0,2,4.8,1
C004747,762,3013.79,15,63,259,0.339,23.2,539,2,0,0,10.0,0
A000307,136,2997.87,16,4,54,0.177,5.7,9,0,2,1,1.4,1
C009056,1071,10663.95,17,66,300,0.906,24.8,1990,5,0,0,5.7,0
C007900,1113,7313.97,12,49,209,0.534,32.5,1176,4,1,0,7.5,0
C008531,116,3138.11,9,32,133,0.71,21.9,959,0,0,0,1.9,0
A000500,263,9760.26,14,3,65,0.87,4.9,162,10,0,0,8.9,1
C007160,248,8077.66,13,69,255,0.728,24.6,670,0,0,0,5.0,0
C002402,1183,2771.23,14,70,295,0.039,21.0,2201,25,0,0,10.0,0
C005521,1074,7557.6,15,52,209,0.885,30.6,1558,7,0,0,6.2,0
C001217,264,1818.28,18,85,60,0.432,26.7,777,11,1,0,6.3,0
C009585,232,7536.8,15,62,258,0.812,25.5,396,0,0,0,2.3,0
C006021,419,5848.2,22,63,264,0.856,25.6,1251,0,1,0,1.6,0
C008277,238,7482.46,15,69,275,0.685,21.1,1840,1,2,1,0.0,0
C001065,365,5032.2,10,38,141,0.253,17.0,6348,3,1,1,8.4,0
C003787,695,1468.01,14,55,239,0.701,25.7,866,1,0,1,6.3,0
C004411,601,6955.02,21,78,330,0.725,21.6,1877,5,0,0,3.7,0
C005386,30,8988.54,11,53,194,0.547,21.8,2512,11,0,0,7.9,0
C008308,270,918.97,17,74,327,0.66,34.0,603,0,0,0,6.3,0
C005524,373,5194.09,12,36,164,0.759,14.3,1057,15,0,1,7.4,0
C005997,440,12715.22,19,79,349,0.472,14.9,1438,3,1,0,0.0,0
C009738,635,3805.48,11,46,206,0.478,20.1,5193,1,0,0,5.8,0
C007226,902,21284.67,9,32,115,0.525,19.3,477,3,1,0,4.8,0
C005889,483,7070.93,17,84,348,0.861,22.4,663,0,0,0,10.0,0
C002162,431,10015.36,10,49,176,0.809,29.2,1112,0,0,0,7.2,0
C003009,132,2985.48,17,65,278,0.649,28.1,641,0,1,0,1.4,0
C009622,646,7201.12,16,72,281,0.905,19.1,1405,3,0,0,7.4,0
C001106,431,9437.87,14,69,272,0.863,20.5,566,1,0,0,3.9,0
A000633,268,11667.19,20,12,107,0.299,8.2,184,0,0,2,6.4,1
C000693,347,2235.51,19,75,268,0.737,16.8,623,0,0,0,0.6,0
C002004,198,2827.79,17,62,249,0.927,25.8,790,0,0,0,5.5,0
C004957,324,17158.71,17,60,244,0.528,23.3,2614,0,0,0,8.5,0
C008029,858,1316.51,13,52,201,0.326,20.2,4723,5,1,0,3.7,0
A000078,640,4227.11,13,10,71,0.338,6.3,115,6,0,2,5.2,1
C004370,495,7169.11,10,54,203,0.855,27.2,436,4,0,1,2.4,0
C009787,977,4294.51,16,86,298,0.857,19.0,1628,4,0,0,6.6,0
C002766,378,7633.54,24,82,298,0.831,24.4,1967,6,0,0,10.0,0
C003930,259,4276.08,17,47,206,0.762,21.6,804,2,0,1,5.7,0
C008433,498,4425.39,14,68,266,0.309,37.8,596,2,1,0,10.0,0
C009629,1254,1795.71,17,77,283,0.682,14.1,528,17,0,1,0.0,0
A000798,507,3026.44,14,0,16,0.416,5.3,229,3,0,1,3.2,1
C007771,468,33207.97,16,91,361,0.751,25.7,1020,5,1,0,9.4,0
C000629,246,10411.91,10,50,212,0.747,28.8,2006,3,0,0,10.0,0
C002452,269,2524.29,14,63,216,0.984,26.5,2072,12,0,0,10.0,0
A000479,512,6326.95,14,9,78,0.412,5.4,18,7,0,3,3.7,1
A000504,152,2417.53,15,3,63,0.017,5.5,168,1,0,0,2.4,1
C003825,290,12652.81,16,63,221,0.935,19.1,1609,8,0,0,8.1,0
C009892,177,8668.12,16,62,261,0.532,18.3,836,2,0,1,7.8,0
C002653,868,6071.61,13,58,203,0.807,23.9,437,3,2,0,10.0,0
A000019,348,2884.79,15,5,49,0.285,5.6,103,12,0,0,1.7,1
C003744,322,761.7,19,72,327,0.622,24.1,520,2,0,0,3.2,0
C002177,521,8409.94,16,65,254,0.71,23.7,1071,0,0,0,7.0,0
A000887,228,2833.87,20,0,9,0.537,19.9,1596,10,2,1,6.6,1
C006690,252,6828.6,14,88,316,0.713,21.2,2367,0,0,0,5.9,0
A000191,313,2542.19,18,7,114,0.1,1.8,44,2,1,1,1.1,1
C003319,253,6448.36,12,62,239,0.882,13.3,1576,3,0,0,8.5,0
C007708,936,11053.92,13,74,291,0.812,22.1,893,1,0,1,8.2,0
C002788,507,1815.19,19,112,466,0.492,28.8,943,4,0,0,9.5,0
C004106,682,5078.46,19,51,187,0.767,14.6,692,5,1,1,9.0,0
C007725,517,2954.11,14,60,245,0.785,24.8,414,4,0,1,4.1,0
C001677,475,1463.77,12,67,261,0.644,23.8,420,0,0,1,5.9,0
C003948,30,8243.29,11,51,214,0.576,16.4,428,0,0,0,5.2,0
C004445,845,7486.14,21,70,307,0.75,20.4,1935,15,0,0,0.5,0
C002937,438,20122.18,19,90,348,0.939,23.5,2259,0,0,0,7.3,0
C007323,356,9770.42,16,63,280,0.525,22.6,803,2,0,0,5.5,0
C008103,263,7409.21,12,74,274,0.786,26.8,220,6,1,0,6.8,0
C002838,96,4097.18,13,63,217,0.832,16.4,3553,0,0,0,5.7,0
C005723,808,11487.44,18,96,327,0.539,24.5,530,1,0,0,6.5,0
C009837,338,4788.3,13,52,224,0.437,16.6,949,4,0,1,6.0,0
C002504,122,3525.83,17,101,365,0.741,15.7,1469,1,0,0,3.7,0
C009337,538,4510.22,12,59,250,0.962,15.8,2349,5,0,0,2.5,0
C002370,362,3970.4,19,74,301,0.73,16.7,531,0,0,0,8.6,0
C004968,30,2803.2,11,59,208,0.627,18.6,811,7,0,0,8.7,0
C005884,159,3359.14,17,56,227,0.446,25.0,499,28,0,0,10.0,0
C002218,395,4435.04,13,71,248,0.827,27.3,760,6,0,0,3.3,0
C005848,327,3265.27,18,56,254,0.881,18.5,3474,11,0,0,0.0,0
C002219,391,3791.3,14,55,229,0.757,19.7,461,6,0,0,6.8,0
C003327,1177,3725.3,17,62,256,0.926,27.7,2157,22,0,0,4.8,0
C009630,235,7139.43,13,66,223,0.912,21.5,575,2,1,0,3.6,0
C007324,189,2511.82,16,79,265,0.806,23.7,721,4,0,0,6.1,0
C003584,274,5446.69,6,22,99,0.63,20.5,3436,0,0,0,9.7,0
A000799,520,3190.52,17,12,152,0.36,14.4,551,9,0,0,5.3,1
C003620,527,3915.57,13,61,248,0.565,14.8,2328,2,0,0,0.0,0
C006218,601,12346.7,21,86,341,0.552,14.8,1762,3,0,0,3.1,0
C002469,324,13687.77,7,37,131,0.604,22.1,1318,5,0,0,9.3,0
C007813,394,11730.48,12,54,240,0.686,25.8,921,4,0,0,1.5,0
C003116,346,6769.3,16,78,317,0.296,26.9,3768,1,0,0,9.2,0
C000086,281,9823.06,21,103,450,0.827,16.6,510,0,0,0,4.6,0
C009320,200,4398.82,16,79,308,0.838,18.0,1346,12,0,1,5.9,0
C005974,1746,5423.87,20,60,264,0.8,22.1,446,21,1,0,4.8,0
C002802,367,3756.62,17,67,32,0.624,26.9,3295,1,1,0,7.4,0
C003672,578,3972.18,11,45,178,0.783,25.6,3383,6,1,1,5.4,0
C003668,594,5881.79,17,109,381,0.602,27.3,977,10,0,0,7.7,0
A000767,253,1804.38,16,4,55,0.218,5.9,53,3,2,1,0.2,1
A000886,1059,5965.39,18,6,48,0.21,8.2,474,10,0,2,2.7,1
C005159,326,8265.26,20,93,329,0.974,22.5,682,0,0,0,7.0,0
C006977,597,4521.6,19,107,423,0.633,21.1,319,2,0,0,2.5,0
C005726,147,2728.88,21,95,345,0.843,25.6,477,0,0,0,8.2,0
C004591,66,3348.76,19,81,279,0.883,20.8,1722,7,0,0,6.3,0
C002020,667,5076.61,10,51,182,0.673,4.4,560,1,0,0,3.3,0
C003424,385,6995.79,13,60,234,0.755,28.3,3419,7,0,1,3.2,0
C002526,322,8523.42,11,46,190,0.661,13.6,261,1,0,0,10.0,0
C008540,281,7102.52,12,59,221,0.625,18.4,862,0,0,0,6.1,0
A000333,444,14036.22,16,10,139,0.17,5.6,160,0,1,1,7.8,1
C003213,196,11189.46,15,62,270,0.604,26.9,2242,3,0,1,6.8,0
C000520,713,5933.94,24,136,464,0.688,21.8,2548,0,1,0,7.0,0
C005367,131,1295.11,13,70,240,0.576,24.5,2475,0,0,1,7.8,0
C008212,437,7069.57,14,78,289,0.29,31.1,739,3,0,0,4.2,0
C006594,233,6497.32,7,35,127,0.874,18.0,733,1,0,0,8.1,0
C002896,284,6469.25,15,59,223,0.63,26.4,644,1,1,0,10.0,0
C000245,375,4075.12,16,70,267,0.858,20.1,286,10,0,0,9.4,0
C005931,459,6576.14,25,106,380,0.909,24.9,570,2,1,0,6.7,0
C004715,139,3611.75,16,74,256,0.686,22.1,1560,10,2,0,6.7,0
A000132,236,3895.45,13,5,60,0.615,28.8,2383,1,0,1,0.0,1
C003426,179,8718.84,18,93,347,0.598,13.9,2106,3,0,0,9.0,0
C009580,374,1851.69,19,98,357,0.499,19.5,511,15,0,0,8.4,0
C003643,205,2980.68,12,54,188,0.578,12.2,918,4,1,0,4.7,0
A000900,271,2675.54,13,0,15,0.189,3.9,150,3,0,2,1.6,1
C008073,375,4783.19,15,55,225,0.72,28.6,1301,0,0,0,6.0,0
C007508,167,5992.1,14,71,244,0.64,21.7,735,0,1,0,4.3,0
C008499,384,2743.19,17,93,346,0.677,22.3,490,6,0,0,8.2,0
C005510,1574,3723.22,16,65,238,0.797,22.7,3040,1,0,0,7.2,0
C006298,642,13130.19,12,58,196,0.698,21.6,1134,0,0,0,7.9,0
C002002,444,5501.12,17,77,321,0.787,23.7,2569,1,1,0,5.9,0
C000886,474,4170.5,12,42,170,0.81,26.3,494,27,0,0,10.0,0
C000870,218,2279.76,10,47,170,0.971,22.1,1360,10,0,0,6.1,0
C006455,346,5152.52,12,55,206,0.41,24.8,960,2,1,0,10.0,0
A000655,335,884.97,11,7,65,0.182,6.4,33,1,0,2,6.8,1
C009879,309,6107.98,12,68,277,0.509,18.2,276,2,0,0,5.5,0
C007717,928,3430.39,11,50,183,0.862,23.3,1084,9,0,0,2.6,0
C005721,1240,8190.39,15,79,276,0.903,16.9,2221,0,0,0,5.2,0
C000357,739,6904.33,17,89,327,0.943,23.9,770,3,0,0,6.2,0
A000888,306,14018.73,15,12,122,0.232,7.5,56,1,1,1,3.9,1
C005452,811,5235.05,22,103,362,0.673,18.9,578,0,0,0,6.4,0
C007161,766,6057.9,14,65,275,0.781,27.7,1886,3,1,1,6.6,0
C009022,427,10340.59,21,75,302,0.553,21.5,87,26,0,0,3.9,0
C007258,238,20603.19,13,84,300,0.512,23.3,3112,5,0,0,3.7,0
C007819,201,3756.48,14,71,258,0.754,21.6,1828,5,0,0,2.8,0
C002744,182,2042.99,14,60,271,0.779,23.5,2468,4,0,0,7.1,0
C006704,171,14537.53,14,55,251,0.887,10.9,2072,11,1,0,4.3,0
C001276,189,4952.3,9,36,159,0.537,27.9,6777,0,1,1,4.4,0
C001891,578,4362.39,20,157,611,0.538,22.9,3455,11,0,0,4.3,0
C009575,371,5528.73,16,43,185,0.82,12.1,3726,8,0,0,9.7,0
C006416,154,2119.73,12,42,192,0.458,17.7,618,0,0,0,4.4,0
C009780,883,9504.41,21,111,418,0.605,19.0,2012,0,1,0,6.7,0
A000104,312,4796.01,9,2,363,0.418,14.9,53,0,0,0,0.5,1
C003564,288,3609.27,10,40,155,0.318,25.7,472,6,0,2,9.8,0
C005788,518,2258.09,25,82,371,0.83,18.1,479,11,0,0,6.5,0
C004959,378,2270.93,16,78,306,0.695,22.2,369,8,0,0,9.6,0
C001547,211,7247.85,9,51,212,0.84,15.2,3421,7,0,1,10.0,0
C006194,285,20786.29,14,51,228,0.788,12.8,128,19,0,0,3.7,0
C002381,804,3665.43,22,135,515,0.565,33.9,276,0,1,0,7.1,0
C006475,352,17593.28,7,28,116,0.758,19.6,1110,2,0,0,8.2,0
C003824,261,5948.6,17,91,369,0.93,27.8,821,4,0,0,5.2,0
C003233,610,3174.56,14,46,208,0.673,13.8,3451,1,0,0,4.8,0
C009247,683,3874.26,12,44,161,0.637,18.9,281,1,0,0,5.9,0
C003307,353,2194.11,13,73,259,0.651,30.3,1762,1,0,0,7.1,0
C000493,526,5271.03,15,84,305,0.942,21.9,473,7,0,0,7.5,0
C003500,221,2450.2,13,63,215,0.578,19.4,516,4,1,0,4.9,0
C008107,341,8378.77,12,50,214,0.469,23.1,2263,12,0,0,5.1,0
C001117,375,2569.42,18,93,365,0.954,19.9,1388,1,0,0,5.2,0
C005638,162,1759.62,16,52,201,0.56,21.9,312,11,2,1,5.1,0
C009674,141,11106.91,12,34,154,0.373,25.0,310,7,1,0,7.9,0
C006147,988,644.99,13,83,327,0.718,29.1,881,11,1,0,6.0,0
A000847,125,1840.69,9,1,17,0.416,7.9,1320,14,0,1,2.3,1
C009675,518,2580.62,20,5,314,0.75,27.3,3778,0,0,1,7.4,0
C008159,320,3595.66,24,107,443,0.574,24.5,1461,14,0,0,4.8,0
C009057,677,8964.01,16,60,241,0.405,26.9,634,10,0,0,2.3,0
C006858,750,3306.64,19,69,310,0.885,20.6,1734,3,0,0,5.9,0
C009487,857,7612.98,15,75,302,0.786,13.5,292,0,0,0,3.2,0
C006590,419,12114.67,24,123,438,0.778,26.2,983,1,1,0,6.7,0
C009990,625,3968.3,16,93,344,0.635,21.1,596,0,0,1,1.1,0
C003646,328,5901.54,23,123,433,0.873,24.7,1178,0,0,0,8.2,0
C008250,265,3554.23,21,110,401,0.948,19.6,830,4,1,0,7.9,0
C002501,95,6522.85,4,15,62,0.904,23.8,364,9,0,1,8.1,0
C005678,331,33370.37,15,48,187,0.866,21.7,586,4,0,0,5.6,0
C008828,125,8537.83,11,49,204,0.873,27.4,355,12,0,0,4.7,0
C005242,594,3579.53,14,48,208,0.33,27.2,2033,3,1,1,10.0,0
C007934,564,3378.98,17,65,279,0.838,23.7,604,5,1,1,7.0,0
C002784,357,5210.46,18,75,279,0.819,7.6,509,11,0,0,7.0,0
C006159,1156,4817.46,18,91,360,0.514,18.3,1252,6,0,0,8.7,0
C003810,92,12834.41,18,88,394,0.941,31.3,9340,0,0,0,6.2,0
A000342,289,3912.0,20,4,59,0.371,3.3,488,7,0,0,6.3,1
C009528,794,8621.1,16,101,354,0.886,20.1,1693,9,0,0,7.5,0
C002994,457,2393.9,10,69,265,0.913,13.8,1719,4,0,0,10.0,0
C001697,300,5385.71,16,87,339,0.715,27.4,1009,3,0,0,9.4,0
C005686,539,6920.07,23,122,519,0.837,23.5,590,10,1,0,5.7,0
C002296,668,8108.94,19,86,331,0.684,33.6,1286,7,1,0,5.4,0
C009058,502,2112.9,12,54,218,0.292,19.0,1056,7,0,0,7.3,0
C006505,210,22694.66,10,36,164,0.739,33.5,851,0,0,0,4.2,0
C005940,303,6545.47,14,70,263,0.826,25.2,661,1,0,0,4.1,0
C002053,180,16602.09,13,58,218,0.806,20.9,1763,2,0,0,10.0,0
C001777,612,6375.71,17,59,229,0.616,18.1,979,2,0,0,4.5,0
C009036,560,9987.83,19,106,355,0.881,15.3,1654,10,1,0,9.3,0
C003314,410,1464.2,14,56,247,0.645,19.6,1531,3,0,0,7.2,0
C004782,167,3272.98,13,50,184,0.723,18.9,1605,1,0,0,5.5,0
C006633,324,8043.87,15,85,325,0.973,19.2,1069,1,0,0,5.1,0
C009315,764,1686.61,12,45,173,0.579,20.8,199,6,1,0,5.2,0
C008222,100,6296.03,11,63,244,0.927,20.9,460,2,0,1,7.7,0
C001593,786,7949.14,9,46,163,0.834,16.3,1119,0,0,0,6.1,0
C001724,417,3726.24,11,46,199,0.877,19.4,264,9,0,0,3.7,0
C000216,644,3593.8,18,104,462,0.746,18.4,1283,7,0,0,2.5,0
A000197,640,2772.4,24,18,171,0.365,5.0,118,19,0,1,2.2,1
C006708,644,2802.76,19,91,368,0.928,22.5,1676,1,1,0,4.8,0
C009090,613,1514.25,18,95,382,0.848,19.7,1023,12,0,1,5.2,0
C000491,762,2162.68,14,64,265,0.74,17.5,3005,2,2,0,2.2,0
A000049,574,5581.73,21,80,72,0.318,7.5,496,1,0,1,5.2,1
C003484,448,5746.12,12,89,316,0.737,19.9,1206,1,1,0,0.0,0
C007007,237,17442.31,11,61,213,0.959,19.6,3169,10,0,0,0.0,0
C005103,391,4069.95,12,36,149,0.661,20.4,2489,6,0,0,6.7,0
C005188,556,3228.2,14,61,261,0.58,25.1,720,3,0,0,3.6,0
C003432,589,13212.1,18,61,212,0.884,22.9,1195,9,0,0,3.8,0
C006600,823,9593.42,13,59,230,0.639,27.1,591,10,0,0,7.5,0
C007653,125,5932.52,20,63,275,0.588,21.8,2189,6,0,0,3.8,0
C000461,907,5192.77,14,54,223,0.725,14.2,3672,4,0,0,8.2,0
C006411,74,5516.06,17,56,237,0.545,16.8,832,19,0,0,6.0,0
C007507,372,6762.86,24,135,545,0.535,23.6,2660,2,0,0,4.4,0
C008373,491,10356.58,17,79,312,0.814,26.1,2489,5,0,0,10.0,0
C006651,656,4622.19,16,82,306,0.733,23.9,1675,10,0,0,5.8,0
C005514,478,13740.82,18,80,345,0.478,3.5,1555,0,0,0,8.7,0
A000435,927,3598.94,19,5,66,0.318,7.9,148,6,0,2,6.8,1
C000026,117,3481.34,24,147,496,0.843,24.6,172,3,0,0,4.2,0
C003513,540,4402.58,10,50,223,0.301,33.6,660,4,0,0,10.0,0
C002410,923,7377.19,17,66,273,0.496,22.6,334,2,0,0,7.9,0
C003271,381,1232.41,16,104,348,0.824,18.8,1541,1,0,0,5.5,0
C005210,213,13966.2,23,107,378,0.807,19.9,585,0,1,0,8.1,0
C009602,744,5853.64,17,100,369,0.918,17.8,4196,3,0,0,5.7,0
C001553,441,1949.49,14,51,175,0.729,19.4,1396,7,1,0,3.0,0
A000121,288,5482.16,21,17,121,0.171,5.5,159,22,0,0,8.8,1
C009499,191,6278.76,12,56,221,0.793,21.9,1368,1,1,0,7.0,0
C006684,816,1819.52,16,72,306,0.797,17.8,314,3,1,0,7.8,0
C003872,319,37382.45,18,112,383,0.865,21.6,517,6,0,0,5.1,0
C007311,649,9368.34,18,95,354,0.846,19.4,1541,1,1,0,4.7,0
C003403,403,12070.43,10,45,158,0.959,21.5,3469,3,2,0,4.7,0
C004530,93,3987.34,22,116,398,0.955,22.8,458,9,0,0,8.6,0
C000980,641,2347.8,13,51,233,0.461,24.5,317,16,0,1,3.6,0
C002656,383,12740.59,25,131,438,0.692,22.0,1233,3,1,0,7.8,0
C001848,570,1997.87,8,41,151,0.718,29.0,1032,18,2,0,4.3,0
C008899,171,3746.14,16,63,241,0.8,31.3,717,3,0,0,2.4,0
C009074,454,4482.38,16,78,337,0.908,18.7,2363,17,0,0,3.6,0
C008441,91,2592.3,17,70,320,0.877,15.5,1346,2,0,0,6.7,0
A000519,446,4039.34,17,87,34,0.474,25.6,9,14,0,1,1.6,1
C005722,215,12146.74,11,60,216,0.268,28.2,4650,2,2,0,0.3,0
C000516,388,1837.29,15,84,307,0.473,30.8,5376,3,1,0,2.8,0
C009055,318,8102.61,10,53,197,0.701,15.6,379,5,0,0,8.1,0
A000611,260,2383.84,16,14,126,0.169,6.9,809,30,0,1,3.5,1
C009134,665,4002.09,14,60,226,0.688,15.7,2416,3,0,0,5.1,0
C001103,415,8735.48,8,39,140,0.784,31.5,395,1,0,0,10.0,0
C003277,388,12647.6,11,31,123,0.73,26.3,1219,0,0,0,8.8,0
C007866,960,2933.58,8,42,160,0.579,14.6,6613,0,3,0,7.9,0
C005346,772,6547.96,12,55,207,0.97,22.3,490,1,1,0,9.4,0
C002658,69,21402.03,21,88,397,0.842,18.3,351,3,0,0,7.6,0
C009996,2000,17020.94,16,89,326,0.962,24.2,2200,1,0,0,9.7,0
C009179,282,15752.83,11,52,234,0.766,12.1,2167,4,0,0,2.5,0
C003997,75,15948.52,19,77,322,0.648,21.8,607,7,0,0,3.6,0
C000195,215,17133.17,15,87,296,0.755,28.6,1740,3,0,0,4.0,0
C004712,294,7518.89,13,62,248,0.773,19.4,1463,10,1,0,6.3,0
C000644,460,6537.34,11,60,229,0.75,8.5,1939,3,1,0,2.4,0
C009241,437,8998.62,13,41,180,0.759,21.0,9113,14,0,0,10.0,0
C003286,100,7735.2,16,98,345,0.407,16.1,4729,0,1,0,10.0,0
C003117,174,6835.65,10,61,240,0.984,17.4,8598,0,0,0,7.1,0
C007874,822,2597.35,18,81,284,0.647,27.3,2467,1,0,0,9.5,0
C003576,460,2799.85,13,44,168,0.814,4.0,3008,6,0,0,5.5,0
C006873,518,2287.92,20,107,407,0.684,32.8,611,1,0,0,4.6,0
C009940,514,2618.41,17,84,292,0.768,13.4,828,5,0,0,1.9,0
C004321,398,2734.31,9,45,167,0.586,23.8,2373,1,0,1,4.0,0
C007854,524,4951.01,13,50,179,0.57,19.9,2450,0,0,0,4.3,0
A000983,368,3247.18,25,7,109,0.16,9.3,68,3,0,1,1.1,1
C002208,342,2625.05,18,79,324,0.774,15.4,600,12,1,0,6.8,0
C004553,693,6814.84,16,41,176,0.759,26.1,2202,3,0,0,9.8,0
C004403,548,8124.85,20,100,356,0.706,16.6,1601,2,0,0,8.3,0
C009751,424,2341.42,18,90,367,0.729,21.8,3017,1,0,0,4.1,0
C007396,532,3093.61,11,52,226,0.623,22.2,1170,12,0,0,7.7,0
C003719,755,9803.1,16,93,324,0.64,21.4,618,6,0,0,4.6,0
C000973,176,4855.32,12,52,223,0.387,30.7,549,12,0,0,2.9,0
C004580,689,5732.98,16,82,291,0.904,22.6,993,1,0,0,4.0,0
C006517,215,5193.24,14,60,265,0.413,17.9,1165,1,0,0,3.4,0
C006699,325,5006.41,12,70,275,0.561,21.6,5916,1,0,0,8.3,0
C000720,768,10161.15,10,41,163,0.859,24.8,2328,5,0,0,8.3,0
C008062,284,4537.17,9,45,173,0.906,26.5,768,0,1,0,7.9,0
C006156,903,1051.78,17,75,276,0.691,19.0,1570,0,1,0,6.4,0
A000375,197,8812.87,10,7,58,0.186,6.0,246,9,0,0,6.9,1
C003897,665,4782.15,11,59,200,0.467,24.0,2335,15,1,0,3.2,0
C002804,454,6810.01,13,85,300,0.919,27.9,2133,5,0,0,2.6,0
C002567,255,2818.65,19,119,424,0.828,20.6,973,2,0,0,10.0,0
C004026,552,11818.43,22,89,388,0.636,18.9,1081,1,0,1,4.5,0
C006199,446,3547.68,17,87,300,0.134,36.5,1143,3,0,0,9.2,0
C000033,304,2600.81,13,74,270,0.752,28.7,1044,1,0,0,8.9,0
C009145,430,4341.4,14,71,267,0.93,21.3,2268,1,1,0,10.0,0
C009736,241,4620.19,21,96,374,0.746,15.8,1326,2,0,0,10.0,0
A000792,381,4931.84,16,7,105,0.064,4.0,1641,15,1,0,6.0,1
C004064,743,11061.91,17,100,364,0.309,20.4,3046,1,0,0,6.7,0
C009860,272,4906.4,15,46,189,0.589,20.1,639,11,0,1,5.9,0
C007302,316,9097.7,18,113,433,0.687,18.3,1064,2,0,0,8.1,0
C005541,784,5397.19,13,54,212,0.746,29.0,1628,2,0,0,4.5,0
C001698,535,7755.01,17,67,250,0.587,25.7,832,6,0,0,10.0,0
C002793,258,4746.68,12,48,171,0.701,21.8,1816,1,0,0,5.8,0
C002223,323,3822.72,14,72,277,0.725,31.4,819,1,0,0,3.7,0
C005819,1160,7933.75,13,71,257,0.879,22.9,1137,6,0,0,3.9,0
A000628,981,6562.38,13,7,70,0.634,6.0,270,7,0,0,2.5,1
C003765,482,7426.77,14,54,232,0.697,20.8,1465,5,2,0,3.0,0
C003867,332,2803.75,9,35,160,0.8,22.5,1659,2,0,0,0.0,0
C007799,857,5151.87,14,54,218,0.9,20.0,3690,0,0,0,4.1,0
C009545,515,7171.62,17,78,327,0.882,26.2,113,1,0,0,10.0,0
C009850,335,4181.07,10,45,203,0.875,26.7,1028,2,0,1,2.3,0
C008116,489,4314.42,9,43,182,0.599,24.0,2466,3,0,0,5.7,0
C002513,650,2804.65,6,22,93,0.489,20.9,669,2,1,0,10.0,0
C003759,932,6827.29,17,67,261,0.666,28.0,2293,2,0,0,4.7,0
C002832,720,7645.35,11,45,180,0.54,30.3,1016,6,1,0,8.0,0
C003228,840,6443.42,19,95,426,0.907,18.6,439,1,0,1,3.6,0
C004215,182,9239.03,21,77,78,0.481,7.4,507,9,0,1,2.6,0
C003924,174,3873.74,18,68,303,0.694,21.4,626,0,0,0,10.0,0
C003905,979,8140.72,16,77,266,0.73,17.4,1957,0,0,0,7.1,0
C002278,538,4220.56,18,63,250,0.775,25.6,995,4,0,0,3.1,0
C007002,703,2853.01,10,51,192,0.68,21.6,257,3,1,0,8.2,0
C008242,894,10088.76,9,35,140,0.845,20.4,571,2,0,0,8.7,0
C001402,635,4365.18,16,72,322,0.596,26.1,697,1,1,0,6.9,0
C000740,559,19460.17,14,57,226,0.716,21.4,3027,5,1,0,9.6,0
C006553,889,10232.04,7,38,154,0.763,23.3,929,7,0,0,5.5,0
C004267,931,3431.38,17,83,327,0.909,23.3,622,3,0,0,10.0,0
A000841,308,9476.86,18,4,73,0.671,4.6,84,5,1,0,5.1,1
C004980,384,2628.14,12,31,134,0.787,23.4,406,4,0,0,3.4,0
C003254,510,4857.98,18,100,421,0.732,17.1,645,14,0,0,2.5,0
C003852,732,7160.12,15,54,217,0.592,21.2,1087,6,0,0,6.4,0
A000016,154,15919.44,11,12,108,0.193,2.7,49,21,0,1,2.0,1
C002662,1208,3869.7,17,89,309,0.824,15.6,369,6,0,0,5.6,0
C007924,152,4216.21,12,68,234,0.759,26.6,446,6,0,1,10.0,0
C008669,352,3796.88,18,118,399,0.672,22.4,499,3,1,0,6.5,0
C000675,226,1102.05,17,51,229,0.679,17.7,1266,2,0,0,9.3,0
C007306,102,2289.55,16,49,223,0.829,31.4,404,0,0,0,6.4,0
C008406,691,9373.4,9,36,158,0.613,17.1,326,4,0,0,4.9,0
C007012,85,6597.89,11,42,180,0.746,26.6,1060,13,0,0,8.5,0
C007730,177,4229.23,9,40,155,0.74,23.5,2670,4,0,1,5.1,0
C003842,278,1961.13,10,56,196,0.585,18.0,575,0,0,0,5.0,0
C001816,242,3099.55,10,66,242,0.801,16.7,493,0,1,1,8.9,0
C009177,611,5607.89,12,36,130,0.873,22.6,8072,6,1,0,10.0,0
A000813,1074,4713.26,14,6,87,0.167,8.7,80,4,0,2,2.5,1
A000126,1025,7549.21,9,8,70,0.505,4.6,469,16,1,1,4.6,1
C004654,268,16623.66,17,82,288,0.794,20.2,1114,1,0,0,2.2,0
C003658,160,2407.33,15,58,229,0.795,27.2,1252,3,1,0,8.3,0
C002101,806,5818.16,17,80,303,0.801,18.0,383,2,0,0,7.0,0
C005164,982,4269.31,15,75,325,0.607,21.7,1418,4,0,0,6.3,0
C006709,287,1290.42,18,70,290,0.637,25.0,1525,4,0,0,2.9,0
C001674,449,3041.99,16,83,325,0.945,16.8,1676,1,0,0,10.0,0
C002102,1045,4839.45,14,76,297,0.661,26.5,1131,0,0,0,4.0,0
C004214,710,2691.74,14,65,243,0.599,23.0,724,10,0,0,8.9,0
C008652,288,3696.54,21,73,325,0.776,19.0,1705,0,0,0,5.8,0
C007886,177,5570.34,15,60,242,0.593,18.0,2675,9,0,0,8.3,0
C001549,635,8330.22,17,75,276,0.818,28.7,357,11,0,0,4.9,0
C008448,384,9550.33,19,89,307,0.838,19.6,1009,18,0,0,9.1,0
C007781,1126,4246.31,16,91,314,0.708,12.8,490,9,0,1,9.1,0
C003324,513,6682.99,10,52,185,0.839,20.6,2055,5,1,1,5.7,0
C009647,722,5199.29,12,58,239,0.668,26.4,1645,4,0,0,6.8,0
C000356,175,1493.8,12,68,246,0.648,25.9,750,23,0,0,3.7,0
C005185,96,1289.02,15,55,213,0.62,19.8,2931,2,0,1,6.2,0
C001462,222,2426.97,12,56,213,0.812,23.3,1287,2,1,0,3.1,0
C008957,495,6935.62,24,113,392,0.936,16.6,646,4,0,0,5.5,0
C006632,440,2573.59,11,51,175,0.738,27.9,2022,1,1,0,3.0,0
A000325,300,5006.38,27,14,190,0.285,6.0,750,4,2,2,3.4,1
C003221,996,6493.11,13,57,255,0.771,31.0,73,9,0,0,1.9,0
C000940,445,1750.19,11,5,220,0.723,14.7,773,4,0,0,2.3,0
A000079,158,5466.47,13,14,96,0.291,8.5,91,1,1,2,5.0,1
C005148,348,13368.88,15,57,228,0.497,19.2,2048,0,1,0,3.7,0
C007171,722,3296.44,13,57,249,0.383,20.3,2403,6,0,0,4.2,0
C006418,716,6793.66,16,83,289,0.838,20.2,338,4,0,0,8.5,0
C005924,235,9288.86,22,112,413,0.61,18.7,531,7,1,0,10.0,0
C007431,117,7256.13,16,90,306,0.779,25.5,2159,3,0,0,10.0,0
C008848,642,6314.11,19,100,381,0.631,24.3,660,0,0,0,8.0,0
C001752,520,8911.28,16,92,327,0.676,20.5,314,0,0,0,2.7,0
C003977,580,2778.83,12,39,158,0.881,17.4,367,14,0,1,10.0,0
C008697,344,3108.46,18,78,334,0.846,26.4,1012,2,0,0,6.7,0
C001773,565,3524.81,16,74,298,0.837,20.5,364,10,0,0,10.0,0
C001197,38,6448.42,14,72,261,0.758,22.3,936,3,0,0,7.0,0
C001879,690,3930.89,18,72,310,0.844,28.7,425,0,0,1,8.5,0
C002669,441,11714.94,14,41,181,0.595,23.5,3537,9,1,1,7.1,0
C003172,585,9165.77,22,134,522,0.7,21.7,909,3,0,1,4.7,0
C002017,676,6072.67,20,97,359,0.642,15.8,343,3,1,0,5.9,0
C002006,346,2065.87,15,61,261,0.747,25.8,4069,2,0,0,5.6,0
A000831,808,4058.33,10,3,278,0.185,7.1,1656,19,0,2,10.0,1
C003894,202,12999.36,11,46,194,0.817,18.7,825,5,1,0,9.6,0
A000982,315,1546.17,9,5,47,0.196,5.2,51,5,0,0,6.0,1
C003238,335,6394.2,13,67,246,0.541,22.1,2283,6,0,0,7.9,0
C004425,696,1519.78,14,70,310,0.508,26.5,3370,1,0,2,6.0,0
C004745,693,3427.5,16,90,306,0.795,28.1,953,11,0,0,2.1,0
C007696,216,3119.84,22,115,416,0.582,21.9,943,4,0,0,10.0,0
A000057,429,7801.31,14,2,259,0.102,11.6,83,26,0,1,0.0,1
C002079,223,2308.99,8,37,126,0.717,18.8,934,1,0,0,5.4,0
C005220,733,2588.99,15,66,294,0.837,19.7,827,5,0,0,10.0,0
C000397,393,10242.02,12,76,280,0.761,18.0,1749,3,1,0,7.9,0
C002789,206,2903.52,14,55,221,0.737,24.9,2836,3,0,0,0.0,0
C002258,152,3346.58,9,45,168,0.404,22.8,759,18,0,0,10.0,0
C007916,1291,3281.27,14,55,226,0.237,17.8,649,0,0,0,4.4,0
C004073,540,14133.34,14,53,204,0.602,29.3,84,2,0,0,6.2,0
C005575,108,4674.93,20,107,392,0.808,11.9,1163,6,1,0,6.4,0
C009212,230,12012.79,19,96,397,0.804,28.3,2833,4,0,0,8.9,0
A000458,99,9378.15,15,7,53,0.161,5.1,76,5,0,1,3.7,1
C005356,212,5950.0,14,94,327,0.944,33.2,873,5,0,0,8.5,0
C008488,328,1049.04,13,52,180,0.744,22.7,946,1,0,0,5.6,0
C006094,286,2270.18,13,71,247,0.662,19.6,749,2,0,0,9.0,0
C008940,447,4725.78,23,68,312,0.76,19.9,910,3,0,0,7.4,0
C001520,159,5728.51,15,79,286,0.685,25.5,1648,2,2,0,5.6,0
C009025,796,2041.75,14,65,221,0.865,26.4,571,2,0,0,0.0,0
C001379,563,1671.28,13,62,275,0.766,22.4,100,7,1,0,5.7,0
C005673,590,4038.43,12,58,232,0.738,20.2,1670,0,1,0,5.2,0
C001024,273,3062.68,10,43,179,0.791,29.7,621,13,1,0,8.1,0
C002588,238,6741.6,16,81,316,0.757,28.2,1615,1,0,0,8.9,0
C009664,574,3496.84,10,37,140,0.938,24.0,8776,4,0,0,10.0,0
A000736,246,4838.13,18,3,45,0.428,5.5,153,0,2,1,1.4,1
C005622,504,1939.19,17,101,365,0.743,19.5,241,6,2,0,9.7,0
C008720,288,2262.23,12,59,200,0.794,21.3,1860,0,1,0,5.2,0
C005009,223,4825.5,14,71,290,0.405,18.4,2687,2,0,0,8.1,0
C002858,387,3309.41,19,96,324,0.291,18.6,1120,0,1,1,7.3,0
A000517,162,11206.88,13,13,101,0.189,6.7,154,30,1,2,7.1,1
C005772,918,9227.43,11,52,214,0.843,18.8,960,1,0,0,3.2,0
C005843,562,3382.42,14,69,275,0.712,19.1,461,2,0,0,3.2,0
C007123,831,6512.59,12,59,253,0.626,22.3,391,3,0,0,6.5,0
C008449,323,10402.22,14,54,188,0.526,17.8,46,2,0,0,0.0,0
C005833,313,9767.65,9,56,190,0.882,24.2,581,1,0,0,10.0,0
C001630,298,4323.3,8,38,149,0.988,26.7,432,0,2,0,8.3,0
C004889,339,14441.6,20,65,288,0.924,19.7,1164,11,0,1,5.6,0
C004527,514,5578.5,6,25,107,0.859,24.2,707,6,0,0,4.0,0
C003524,1067,3383.06,23,134,578,0.782,30.6,1115,5,0,0,9.5,0
C005905,951,6242.28,15,83,283,0.786,26.3,1098,2,0,0,7.8,0
C000523,605,4353.99,16,71,253,0.84,27.5,1550,2,0,0,6.7,0
C003608,372,3136.77,16,97,343,0.66,18.8,364,2,0,1,9.8,0
A000360,160,19882.24,18,11,96,0.022,10.7,56,25,1,2,2.8,1
C005221,524,5035.93,15,86,299,0.625,25.6,188,0,1,0,5.5,0
C007181,160,3635.1,25,4,367,0.814,21.2,1096,11,0,0,4.1,0
C000235,162,1857.32,12,56,245,0.384,15.6,1691,16,1,0,7.1,0
C003989,243,5137.85,16,61,263,0.746,18.0,3270,2,0,0,10.0,0
C003797,114,4656.74,15,58,244,0.664,28.3,246,3,0,0,6.5,0
C004119,849,4676.55,17,79,320,0.804,13.1,640,5,0,0,1.9,0
C006319,309,6515.03,13,71,261,0.837,26.6,1582,6,0,0,3.5,0
C005002,328,5574.0,18,96,342,0.7,16.8,2236,3,1,0,0.0,0
C007095,236,11304.37,15,60,219,0.77,20.7,361,0,0,0,6.8,0
C006776,496,6264.27,20,86,351,0.85,27.2,1465,1,1,0,7.5,0
C003801,385,3277.7,13,56,234,0.869,33.8,1092,2,1,0,6.9,0
C008674,60,6269.13,15,71,255,0.55,19.4,1255,1,0,0,4.9,0
C003900,191,9746.34,15,72,270,0.598,15.3,1058,4,0,1,8.2,0
C005025,602,7223.7,16,87,307,0.615,24.3,658,1,0,0,7.7,0
C001949,328,4802.91,13,50,221,0.479,17.0,510,3,1,0,4.4,0
C006362,385,10862.68,18,70,281,0.757,26.1,296,1,0,0,5.5,0
C000471,157,6280.7,16,70,310,0.822,15.2,896,2,0,0,10.0,0
C002449,396,13450.51,11,55,215,0.929,20.6,1152,2,0,0,6.2,0
C003493,266,3809.35,16,58,256,0.549,29.8,2049,6,0,0,8.3,0
C006835,91,10727.11,13,67,270,0.818,21.0,1539,1,0,0,7.8,0
C006092,644,2629.84,17,75,284,0.79,27.1,616,1,0,0,9.1,0
C007736,620,2675.49,15,74,288,0.838,24.0,2005,8,1,1,5.9,0
C002672,152,9780.33,12,54,226,0.673,23.5,3863,4,0,0,3.6,0
A000773,221,1285.35,20,54,75,0.434,6.7,3041,27,0,2,8.7,1
C002225,376,3080.12,18,92,398,0.701,26.2,868,6,0,0,4.4,0
C001107,1303,9169.15,14,61,234,0.25,15.5,883,6,1,1,7.2,0
C002189,440,5975.82,15,61,235,0.916,27.4,4765,0,0,0,10.0,0
C000819,113,10376.24,15,81,286,0.705,18.0,1242,7,0,1,7.8,0
C007055,505,890.24,9,39,137,0.735,20.3,406,11,0,0,3.4,0
C006756,281,5110.88,13,50,206,0.455,5.1,3458,0,1,0,1.7,0
C005572,1318,7020.35,22,109,434,0.713,21.5,1229,3,2,0,5.5,0
C004524,1187,1567.71,7,40,154,0.61,14.6,519,1,0,0,3.8,0
C005794,205,3957.44,20,86,331,0.755,30.2,4140,1,0,1,10.0,0
A000321,298,1005.72,16,3,43,0.45,4.5,125,11,2,1,1.3,1
C009681,274,16464.67,20,95,405,0.82,19.0,921,0,0,0,4.0,0
C005739,520,9458.96,15,55,229,0.485,26.1,879,1,0,0,6.5,0
C002625,1040,6217.64,16,68,257,0.689,20.7,217,2,0,0,5.1,0
C004729,174,2728.87,10,50,180,0.636,23.0,1831,0,0,0,6.4,0
A000332,211,4216.43,9,1,15,0.208,6.4,1408,6,0,3,0.0,1
A000897,402,5292.73,17,7,62,0.045,6.3,29,8,1,1,4.3,1
A000033,94,1868.03,16,7,56,0.312,4.0,53,27,0,2,0.0,1
C000889,415,7536.28,14,80,286,0.929,23.9,842,0,0,0,2.3,0
A000950,389,6528.46,15,5,87,0.392,6.1,25,13,0,1,7.4,1
C009137,243,2567.14,11,41,150,0.582,15.5,1655,7,0,0,5.8,0
C002438,545,5698.79,16,89,326,0.66,16.6,542,3,0,0,8.4,0
C006057,547,11871.46,13,61,259,0.648,23.2,93,2,0,0,6.3,0
C009263,99,2748.82,15,41,181,0.636,19.3,2560,4,1,0,1.8,0
C000818,280,3547.95,16,53,240,0.85,14.0,1793,0,1,0,6.1,0
C009846,327,9071.66,9,57,195,0.49,30.7,371,2,0,1,6.3,0
C003415,489,15948.05,12,49,191,0.665,23.5,2504,6,0,0,3.8,0
C006353,143,6144.6,22,117,429,0.689,16.1,2945,6,0,1,1.1,0
C002342,139,7489.71,11,77,279,0.795,26.6,266,2,0,0,4.7,0
C009947,422,6418.29,14,61,253,0.642,21.4,1644,3,0,0,10.0,0
C003168,328,4594.83,18,79,304,0.711,18.6,1239,1,0,0,4.0,0
C001810,798,9311.14,17,89,310,0.578,8.8,182,0,0,0,4.5,0
C009416,562,7194.93,17,68,247,0.384,28.9,1586,6,0,0,10.0,0
C008935,814,5133.31,17,75,287,0.605,31.6,686,5,0,0,6.9,0
C007162,917,3048.78,13,67,235,0.878,24.5,702,6,0,0,3.8,0
C001265,638,5664.6,16,67,235,0.577,30.8,384,1,0,1,6.5,0
C005087,387,2066.14,16,79,281,0.956,32.0,867,9,0,0,8.6,0
C008618,341,2357.67,21,108,363,0.931,20.5,607,5,0,0,4.4,0
C008893,648,9589.58,17,75,330,0.885,23.6,1710,2,0,0,6.9,0
C007729,506,3965.2,17,71,315,0.516,16.8,271,10,0,0,9.2,0
C005836,377,3327.1,16,56,193,0.884,27.3,1709,4,0,0,3.9,0
C007017,489,3592.87,13,64,247,0.885,22.1,791,2,1,0,10.0,0
C005195,850,3774.65,8,42,156,0.634,35.0,3439,5,3,0,2.1,0
A000637,540,2604.46,15,5,63,0.388,5.6,198,0,2,1,3.4,1
C004450,64,9606.24,13,63,212,0.852,21.1,226,0,0,1,9.1,0
C004946,296,4989.05,16,58,217,0.654,31.1,763,1,0,0,3.3,0
C007458,1078,5641.13,12,57,217,0.813,21.3,1356,6,0,0,3.4,0
C004046,88,1572.94,16,57,258,0.794,28.4,2100,0,0,0,10.0,0
C007913,540,1961.75,14,60,204,0.908,20.9,2277,8,1,0,9.8,0
C003703,194,3143.38,15,57,256,0.92,17.2,2754,2,0,0,6.9,0
C001036,508,12416.1,22,87,375,0.615,20.5,5476,2,0,0,3.9,0
A000183,982,1829.93,8,1,29,0.46,5.0,59,30,2,0,7.0,1
C006920,497,18035.54,16,79,282,0.751,17.8,903,9,1,1,6.9,0
C005591,377,10344.47,13,75,273,0.721,16.5,221,13,0,0,4.6,0
C007227,488,6763.88,13,59,248,0.556,21.3,1812,0,0,0,5.1,0
C001229,195,2858.46,10,54,191,0.899,19.3,1293,12,0,0,6.7,0
C008511,191,8265.95,12,70,249,0.67,25.0,1102,2,0,0,5.7,0
C007956,196,4395.35,18,92,372,0.751,17.0,2571,0,0,2,6.8,0
C005150,179,3540.14,25,98,395,0.782,23.0,3235,1,0,1,0.8,0
C005142,213,18932.03,18,70,318,0.43,12.5,353,1,0,0,7.9,0
C008237,430,2714.6,17,85,342,0.845,21.1,725,2,1,0,5.5,0
C006552,202,5445.65,8,44,152,0.758,17.3,1058,3,0,0,8.0,0
C000053,188,2816.3,16,60,224,0.696,11.2,470,6,0,0,7.3,0
C001012,294,14400.55,15,63,270,0.932,21.7,1282,9,0,0,3.2,0
C006556,204,7683.21,15,76,296,0.606,22.4,1106,4,0,0,3.9,0
C008594,489,1502.97,16,71,241,0.534,21.2,1445,1,0,0,3.5,0
C007182,470,14701.16,3,16,57,0.764,12.8,2270,9,1,0,4.1,0
C009243,220,8026.21,14,74,304,0.68,21.4,1393,0,0,0,10.0,0
C000160,653,6184.22,11,52,190,0.766,19.5,226,0,0,0,5.3,0
C008675,561,4927.69,8,26,116,0.476,21.9,4304,5,0,0,4.2,0
C001588,210,21148.6,19,78,341,0.767,21.8,12469,4,0,0,8.6,0
C001590,743,5540.27,17,71,277,0.528,26.4,1504,13,0,0,8.3,0
A000816,268,2935.62,15,8,96,0.47,5.2,93,2,2,1,2.9,1
A000433,481,5810.6,13,5,91,0.616,7.1,92,3,2,1,3.8,1
C009073,110,11964.58,20,74,333,0.819,22.8,741,0,0,1,5.6,0
A000414,692,3137.91,13,1,29,0.228,6.8,96,11,0,0,2.6,1
A000265,788,6271.26,17,10,79,0.12,3.7,145,5,1,2,1.3,1
C006688,499,12033.07,11,65,248,0.628,22.1,102,0,2,1,5.7,0
A000277,532,5124.02,14,8,61,0.512,6.1,26,13,1,1,6.3,1
C008318,460,1344.4,12,43,169,0.495,14.1,887,0,0,0,8.9,0
C008026,323,5849.5,17,80,301,0.885,15.6,2042,0,0,0,8.9,0
C006175,305,2579.72,13,81,295,0.598,19.2,933,0,0,0,5.8,0
C008847,990,10855.74,21,106,464,0.545,19.6,1443,2,0,1,3.7,0
C009800,598,4419.27,24,140,486,0.698,31.7,499,1,0,0,6.8,0
C007481,303,7157.28,21,92,370,0.72,36.1,1393,13,1,0,5.4,0
C003859,167,3326.81,15,54,211,0.834,22.8,1340,1,1,0,8.0,0
A000788,541,2198.13,14,6,73,0.587,6.2,56,19,1,1,4.3,1
A000186,81,8122.85,24,7,96,0.123,6.2,116,30,1,3,1.8,1
C008139,275,2486.84,11,43,183,0.657,12.5,2059,0,1,0,7.3,0
C002829,391,1152.38,20,140,494,0.79,16.3,2273,3,1,0,9.1,0
C000437,131,11255.7,14,76,269,0.72,20.5,534,3,0,0,5.5,0
C005790,585,7945.32,15,82,302,0.84,28.0,508,0,1,3,4.4,0
A000449,613,10637.98,21,7,87,0.567,4.9,120,18,0,1,4.7,1
A000411,432,5806.07,20,17,143,0.302,3.8,56,6,2,2,0.4,1
C009009,306,4369.4,17,72,270,0.865,16.6,626,1,0,2,7.1,0
C003879,374,14230.73,19,84,320,0.688,16.3,2931,0,0,0,3.7,0
C001589,153,6922.85,12,62,225,0.356,18.8,819,1,0,0,6.3,0
C007399,463,2435.6,24,86,381,0.871,23.6,1607,0,0,0,8.7,0
C002781,520,3863.66,11,51,212,0.863,16.3,568,4,0,0,4.2,0
C009896,1157,1456.54,13,45,202,0.864,14.6,2657,1,1,0,4.4,0
C009430,368,5571.99,19,89,301,0.931,29.0,778,0,0,0,7.5,0
C005687,521,3139.45,12,49,215,0.597,9.5,1613,0,0,0,10.0,0
C003966,118,2444.14,14,61,215,0.857,24.3,1149,0,0,0,8.2,0
C004728,95,14354.39,17,61,278,0.701,14.1,324,9,1,0,10.0,0
C000974,150,12650.16,16,90,354,0.749,32.1,2428,0,0,0,8.9,0
C001239,630,17273.97,15,55,237,0.64,24.3,121,5,0,0,8.6,0
C002952,1045,15906.43,17,99,355,0.529,17.0,1623,1,0,0,4.3,0
C007619,453,8543.08,18,90,370,0.635,16.6,1440,1,0,0,10.0,0
C002343,340,5918.81,17,78,346,0.836,21.7,2233,6,1,0,5.8,0
C007936,172,13228.24,17,68,296,0.799,16.9,1792,10,0,0,8.0,0
C008538,770,5647.39,20,90,358,0.563,13.4,640,1,0,0,3.5,0
C006047,436,8348.46,17,58,220,0.789,23.3,623,0,0,0,5.6,0
C002159,1107,11432.22,14,46,210,0.561,24.7,3673,0,0,0,3.2,0
A000217,324,12496.91,13,9,152,0.16,4.8,62,2,2,0,1.9,1
C008015,264,1793.69,16,86,341,0.54,17.6,844,0,0,0,5.8,0
C001498,620,4768.38,17,87,329,0.824,19.4,2338,6,0,0,8.6,0
C004546,916,1502.34,14,59,221,0.528,14.3,2975,4,0,0,9.6,0
C006466,405,2405.02,16,71,265,0.733,22.8,1006,2,0,0,6.5,0
C007356,289,9516.99,17,71,283,0.769,32.2,951,2,0,0,2.3,0
C007526,835,4613.68,10,40,140,0.49,21.1,1405,4,0,0,5.7,0
C007824,681,2014.71,14,64,255,0.864,21.3,406,5,1,0,9.6,0
C007548,386,7929.82,13,82,285,0.778,25.6,305,0,0,0,3.5,0
C007914,147,3551.41,18,102,352,0.855,30.4,900,3,1,0,5.1,0
C004258,376,1408.97,15,59,262,0.786,15.0,1084,2,0,0,8.4,0
C002423,225,7167.71,15,98,338,0.551,19.5,842,4,0,0,6.2,0
C009435,72,9616.44,17,84,320,0.144,24.8,3929,10,0,0,5.9,0
A000583,619,6193.38,13,8,60,0.115,5.6,67,21,0,2,3.8,1
C005186,434,2976.01,10,42,168,0.745,31.3,847,4,0,0,8.7,0
C005648,526,3317.55,12,49,188,0.663,17.2,317,2,0,0,0.7,0
C000358,195,4701.93,27,131,497,0.549,29.3,944,10,1,0,6.5,0
C005243,441,2793.71,12,46,208,0.561,23.3,2645,1,0,0,7.1,0
C002131,503,6272.25,11,37,166,0.76,24.2,1313,4,0,0,8.3,0
A000608,427,7067.95,21,4,40,0.089,5.8,14,3,1,2,4.9,1
C002093,64,10412.82,15,76,320,0.833,28.7,1348,2,1,0,5.9,0
C005410,331,1746.84,18,84,332,0.55,33.4,5470,2,0,0,2.0,0
C002016,344,4287.34,15,71,257,0.673,19.0,888,2,0,0,5.5,0
C009978,629,3873.1,11,43,191,0.823,15.6,1569,6,0,0,5.8,0
C004045,862,3371.11,16,125,420,0.66,23.4,773,27,0,0,5.9,0
C000188,858,5450.04,16,86,377,0.857,18.7,2031,6,0,0,3.6,0
C000910,597,2779.29,19,101,375,0.793,30.0,1738,2,0,0,4.6,0
C007939,186,15174.62,15,64,251,0.894,17.7,2729,2,0,0,4.7,0
C003656,346,2005.75,13,58,220,0.736,19.3,1354,6,1,0,4.6,0
C003427,1335,7690.37,17,128,445,0.886,25.5,3800,6,0,1,3.3,0
C008472,482,4161.34,17,80,269,0.673,15.2,1172,0,0,0,8.4,0
C001382,279,9791.62,21,96,408,0.584,24.8,2445,1,0,0,8.8,0
C008628,217,3026.91,10,52,205,0.542,21.2,1234,1,0,0,4.5,0
C000414,466,2123.35,14,51,206,0.717,24.5,643,0,1,1,8.6,0
C007428,653,3386.96,11,43,160,0.832,21.2,1313,0,0,0,5.0,0
C007552,614,3459.62,16,65,285,0.987,31.9,1209,3,0,0,10.0,0
C005038,356,7087.86,11,47,193,0.893,16.4,5081,2,0,0,10.0,0
C004898,422,3131.7,16,103,364,0.613,23.2,2479,9,1,0,6.1,0
C003337,564,11513.77,9,40,149,0.759,26.8,790,3,0,0,0.0,0
C003607,423,8107.56,13,46,199,0.645,11.4,811,0,0,0,6.5,0
C003176,645,7815.1,9,38,160,0.438,18.3,101,1,0,0,6.6,0
C006847,226,9240.62,14,70,253,0.791,22.3,1297,2,0,1,7.4,0
C002242,127,1775.73,22,91,350,0.693,21.5,969,1,1,0,4.9,0
A000676,661,904.44,15,10,115,0.192,5.3,375,4,0,0,1.6,1
C008806,418,5026.99,14,55,250,0.556,33.9,791,5,0,0,7.7,0
C000257,259,15922.0,23,74,311,0.625,21.1,914,0,0,1,6.1,0
C008391,406,4954.9,19,99,394,0.555,21.4,5653,0,0,0,5.1,0
C000201,231,5316.85,11,52,201,0.846,16.6,1920,6,0,0,5.3,0
A000850,246,10635.2,13,93,0,0.337,6.7,16,10,0,1,7.2,1
C002236,453,995.22,10,54,190,0.544,28.0,1903,6,0,0,6.8,0
C004744,1101,13242.61,9,36,135,0.717,27.8,1883,7,0,0,8.3,0
C001768,221,10255.82,11,45,182,0.873,23.4,331,1,0,0,7.5,0
C004237,412,22888.25,14,83,342,0.756,17.2,387,0,0,0,4.7,0
A000089,340,12905.93,16,21,142,0.24,5.8,79,0,0,1,4.6,1
C009299,101,11300.31,14,59,223,0.965,25.0,577,0,0,0,5.4,0
C008457,1287,14584.37,21,78,327,0.59,20.7,1578,2,0,0,8.5,0
C001573,553,12618.86,14,51,194,0.841,18.4,214,0,1,1,2.7,0
C000025,471,5626.13,16,77,305,0.737,27.2,811,13,0,0,6.7,0
C003364,570,1903.94,10,44,200,0.419,18.1,5842,5,1,1,2.8,0
C001089,180,6306.19,10,38,129,0.836,25.1,404,0,0,0,5.7,0
C004675,101,4691.87,12,65,235,0.445,31.2,855,1,1,0,7.7,0
C002695,243,9728.44,15,75,254,0.42,14.7,2775,0,0,0,4.0,0
C008691,1156,14298.51,11,50,197,0.228,14.5,122,18,0,0,10.0,0
C003399,596,2264.53,15,74,251,0.582,20.7,541,0,1,0,3.0,0
C003560,543,6548.24,16,66,240,0.651,25.5,551,0,0,1,9.8,0
A000074,863,5074.83,11,7,51,0.555,7.0,146,15,0,1,6.8,1
C002842,181,1781.83,18,95,324,0.443,17.1,479,12,1,0,8.6,0
C002312,637,8007.06,6,28,96,0.875,19.3,630,3,0,0,3.9,0
C007538,573,7184.16,12,42,176,0.801,14.5,817,10,1,0,9.8,0
C009175,412,4647.88,15,68,272,0.929,16.9,4221,4,0,0,5.4,0
C003235,86,4352.73,20,90,390,0.905,26.7,649,2,0,0,4.5,0
C007471,350,3065.11,15,51,215,0.68,25.0,4044,2,0,0,8.1,0
A000250,887,15308.9,13,8,57,0.178,7.7,162,4,0,1,2.6,1
C004153,531,3377.27,11,49,191,0.6,18.3,2829,0,0,0,6.0,0
C001310,391,9846.58,11,57,219,0.881,25.1,2605,1,0,0,8.7,0
C000696,194,12114.38,20,86,322,0.332,25.4,1155,12,0,0,2.3,0
A000312,258,1497.66,8,2,36,0.348,5.8,106,0,0,2,2.9,1
C008113,1496,10291.59,14,66,240,0.514,18.5,783,0,0,0,7.6,0
C003753,433,7195.87,15,62,246,0.345,28.9,3290,8,0,1,6.7,0
C006338,868,7213.87,10,55,198,0.775,19.9,4334,2,0,0,10.0,0
C001228,483,1072.36,9,40,173,0.907,18.3,1752,6,0,0,6.8,0
C002000,941,5724.16,9,36,152,0.615,16.4,1526,4,1,1,1.9,0
C000277,608,3316.16,12,58,198,0.828,18.2,377,5,2,0,5.7,0
C004222,320,4185.32,15,66,226,0.793,22.8,2509,4,0,1,8.5,0
C002368,647,1941.39,21,84,371,0.79,19.5,643,2,0,0,8.7,0
C005930,732,1704.22,20,104,393,0.659,21.1,1275,1,0,0,10.0,0
C002954,612,3002.28,13,62,209,0.282,17.0,6497,0,0,0,4.5,0
C003638,283,16734.14,12,67,295,0.724,15.3,1441,2,0,0,3.2,0
C003907,341,6105.4,16,67,244,0.366,31.5,328,1,1,0,8.7,0
C004779,596,1210.3,14,64,264,0.617,21.0,1713,1,1,0,5.8,0
C005846,214,26583.44,11,42,160,0.669,17.6,1755,0,0,0,5.3,0
A000666,473,6546.72,20,4,78,0.286,7.9,104,4,0,2,4.0,1
C004118,189,1847.99,13,66,255,0.794,17.2,2371,2,0,0,10.0,0
C002528,172,21787.05,12,43,187,0.79,28.4,3047,13,0,0,5.8,0
C001138,520,1922.02,10,58,217,0.833,24.6,1287,2,1,0,9.3,0
C002768,197,7249.7,13,75,267,0.781,16.8,1337,0,0,0,6.6,0
C002335,557,19703.76,12,59,231,0.44,23.6,857,7,0,0,7.2,0
C008765,739,6876.61,14,60,268,0.799,25.0,609,9,0,0,2.4,0
C007662,64,5053.91,19,100,387,0.848,21.5,907,4,0,0,5.5,0
C000943,52,5136.63,13,71,256,0.807,27.0,2392,8,0,0,4.8,0
C008737,174,3687.5,15,76,303,0.644,20.5,756,3,1,0,4.9,0
C008207,1295,4829.91,22,93,399,0.812,21.8,885,2,0,0,6.9,0
C002491,502,4711.15,25,108,392,0.786,19.3,388,1,0,0,9.3,0
A000645,175,2525.0,12,2,24,0.172,5.0,110,12,0,1,2.9,1
C009921,922,2909.36,15,72,298,0.937,17.9,1982,0,0,0,7.1,0
C007743,604,6543.24,19,61,217,0.867,28.1,817,12,0,0,10.0,0
C006291,659,6796.27,11,47,165,0.897,29.4,905,22,0,0,10.0,0
C004936,469,1768.32,9,56,222,0.687,20.3,1406,2,0,0,8.7,0
C003936,115,2536.96,9,47,169,0.54,23.8,1269,1,3,0,8.2,0
C006881,246,7845.88,15,79,285,0.878,22.1,1504,4,0,0,8.7,0
C008335,450,14544.47,17,67,236,0.851,24.5,836,1,1,0,6.2,0
C002385,1108,4560.11,9,47,182,0.769,25.7,1406,13,0,0,6.7,0
C008017,172,994.54,12,63,260,0.769,22.3,1054,2,0,0,4.9,0
C007085,169,2278.18,21,92,319,0.802,19.6,932,7,1,0,7.9,0
C000116,116,3066.61,10,38,153,0.697,24.3,805,18,0,1,6.6,0
C001864,277,6857.47,21,96,376,0.56,10.3,2618,4,0,0,6.7,0
C007497,468,5105.65,20,84,365,0.949,23.6,1025,2,0,0,10.0,0
A000966,480,5679.64,12,8,62,0.097,5.1,90,10,1,3,1.2,1
C003120,962,4452.01,16,62,263,0.407,18.0,2014,11,0,0,4.1,0
C004259,340,6512.62,19,67,261,0.453,15.2,695,2,0,0,10.0,0
C008157,492,2830.06,8,36,133,0.682,21.6,825,6,0,1,10.0,0
C000903,65,1826.33,10,57,224,0.682,21.5,2945,18,2,1,3.7,0
C002820,290,16484.48,13,59,205,0.852,28.8,577,7,0,0,5.3,0
C003823,372,2971.63,22,112,419,0.733,18.8,1611,11,1,1,5.0,0
C008425,65,4584.08,17,63,280,0.667,17.9,1424,14,0,1,9.7,0
C008294,762,4499.01,17,54,222,0.913,22.0,3300,14,0,1,7.8,0
C010010,401,1115.05,15,62,251,0.777,21.3,1805,4,1,2,7.1,0
C004700,180,6903.75,10,45,179,0.864,21.4,3820,0,0,1,2.3,0
C009827,563,5847.44,11,53,227,0.859,23.0,324,0,1,0,0.7,0
C003803,266,3150.72,15,70,239,0.861,18.5,1059,11,0,0,5.5,0
C009151,185,2860.61,12,67,267,0.339,27.4,334,1,0,0,2.2,0
C006069,44,9734.04,15,65,259,0.55,23.7,3491,8,0,0,7.4,0
C005811,173,2983.76,15,75,275,0.936,17.5,1454,0,0,2,4.2,0
C003537,486,2870.66,10,70,237,0.651,19.7,363,1,0,0,9.7,0
C003826,454,7183.02,20,82,316,0.929,22.7,1597,3,0,0,0.0,0
C006643,301,5153.13,14,45,191,0.928,20.8,1094,1,0,0,5.9,0
C009523,201,6202.76,24,121,433,0.544,22.6,512,0,0,0,7.7,0
C009484,253,4548.97,16,69,75,0.992,7.0,1184,3,0,0,6.0,0
C004811,547,27240.82,15,66,226,0.31,18.8,1681,9,0,0,0.5,0
C001947,1448,10045.45,9,38,176,0.824,20.9,1698,0,0,0,10.0,0
C009614,201,3678.67,23,117,466,0.673,11.2,990,2,0,0,6.2,0
C008853,246,21147.0,21,76,330,0.629,22.7,2288,1,1,0,6.3,0
C005336,263,4381.42,13,45,194,0.84,33.0,147,0,0,0,8.2,0
C003489,283,3719.59,19,99,351,0.65,18.8,1345,4,0,1,10.0,0
C001611,553,2194.73,14,66,282,0.828,20.1,663,9,0,0,2.5,0
C007270,314,13895.87,16,79,280,0.528,26.6,2873,2,0,1,10.0,0
C008623,800,8221.78,14,53,210,0.685,20.6,274,1,1,1,4.6,0
C007930,272,4496.02,17,86,297,0.624,24.4,715,0,2,0,5.7,0
C008389,200,1462.95,15,70,297,0.279,27.3,666,2,1,2,4.2,0
C007167,312,4387.87,11,50,185,0.74,22.1,639,3,0,0,8.4,0
C004678,341,6074.87,5,18,76,0.882,27.3,7159,0,0,0,5.4,0
C004960,339,4072.0,14,49,184,0.774,33.0,2635,5,0,0,4.9,0
C006964,491,2427.58,10,57,195,0.813,14.3,255,0,0,0,5.9,0
C005868,490,1383.37,15,50,220,0.756,19.2,1078,3,0,2,7.3,0
C009661,318,6519.62,19,98,428,0.842,25.2,1256,20,1,0,5.3,0
C007472,157,4209.66,20,98,371,0.505,16.6,1178,3,1,1,6.5,0
C004762,246,1586.77,15,72,257,0.899,20.7,840,1,0,0,8.6,0
C002195,235,3579.73,14,74,292,0.744,27.7,142,1,1,0,4.6,0
C000883,313,22083.4,20,92,319,0.832,26.9,2167,0,0,0,5.9,0
C007697,443,9132.67,9,43,162,0.902,20.9,1224,4,0,0,3.8,0
C005702,259,6621.54,14,58,238,0.906,22.8,177,4,2,0,9.9,0
C007692,335,12709.09,15,71,243,0.814,12.5,287,1,0,0,10.0,0
C005114,376,3881.02,16,70,313,0.845,32.0,345,10,0,1,4.3,0
C000558,329,7633.77,8,33,145,0.616,27.6,1337,3,1,0,0.0,0
C008954,676,1972.44,15,62,212,0.871,25.6,529,4,0,1,0.1,0
C005140,438,2209.6,15,75,258,0.271,27.2,3306,1,1,0,4.9,0
C001208,177,4889.78,13,48,208,0.643,18.2,1818,2,2,0,7.8,0
C000977,330,5803.76,8,40,140,0.912,14.6,4236,4,0,0,5.7,0
C007685,375,4887.19,9,53,188,0.371,11.8,253,1,0,0,10.0,0
C008537,507,2363.79,16,80,292,0.661,25.4,594,1,0,0,5.4,0
C001511,365,2241.84,8,52,199,0.685,21.7,6127,4,0,0,7.4,0
C006539,110,5004.81,12,56,254,0.579,22.7,3811,11,0,0,10.0,0
C003830,233,2371.28,15,89,366,0.621,19.8,826,4,0,0,8.1,0
C003733,245,3054.96,8,50,180,0.848,29.7,1607,7,0,0,8.3,0
C008895,253,4338.9,15,40,178,0.946,23.7,2497,0,0,0,6.1,0
C003212,820,1845.62,18,101,348,0.315,18.7,2271,1,0,0,5.8,0
C003631,577,2400.29,15,54,221,0.947,25.8,2609,1,0,0,7.8,0
C001709,1128,4024.19,16,61,243,0.472,21.4,1258,0,0,0,7.5,0
C001846,217,4534.61,12,42,193,0.933,22.9,192,10,0,0,10.0,0
C000267,462,1959.7,18,100,349,0.443,26.2,2948,12,0,0,8.5,0
C005986,141,1583.08,23,132,481,0.216,21.5,815,0,0,0,6.8,0
C001141,1545,3502.32,8,25,114,0.969,21.4,629,4,0,0,2.1,0
C003163,909,2828.0,16,81,298,0.606,13.9,907,1,0,0,6.4,0
C006208,436,2893.73,16,83,282,0.717,25.3,1783,0,0,0,6.5,0
C002047,557,3798.02,22,146,508,0.386,28.1,740,0,0,0,8.3,0
C003731,430,4594.25,12,63,215,0.546,21.0,456,1,1,0,7.5,0
C001910,344,5925.7,10,40,149,0.703,23.2,623,1,0,0,3.1,0
C002212,660,7444.76,13,56,233,0.531,30.7,9937,8,1,0,3.9,0
C002661,395,6415.62,13,72,298,0.804,23.7,1572,2,0,0,8.7,0
C000657,644,1214.56,14,66,264,0.419,21.5,804,6,0,0,5.8,0
C006661,307,5505.06,9,38,152,0.763,29.5,2154,15,1,0,7.9,0
C001308,378,3851.47,15,84,287,0.395,22.1,408,0,0,0,4.0,0
C002568,343,4207.51,15,69,275,0.724,21.7,1008,3,0,1,5.3,0
C008021,150,2029.3,30,164,596,0.656,17.4,613,2,0,0,4.2,0
C000999,163,16625.13,9,46,102,0.438,25.4,1328,1,0,0,8.8,0
C008605,127,3354.74,11,51,222,0.936,24.7,935,3,1,1,8.1,0
C002835,260,5097.81,10,60,229,0.71,16.2,415,2,0,0,10.0,0
A000526,150,4794.54,15,6,299,0.218,17.8,116,13,1,2,3.6,1
A000099,758,3032.02,12,8,65,0.107,6.0,1177,6,0,2,5.0,1
C005881,366,12201.59,14,65,274,0.702,19.0,718,8,1,0,7.8,0
C001238,648,19965.8,15,99,336,0.757,25.6,1219,8,0,0,6.6,0
C002152,576,4938.08,15,101,366,0.615,13.6,1086,8,0,0,6.2,0
C008621,497,2530.76,15,55,221,0.772,19.2,2036,8,0,0,3.9,0
C003836,223,4241.7,17,76,266,0.656,13.6,2689,6,0,1,10.0,0
A000663,671,4458.37,12,7,84,0.64,5.8,67,17,2,3,1.2,1
C008469,209,3403.62,18,120,419,0.422,21.9,1087,12,0,0,7.7,0
C009066,366,6387.97,20,121,437,0.67,23.8,912,6,0,0,10.0,0
C006579,412,9567.79,8,42,146,0.578,16.4,923,3,0,1,8.9,0
C005092,197,6648.72,12,48,200,0.637,31.4,843,0,0,1,10.0,0
C002187,319,6515.56,10,60,214,0.799,13.2,426,7,0,0,0.0,0
C009510,216,2307.95,17,67,235,0.875,16.6,953,6,0,0,6.4,0
C001135,524,4626.18,17,84,285,0.889,20.7,2214,1,0,1,4.5,0
C005005,317,2027.68,20,88,344,0.742,24.8,2108,4,0,0,2.8,0
C006627,262,8416.69,10,40,163,0.7,35.5,998,0,0,0,4.5,0
C009929,507,1877.33,11,26,104,0.695,20.1,1371,6,0,0,3.2,0
C001304,235,7431.12,17,81,354,0.787,15.5,661,0,0,0,4.7,0
C009319,30,959.5,11,47,214,0.495,18.7,2462,4,0,0,8.0,0
C001628,210,2774.67,9,49,173,0.808,28.0,743,2,0,0,7.1,0
C008835,691,11957.59,14,51,203,0.583,19.5,1146,9,0,1,6.1,0
C001523,445,6990.14,23,133,493,0.921,13.7,1693,17,0,1,7.3,0
A000783,200,8533.0,14,10,103,0.553,4.7,194,1,1,1,8.1,1
C000359,334,2757.16,18,89,380,0.683,31.4,1232,6,1,0,8.9,0
C000139,973,9979.37,14,56,212,0.915,13.7,887,1,2,0,4.6,0
C000300,288,3335.0,13,61,268,0.617,23.4,5765,8,0,0,6.5,0
C001557,496,7547.73,17,59,225,0.778,13.1,367,2,0,0,9.4,0
C005100,275,6461.57,18,89,338,0.507,18.5,1549,0,0,0,7.6,0
C000383,193,3914.0,12,57,253,0.883,31.9,820,0,0,0,2.8,0
C009150,631,11878.34,15,75,253,0.434,22.4,733,0,0,0,4.6,0
C008666,286,2955.93,10,50,225,0.612,17.5,3591,13,0,0,5.8,0
C007665,120,3785.86,18,61,266,0.727,13.9,7058,0,0,0,7.2,0
C004858,401,3447.77,13,60,228,0.71,16.9,987,2,0,0,6.0,0
A000222,142,2398.82,12,7,190,0.948,8.9,40,8,0,1,7.3,1
C003181,179,5578.47,21,82,341,0.622,18.0,1115,2,0,0,8.9,0
C001440,239,4679.54,12,55,228,0.948,22.0,1496,3,0,0,0.0,0
C008432,764,1683.05,11,37,152,0.765,17.1,807,2,1,0,7.0,0
C005674,269,21854.38,20,112,393,0.505,23.7,613,6,1,0,8.8,0
C007043,88,4063.14,15,48,206,0.639,26.7,2429,2,0,0,6.2,0
C000947,748,3964.19,12,43,166,0.53,15.7,1335,5,0,0,6.0,0
C002391,478,5671.24,18,64,288,0.388,18.0,1398,5,0,0,4.4,0
C005499,711,1935.8,22,110,412,0.457,8.7,1036,7,0,1,7.4,0
C004917,559,5698.67,14,85,304,0.794,18.2,1544,0,0,0,4.0,0
C008022,229,4859.75,10,42,187,0.798,21.3,844,3,0,0,5.5,0
A000155,433,9234.61,12,0,14,0.421,5.4,8,23,0,1,4.6,1
C002722,785,4992.44,16,40,156,0.602,16.3,1705,2,1,0,3.0,0
C001933,473,12402.87,10,41,157,0.745,13.3,4924,1,1,1,3.6,0
C002353,212,3512.99,14,55,197,0.552,19.7,2045,3,0,0,8.0,0
C007657,781,7000.4,14,63,243,0.415,20.9,923,0,0,0,1.8,0
C003237,262,5763.51,15,70,293,0.714,24.5,735,6,1,0,3.9,0
C003141,816,10136.37,13,86,302,0.822,21.5,1576,1,0,0,3.1,0
C004164,939,7400.78,16,94,339,0.926,29.5,4986,1,0,0,4.9,0
C009797,822,6110.68,13,49,188,0.447,19.4,168,1,0,0,7.3,0
C009125,522,3894.04,14,68,76,0.806,10.1,528,20,0,0,3.5,0
C003808,483,7198.65,12,53,221,0.796,21.9,977,5,1,0,5.2,0
A000429,553,11774.89,15,7,75,0.049,4.9,107,2,1,1,7.6,1
C001937,290,5228.69,16,81,294,0.557,16.3,4552,0,2,0,7.2,0
C009813,361,5056.03,19,70,300,0.566,25.1,3272,1,0,0,6.5,0
C006782,278,9984.66,10,43,168,0.666,25.7,2363,0,0,0,2.3,0
C008297,44,17863.27,21,128,433,0.563,24.0,1632,1,0,0,8.4,0
C004155,76,8248.1,17,104,389,0.705,19.9,2919,4,1,0,5.3,0
C004173,1086,1825.18,12,54,228,0.715,21.4,2468,7,0,0,6.6,0
C000797,773,2486.79,17,73,262,0.755,17.7,1258,0,0,0,3.5,0
C002417,62,2699.94,20,96,390,0.721,27.7,5167,7,0,0,10.0,0
C008459,403,1974.88,15,63,284,0.603,22.0,4400,10,1,0,8.1,0
C006140,1113,12147.38,10,33,145,0.784,21.3,18219,6,0,0,8.9,0
C000786,488,6543.51,14,65,269,0.733,15.2,1028,6,0,1,7.8,0
C008397,620,14627.73,20,95,386,0.903,24.4,2645,3,1,0,5.6,0
C006790,399,8582.91,18,69,279,0.702,27.6,1115,3,1,0,10.0,0
C003159,417,4465.73,11,28,105,0.58,28.8,443,0,0,0,6.0,0
C007203,54,3485.55,12,52,174,0.586,17.8,2123,1,0,0,2.6,0
C008037,383,21568.83,22,96,356,0.676,17.0,8529,1,1,0,6.2,0
C000124,1269,2274.59,14,46,197,0.597,5.9,876,3,0,0,8.8,0
A000407,624,2454.74,17,12,292,0.205,24.3,54,3,0,1,3.2,1
C005669,306,6931.7,14,66,252,0.571,18.4,3417,5,0,0,10.0,0
C002173,282,9246.42,10,30,127,0.898,23.5,251,4,0,0,7.6,0
C002170,414,4901.26,23,117,513,0.726,17.0,4105,19,1,0,7.2,0
C006629,124,4179.75,12,45,190,0.852,24.5,1626,3,0,0,1.8,0
C004010,476,2351.62,16,87,310,0.9,14.6,680,3,1,0,8.5,0
A000225,924,3964.35,19,11,104,0.209,5.9,382,27,1,0,9.2,1
C004341,189,2976.17,14,32,128,0.79,24.4,2629,8,0,1,6.5,0
C000911,333,1214.9,12,43,156,0.621,20.0,549,1,0,0,10.0,0
C006269,316,3589.89,21,100,346,0.918,25.2,2489,3,0,1,5.8,0
C002310,659,4567.91,13,54,240,0.651,25.7,875,5,1,0,3.3,0
C006592,140,12338.39,17,65,269,0.853,17.5,4085,4,1,0,5.7,0
C004459,275,9666.33,13,56,224,0.822,25.4,973,6,0,0,10.0,0
C007598,408,4342.78,21,107,389,0.643,26.4,732,5,0,0,9.3,0
C008490,420,7231.95,12,50,227,0.377,25.6,1520,2,0,0,6.3,0
A000266,136,4712.03,16,6,57,0.416,5.4,45,11,4,1,6.1,1
C004653,74,3907.88,19,61,255,0.66,17.8,341,0,1,0,8.7,0
C006219,139,4683.68,10,38,154,0.51,15.9,3494,7,0,0,4.1,0
C000443,363,5980.76,9,34,145,0.638,11.9,2328,4,0,0,10.0,0
C003416,883,7556.2,17,103,361,0.857,28.4,1171,3,0,0,6.2,0
C009632,757,18330.39,16,83,281,0.886,27.2,1759,12,1,0,9.8,0
C009230,680,3696.4,10,42,153,0.75,9.4,680,0,0,0,4.0,0
C008659,941,7468.66,18,92,62,0.844,15.4,1052,12,0,0,10.0,0
C005745,373,14753.88,15,69,264,0.91,14.9,1301,3,0,0,6.0,0
C001055,556,4114.07,8,40,150,0.825,27.7,775,2,2,0,6.3,0
C003700,322,3632.89,15,81,292,0.887,16.0,2461,0,0,0,4.6,0
C000930,598,7909.23,15,35,159,0.512,24.9,2489,8,0,0,10.0,0
C006469,785,1186.68,18,98,400,0.718,23.4,1156,0,0,0,6.7,0
C001830,546,2271.23,15,48,172,0.946,23.3,1895,0,0,0,7.2,0
C008544,427,3973.98,17,69,257,0.831,4.2,3511,4,0,0,4.9,0
C008984,264,7278.61,21,70,284,0.668,36.1,1301,2,1,0,6.0,0
C002012,414,8169.07,16,84,339,0.588,30.8,491,6,0,0,6.7,0
C000914,413,1693.74,14,54,246,0.853,25.0,1868,1,0,1,3.1,0
C007612,157,6833.54,13,7,156,0.647,15.0,100,5,0,0,6.8,0
C009082,265,11881.9,16,56,241,0.686,20.9,1607,13,0,0,9.2,0
C008508,136,8382.36,11,34,122,0.511,13.1,191,3,0,0,5.9,0
C002607,800,3573.61,11,48,176,0.658,22.6,861,1,0,0,5.8,0
C004929,58,5072.44,21,52,217,0.912,23.8,2236,2,0,0,4.1,0
C006565,424,4408.53,20,130,483,0.728,19.2,448,12,0,0,9.3,0
C008987,222,3937.62,11,57,211,0.67,21.5,547,30,1,1,7.0,0
C000007,527,1611.69,16,38,167,0.961,25.3,1685,1,0,0,4.9,0
C007836,215,5348.2,19,97,364,0.851,15.3,2169,3,0,0,10.0,0
C006584,1181,19438.0,13,85,342,0.77,14.9,635,8,0,0,4.9,0
C003362,687,1842.07,12,58,200,0.565,25.6,2791,6,0,0,5.9,0
C008616,582,10253.22,10,47,204,0.762,15.5,309,10,0,0,7.7,0
C001636,723,8627.24,14,49,219,0.696,18.1,1817,3,0,1,4.2,0
C001142,270,3773.29,22,82,356,0.566,29.0,1105,1,1,0,1.6,0
C000360,386,1321.77,8,40,140,0.624,18.7,2386,14,0,0,10.0,0
C002071,862,2410.51,14,43,191,0.637,19.3,1089,6,1,0,7.3,0
C003135,358,6017.85,11,48,166,0.852,17.4,527,2,0,0,7.9,0
C005161,230,1145.18,12,69,251,0.8,22.1,1439,8,0,1,3.3,0
C006991,178,5895.9,13,59,215,0.535,21.9,2008,5,0,0,0.7,0
C003244,165,2595.81,15,71,245,0.773,20.1,3173,8,0,0,7.4,0
C002243,52,5223.3,9,34,146,0.86,22.1,2327,3,0,0,1.6,0
C001475,397,1537.24,25,103,467,0.833,25.5,1263,0,0,0,3.1,0
C009462,217,7153.49,16,62,245,0.631,25.8,605,1,0,0,8.0,0
C003260,448,7988.67,20,108,383,0.711,21.9,1787,3,0,0,9.7,0
C004021,556,2942.77,9,56,199,0.688,22.2,207,4,0,0,10.0,0
C009735,455,1818.41,12,61,229,0.799,15.2,589,13,0,0,2.2,0
C003501,100,16592.75,11,42,176,0.926,18.1,4498,1,1,0,6.5,0
C002659,604,18273.85,17,75,319,0.628,31.3,1490,5,1,0,8.8,0
C009305,533,5293.99,14,71,239,0.652,15.4,2019,1,1,0,4.9,0
C001131,139,8053.46,18,102,421,0.682,18.8,964,7,0,0,9.1,0
C001820,462,5759.96,8,31,119,0.523,14.6,808,4,0,0,10.0,0
C007462,198,2875.89,15,85,299,0.517,19.9,729,6,1,0,4.9,0
C009918,209,4317.9,8,39,156,0.857,28.3,1048,0,0,0,9.1,0
C009108,128,5856.97,13,53,211,0.627,18.0,1001,5,0,0,7.1,0
C009165,208,4532.99,16,77,331,0.828,24.0,964,12,0,0,7.8,0
C007065,241,8151.24,15,65,269,0.903,27.9,2550,3,0,0,7.3,0
C004319,281,1096.38,16,87,293,0.726,24.1,806,2,0,1,4.5,0
C004670,285,4019.96,14,61,263,0.763,17.3,887,0,0,0,4.9,0
C005477,179,7736.75,17,70,303,0.355,28.7,1422,11,0,1,8.0,0
A000811,1267,12797.93,18,6,59,0.638,8.0,117,1,0,1,0.0,1
C009660,190,5330.79,23,124,420,0.662,22.1,603,5,0,0,5.0,0
C001857,884,2421.3,15,50,224,0.331,24.1,3772,0,0,0,8.2,0
C002283,478,7782.79,17,82,309,0.785,29.4,1092,4,1,0,4.5,0
C009583,570,1396.2,15,75,266,0.727,15.2,1607,1,1,0,7.2,0
C004009,426,5825.56,18,109,403,0.704,25.6,3654,7,0,0,7.6,0
C006402,257,8020.14,9,29,131,0.935,23.7,487,0,0,0,10.0,0
A000910,173,5206.13,10,5,80,0.556,7.0,263,23,0,2,3.0,1
A000198,260,3317.23,11,6,63,0.422,30.3,38,18,0,0,4.3,1
C000387,487,5527.65,12,58,248,0.284,17.4,450,0,0,0,4.4,0
C001629,309,13976.09,16,99,368,0.916,24.8,7841,3,0,0,7.4,0
C009283,272,2673.75,20,94,386,0.748,25.2,452,5,0,0,4.2,0
A000256,340,1343.26,16,13,126,0.77,7.0,92,0,2,1,3.3,1
C007719,1029,19248.9,15,52,184,0.884,19.7,786,10,0,1,3.9,0
C008485,701,8714.67,12,46,185,0.665,23.2,535,5,0,0,9.2,0
A000957,102,23392.21,20,14,108,0.249,6.5,51,24,0,1,3.6,1
C001843,347,3371.53,13,71,258,0.948,15.5,2405,7,0,0,5.2,0
C002498,325,2308.44,18,109,431,0.99,25.1,1424,1,0,0,4.9,0
C000202,444,4552.15,12,65,230,0.213,23.0,1274,20,0,0,6.5,0
C008863,603,2213.47,20,110,446,0.704,18.6,822,0,0,0,3.6,0
C003869,154,14762.33,12,60,254,0.62,32.7,6525,0,0,0,4.9,0
C005055,131,4559.82,13,56,218,0.706,26.5,1284,1,1,1,10.0,0
C005890,920,6905.03,15,78,275,0.983,22.2,1118,0,1,1,4.5,0
C002703,102,4840.83,20,103,347,0.607,13.5,170,4,0,0,8.7,0
C007923,794,5326.23,15,68,250,0.682,21.4,260,2,1,1,9.7,0
C000332,567,4001.83,15,60,233,0.702,22.9,3218,2,1,0,5.4,0
C003809,391,4258.06,17,70,311,0.793,21.0,802,0,0,0,4.4,0
C000936,98,4152.64,14,62,264,0.673,21.8,789,5,0,0,3.2,0
C001775,142,2046.46,13,52,227,0.936,13.3,921,1,1,2,9.8,0
C008696,517,2125.29,13,60,254,0.756,17.9,1373,4,0,0,5.7,0
A000064,126,14029.13,14,4,72,0.371,5.6,98,9,1,2,4.5,1
C000990,129,3369.27,19,73,307,0.767,19.3,486,3,1,0,1.7,0
C005444,675,3828.52,14,12,231,0.865,19.0,254,0,0,0,6.1,0
C009190,931,6133.97,12,57,220,0.929,19.4,1778,2,0,1,10.0,0
C006994,416,12129.46,13,78,290,0.405,25.3,1113,20,0,0,9.6,0
C009418,978,3007.45,15,7,387,0.74,15.3,1814,6,0,0,3.2,0
C005807,508,3891.89,18,74,292,0.852,21.2,2051,1,0,0,8.3,0
C009627,587,6557.03,22,92,377,0.329,26.5,1654,14,0,0,7.4,0
C009587,155,5180.43,10,42,162,0.628,13.3,2158,5,0,0,3.0,0
C006575,760,3966.73,15,71,276,0.949,20.3,2738,1,0,0,7.5,0
C003053,321,9404.29,13,67,257,0.895,23.2,385,0,1,0,6.2,0
C009518,449,1760.82,8,35,132,0.78,7.5,903,2,0,0,4.8,0
C004616,634,4937.69,18,83,311,0.573,17.2,871,5,0,0,10.0,0
C003322,649,5124.91,17,108,431,0.54,23.1,1500,6,0,0,10.0,0
C008395,342,6379.08,21,119,446,0.676,16.7,694,1,0,0,4.4,0
C006247,405,6929.04,13,54,229,0.587,23.4,628,1,0,0,1.2,0
C006049,392,5043.83,10,73,250,0.59,15.9,2803,6,0,0,3.3,0
C003312,486,4962.19,9,40,143,0.589,18.5,1720,1,0,0,5.3,0
C009312,480,14772.95,14,83,292,0.836,26.8,985,0,0,0,3.8,0
A000317,244,6768.33,18,5,36,0.256,8.6,10,1,1,1,3.5,1
C008211,323,9346.39,18,94,353,0.543,20.4,5827,0,0,0,8.4,0
C003629,288,5275.59,16,79,323,0.475,21.5,1947,6,0,0,7.2,0
C009770,953,14767.8,19,80,349,0.75,28.7,666,3,0,0,10.0,0
C001357,346,3249.66,23,114,478,0.84,16.5,784,1,2,1,1.8,0
C005003,387,2205.34,11,49,185,0.541,21.0,986,11,0,0,5.5,0
C008580,311,1298.04,14,77,305,0.957,20.5,1133,9,0,0,2.8,0
C005824,246,2631.9,19,58,247,0.58,16.9,1482,1,0,0,10.0,0
A000453,91,2853.6,10,5,65,0.121,6.4,160,30,0,2,0.5,1
C005671,1142,10477.57,15,50,194,0.69,9.6,140,0,0,0,7.5,0
C003113,392,3784.09,15,70,283,0.528,30.1,836,0,0,1,6.1,0
C000183,500,2059.3,21,85,289,0.633,9.8,538,4,0,0,2.9,0
C009765,42,4978.62,22,65,263,0.89,15.7,11603,3,1,0,9.4,0
C000856,266,2999.96,21,85,366,0.367,25.9,1602,5,1,0,5.1,0
C009290,432,3074.19,10,42,163,0.637,30.8,982,0,0,0,2.4,0
C004913,623,8253.15,10,46,175,0.762,25.3,1953,3,0,0,10.0,0
C009408,441,9546.92,15,77,301,0.829,23.2,1655,5,0,0,10.0,0
C001801,426,6091.11,10,44,189,0.742,16.5,1026,1,1,0,5.4,0
A000178,256,2479.96,13,3,63,0.2,5.2,9,13,0,1,2.8,1
C005483,397,2472.82,9,37,149,0.962,18.9,846,2,0,0,8.6,0
C009188,491,4106.13,14,52,229,0.808,14.2,478,2,0,0,4.8,0
C001969,396,16482.99,12,50,219,0.564,26.7,454,1,0,1,6.6,0
C009181,511,1013.11,16,63,267,0.966,29.6,1238,12,0,0,7.5,0
C008994,238,6052.88,19,81,319,0.96,39.5,8338,14,0,0,10.0,0
C004698,510,12050.75,12,51,209,0.676,26.9,812,5,0,0,5.4,0
C004988,246,11553.37,5,33,111,0.748,14.0,1001,6,0,0,6.8,0
C004651,441,2723.8,14,53,217,0.802,20.6,3024,8,0,0,4.5,0
C001160,273,8173.86,15,64,247,0.759,21.5,1007,2,0,0,8.6,0
C008753,540,5607.16,9,54,187,0.762,13.0,1461,3,0,0,9.6,0
C001326,422,6452.3,10,56,199,0.72,18.4,876,3,0,0,7.5,0
C008689,617,4412.42,15,94,352,0.799,22.5,1739,0,0,0,4.6,0
C004797,593,4619.0,10,39,151,0.514,18.9,7659,6,0,0,9.1,0
C006797,366,13873.42,15,52,211,0.442,28.5,781,0,0,0,4.6,0
C005809,366,2084.63,12,52,216,0.731,25.9,670,1,0,0,6.7,0
A000844,1103,12110.27,21,21,149,0.12,4.9,214,0,0,2,0.3,1
C001456,679,6788.31,25,87,373,0.679,23.8,1713,0,0,1,5.9,0
C005411,590,3164.86,18,73,287,0.706,24.9,380,6,0,0,2.6,0
C008334,1246,35935.22,18,62,277,0.855,31.4,820,0,0,0,6.8,0
C002801,582,20795.2,13,62,263,0.749,24.8,1189,2,0,0,6.7,0
C007617,909,6155.12,13,66,236,0.766,15.6,555,0,0,0,9.4,0
C009863,879,3778.3,11,57,212,0.689,29.5,846,14,1,0,10.0,0
C007816,366,4248.15,15,115,390,0.846,20.4,2104,9,0,0,6.9,0
C004379,467,3418.11,12,76,256,0.668,25.0,4293,0,0,0,7.2,0
C009388,604,5076.16,17,55,229,0.866,30.2,2400,2,0,0,5.0,0
C006717,447,1047.12,12,49,193,0.696,25.6,1217,0,0,0,9.1,0
C003737,704,20651.62,18,101,454,0.775,28.5,1603,2,1,0,6.5,0
C002262,112,7591.41,15,70,293,0.322,25.5,4054,4,0,0,3.2,0
C007430,71,4279.52,22,75,332,0.862,22.5,2546,5,0,0,7.2,0
C004006,273,21260.48,25,86,347,0.896,27.9,1138,1,0,0,9.9,0
C002395,365,5173.23,16,79,269,0.915,17.2,795,14,0,1,8.6,0
C001186,100,5778.57,12,28,121,0.602,38.6,3858,10,0,1,9.0,0
C002008,567,9229.08,14,56,221,0.423,22.5,1380,4,1,1,6.6,0
C000194,143,12471.8,15,60,213,0.598,29.9,879,4,0,1,5.3,0
C005526,508,6891.93,13,44,199,0.693,16.7,610,12,1,0,4.1,0
C000772,227,7639.72,10,48,185,0.615,22.9,734,3,1,0,7.9,0
C001479,381,743.92,16,77,345,0.506,19.4,402,2,0,0,6.7,0
C001847,331,10453.87,18,90,332,0.493,21.4,491,1,0,0,2.6,0
C003741,336,3838.3,17,67,249,0.759,17.3,2794,9,0,0,4.9,0
C007987,48,3322.65,12,46,211,0.718,16.7,89,15,0,0,3.3,0
C000406,488,12680.62,21,112,405,0.692,18.1,1765,6,0,0,7.3,0
A000492,253,6934.76,11,1,15,0.227,9.1,64,9,1,1,0.5,1
C009420,189,19910.26,10,66,237,0.817,20.7,5923,9,1,0,10.0,0
C006318,334,3544.99,14,48,208,0.781,22.4,5483,0,1,0,6.5,0
C006582,723,2622.92,15,77,304,0.922,22.0,470,4,0,1,8.7,0
C001448,552,13056.52,16,86,309,0.75,21.4,2587,3,1,0,6.8,0
C000343,1423,13702.65,10,44,171,0.786,23.0,751,19,0,0,9.7,0
C007469,182,4223.68,6,31,114,0.702,23.9,461,2,0,0,5.2,0
C000728,360,4289.26,14,66,294,0.915,18.0,2677,4,0,0,7.6,0
C004578,527,5819.19,12,63,239,0.841,22.8,7314,5,0,0,7.5,0
C003517,210,8325.95,12,71,262,0.708,27.2,621,24,0,1,8.2,0
C009799,606,5035.05,19,77,328,0.72,22.4,4184,1,0,0,3.2,0
C009699,1192,3090.37,10,45,198,0.793,31.6,205,1,0,0,8.8,0
C007157,233,1174.84,11,71,245,0.964,22.8,562,1,0,0,8.8,0
C007852,649,7213.39,19,87,348,0.833,22.8,1299,4,0,0,7.9,0
C001349,608,5835.95,14,73,324,0.747,28.7,1514,1,1,0,7.3,0
C000661,798,2684.26,21,112,438,0.78,27.3,806,4,0,1,6.3,0
C001493,308,5503.77,16,87,341,0.646,12.9,313,21,0,0,2.1,0
C009394,825,13517.24,15,90,316,0.425,17.4,1072,0,0,0,9.0,0
C005155,753,6326.02,14,44,197,0.711,22.1,1220,1,0,0,10.0,0
A000537,332,5074.52,13,4,69,0.381,5.8,37,30,1,2,6.3,1
C002525,398,12438.16,10,50,50,0.081,14.5,565,1,0,0,5.5,0
C008733,550,13180.85,16,77,264,0.581,13.3,1327,9,0,0,8.9,0
C009331,791,1735.34,16,97,344,0.682,13.4,1926,4,2,0,2.9,0
C005375,133,8184.36,12,31,136,0.268,31.4,749,0,0,0,6.9,0
C003199,126,5093.17,16,58,264,0.324,16.5,305,1,0,0,7.2,0
C005718,142,1620.26,12,68,244,0.547,24.7,687,0,0,0,9.1,0
C008415,595,3738.83,9,39,177,0.91,27.2,786,2,0,0,7.4,0
A000014,785,11409.33,15,2,17,0.565,7.0,1511,14,1,3,7.3,1
C009071,331,3584.01,15,70,307,0.88,15.2,533,0,1,0,7.0,0
C008260,116,2891.59,20,75,326,0.923,16.7,1941,0,1,0,5.2,0
C008872,590,1182.78,12,53,196,0.743,27.9,1125,1,0,0,9.8,0
C000041,301,10899.8,9,43,181,0.889,23.3,1238,1,0,0,4.3,0
C009743,168,10228.3,8,32,127,0.642,26.2,2168,10,0,0,7.3,0
C006817,301,33653.48,24,119,479,0.717,19.9,2017,0,0,0,8.7,0
C008487,512,3424.44,12,52,231,0.467,6.7,1815,3,1,0,10.0,0
A000678,1043,7090.02,17,2,29,0.365,5.0,32,5,2,0,0.3,1
C002724,843,1590.5,13,72,307,0.984,25.2,425,0,0,0,1.8,0
A000106,106,3357.77,21,17,120,0.242,8.0,46,30,2,1,4.7,1
C009449,362,11001.59,13,75,258,0.716,10.7,918,10,1,0,5.6,0
A000705,172,5652.09,8,6,70,0.413,7.8,142,4,0,1,0.0,1
C007156,360,7450.64,13,72,293,0.59,20.5,1321,6,0,0,4.9,0
C008483,96,2181.24,12,60,215,0.774,17.0,539,0,0,0,1.5,0
A000145,77,2824.5,15,95,54,0.46,3.2,511,5,0,1,3.9,1
C007231,253,2409.49,7,26,119,0.603,24.2,1326,8,0,0,3.3,0
C005076,336,9356.22,14,92,345,0.97,28.2,1377,6,0,1,5.9,0
C007881,203,15717.5,14,62,264,0.761,18.6,396,0,2,0,5.8,0
C005395,258,3881.07,22,102,449,0.299,27.4,610,11,0,0,4.7,0
C009422,536,11188.96,22,113,492,0.811,19.0,1378,7,2,0,4.6,0
C007790,153,2287.87,18,108,390,0.482,19.7,1293,6,0,0,6.1,0
A000273,328,1912.37,18,12,134,0.218,6.1,183,27,0,0,4.5,1
C004089,571,16227.08,19,102,395,0.434,22.8,1361,6,0,0,5.8,0
C001968,372,4754.05,13,63,220,0.731,18.9,1511,10,0,0,6.1,0
C009904,515,1386.09,15,68,231,0.702,19.6,3223,1,0,0,7.2,0
C009703,152,2545.55,15,93,316,0.865,22.9,630,0,0,0,9.0,0
A000547,340,1687.45,14,4,81,0.227,5.7,33,13,0,0,8.5,1
C007000,395,2955.6,8,29,125,0.784,23.3,3073,1,0,0,5.7,0
C000424,1107,1911.07,23,117,417,0.882,17.7,457,12,0,0,2.7,0
C009451,583,1778.82,15,54,245,0.553,21.0,1484,10,0,1,8.2,0
C006143,89,3094.03,15,81,293,0.381,16.5,637,1,0,0,7.8,0
C005662,400,24086.66,13,77,296,0.672,18.5,2150,8,0,1,7.4,0
C004597,1089,3239.07,20,73,284,0.702,27.3,720,21,0,1,7.9,0
C002660,240,21901.39,14,73,246,0.711,16.1,1957,6,1,1,7.7,0
C000142,798,2023.62,15,55,219,0.526,21.9,7416,2,1,0,4.9,0
C002598,334,9290.78,13,60,226,0.861,20.4,2118,1,0,0,7.4,0
C006702,705,1745.25,16,72,317,0.588,15.9,937,2,0,0,5.5,0
C001378,631,3017.0,14,61,239,0.591,16.9,267,29,0,0,6.2,0
C003675,175,5828.33,14,61,250,0.56,22.4,1818,1,0,0,6.7,0
A000875,380,10933.03,10,9,67,0.508,4.9,110,11,1,1,10.0,1
C006363,319,13860.32,10,38,173,0.589,34.5,777,5,0,0,5.6,0
A000300,64,2183.33,13,9,66,0.331,7.9,125,5,0,0,8.1,1
C004742,171,5572.21,11,56,215,0.533,14.4,1153,2,0,0,1.6,0
C001139,803,527.58,17,69,257,0.554,23.4,1945,5,0,0,2.9,0
C007375,610,3375.26,18,75,327,0.644,14.9,452,18,0,0,4.6,0
C001788,446,8230.49,11,41,153,0.753,16.7,1818,3,0,0,5.6,0
C008860,533,4387.95,19,76,311,0.77,26.1,2694,2,0,1,7.0,0
C004647,350,6026.15,14,83,309,0.817,25.3,1893,0,0,0,0.6,0
C007569,428,3256.53,15,61,247,0.803,31.8,508,1,1,0,5.9,0
C000460,714,2443.45,12,50,208,0.738,19.5,1278,2,0,0,2.6,0
C006116,874,1505.12,15,65,244,0.712,21.7,2355,9,1,0,8.6,0
C008180,492,3500.63,15,77,311,0.821,15.0,792,4,0,0,6.3,0
C000949,156,4282.76,17,55,250,0.403,20.2,829,1,1,0,8.9,0
C006371,304,12016.92,14,67,293,0.747,17.0,217,6,1,0,10.0,0
C004629,340,5889.21,15,58,254,0.648,21.9,886,11,0,0,7.7,0
C007359,499,3280.83,17,69,243,0.848,19.0,3414,0,0,0,1.7,0
C005926,422,2344.56,14,65,248,0.814,19.8,2311,10,0,0,10.0,0
C006041,409,3092.15,18,80,336,0.532,28.3,1196,5,0,0,3.9,0
C000442,386,908.38,20,96,414,0.682,21.2,2127,0,0,0,9.9,0
C006660,596,14870.89,6,32,123,0.703,26.5,852,9,0,1,4.6,0
C003831,1277,3336.61,17,79,350,0.786,12.8,1956,2,0,0,5.8,0
A000335,463,6169.29,15,6,41,0.263,8.9,106,12,2,2,5.2,1
C006145,495,2608.76,16,58,266,0.658,26.3,3256,2,0,1,7.5,0
C009971,469,5758.91,11,55,198,0.616,31.9,2139,2,0,0,2.1,0
C006345,255,4066.62,21,112,416,0.897,20.5,523,2,0,0,6.3,0
C001959,447,3397.42,15,104,353,0.772,18.6,1305,7,0,0,4.1,0
C000156,307,3999.72,9,32,136,0.621,20.0,979,2,0,0,4.9,0
C004579,299,15492.76,17,65,275,0.546,24.6,657,2,0,0,6.1,0
C001090,437,4834.48,15,70,256,0.795,17.0,1943,0,0,0,9.9,0
C006050,1240,4663.85,12,69,247,0.515,18.8,2045,0,0,0,5.3,0
C007951,458,2934.73,20,7,449,0.292,20.6,1073,12,0,1,2.7,0
C001675,533,5217.78,21,110,493,0.927,28.0,603,0,0,0,6.6,0
C006764,152,2010.51,12,66,229,0.448,29.7,2912,2,0,0,2.9,0
C009235,589,3525.54,15,92,310,0.954,19.8,322,2,1,0,6.5,0
C006417,438,3970.6,13,68,300,0.758,16.7,1063,1,1,0,3.9,0
C002327,408,3215.11,20,85,325,0.848,23.3,1364,0,0,0,3.9,0
C007097,597,8852.19,19,64,284,0.659,25.0,1448,3,1,0,3.6,0
C009464,406,1334.5,12,67,257,0.577,23.6,848,2,0,0,9.8,0
C008690,872,2221.73,17,66,257,0.892,24.6,433,0,0,0,3.3,0
C006451,175,1115.44,14,72,275,0.763,20.2,304,6,0,0,4.0,0
C001716,762,6243.24,15,62,268,0.473,20.3,1556,3,0,0,7.2,0
C008382,58,2420.63,10,53,196,0.37,11.1,2414,6,0,0,5.7,0
C003832,816,6378.91,18,62,282,0.748,36.8,6719,1,1,0,4.8,0
C006300,130,8475.74,13,69,273,0.709,23.2,2556,30,1,0,6.6,0
C003349,177,4259.25,16,99,362,0.911,29.7,1370,1,0,1,2.4,0
A000470,657,7025.79,19,13,98,0.554,6.7,73,30,2,1,3.8,1
C000588,180,21581.35,15,76,325,0.595,15.9,953,3,1,1,4.4,0
A000474,358,5112.32,9,0,6,0.063,5.3,73,5,1,0,3.8,1
C002991,32,8146.92,16,80,311,0.84,30.1,1355,1,0,0,3.6,0
A000209,191,6096.92,18,8,112,0.517,9.7,40,12,1,2,10.0,1
C008728,503,12343.38,16,74,297,0.664,20.7,994,4,0,0,8.2,0
C009779,400,5028.75,21,98,389,0.636,22.8,600,0,0,0,0.0,0
C000265,892,3462.15,17,82,278,0.641,32.9,2961,4,0,0,4.2,0
C008714,162,4655.01,9,47,180,0.364,31.6,506,6,0,0,4.1,0
C006789,217,7759.13,14,40,181,0.96,27.0,2321,12,0,0,6.8,0
C009378,498,1986.18,11,66,250,0.593,26.8,2801,0,0,0,0.6,0
C003865,560,15317.41,15,57,216,0.612,23.1,748,0,0,0,5.7,0
C006275,418,2923.76,13,65,259,0.359,30.1,1146,7,0,0,7.6,0
A000776,474,5696.06,11,6,48,0.084,6.0,48,30,0,2,2.5,1
C003712,868,5964.32,19,95,360,0.817,17.8,577,0,0,0,9.3,0
C008439,773,9198.35,12,58,253,0.742,13.5,2889,14,1,0,10.0,0
C001530,204,8220.38,14,71,278,0.66,20.8,1123,1,1,0,7.7,0
C009054,609,16045.57,15,75,293,0.977,23.3,812,2,0,0,2.8,0
C000924,233,8548.5,10,48,195,0.741,20.6,1491,9,0,1,5.8,0
C008676,497,5827.44,13,51,178,0.832,23.4,1034,4,0,0,4.4,0
C007330,92,10261.66,18,97,361,0.654,26.8,4675,7,0,0,0.8,0
C004365,932,15655.99,18,96,380,0.869,26.3,7644,1,0,0,8.4,0
C000670,591,15627.99,12,82,55,0.228,24.8,778,0,0,0,5.9,0
C003605,114,5062.56,12,61,222,0.704,19.8,1104,2,0,0,5.3,0
C005109,724,1361.16,10,46,160,0.906,22.5,2301,0,0,0,8.5,0
C005249,153,3718.58,11,48,178,0.92,20.0,428,0,1,0,5.9,0
C007184,206,1283.99,16,61,237,0.822,28.0,649,0,1,0,7.1,0
C002592,389,18111.2,18,86,363,0.695,35.1,1286,0,0,0,9.2,0
C005907,341,10646.2,14,61,235,0.649,18.3,1127,6,0,0,6.5,0
C006510,291,2130.07,14,59,227,0.61,10.4,1987,4,0,0,2.7,0
C007134,312,6367.51,13,69,263,0.704,21.9,1983,14,0,0,8.4,0
C002308,568,11114.48,9,34,156,0.82,17.2,1486,0,0,1,4.2,0
C003691,446,3010.59,10,40,180,0.73,23.0,3440,1,0,1,8.6,0
C000688,100,10683.6,17,93,346,0.689,27.8,4733,3,0,0,2.9,0
C000613,636,6266.4,22,86,338,0.301,17.8,1991,0,1,0,7.6,0
C007168,370,2389.23,17,97,399,0.832,32.1,1506,1,0,0,3.9,0
C008723,372,8335.05,13,68,252,0.307,20.2,1997,5,0,0,10.0,0
C003201,327,1762.91,16,79,329,0.836,20.3,744,17,1,0,5.4,0
C006630,470,5038.66,17,87,298,0.524,14.9,774,0,0,0,4.2,0
C004136,299,1288.65,21,106,478,0.709,19.0,447,6,0,0,5.7,0
C001899,314,4724.16,14,70,291,0.949,20.8,699,1,0,0,5.5,0
C000283,269,5749.46,26,98,375,0.934,14.9,536,0,0,0,10.0,0
C000259,416,4743.1,11,55,207,0.683,20.9,1978,1,0,0,10.0,0
A000367,726,5365.91,14,16,114,0.45,5.7,118,3,1,1,6.2,1
C004944,374,11234.56,18,89,342,0.328,32.2,4285,3,0,0,6.1,0
C002823,110,6876.87,17,53,235,0.578,21.8,1630,2,0,0,4.7,0
C003526,80,4618.44,13,63,233,0.794,17.7,767,3,0,0,2.7,0
A000622,143,1355.44,15,13,109,0.345,7.6,96,4,1,1,3.7,1
C005224,605,3526.65,13,63,239,0.844,20.0,1526,4,1,0,10.0,0
C002286,276,1597.79,20,79,316,0.854,17.2,2064,1,0,0,4.3,0
C006064,566,6260.75,17,92,323,0.911,26.5,1208,1,1,0,6.1,0
C008079,481,2122.09,11,40,139,0.907,31.7,1417,0,0,1,8.1,0
C004655,1024,3281.93,18,82,287,0.481,25.0,3197,0,0,1,9.7,0
C005001,155,2856.6,9,56,192,0.975,19.0,794,0,0,0,3.6,0
C006711,255,9091.95,18,60,236,0.736,13.8,1612,3,0,0,7.5,0
A000260,362,9703.37,14,3,45,0.575,1.8,109,28,1,1,6.7,1
C005417,446,2799.61,9,43,156,0.491,13.6,352,12,3,0,5.5,0
C000476,485,3582.41,14,66,268,0.814,5.3,1803,4,1,0,9.7,0
C002556,643,4788.56,13,59,247,0.062,2.9,2531,1,0,0,5.0,0
C008088,266,3687.08,15,66,281,0.615,20.0,638,5,1,0,1.9,0
C000008,496,4368.58,11,43,162,0.923,24.9,354,0,0,0,6.1,0
C006412,223,9579.57,21,94,375,0.894,12.1,496,6,0,0,7.6,0
A000084,201,1693.48,14,7,114,0.38,6.7,72,30,0,1,0.7,1
C009825,357,3844.28,17,112,379,0.812,19.7,1183,4,0,0,2.8,0
C005547,828,11314.86,10,51,209,0.834,21.7,3143,4,0,0,9.6,0
C002427,116,3637.62,14,57,197,0.606,23.5,505,5,0,0,4.0,0
C006745,446,10106.59,16,87,310,0.863,27.0,561,26,0,1,8.2,0
A000589,808,5543.0,13,7,335,0.084,6.3,893,3,0,0,4.0,1
C002275,639,2924.84,13,67,249,0.589,28.5,386,9,0,0,8.0,0
C001578,602,6189.54,10,59,219,0.98,27.0,489,0,0,0,10.0,0
C007265,431,5276.55,18,88,344,0.367,26.4,5399,0,0,0,4.8,0
C003971,94,2536.85,22,115,445,0.74,24.0,417,0,0,0,5.8,0
C005880,582,2031.97,12,73,249,0.795,27.7,6206,2,0,1,3.8,0
C009278,370,8367.21,15,81,272,0.654,20.6,995,0,0,0,3.5,0
A000263,411,4979.57,19,8,66,0.286,6.2,245,19,1,0,9.2,1
C007194,603,2942.11,12,80,287,0.891,13.1,1141,0,0,0,0.0,0
C003868,579,3289.29,15,93,356,0.704,18.9,2890,1,0,0,3.9,0
A000357,332,13481.38,15,21,144,0.188,6.0,31,3,0,0,0.8,1
C006824,386,5814.82,14,64,292,0.61,28.1,621,12,0,0,6.4,0
C007549,606,3026.55,15,74,327,0.727,30.3,504,6,1,0,2.7,0
C000782,334,8722.98,15,61,249,0.421,19.6,1609,0,1,0,7.2,0
C001750,246,2304.81,21,98,380,0.756,16.8,786,2,0,0,2.1,0
C006520,361,29033.51,13,61,230,0.738,23.3,939,6,0,1,4.2,0
C005775,779,4751.89,14,81,278,0.922,22.0,290,4,1,1,3.6,0
C002325,282,9582.9,11,32,144,0.672,21.7,8068,0,0,0,7.9,0
C005056,600,1786.36,15,61,243,0.868,17.5,1084,0,0,0,5.0,0
C009937,181,15592.54,15,48,191,0.961,21.0,307,4,0,0,9.5,0
C001728,900,3281.86,15,75,253,0.67,27.8,2237,1,0,0,4.6,0
C000611,856,2331.39,16,63,257,0.824,18.5,514,0,0,0,6.9,0
C004667,249,6892.57,23,96,343,0.451,15.7,730,4,0,0,5.8,0
C005414,931,1121.14,15,49,189,0.717,18.8,1691,3,0,1,0.0,0
C008104,407,1616.4,14,37,165,0.934,31.4,118,16,0,0,6.7,0
C008175,555,10874.44,16,59,217,0.826,27.3,816,9,0,1,10.0,0
C008536,402,2525.29,15,60,228,0.658,27.6,1421,0,0,0,9.0,0
C003751,218,3881.3,14,69,255,0.776,29.0,147,10,0,0,4.2,0
C000098,586,19394.93,11,54,222,0.918,20.7,498,2,0,1,5.2,0
C006986,121,3911.46,14,75,277,0.266,17.1,811,4,0,0,7.3,0
C003138,559,3245.68,21,82,356,0.51,21.9,1533,2,0,0,9.0,0
C001538,238,4124.17,15,81,282,0.802,21.9,821,3,1,0,6.1,0
C003649,359,4061.65,19,73,266,0.849,28.5,850,1,1,0,6.0,0
C001518,191,2476.74,12,64,218,0.512,18.1,856,7,0,0,3.0,0
A000287,697,17199.26,16,7,94,0.527,8.4,12,9,1,1,0.0,1
C004625,401,2032.63,23,119,409,0.625,24.7,919,4,2,0,3.7,0
C006567,610,1661.61,8,35,152,0.706,25.5,703,24,2,0,8.4,0
C002091,96,6413.47,10,32,147,0.595,15.4,822,0,0,0,8.4,0
C007098,131,5108.92,15,72,255,0.624,33.3,3573,11,1,0,5.9,0
C006172,477,6409.33,17,70,308,0.5,12.1,1188,6,0,0,8.0,0
C007522,594,6146.02,16,63,283,0.857,14.9,862,4,1,0,7.6,0
C000573,263,2900.04,13,59,207,0.579,16.3,1224,4,0,0,7.9,0
C009993,171,10896.66,6,15,67,0.76,22.5,329,5,1,0,9.6,0
C003063,353,12137.37,14,58,257,0.729,24.0,1274,2,0,1,5.3,0
C000598,624,8430.03,15,64,217,0.433,28.0,1379,0,1,1,1.8,0
C006634,791,4064.57,14,83,307,0.692,25.5,2058,2,0,0,6.3,0
C007876,196,4799.78,21,116,390,0.537,22.8,581,1,0,0,7.1,0
C007346,447,7481.81,11,50,192,0.677,19.3,1405,1,0,0,6.3,0
C006305,233,4453.67,14,70,259,0.664,22.2,519,9,0,0,8.0,0
A000385,261,7554.17,14,7,92,0.284,5.6,169,9,1,1,7.7,1
C005977,215,2237.72,16,92,313,0.851,16.7,3684,1,1,0,1.4,0
C008563,683,1373.26,17,79,274,0.748,20.6,388,7,0,0,8.2,0
C001939,122,1680.96,14,62,250,0.816,21.4,213,4,0,0,5.9,0
C008101,139,2188.79,10,45,195,0.808,14.6,777,7,1,1,4.3,0
C001754,227,2556.56,21,83,326,0.724,33.2,1623,0,0,0,1.1,0
C003671,304,9064.19,13,64,264,0.575,26.0,749,1,0,0,3.9,0
C008865,420,14087.38,13,61,252,0.821,12.8,731,13,0,0,4.0,0
C002362,310,13964.47,17,59,252,0.906,18.2,4152,1,0,0,5.9,0
C004261,471,4826.44,16,82,305,0.522,20.4,2074,0,0,0,5.3,0
C005433,153,3195.34,20,109,471,0.419,20.7,903,2,0,0,5.0,0
C006286,672,2551.21,13,73,289,0.845,32.1,3588,0,0,0,7.2,0
C008698,122,17450.23,14,62,230,0.767,20.0,3185,1,0,0,5.0,0
A000412,1108,10017.89,14,3,69,0.456,5.9,14,30,0,1,6.2,1
C008656,247,6663.04,11,56,191,0.705,21.6,797,8,0,0,7.7,0
C009428,456,10234.31,16,73,264,0.697,29.9,2240,6,0,0,1.3,0
C005592,292,7185.78,16,96,369,0.858,28.4,607,6,0,0,2.5,0
C001172,806,3063.34,16,70,268,0.348,6.6,3235,1,0,0,5.8,0
C007928,276,4312.67,10,50,171,0.792,12.5,2135,2,1,0,6.4,0
C008882,212,10530.88,12,57,226,0.848,18.0,8397,4,0,0,5.3,0
A000288,441,25978.14,13,3,62,0.812,23.6,290,5,0,1,4.7,1
A000824,273,6500.26,10,4,34,0.206,5.5,113,14,0,0,2.6,1
A000083,385,8291.52,12,5,55,0.229,6.0,23,3,0,0,5.4,1
C000875,581,4772.8,6,27,106,0.861,15.1,447,1,0,0,6.8,0
C002298,1135,3277.23,12,33,141,0.559,25.3,617,2,0,0,7.3,0
A000235,524,7960.91,16,7,82,0.434,4.4,10,4,0,1,0.0,1
C002644,531,10537.08,14,76,262,0.789,36.3,4001,5,0,1,6.5,0
C005348,553,5201.62,22,92,383,0.549,20.3,4120,8,0,0,7.2,0
A000919,350,2061.94,15,5,83,0.071,6.6,234,16,0,1,1.1,1
C000582,301,3166.44,16,96,330,0.905,14.9,2597,4,0,0,9.2,0
C000205,653,4326.95,13,51,179,0.797,27.4,1499,2,0,0,6.0,0
C007897,374,4504.16,9,45,194,0.869,19.5,400,10,1,1,5.4,0
C002015,347,2996.01,13,47,203,0.647,15.8,1466,11,1,0,3.3,0
C000906,692,1908.63,17,85,314,0.69,23.6,414,16,0,0,1.3,0
C000632,416,11074.4,12,72,249,0.841,23.7,995,2,0,1,8.5,0
C008462,324,7021.69,19,61,257,0.784,24.9,336,4,0,0,6.7,0
C009191,727,4783.98,22,150,503,0.906,23.9,707,0,0,0,3.5,0
C001975,181,1363.12,19,76,307,0.328,15.9,2275,4,0,0,0.0,0
C000163,636,3628.16,14,54,205,0.816,22.3,2381,5,0,0,4.5,0
C004999,211,6308.13,13,44,168,0.549,22.4,3069,3,0,0,0.0,0
C004714,120,19500.13,12,58,223,0.465,22.4,457,1,0,0,8.1,0
C001432,264,1043.67,18,73,333,0.777,21.2,1526,8,0,0,5.8,0
C006869,472,3398.56,18,60,262,0.872,19.6,1263,6,0,0,10.0,0
A000054,115,7214.51,18,10,73,0.283,6.9,281,9,0,1,9.3,1
C007711,612,13901.63,11,58,218,0.61,19.2,785,8,1,0,4.1,0
C007737,63,3876.93,18,108,394,0.793,23.9,2223,5,0,0,5.8,0
C004284,1005,3731.76,6,26,108,0.757,19.7,553,3,0,0,5.1,0
C007532,457,3612.99,15,97,343,0.582,24.6,957,10,0,0,6.9,0
C008789,339,7427.61,11,40,169,0.768,19.4,6209,1,0,0,10.0,0
C003385,219,6218.15,16,82,307,0.867,19.2,1243,0,1,0,10.0,0
A000520,872,1478.65,12,4,86,0.574,4.4,97,5,1,1,4.4,1
C008965,1016,2880.2,18,84,347,0.864,18.4,884,5,1,0,2.5,0
C009189,1050,7089.4,15,64,281,0.58,26.6,1109,9,2,0,7.1,0
C007463,100,5931.14,11,34,148,0.887,29.7,1192,12,0,0,7.3,0
C003332,346,4230.03,9,44,152,0.728,25.9,54,5,0,0,5.5,0
C006405,261,3828.19,17,93,332,0.35,29.5,958,19,0,0,3.3,0
C002097,305,10250.48,14,75,324,0.365,23.8,2019,10,0,0,2.2,0
C009255,1455,7243.24,14,82,286,0.879,27.6,501,9,1,0,3.4,0
C008000,679,11363.0,13,27,112,0.687,25.9,598,1,0,0,5.5,0
C005018,153,1286.83,12,34,139,0.967,32.6,398,1,0,0,5.0,0
C001450,46,34313.14,16,63,263,0.92,20.7,2333,2,1,0,8.2,0
C006901,767,5952.16,13,53,214,0.388,17.9,984,0,0,0,3.6,0
C002611,501,3469.03,10,50,187,0.722,30.1,2382,1,0,0,1.5,0
C001901,288,3952.11,17,84,313,0.616,22.9,2840,14,0,0,6.1,0
C008187,565,2955.11,15,68,303,0.767,14.5,4638,10,1,1,5.4,0
C003921,224,9510.73,12,41,152,0.743,27.2,467,4,0,0,8.3,0
C002758,410,2452.33,20,90,357,0.403,18.0,4182,9,0,0,5.8,0
C006398,211,2262.2,13,58,222,0.864,19.9,71,4,0,0,5.3,0
A000227,854,4165.93,14,2,40,0.323,6.1,791,4,0,2,3.1,1
C002098,475,4331.23,14,62,257,0.596,22.3,1142,4,0,0,3.6,0
C008330,476,7059.46,15,55,201,0.769,13.1,3827,0,0,1,3.8,0
C005625,464,5791.84,19,107,358,0.736,31.0,257,0,0,0,8.8,0
C003472,1171,2299.9,14,77,260,0.885,19.6,1162,0,1,0,8.3,0
C008267,1117,2899.5,18,76,280,0.837,25.2,903,0,0,0,5.7,0
C002172,659,3472.89,19,120,412,0.943,19.4,1131,8,0,0,1.9,0
A000156,956,8018.96,12,7,76,0.186,5.3,75,21,0,1,7.8,1
A000105,427,5012.69,7,3,57,0.218,5.7,50,7,0,1,3.3,1
C008591,193,3198.64,22,94,351,0.867,29.6,1087,2,0,0,9.3,0
C002011,233,4366.22,17,61,84,0.769,21.8,64,1,0,0,6.3,0
A000764,282,6877.98,19,8,95,0.035,5.8,215,2,0,2,3.7,1
C001284,706,6648.45,18,93,319,0.852,12.4,2361,3,0,0,9.0,0
A000559,103,2881.01,21,105,23,0.398,8.9,144,0,0,1,3.5,1
C001020,161,7940.83,15,71,280,0.695,14.3,803,3,0,0,8.0,0
C008668,185,845.57,16,67,236,0.574,24.2,1391,12,0,0,10.0,0
C002811,593,2079.22,12,11,171,0.697,24.6,318,1,1,0,4.9,0
C009512,146,5703.48,20,64,65,0.94,7.1,2501,13,0,0,2.3,0
C001652,633,3344.82,15,67,237,0.506,24.7,974,2,0,1,7.3,0
A000978,1194,4391.68,12,3,36,0.143,6.0,107,5,0,2,2.9,1
C001170,152,5816.79,22,97,392,0.903,22.7,5558,2,0,0,8.6,0
C006257,101,11302.52,11,68,230,0.733,21.7,5118,0,1,0,10.0,0
C005470,773,4871.06,9,38,129,0.385,23.3,658,5,0,0,1.6,0
C009618,902,4163.45,14,48,201,0.802,26.3,1370,0,0,0,5.2,0
C000868,927,1709.62,10,37,155,0.763,24.5,1220,2,2,0,2.4,0
C005094,36,3666.47,12,60,215,0.444,27.3,1313,2,0,0,6.0,0
C005434,964,38041.03,14,62,263,0.397,8.7,4445,1,1,0,8.1,0
C000542,458,5724.01,15,75,252,0.713,18.1,556,7,0,0,4.4,0
A000812,378,3174.65,14,8,97,0.483,5.8,281,30,0,1,7.0,1
C006355,320,5791.92,15,63,220,0.664,12.6,1027,1,0,0,2.3,0
A000270,519,7395.49,16,18,148,0.511,8.2,80,30,1,1,8.5,1
C003391,117,6502.91,18,59,248,0.69,22.7,1733,1,0,0,7.9,0
C008869,588,2995.38,12,57,214,0.452,25.7,826,6,0,0,1.1,0
A000918,675,13144.51,12,5,43,0.361,4.0,21,6,2,1,2.3,1
C003960,227,15700.55,15,82,280,0.699,27.6,442,0,0,1,4.5,0
C006644,1130,1878.93,25,135,506,0.6,29.1,1111,1,0,0,6.2,0
C006842,383,6764.19,18,83,321,0.689,18.0,1218,1,0,1,6.1,0
C009135,431,5084.51,18,61,216,0.517,27.4,1111,1,0,0,10.0,0
C003587,409,4422.55,10,45,172,0.548,26.0,1322,5,1,0,3.8,0
C008910,987,2816.57,16,61,247,0.615,19.0,1002,1,0,0,4.6,0
C002564,393,4029.99,16,69,270,0.899,17.2,677,8,1,0,3.6,0
C005037,192,8387.95,10,36,131,0.511,33.4,275,8,0,0,6.6,0
C001081,485,10617.67,11,41,167,0.572,14.1,6210,0,0,1,5.9,0
C005892,90,1168.06,21,111,438,0.868,22.6,2285,0,1,1,6.6,0
C004967,641,2238.37,12,52,223,0.666,26.3,1842,0,0,1,4.8,0
C002024,440,3506.53,14,60,258,0.811,18.4,1017,8,0,0,4.9,0
C009902,588,8274.31,14,60,270,0.914,20.0,1305,8,0,0,2.1,0
C007910,134,8250.71,14,60,272,0.882,23.8,1668,7,1,0,8.4,0
C009610,964,4398.77,13,55,209,0.688,16.3,2152,3,0,1,5.4,0
C007322,888,4014.37,14,75,262,0.832,26.4,1390,10,0,0,6.7,0
C000227,766,5422.83,23,116,443,0.817,25.0,1073,2,2,0,8.8,0
C001014,718,2776.39,8,32,139,0.176,15.7,1376,12,1,0,7.0,0
C001930,139,3823.85,21,105,383,0.487,27.2,274,10,1,1,5.6,0
C005252,524,937.2,15,81,286,0.73,26.0,354,4,0,0,6.3,0
C002180,159,2709.49,14,62,217,0.843,32.9,1093,0,0,0,5.5,0
C000698,525,952.5,15,54,204,0.692,22.8,1031,4,0,0,8.7,0
C001125,530,8150.13,21,118,427,0.906,17.3,1766,2,1,1,4.1,0
C007379,267,5420.62,16,85,345,0.712,17.1,613,0,0,0,7.7,0
C009048,425,11271.74,13,49,190,0.778,16.6,2452,4,0,0,4.5,0
C005111,805,5186.93,22,140,507,0.551,30.8,718,3,0,0,10.0,0
C007903,390,1913.36,17,74,31,0.383,20.3,2174,0,0,0,7.8,0
C001779,615,11003.93,11,41,168,0.934,30.5,1517,2,0,1,5.6,0
C008800,362,3006.68,8,28,105,0.648,21.6,1854,2,0,0,7.8,0
C002635,247,6044.04,14,64,276,0.574,16.3,466,7,0,0,4.9,0
C007545,556,4402.44,18,58,257,0.63,26.3,1480,5,0,0,10.0,0
C007605,210,11913.78,11,49,198,0.898,16.2,1429,8,1,0,7.5,0
C003490,166,3496.47,19,100,443,0.681,25.6,585,4,0,0,5.8,0
C001038,728,6778.11,12,55,199,0.786,19.0,937,2,0,0,5.9,0
C009678,353,3425.79,18,102,369,0.494,26.9,555,11,0,0,4.6,0
C008506,209,3311.31,18,78,354,0.567,21.5,2903,0,0,0,4.1,0
C002650,714,2537.52,12,57,215,0.538,25.1,1133,13,1,0,2.4,0
C002980,983,11459.9,14,42,170,0.624,30.9,903,5,1,0,6.2,0
C002548,200,624.41,12,41,178,0.786,28.6,379,3,0,0,5.0,0
C005133,306,4650.12,18,71,278,0.721,16.0,1798,8,2,1,3.5,0
C002160,951,2119.86,23,96,379,0.911,30.4,817,3,1,0,8.1,0
C006446,311,3327.43,15,57,224,0.891,21.9,3728,3,0,1,4.0,0
C003968,835,5089.63,9,51,195,0.874,19.6,527,0,0,0,7.2,0
C001429,236,4499.47,18,65,291,0.469,16.4,1176,4,0,1,3.4,0
C009270,115,6215.37,23,152,511,0.443,19.7,247,3,1,0,6.4,0
C002521,179,6931.38,13,47,205,0.722,13.0,819,2,0,1,4.7,0
C008034,276,5507.94,12,69,248,0.807,25.1,912,3,0,0,3.3,0
C009513,623,9925.57,13,73,284,0.872,31.5,1322,3,0,0,9.5,0
A000848,544,2481.52,11,4,55,0.357,8.9,886,15,0,1,4.3,1
C000449,291,15737.73,12,56,209,0.668,20.9,504,1,1,0,6.6,0
C009345,218,4764.13,16,119,403,0.807,22.4,593,7,0,0,7.2,0
C005996,144,6453.67,11,50,225,0.702,9.6,771,7,1,0,3.9,0
C008858,209,11093.01,18,77,330,0.742,28.4,1443,1,0,0,5.3,0
C003728,214,6826.93,20,100,338,0.704,23.3,556,10,1,1,4.8,0
C007354,666,4993.3,9,38,176,0.9,28.6,1352,10,1,0,10.0,0
C008554,373,1172.01,18,50,230,0.716,30.4,441,3,0,0,5.6,0
C006280,410,4878.91,10,48,202,0.712,15.1,988,1,1,0,0.4,0
C009854,150,4535.03,14,41,170,0.768,28.1,557,1,0,0,7.6,0
C007296,320,14555.74,23,143,488,0.428,18.1,1393,8,1,2,8.5,0
C006252,1043,1991.06,22,128,460,0.935,20.0,1320,0,0,0,7.3,0
C005927,91,16292.56,13,66,261,0.681,20.1,2255,4,1,0,1.3,0
C002461,800,626.11,16,106,370,0.813,18.9,2908,13,0,0,2.2,0
C000023,669,2070.27,9,30,131,0.851,20.9,2572,2,1,0,2.4,0
C002067,87,6821.86,15,72,268,0.958,21.6,2285,0,0,0,10.0,0
C001654,634,7574.0,13,64,227,0.626,25.0,533,0,0,0,5.9,0
C008707,316,8594.72,11,65,244,0.734,23.5,1705,8,0,1,8.8,0
C001377,1063,1422.3,16,71,280,0.774,24.3,4471,13,0,0,2.7,0
C001725,135,3216.41,14,58,264,0.811,14.9,914,0,0,0,9.7,0
C003755,346,3824.43,8,46,169,0.84,23.5,790,1,2,0,7.1,0
C008653,400,3846.16,12,60,221,0.886,20.3,531,5,0,0,5.4,0
C004184,1153,24110.05,12,65,239,0.967,18.3,3592,6,0,0,6.0,0
C004083,340,12629.17,13,60,255,0.9,19.4,2715,3,0,0,5.3,0
C008475,1148,1872.48,18,111,376,0.852,23.6,965,0,0,0,8.4,0
C006580,324,17892.72,14,55,214,0.706,18.9,2097,5,0,0,8.0,0
C004559,508,7059.05,13,48,218,0.663,20.7,913,7,0,0,1.1,0
C003538,735,1030.49,17,82,372,0.526,22.0,495,3,1,0,1.9,0
C007004,390,4061.3,13,38,169,0.471,22.6,1627,13,0,0,4.1,0
A000419,331,22166.02,13,6,51,0.318,5.5,188,13,1,3,2.0,1
C000647,284,2250.06,13,67,240,0.792,14.6,416,7,1,0,2.9,0
C006382,786,16916.01,14,60,240,0.833,22.9,441,4,0,0,4.5,0
C007528,322,10067.49,20,78,316,0.556,17.8,1101,1,0,0,1.7,0
A000665,208,5895.0,7,54,61,0.693,7.3,985,6,1,1,3.4,1
C007166,479,1969.34,10,50,188,0.708,24.9,2146,1,0,0,3.1,0
C008807,644,4004.19,22,116,391,0.619,26.6,927,0,0,0,8.7,0
C007698,256,6613.31,17,110,383,0.44,17.9,1510,11,0,0,4.1,0
A000348,185,3062.61,14,9,84,0.1,3.8,62,9,0,2,1.7,1
C004876,73,8800.46,24,110,416,0.984,31.6,3819,4,1,2,5.6,0
A000913,429,23737.76,17,10,112,0.616,4.4,116,2,0,2,3.1,1
C005342,548,2162.34,18,59,216,0.904,23.0,3870,2,0,0,3.9,0
C007032,308,1723.05,23,107,404,0.69,18.3,681,0,0,0,7.6,0
C002161,563,1382.74,20,80,328,0.973,26.5,3161,4,0,0,10.0,0
C000686,703,4500.3,13,59,243,0.66,27.6,650,1,0,0,7.2,0
C002462,935,6074.32,14,73,263,0.728,21.3,197,9,0,0,10.0,0
C007129,546,1127.65,13,54,188,0.42,5.1,746,12,0,0,9.3,0
C006268,667,7437.6,15,84,356,0.768,14.3,772,1,0,0,7.9,0
C004942,493,3157.81,12,53,229,0.748,21.4,1870,3,0,0,4.2,0
C005947,364,4365.03,14,63,241,0.477,20.2,1851,8,1,0,4.1,0
C004584,798,4287.45,17,80,299,0.921,14.1,510,0,0,0,7.2,0
C005785,446,5818.13,17,89,331,0.764,25.6,2602,1,0,0,3.6,0
C007570,576,4710.73,16,81,276,0.942,31.0,829,2,1,0,7.3,0
C000522,187,3593.88,15,87,337,0.79,20.3,2230,10,0,1,4.6,0
C008715,574,6602.31,16,89,75,0.8,14.9,160,2,0,0,2.0,0
C003984,449,2570.39,13,68,256,0.66,10.1,1037,8,1,0,5.3,0
A000516,411,4285.22,13,10,89,0.245,7.6,68,3,0,2,2.3,1
C000781,102,4741.27,19,113,377,0.948,20.2,1321,11,0,0,6.9,0
C009062,636,4700.8,15,79,281,0.475,24.2,1958,0,0,0,10.0,0
C005608,526,1338.78,12,74,295,0.772,20.2,258,6,0,1,10.0,0
C005979,395,1058.43,22,112,376,0.915,32.7,1066,1,1,0,7.5,0
C003748,249,4607.05,18,105,379,0.616,19.8,981,9,1,0,4.0,0
C002197,265,19134.97,12,66,222,0.814,17.2,642,3,0,0,10.0,0
C008562,1366,7602.15,14,47,194,0.589,21.4,947,1,1,0,3.0,0
A000864,414,5390.29,13,10,81,0.62,6.6,38,4,2,1,5.1,1
C004286,182,10813.53,18,62,226,0.698,25.5,1230,7,0,0,3.6,0
C008570,802,4141.26,16,68,291,0.701,14.8,535,0,1,0,7.6,0
C006980,987,8289.38,15,77,306,0.603,20.9,1031,0,2,0,2.5,0
C001828,165,1438.46,14,71,255,0.779,23.5,2104,1,1,0,8.3,0
A000638,296,3265.09,17,10,79,0.071,7.9,41,0,1,0,6.6,1
C002377,436,3150.36,15,62,271,0.708,30.3,1676,3,1,0,7.7,0
C008552,1405,5279.64,13,61,263,0.502,22.2,389,5,0,1,7.7,0
C003840,539,2403.79,17,66,230,0.66,21.9,1299,2,0,0,9.0,0
C001247,682,10096.66,17,76,301,0.864,19.3,347,6,1,1,7.4,0
C007505,362,5853.15,18,95,382,0.837,24.2,1466,1,0,1,5.0,0
C006512,590,10773.3,21,85,379,0.82,23.4,549,3,0,0,8.7,0
C005440,1322,3230.77,16,73,113,0.804,24.6,523,6,1,0,6.1,0
A000168,761,2138.21,19,5,278,0.113,23.2,1449,3,1,2,7.4,1
A000688,1073,3696.61,19,4,34,0.274,7.4,558,30,0,1,5.6,1
C005511,906,20712.52,19,73,271,0.814,27.8,2310,5,1,0,2.7,0
C005331,417,1855.67,14,64,221,0.777,20.0,4591,3,0,0,7.0,0
C004532,535,1327.36,18,80,329,0.791,19.0,1233,2,0,0,4.5,0
C000366,44,6829.44,15,68,242,0.447,26.5,2589,9,0,0,5.6,0
A000973,461,4337.26,19,4,42,0.465,6.9,110,16,1,3,4.6,1
C000148,326,6843.07,11,49,207,0.818,24.3,3008,9,0,1,7.1,0
C001669,213,3042.82,18,75,326,0.702,28.5,2504,0,0,0,4.1,0
C009750,1219,3265.83,9,25,94,0.875,28.0,1251,0,1,0,6.1,0
C007651,426,4895.5,20,137,469,0.717,19.5,914,15,0,0,0.0,0
C008600,824,3722.37,10,58,199,0.886,34.6,1636,0,0,0,6.3,0
C007789,398,4943.02,21,84,333,0.795,19.3,1394,2,1,0,9.5,0
C003457,330,18685.29,12,53,178,0.825,21.1,2682,5,0,0,7.0,0
C003272,391,5260.06,13,67,252,0.894,15.1,738,0,0,1,2.8,0
C004941,460,5182.82,9,58,198,0.891,16.3,894,4,0,0,6.4,0
C006231,599,5298.49,17,86,380,0.654,25.2,256,2,1,0,8.2,0
C009815,180,3977.86,14,65,236,0.611,24.9,1170,11,0,0,9.4,0
C008945,407,4087.98,11,43,187,0.496,20.3,536,4,0,0,3.5,0
C003927,216,1575.3,13,45,200,0.202,20.3,2004,12,0,0,5.0,0
C009413,398,8136.4,18,62,212,0.691,17.0,854,1,1,0,3.3,0
C008081,248,1546.38,12,55,197,0.609,26.9,461,1,0,0,6.6,0
C000079,272,2151.74,17,71,320,0.892,14.2,2798,6,0,1,4.4,0
C007089,332,5780.7,20,6,498,0.621,25.5,910,0,0,0,5.6,0
C002248,179,5170.97,18,87,337,0.685,25.0,1950,0,1,0,7.7,0
C009097,392,3593.7,16,76,318,0.172,20.2,62,7,1,0,10.0,0
A000933,216,4515.93,21,6,97,0.415,8.2,47,15,2,2,7.8,1
C007452,280,6197.84,11,41,158,0.454,25.0,559,0,0,0,10.0,0
C002280,586,9063.12,14,59,54,0.733,25.3,103,1,0,2,6.4,0
C008124,90,4405.31,5,25,93,0.887,12.4,1086,1,0,1,6.3,0
C003898,503,8057.8,16,85,301,0.878,23.4,373,8,0,0,8.2,0
C008886,340,5553.02,14,75,289,0.756,16.3,1383,8,0,1,5.4,0
C007178,1259,12226.6,13,37,145,0.589,23.5,504,4,0,0,4.2,0
A000402,294,12661.21,19,8,58,0.228,3.9,657,0,1,0,5.3,1
C003632,528,3850.39,16,67,278,0.85,20.6,645,0,1,0,5.5,0
C009503,490,7798.48,13,84,294,0.957,27.3,1132,1,0,0,7.4,0
C006273,1213,12471.05,12,59,261,0.557,14.0,802,30,0,0,7.2,0
C008617,517,9597.72,14,52,240,0.657,27.1,214,6,1,0,9.4,0
C000393,166,7540.69,26,124,459,0.595,24.1,554,1,1,0,5.2,0
C003192,512,2147.11,10,44,184,0.722,22.9,1260,3,0,1,5.9,0
C000017,360,1773.39,14,47,211,0.625,23.5,1914,4,0,0,5.5,0
C004201,218,16874.2,14,69,300,0.781,34.9,1114,4,0,0,7.5,0
C002673,539,12038.79,11,48,177,0.661,24.1,1620,7,0,0,4.1,0
C006165,843,2088.2,21,87,377,0.87,21.3,1099,13,1,0,7.8,0
C003494,321,14024.62,18,112,440,0.701,23.7,3320,1,0,1,2.2,0
C007395,118,10979.19,16,54,194,0.926,16.7,824,5,0,0,4.1,0
C004840,702,6102.0,10,42,160,0.776,21.3,2127,0,0,0,2.3,0
C000594,127,1140.87,18,99,402,0.658,25.7,5246,8,0,0,7.8,0
A000246,519,9024.67,14,6,89,0.055,3.9,15,6,0,2,8.4,1
C008738,304,5907.27,18,70,282,0.719,25.6,1458,3,1,0,8.0,0
C005828,135,5039.2,17,97,343,0.57,14.2,1213,5,0,0,2.2,0
C007962,1116,5031.62,23,87,389,0.439,21.2,1656,8,1,1,6.8,0
C005888,452,3347.43,16,92,342,0.79,18.8,1350,3,0,0,5.8,0
C002356,254,3779.42,15,74,274,0.745,15.8,725,4,0,0,7.1,0
C006037,143,2645.79,16,66,278,0.682,11.5,2081,3,1,0,10.0,0
C004799,1165,4249.27,15,73,252,0.608,20.8,838,0,1,0,5.2,0
C009527,307,4767.1,20,77,338,0.775,31.9,487,2,0,0,6.5,0
C004593,316,2596.81,14,46,167,0.836,24.8,624,3,0,0,9.8,0
C008657,603,3548.8,22,126,438,0.688,28.6,908,12,1,0,5.6,0
C000164,408,11398.16,12,62,226,0.579,20.9,349,2,1,0,6.1,0
A000189,453,2194.17,20,9,150,0.174,5.2,65,0,0,0,2.1,1
A000379,324,1977.38,10,4,51,0.133,9.4,119,10,0,1,6.1,1
A000749,535,8329.19,10,7,69,0.26,7.3,200,12,2,0,0.1,1
C007381,405,7570.51,15,70,244,0.693,15.8,975,1,0,1,4.4,0
A000944,1086,6507.81,15,3,32,0.132,9.2,16,8,1,1,7.0,1
C006357,718,2676.97,14,66,286,0.881,20.9,2396,2,0,0,7.7,0
C005543,351,2066.4,16,48,217,0.693,22.5,617,0,0,0,9.6,0
C006008,665,2948.76,17,69,318,0.508,16.9,742,3,0,1,9.5,0
C007994,74,1046.89,10,44,191,0.942,25.5,1555,0,0,0,7.2,0
C007639,341,5329.38,13,57,226,0.724,30.6,1239,2,1,0,4.6,0
C006794,817,6663.07,13,60,226,0.175,22.3,517,0,1,0,5.6,0
C007759,502,1900.35,18,72,314,0.788,27.0,1017,3,2,0,4.3,0
C004838,736,5822.14,9,0,110,0.824,15.8,964,2,0,0,3.2,0
C002294,317,2354.92,7,32,146,0.664,18.6,1959,9,1,0,5.1,0
C006549,334,6220.34,13,71,263,0.563,16.5,1123,11,1,0,6.1,0
C007899,312,1715.12,8,33,113,0.661,26.4,714,2,0,0,2.1,0
C004482,371,1392.94,17,110,402,0.748,11.4,1774,1,0,0,3.5,0
C003717,288,15871.52,8,35,136,0.648,30.0,503,3,1,0,9.5,0
C006141,639,31925.27,12,46,201,0.703,17.3,695,10,0,1,5.3,0
C001550,623,12240.49,11,61,233,0.577,16.0,780,2,0,0,5.7,0
C002045,36,2114.03,18,89,313,0.616,16.7,2904,5,0,1,5.9,0
C000768,362,5382.21,18,78,275,0.562,23.1,1092,0,0,0,4.1,0
C005694,273,7612.86,23,109,483,0.753,30.6,235,3,0,0,6.7,0
C007871,143,2336.67,16,83,296,0.793,22.9,5615,0,0,0,0.0,0
C007858,324,8443.32,14,73,271,0.492,15.1,1720,6,0,0,5.5,0
C003303,374,13484.43,13,76,279,0.625,21.7,1940,9,0,1,9.0,0
C004518,416,3871.72,19,115,430,0.81,23.0,501,0,1,0,7.1,0
C009997,502,7109.69,10,46,200,0.285,29.6,3266,1,0,0,9.1,0
C003293,637,5354.43,21,101,429,0.844,25.1,506,1,0,0,6.0,0
C001404,474,3074.68,13,89,327,0.662,19.2,93,10,0,0,10.0,0
C001383,178,9649.48,10,52,195,0.824,12.7,2394,2,0,0,10.0,0
C006929,282,19150.16,15,58,218,0.693,15.6,558,1,0,0,2.3,0
C005672,752,5155.52,13,53,199,0.683,27.9,1994,4,0,0,1.3,0
C001639,468,6309.25,23,75,297,0.386,23.4,3066,9,1,1,10.0,0
A000769,575,5063.54,8,3,49,0.172,3.7,320,2,0,1,2.0,1
C006908,186,1095.22,17,70,292,0.793,24.4,1455,0,0,0,4.1,0
C008592,1034,8061.13,13,54,230,0.704,22.2,1225,0,0,0,6.6,0
C006407,648,3400.04,18,87,352,0.643,18.9,2830,23,0,0,3.1,0
C001180,303,4826.39,18,83,351,0.783,15.1,4153,2,0,0,5.4,0
C005449,496,12034.46,14,56,235,0.782,22.7,285,3,0,0,7.0,0
C005079,218,4217.37,11,49,172,0.706,20.5,778,5,0,0,6.6,0
C008649,397,2948.17,10,52,216,0.136,23.8,7022,5,0,0,5.4,0
C005176,982,6788.8,15,64,232,0.82,23.2,536,11,1,0,8.0,0
C000690,438,5996.15,19,74,305,0.78,34.3,242,8,0,0,6.0,0
C009760,1300,2576.22,13,53,236,0.831,17.0,3688,15,0,0,9.7,0
C006526,202,5829.29,15,103,378,0.84,32.0,580,2,1,0,7.8,0
A000795,408,1379.7,16,8,65,0.442,1.1,263,2,0,0,4.0,1
C006489,299,3509.78,11,53,237,0.775,18.9,516,0,0,1,5.2,0
C007155,232,5465.48,10,45,200,0.591,18.6,783,4,0,0,8.2,0
C009272,1032,5744.55,13,67,276,0.585,27.6,416,7,1,0,10.0,0
C006611,447,6123.81,19,102,448,0.922,20.4,110,5,1,0,3.1,0
C009501,355,2510.78,12,66,223,0.751,26.9,1123,5,0,0,10.0,0
C004350,276,6435.38,15,71,293,0.915,18.1,810,4,0,0,4.4,0
C001885,498,11108.59,21,135,462,0.774,33.6,226,3,0,0,3.7,0
C009520,239,5823.41,13,72,246,0.656,23.3,1411,5,1,1,7.9,0
C002495,514,3553.47,19,91,356,0.778,19.2,934,0,0,0,6.0,0
C005948,307,5183.7,27,143,555,0.446,19.4,6280,0,0,1,10.0,0
C003037,1225,16779.96,9,43,144,0.895,24.5,6186,1,1,0,10.0,0
C005778,662,3106.57,14,48,174,0.53,14.0,908,2,0,0,4.5,0
C000846,1418,4168.48,19,63,284,0.852,29.3,1117,4,0,0,6.5,0
C008735,236,4746.0,16,78,299,0.777,23.9,580,8,0,1,5.4,0
C007968,367,6772.86,15,86,322,0.814,30.1,341,8,0,1,10.0,0
A000768,1088,2385.87,17,4,48,0.22,3.4,107,28,0,2,8.1,1
C007341,405,2476.83,19,94,320,0.443,13.3,1321,2,0,0,4.6,0
C009923,179,2552.56,24,87,390,0.745,30.1,1425,4,1,0,5.1,0
C009126,226,2539.89,17,60,239,0.906,30.6,1228,4,0,0,2.2,0
C007138,805,2605.56,15,81,353,0.772,28.9,1244,1,0,0,8.5,0
C002965,547,9030.37,12,61,222,0.63,16.0,763,5,0,0,6.2,0
C002530,316,2310.24,16,98,339,0.676,35.9,1281,0,0,0,5.5,0
C005773,312,3051.47,16,80,294,0.692,23.4,1030,0,0,0,8.7,0
C001049,214,3880.53,16,108,382,0.762,35.2,4323,2,0,0,5.6,0
C007046,502,21443.56,20,84,309,0.919,19.1,917,0,1,0,9.0,0
C001961,928,3846.67,8,36,143,0.534,2.0,978,0,0,0,8.3,0
C002531,54,8495.69,22,116,400,0.687,21.1,1302,0,0,0,9.3,0
C008430,277,5760.35,15,64,235,0.88,24.0,306,11,0,1,2.7,0
C004918,305,9738.6,16,80,324,0.735,16.1,608,0,1,0,9.4,0
C005902,296,5036.42,10,47,188,0.35,19.8,2431,0,0,0,1.5,0
C008287,586,5143.84,14,98,343,0.453,24.8,4675,7,0,0,2.0,0
C004260,587,11478.39,14,60,256,0.836,20.5,1862,1,0,0,4.0,0
C005657,1071,5149.21,22,93,403,0.602,24.4,2095,8,0,0,9.2,0
C006098,840,3046.07,19,88,299,0.865,28.5,379,4,0,0,7.2,0
C005908,865,1427.06,14,77,277,0.719,23.1,1098,9,0,0,4.2,0
C007374,114,6448.28,17,71,296,0.94,25.8,438,1,1,0,2.8,0
C002979,291,12968.16,19,64,272,0.603,27.0,1591,1,0,0,1.3,0
C009769,215,1930.23,14,71,240,0.585,15.3,1770,7,0,1,5.9,0
A000232,192,3869.42,9,5,41,0.148,7.7,85,6,0,1,0.9,1
C006722,262,3213.85,15,78,272,0.882,25.9,1056,4,0,1,0.0,0
C007843,438,11159.96,20,126,431,0.228,16.9,720,3,0,0,2.4,0
C008265,494,3435.62,10,41,143,0.502,17.6,2008,0,1,1,10.0,0
C009665,294,5591.24,17,89,310,0.804,17.0,3724,13,0,0,8.6,0
C003139,579,10054.34,24,2,376,0.529,30.6,59,2,1,0,6.5,0
C008326,501,4314.86,19,95,322,0.92,38.7,970,5,0,0,8.3,0
A000914,199,6372.22,20,19,135,0.313,6.9,79,17,0,2,6.4,1
C001827,103,5295.31,17,86,291,0.473,21.7,1539,4,0,0,8.2,0
C005549,204,5026.84,14,59,218,0.659,13.0,2451,1,0,1,7.7,0
C008786,322,1301.58,17,89,331,0.564,26.0,756,0,1,0,0.0,0
C000561,182,4436.53,15,52,237,0.829,23.8,103,0,0,0,6.0,0
A000482,910,6027.95,16,2,24,0.193,4.0,163,3,1,1,7.6,1
C008436,605,4104.56,17,64,259,0.56,19.9,1571,0,0,0,6.1,0
C005436,330,16176.69,23,108,367,0.765,19.0,765,6,1,0,0.0,0
C004438,972,4186.28,9,31,129,0.905,18.3,369,9,2,0,6.9,0
C008598,476,7117.99,18,104,362,0.564,20.4,2199,6,0,1,3.9,0
C001443,645,4451.43,13,64,269,0.827,19.6,1044,5,1,0,7.7,0
C008454,392,5882.83,16,86,335,0.919,31.6,895,3,0,0,6.8,0
C004407,512,3342.71,15,66,246,0.674,23.9,415,1,0,0,6.6,0
A000486,517,3586.35,18,8,122,0.359,4.9,19,12,0,0,0.0,1
C001690,566,4637.05,16,62,225,0.945,17.6,2129,13,1,0,9.8,0
A000846,935,2960.21,15,6,100,0.11,4.4,76,1,1,2,5.1,1
C009909,658,3182.72,9,39,165,0.82,19.4,1144,0,0,0,4.6,0
C005963,279,4141.04,18,109,374,0.711,20.3,2441,2,1,0,7.7,0
C002497,403,3871.15,21,82,367,0.673,20.1,492,2,0,1,5.5,0
C009029,493,6225.12,11,53,219,0.721,21.7,2878,6,0,0,8.8,0
C000341,229,13056.57,14,48,202,0.766,19.3,1081,7,0,0,6.9,0
C002409,278,4803.09,15,52,238,0.536,31.6,833,0,1,0,5.9,0
C009234,247,3241.13,10,50,178,0.614,22.3,1033,1,0,0,6.5,0
C005783,521,36612.25,17,80,303,0.88,24.1,1162,3,0,1,3.8,0
C004577,317,1363.52,22,89,337,0.666,25.4,1980,14,0,0,4.7,0
C003726,376,9051.47,12,56,215,0.94,14.6,599,2,1,0,4.0,0
C002786,105,6058.01,21,4,307,0.172,22.1,425,1,0,0,3.2,0
C001013,619,5028.94,14,53,228,0.809,13.9,528,1,0,0,7.9,0
C005281,349,5515.02,17,74,328,0.888,16.2,1482,0,1,0,5.4,0
C004896,96,5243.6,13,51,177,0.475,19.1,184,2,1,0,7.2,0
C007122,209,7396.24,11,31,140,0.67,23.4,637,0,0,0,3.5,0
C006550,553,3105.77,18,79,331,0.623,18.3,1118,2,0,0,2.2,0
C004038,292,4762.65,18,88,383,0.634,18.3,2018,3,1,0,7.3,0
C000149,924,11860.04,19,103,405,0.952,16.8,2389,10,0,1,7.5,0
C000286,680,8236.29,9,40,149,0.87,22.6,953,3,0,2,4.4,0
A000617,435,1286.66,14,9,65,0.256,6.1,19,10,0,1,5.7,1
C008556,254,2965.42,23,96,396,0.893,23.1,3098,9,0,1,8.4,0
C009258,528,2085.43,15,91,314,0.549,22.6,5488,1,0,1,8.3,0
C006771,684,2156.56,19,75,269,0.901,14.4,683,3,0,0,4.3,0
C004444,832,6442.84,16,54,202,0.554,21.6,3063,2,1,0,5.6,0
C007447,191,1508.03,16,78,295,0.713,19.3,998,2,0,0,3.1,0
C000237,762,2148.84,14,82,290,0.651,26.9,1844,0,0,0,0.0,0
A000946,1171,3753.18,13,9,63,0.069,3.7,197,13,0,2,3.2,1
C007124,466,4407.89,21,110,437,0.766,32.6,938,11,0,0,7.7,0
C009199,525,2234.98,13,45,207,0.788,26.4,1449,0,2,0,4.3,0
C003084,312,2232.0,22,104,363,0.511,21.0,889,0,1,0,1.1,0
C000633,283,2386.79,16,84,297,0.493,26.0,1097,2,0,0,7.0,0
C006814,174,23580.52,17,71,273,0.736,15.2,768,11,0,0,3.2,0
C002494,258,4543.78,16,61,204,0.237,26.3,1841,2,0,0,7.7,0
C002666,761,2273.69,15,92,350,0.64,19.7,692,2,2,0,7.1,0
C009350,442,14233.63,22,77,305,0.842,14.2,1134,16,0,0,5.2,0
C009273,130,3336.69,21,82,353,0.699,31.9,1120,0,0,1,6.9,0
C009326,454,18950.78,16,76,292,0.8,23.4,760,17,0,0,8.6,0
C004212,477,4382.18,8,29,131,0.77,24.7,908,0,0,0,7.6,0
C003875,188,2305.35,22,81,354,0.738,26.9,862,3,0,0,4.8,0
C002818,520,4240.71,18,90,335,0.759,18.6,783,10,0,0,7.6,0
C009102,421,11368.87,12,38,159,0.253,20.7,2319,7,1,0,5.4,0
A000789,732,18194.93,16,8,114,0.663,6.2,154,9,0,0,2.5,1
C009895,822,1761.29,17,99,341,0.508,29.3,347,5,0,1,7.0,0
C007427,259,11432.08,18,61,238,0.797,24.7,409,6,1,0,5.8,0
C009477,329,9888.06,13,56,194,0.438,26.1,4348,9,1,0,10.0,0
C009756,144,4467.38,11,45,160,0.685,30.7,617,2,0,0,7.5,0
A000122,161,3169.3,11,84,38,0.489,4.6,112,1,1,1,0.0,1
C001736,670,4604.71,9,43,164,0.878,26.8,1152,1,0,0,3.4,0
C007398,624,2355.24,21,77,300,0.685,25.6,374,8,0,0,7.0,0
C004256,388,5332.84,16,107,401,0.872,16.8,725,4,0,0,10.0,0
C009123,598,3068.97,15,78,318,0.825,20.3,1078,1,0,0,6.3,0
C002476,411,7662.53,21,120,404,0.655,27.0,2624,0,0,0,2.5,0
A000974,295,7817.37,15,5,53,0.114,8.0,82,0,0,0,5.2,1
C003714,50,12484.41,20,108,403,0.756,19.2,1270,0,0,0,6.3,0
C009893,381,5627.77,13,49,208,0.808,27.2,997,8,1,1,7.8,0
C001805,246,1683.19,16,73,325,0.739,26.6,835,1,0,0,7.1,0
C000708,828,9386.36,9,31,114,0.807,14.3,799,3,0,0,4.8,0
A000113,356,1974.17,13,14,104,0.314,5.6,103,6,0,0,3.6,1
C005190,524,5067.99,15,44,199,0.686,18.0,532,0,1,0,10.0,0
C005473,408,11990.02,17,62,243,0.823,14.5,716,1,0,1,4.9,0
C000073,249,18985.74,13,68,228,0.636,21.8,681,3,0,0,8.1,0
C007844,389,2050.07,15,86,299,0.896,18.4,1587,7,2,1,7.6,0
C005102,434,5177.09,13,69,265,0.768,18.0,1612,6,0,0,4.8,0
C006765,429,541.81,14,32,119,0.534,13.1,1883,2,0,1,6.9,0
C001126,574,1379.5,11,63,259,0.797,19.6,5211,10,0,0,5.8,0
C001242,262,8833.77,17,94,316,0.5,19.5,1787,3,1,1,5.8,0
A000371,575,6287.25,18,8,81,0.193,6.2,27,12,0,2,6.3,1
C002350,79,4816.23,15,68,302,0.625,26.7,927,5,0,0,6.0,0
C006603,665,2793.08,18,112,377,0.558,13.1,1272,6,1,0,0.3,0
C006781,71,25700.57,16,75,297,0.565,29.0,1515,1,0,0,10.0,0
C004359,850,4888.39,7,28,124,0.909,26.3,1509,20,1,1,5.3,0
C001344,163,5406.46,11,44,186,0.81,14.9,1024,0,0,0,6.2,0
A000979,800,5760.12,17,7,66,0.342,2.5,60,25,0,1,4.7,1
C009567,646,7340.99,16,67,270,0.703,24.2,1132,21,0,0,5.7,0
A000534,237,10318.36,9,5,48,0.417,6.1,170,1,0,2,3.9,1
C008633,343,1834.78,18,85,380,0.7,22.9,2633,7,0,0,6.0,0
C006653,154,7071.88,8,39,143,0.655,18.9,241,2,0,1,5.6,0
C001101,392,2663.81,20,82,325,0.401,23.1,1150,0,0,0,3.8,0
C008842,177,2155.46,15,52,240,0.587,22.8,2588,13,0,0,9.5,0
C007328,181,5037.21,17,79,328,0.89,17.5,706,0,0,0,5.5,0
C007623,221,2406.76,12,42,156,0.514,8.2,2430,3,0,0,6.1,0
C000988,318,6507.41,18,60,271,0.948,19.2,472,0,1,0,7.8,0
C002853,724,7350.69,16,77,271,0.483,13.9,1783,6,1,0,4.9,0
C008854,385,8776.91,22,119,422,0.526,22.7,996,9,0,0,2.7,0
C000631,275,3293.58,12,41,181,0.88,11.3,612,2,0,0,4.7,0
C001250,423,2575.56,16,52,233,0.704,19.6,4344,2,0,0,3.9,0
C003180,305,6123.68,12,50,170,0.699,17.7,518,0,0,0,9.9,0
C000483,994,8087.55,8,32,126,0.536,8.4,230,1,0,0,5.4,0
C003041,634,5218.13,14,58,253,0.842,20.1,3820,4,0,1,6.5,0
C005011,184,16944.3,12,52,182,0.581,29.0,1778,5,1,0,6.4,0
C009621,351,11067.66,19,72,245,0.861,31.3,239,5,1,0,3.7,0
C007001,490,3658.89,15,61,243,0.753,18.7,1066,2,1,0,5.4,0
C003274,240,12947.63,13,64,223,0.899,29.2,1172,7,0,1,3.3,0
C007228,682,2463.19,15,62,260,0.195,27.7,2834,9,0,0,5.3,0
C003684,200,7863.94,22,96,403,0.754,22.9,2364,8,0,0,4.4,0
C006675,330,2437.56,14,65,257,0.627,22.4,1751,6,1,0,9.6,0
C006808,91,2560.79,21,99,416,0.696,7.9,452,30,0,0,7.1,0
A000707,487,6463.17,12,1,18,0.221,6.6,33,0,1,1,4.2,1
C001317,269,5684.17,18,68,253,0.198,20.9,336,4,0,0,7.5,0
C003226,425,9527.96,13,35,134,0.841,23.0,430,6,0,0,6.6,0
C001073,484,5835.85,17,92,316,0.697,36.8,1528,0,0,1,2.6,0
C004816,701,8742.87,20,122,525,0.848,26.6,4344,3,0,0,5.3,0
C009308,684,10659.54,21,89,344,0.606,33.4,672,14,1,0,5.0,0
C005753,266,4490.22,12,60,225,0.549,26.3,1648,1,0,1,5.9,0
A000062,330,4675.13,12,6,43,0.264,9.6,174,24,1,1,3.5,1
C004617,274,7360.74,17,88,373,0.88,21.1,4525,3,0,1,3.2,0
C003098,933,1858.78,16,77,316,0.756,24.7,1297,1,1,0,4.5,0
C006870,881,16133.96,16,88,357,0.516,22.0,349,4,0,0,5.7,0
C001301,236,6391.37,8,32,127,0.893,19.7,193,3,0,0,6.7,0
C007286,1171,17330.59,15,77,304,0.789,13.3,2475,3,0,0,7.8,0
C006285,322,12698.31,14,51,228,0.654,21.1,407,6,1,1,7.3,0
C005496,200,8833.81,19,92,394,0.542,20.4,672,2,0,0,2.5,0
C005292,756,6694.85,13,49,209,0.735,21.3,1226,2,0,0,6.0,0
C001799,220,9650.68,18,67,95,0.087,16.2,407,6,0,0,9.0,0
C005204,163,3089.26,21,109,411,0.521,21.9,1054,1,0,1,2.6,0
C008228,527,3087.21,9,40,154,0.45,28.8,2102,0,0,0,5.2,0
C005048,168,5214.25,16,61,243,0.51,21.5,882,30,1,0,3.5,0
C006442,251,2654.95,13,54,185,0.627,22.8,404,2,0,0,5.8,0
C008637,1117,11777.99,16,98,404,0.912,24.7,963,0,0,0,6.2,0
C008106,1664,1638.31,22,137,462,0.914,30.7,1366,0,0,0,1.6,0
C002360,376,8948.75,18,91,364,0.522,20.7,2363,12,0,0,7.8,0
A000320,532,2241.64,10,5,67,0.253,7.2,117,9,2,1,3.6,1
C003655,385,9037.51,14,68,276,0.538,27.2,2371,1,1,0,1.4,0
C007053,506,3096.59,14,73,248,0.535,26.1,815,3,0,0,10.0,0
C001287,895,3772.61,8,25,108,0.645,23.1,1322,1,0,0,1.5,0
A000041,520,5410.27,11,5,51,0.608,5.7,77,0,0,1,6.0,1
C004446,203,7002.36,13,46,209,0.523,16.7,2034,7,0,0,5.6,0
C002138,356,2071.93,11,49,204,0.741,9.9,1854,1,0,0,5.2,0
C006788,253,11634.1,12,70,255,0.893,28.0,641,2,0,0,7.0,0
A000721,194,4474.15,11,5,82,0.345,6.2,175,5,0,0,9.8,1
C009371,717,5121.43,15,49,220,0.742,17.2,1634,1,1,0,10.0,0
A000465,194,3412.52,15,6,57,0.566,4.6,184,20,0,1,1.6,1
C006895,539,9854.96,12,61,223,0.861,25.1,2497,1,0,0,8.0,0
A000107,263,8669.55,17,7,59,0.358,6.9,82,5,1,1,0.6,1
C008565,787,17121.92,21,96,434,0.802,19.8,2417,8,0,0,8.0,0
C007152,608,4654.72,17,87,323,0.771,16.0,701,1,1,0,3.2,0
C000964,156,4441.12,12,42,160,0.779,31.0,245,3,0,0,10.0,0
C006013,980,3829.37,13,58,260,0.936,15.9,1373,5,0,0,7.6,0
C004883,241,3847.07,16,53,195,0.919,21.0,802,3,0,0,7.2,0
C000141,463,7275.05,16,80,293,0.835,18.3,1044,2,0,0,4.9,0
A000533,98,1991.89,11,6,58,0.132,3.0,1884,30,0,2,0.0,1
C008907,429,4842.91,17,54,202,0.84,24.0,600,0,1,0,4.1,0
C006937,491,3473.66,15,58,204,0.831,15.1,784,1,1,0,5.5,0
C006543,546,3060.73,10,52,227,0.828,10.5,1464,3,1,1,1.8,0
C005244,832,17203.48,12,37,132,0.672,19.5,1533,3,0,1,4.3,0
C004432,920,5195.96,15,76,326,0.719,25.8,1398,0,0,0,6.1,0
C000407,840,4682.28,16,67,287,0.617,13.1,1469,2,1,0,7.2,0
C008213,230,14145.06,19,110,412,0.698,14.1,1215,5,0,0,1.8,0
C009220,327,1402.72,8,32,143,0.769,17.2,1209,5,0,1,4.9,0
A000026,137,11107.66,16,7,92,0.657,6.0,80,24,0,2,2.9,1
C009136,215,1768.99,10,38,131,0.801,8.6,1563,7,0,1,6.6,0
C008235,699,1945.94,12,70,257,0.799,22.4,335,0,0,0,8.5,0
C004400,324,8243.49,19,111,378,0.694,17.9,608,1,0,0,4.2,0
C005253,262,1776.54,11,39,161,0.759,35.0,1536,2,2,1,5.5,0
C000012,287,5922.59,12,64,239,0.857,24.1,515,14,0,0,6.6,0
C004761,507,1338.1,11,47,216,0.816,29.7,199,16,1,0,3.9,0
C001178,165,5704.41,10,40,137,0.483,14.1,2659,3,0,0,6.5,0
C002864,779,5004.94,9,32,136,0.317,21.2,1244,4,0,1,7.6,0
C006472,219,5333.26,9,36,134,0.914,22.9,862,12,0,0,8.4,0
C006229,365,5352.35,10,41,173,0.907,29.7,820,1,0,0,1.2,0
C002990,337,3673.97,10,31,127,0.722,34.1,1550,0,0,0,5.3,0
C007118,919,8863.78,10,50,215,0.87,15.2,1600,0,0,0,6.3,0
C007011,174,6832.95,18,78,293,0.636,21.3,2001,7,0,0,10.0,0
C009426,478,2582.42,12,56,204,0.581,30.1,838,9,0,0,10.0,0
C008928,259,8663.03,8,41,150,0.654,26.0,513,5,1,0,3.6,0
C001441,149,3095.79,17,73,301,0.564,18.1,1259,1,0,0,6.5,0
A000716,935,1967.76,18,7,102,0.747,5.5,176,5,0,2,5.7,1
C002876,767,5538.09,16,89,322,0.517,17.2,1203,1,1,0,6.0,0
C009109,196,4299.17,9,47,201,0.775,20.9,1157,5,1,1,6.0,0
A000009,751,3960.3,15,8,117,0.155,6.2,139,1,1,3,2.5,1
C009690,304,2459.89,13,75,333,0.601,24.3,551,1,0,0,5.6,0
C007233,191,9199.89,11,46,186,0.512,18.9,990,9,1,0,7.0,0
C003727,350,5968.17,18,73,302,0.354,17.8,521,5,0,0,8.8,0
C002773,1043,2299.82,10,28,102,0.521,27.6,564,4,1,0,3.0,0
C000455,247,8421.63,17,53,210,0.412,11.0,2305,0,1,0,3.1,0
C009014,267,6129.51,21,78,308,0.89,32.5,1091,2,1,0,8.3,0
C008190,607,12137.78,16,97,331,0.621,24.7,743,1,1,0,9.1,0
C001368,624,4400.13,13,49,182,0.845,20.7,495,0,0,0,5.5,0
C003713,625,23350.17,20,88,316,0.812,24.1,567,4,0,0,4.7,0
A000829,666,4720.58,9,2,15,0.106,7.2,22,16,0,2,0.8,1
C001389,361,5985.95,18,76,338,0.405,7.9,886,2,0,0,1.8,0
C009043,937,2820.81,11,48,177,0.76,13.6,4606,1,0,0,6.0,0
C001001,1075,1612.13,19,107,408,0.56,23.2,2812,5,0,2,7.8,0
C007762,190,16448.19,10,42,182,0.876,16.5,917,5,1,0,10.0,0
C003554,441,6561.36,16,82,334,0.839,23.1,1817,0,0,1,5.2,0
C004115,505,2678.69,19,80,362,0.792,29.0,876,6,0,0,3.2,0
C001668,512,6003.05,9,37,143,0.661,16.2,844,6,0,0,2.8,0
C003174,1235,9747.0,18,73,277,0.579,29.0,5149,7,0,0,4.9,0
A000337,146,2479.02,13,4,52,0.328,6.3,308,25,0,2,0.3,1
C000489,452,5251.6,18,62,266,0.669,18.6,2763,25,0,0,7.1,0
C003231,596,4838.59,12,51,218,0.924,25.9,244,4,0,0,2.4,0
C003829,749,18195.36,12,44,166,0.733,14.5,1679,8,0,0,2.1,0
C009533,242,3259.15,15,83,283,0.723,30.8,987,1,0,0,4.6,0
C005209,79,8063.61,14,69,247,0.918,14.0,624,6,0,0,0.0,0
C007849,237,5642.78,7,24,67,0.829,27.3,1204,3,0,0,1.0,0
C005705,422,3688.74,10,53,181,0.468,19.5,2950,2,1,0,5.3,0
A000604,898,2364.49,15,0,8,0.278,8.2,59,27,1,1,7.9,1
C008134,664,3176.83,13,66,249,0.855,18.3,1046,2,0,0,8.2,0
C000704,604,23612.73,8,35,142,0.787,19.7,1228,16,0,0,5.4,0
C005106,142,11264.12,13,66,277,0.615,21.4,739,8,1,0,6.0,0
C009802,307,2081.96,7,31,126,0.602,14.9,457,1,0,0,6.0,0
C003292,500,1690.52,14,59,268,0.525,21.1,3877,11,0,0,2.8,0
C008126,160,3928.83,10,51,174,0.955,19.5,1868,2,0,1,1.3,0
A000595,366,6363.05,16,3,51,0.535,7.9,132,11,1,2,2.0,1
C009938,484,9765.44,12,64,262,0.866,27.5,773,6,0,0,4.2,0
C004910,557,4389.03,17,93,398,0.881,18.0,718,11,0,0,5.8,0
C004441,256,8445.73,12,55,204,0.825,23.6,1314,3,0,0,6.5,0
C000987,326,3309.54,15,69,300,0.448,28.0,950,5,1,0,6.1,0
A000161,590,7349.52,18,7,122,0.21,4.1,285,17,0,1,2.1,1
C009981,548,7007.95,13,67,275,0.859,18.8,1338,2,0,0,6.1,0
C007706,221,2133.1,19,70,243,0.393,27.5,862,12,0,0,4.0,0
C006258,163,25453.06,23,123,440,0.648,17.5,659,0,0,0,1.9,0
C006090,140,1115.17,9,38,161,0.721,21.0,966,12,0,1,5.9,0
C005239,1259,4386.13,10,56,127,0.986,16.8,2431,0,0,0,2.5,0
C001199,90,3436.56,16,103,387,0.736,19.1,514,9,0,0,3.5,0
C009989,159,7241.72,6,30,128,0.731,20.9,914,6,0,1,4.3,0
C007520,204,6942.35,17,59,247,0.603,20.6,662,9,1,1,7.3,0
C006813,593,8924.29,10,49,169,0.812,9.5,4341,1,0,0,5.5,0
C009207,544,2525.86,15,89,320,0.81,10.6,1041,5,0,0,5.0,0
C008321,991,3348.38,16,78,348,0.61,20.4,566,3,0,1,3.7,0
C007176,552,8263.97,15,54,231,0.419,27.2,321,1,0,0,8.9,0
C004471,701,3720.01,17,72,297,0.604,20.3,620,1,0,1,10.0,0
C000892,101,3446.26,20,91,373,0.401,24.3,966,2,1,0,9.8,0
C001970,221,5769.17,14,57,251,0.802,21.2,1079,6,0,0,1.4,0
C005758,638,3105.55,16,4,302,0.817,17.4,515,8,2,0,8.8,0
C006528,215,5704.62,22,112,462,0.594,19.6,1047,0,0,0,5.3,0
C006295,211,1520.58,23,105,408,0.746,23.1,2974,1,0,0,5.3,0
C007596,708,4685.47,12,41,142,0.541,21.6,704,12,0,1,6.5,0
C009111,161,4876.7,12,61,211,0.454,8.9,561,10,0,1,7.1,0
C003250,434,1956.47,18,77,318,0.814,40.4,2327,0,0,1,4.9,0
C006571,249,3664.86,21,90,375,0.787,20.1,879,1,0,1,8.8,0
C006639,366,2827.88,12,53,203,0.904,31.1,623,8,0,0,5.8,0
C007352,33,5617.9,12,44,186,0.348,26.8,3517,13,0,0,2.0,0
A000092,646,2659.46,14,72,103,0.681,6.4,4599,9,0,0,7.6,1
C007474,372,4070.08,17,94,374,0.433,20.8,2680,7,0,1,4.1,0
A000129,730,4555.29,17,0,0,0.676,5.8,160,21,0,0,3.2,1
C009559,935,3259.87,15,65,277,0.593,23.8,1270,6,1,0,2.1,0
C001240,756,4287.75,14,60,215,0.824,22.5,790,16,0,0,7.7,0
C002290,539,12189.95,10,51,227,0.617,26.7,1093,2,0,0,6.9,0
C002741,394,11269.78,16,87,346,0.666,27.5,1669,1,0,0,4.0,0
C008468,577,10287.01,11,54,197,0.875,20.7,1167,0,0,2,5.1,0
C004586,281,2685.08,15,50,229,0.834,28.0,335,1,0,0,6.2,0
C009228,772,14881.92,16,74,296,0.787,35.2,1006,6,0,0,9.0,0
C001230,61,6294.06,16,60,236,0.741,24.3,2137,14,0,0,2.8,0
C009201,679,7875.99,14,109,368,0.827,21.2,1061,2,0,0,0.8,0
C006981,298,9016.94,11,34,155,0.795,24.1,1129,2,1,0,3.5,0
C005179,1303,35362.25,10,59,204,0.465,18.1,3319,0,0,0,2.9,0
C004294,430,11456.73,22,134,507,0.621,29.2,1061,6,0,0,8.3,0
C001059,512,6717.54,10,51,208,0.871,13.2,1330,3,3,0,8.2,0
C006263,484,14370.34,17,87,312,0.893,20.9,994,7,0,0,4.9,0
C000282,144,17556.5,12,64,236,0.57,25.5,5468,3,0,0,2.5,0
C009236,686,8545.07,13,72,287,0.575,24.2,1010,8,0,0,2.4,0
C000969,195,1309.64,12,64,249,0.407,15.7,1420,0,0,0,9.3,0
C003954,766,5070.08,20,92,329,0.788,20.2,7139,3,0,0,1.5,0
C001940,171,3950.39,8,40,141,0.778,15.5,1009,0,1,0,5.8,0
C009314,265,3204.83,11,44,196,0.722,20.2,2962,2,0,0,5.6,0
C001275,1027,1365.5,17,66,234,0.514,18.8,2237,6,0,0,10.0,0
C000620,561,8729.3,11,70,241,0.795,19.2,539,1,0,0,6.1,0
C009363,249,9388.58,8,38,144,0.633,13.8,1225,0,0,0,4.4,0
C001743,331,949.96,10,64,224,0.816,17.6,4404,4,0,0,10.0,0
C001391,597,3347.73,21,101,373,0.898,21.0,323,1,0,0,4.4,0
C002204,783,9624.37,18,79,298,0.37,14.9,488,0,0,0,9.6,0
C003569,683,3400.37,11,31,141,0.736,20.1,686,0,0,0,6.4,0
C006117,204,5600.73,20,134,475,0.867,21.6,2938,0,0,0,3.4,0
A000959,368,2797.31,19,11,88,0.575,5.4,98,6,0,2,3.0,1
C006053,219,3361.99,13,87,332,0.859,22.9,2269,4,0,0,3.6,0
C003179,399,18997.11,16,68,308,0.766,22.6,1930,1,0,0,5.2,0
C003193,124,5947.01,15,66,268,0.667,17.2,786,8,2,0,7.3,0
C006100,191,7184.51,11,52,178,0.742,19.2,757,0,0,0,6.2,0
C007030,477,5425.89,15,56,212,0.568,26.4,1611,0,0,1,5.6,0
C000576,731,4041.72,17,91,341,0.686,12.7,3769,1,2,0,9.6,0
C006657,313,7828.64,19,73,304,0.858,21.4,576,2,0,1,7.7,0
C007116,514,2632.76,21,78,325,0.695,9.5,230,9,0,0,10.0,0
C009705,1087,4157.19,17,17,132,0.819,21.6,1687,1,0,0,3.7,0
C006277,663,8683.5,18,3,267,0.858,14.4,742,7,0,0,10.0,0
C009899,53,810.6,17,116,439,0.818,25.7,471,1,0,0,5.1,0
C005898,316,1984.47,23,113,475,0.76,20.1,1237,4,0,0,4.8,0
C005725,564,2745.59,14,36,163,0.745,26.4,2562,12,0,0,5.2,0
C000270,104,4800.67,20,57,249,0.634,19.4,1983,0,0,0,5.4,0
C000630,379,4608.32,15,75,338,0.629,21.5,1074,2,0,0,5.9,0
C003082,372,7026.71,19,79,308,0.582,23.4,748,8,0,0,2.2,0
C003467,227,5525.23,18,68,280,0.573,19.5,1222,2,0,0,7.4,0
C006431,391,3125.1,16,9,182,0.669,31.1,79,1,0,0,7.8,0
A000945,311,1568.97,16,9,73,0.063,5.7,86,11,0,1,3.4,1
C007063,393,2490.74,16,83,303,0.808,32.7,1632,12,1,0,2.8,0
A000696,478,3970.12,11,3,37,0.125,5.6,107,6,0,1,5.3,1
C005544,394,4533.9,19,107,379,0.722,13.5,190,5,0,0,6.3,0
C004357,501,20052.24,16,88,343,0.643,18.2,805,1,0,0,4.4,0
C002114,161,4161.98,19,82,316,0.845,19.0,10737,1,0,2,4.8,0
C008220,426,2213.02,13,53,227,0.916,29.2,748,7,0,0,10.0,0
C003217,636,6581.87,14,57,230,0.376,31.0,612,8,0,1,10.0,0
C003815,593,6160.02,12,68,258,0.904,33.3,173,0,0,0,10.0,0
C008322,190,1282.91,14,75,255,0.652,19.3,525,8,0,0,4.5,0
C009461,394,3287.05,14,71,290,0.801,18.0,3150,3,1,0,0.9,0
C002279,30,5215.89,14,55,251,0.868,25.2,524,1,0,0,5.9,0
C004600,284,10991.1,9,54,198,0.913,20.2,494,0,0,0,4.7,0
C000014,509,20402.75,17,77,301,0.942,19.1,1169,11,0,0,4.4,0
A000150,399,7268.82,15,7,72,0.216,5.6,135,5,1,1,3.7,1
C001526,517,3732.0,14,72,253,0.786,19.9,4194,1,0,0,9.7,0
C002366,295,1565.78,13,67,260,0.883,27.1,2117,2,0,0,6.7,0
C004649,213,5646.08,15,78,314,0.742,19.8,727,1,0,0,7.0,0
C000375,720,2575.95,13,52,181,0.781,23.8,4031,2,0,1,10.0,0
C009382,413,11245.12,13,79,287,0.768,27.2,552,1,2,0,7.7,0
C006478,451,9764.31,16,55,217,0.583,20.7,633,7,0,0,8.0,0
C000526,187,3910.51,19,87,326,0.969,18.8,1648,0,0,0,0.8,0
C009132,382,1764.11,16,76,314,0.799,23.8,312,5,1,1,0.8,0
C006896,607,7144.65,20,82,327,0.754,5.3,27,5,0,1,9.3,0
C003592,257,12665.89,18,88,299,0.592,15.5,439,2,0,0,10.0,0
C007905,393,3278.86,13,64,270,0.792,24.8,231,2,0,0,5.6,0
C002959,522,5007.37,10,39,148,0.727,16.5,2551,3,0,0,7.0,0
C000530,431,13271.73,18,79,273,0.553,25.2,906,1,0,0,3.4,0
C003715,420,19136.32,17,60,269,0.896,15.6,890,0,0,0,2.6,0
C004733,634,5065.32,13,76,283,0.895,17.5,2506,9,1,0,8.7,0
C001395,183,2052.92,14,67,242,0.837,14.1,2141,6,0,0,9.8,0
C005632,258,3840.55,20,115,418,0.733,20.5,2839,0,0,0,6.8,0
C006564,118,8795.98,11,62,222,0.958,36.3,1460,2,0,0,6.8,0
C004704,309,3694.07,13,60,216,0.884,10.8,608,5,0,1,9.0,0
C001713,319,9385.88,14,69,243,0.646,14.4,1356,2,0,1,2.2,0
A000725,190,8004.68,16,12,89,0.163,9.3,151,9,0,0,3.2,1
C000956,730,4366.77,15,70,283,0.732,16.0,1615,1,0,0,4.9,0
C006676,441,3901.53,13,77,263,0.24,33.4,2633,1,0,0,4.2,0
C003454,582,11140.38,13,65,273,0.86,31.4,907,0,0,0,6.7,0
C008596,589,13424.96,15,46,187,0.488,7.2,1331,1,0,0,7.2,0
C002072,523,4872.69,14,65,298,0.909,20.4,1813,9,0,0,8.2,0
A000709,234,6008.87,14,10,90,0.418,7.0,35,3,0,1,0.0,1
C000159,1058,1985.91,11,60,227,0.899,21.1,502,13,0,0,6.8,0
C007006,366,15743.82,10,39,156,0.817,32.8,4381,8,0,0,5.7,0
C009095,1199,9145.9,19,76,317,0.705,19.9,703,1,0,0,5.0,0
C000353,41,6133.43,12,57,243,0.736,23.2,1191,5,0,0,9.8,0
C006079,455,3753.67,9,33,138,0.703,21.7,6299,3,0,1,8.5,0
C006237,167,4286.09,18,70,309,0.657,24.2,604,0,0,0,1.6,0
C008947,112,14656.29,20,99,441,0.557,22.5,2751,5,2,0,2.8,0
A000967,341,11338.89,15,4,44,0.237,7.3,41,20,0,0,5.2,1
C002921,387,4076.99,16,86,364,0.998,13.3,5095,0,0,0,5.3,0
C008504,797,7586.57,19,96,350,0.895,33.2,830,13,0,0,4.2,0
C004645,372,21529.21,11,55,185,0.811,21.6,205,0,0,0,1.1,0
C000662,259,4153.81,18,90,361,0.75,17.2,5377,0,0,0,6.2,0
C007058,301,3889.79,17,106,360,0.607,30.5,2366,16,0,0,5.3,0
C003666,176,11086.29,13,64,248,0.471,12.0,5468,0,0,1,7.0,0
C007980,388,5157.61,21,110,393,0.779,26.4,297,7,0,1,1.6,0
C000307,629,6787.42,14,49,209,0.839,25.5,5729,2,0,0,5.1,0
C004791,89,4512.5,6,32,119,0.629,30.8,644,2,0,0,7.2,0
C002357,668,17690.84,10,61,226,0.629,27.9,4478,0,1,0,6.3,0
C001928,394,7104.62,13,55,244,0.687,32.2,520,1,0,0,8.3,0
A000268,343,20329.93,17,63,92,0.564,6.2,24,7,0,1,2.0,1
C003428,387,19930.97,16,64,228,0.88,25.6,646,4,0,0,6.0,0
C008942,543,11976.45,15,58,233,0.522,21.0,5843,0,0,0,10.0,0
C003639,401,4777.15,7,32,131,0.853,24.7,450,0,0,0,9.6,0
C001267,1207,9193.93,14,54,192,0.677,25.9,1993,1,0,0,3.9,0
C001561,745,3485.1,19,74,292,0.502,21.1,735,5,0,0,9.4,0
C007180,76,619.11,16,90,319,0.766,29.6,606,1,0,0,4.4,0
C004110,459,2792.64,12,56,230,0.437,15.4,677,5,0,2,10.0,0
C007868,552,4363.02,25,120,480,0.767,16.9,3799,2,0,0,5.7,0
C004905,296,1996.77,14,54,232,0.751,23.8,1638,6,0,0,5.7,0
C007295,484,2060.99,10,49,197,0.619,20.8,959,0,0,0,3.9,0
C000515,50,4756.31,16,71,280,0.553,14.4,1501,2,0,0,4.7,0
C000895,315,8541.1,13,67,230,0.777,21.0,2046,12,0,0,9.5,0
C008602,337,3275.51,19,78,268,0.706,12.5,1312,2,0,0,7.7,0
C000022,421,5433.64,16,53,216,0.69,20.2,1160,1,0,0,10.0,0
C000900,291,1447.97,12,63,225,0.785,25.6,2542,11,0,0,4.1,0
C000208,624,7565.34,15,56,190,0.894,19.8,956,4,0,0,10.0,0
C000459,556,3059.48,13,59,232,0.826,22.1,982,11,0,0,8.7,0
C002431,201,9390.74,14,11,166,0.737,23.7,1194,3,0,1,4.8,0
C008443,382,4020.68,13,53,217,0.871,29.4,1064,4,1,0,6.9,0
C009300,379,17990.2,10,42,184,0.768,21.1,1421,3,0,0,6.8,0
C003390,84,2958.05,12,57,209,0.419,30.0,1260,0,0,0,7.1,0
C003912,826,3883.26,17,103,372,0.915,18.5,370,7,0,0,4.1,0
C005384,538,14685.86,16,95,325,0.745,22.2,480,0,0,0,4.3,0
C008908,212,13471.13,20,106,375,0.309,27.3,2587,0,0,0,4.1,0
C000553,544,3204.78,9,35,139,0.705,35.3,2494,1,0,0,5.0,0
C003145,158,2504.74,12,42,190,0.935,21.6,1148,13,0,1,7.5,0
C006918,261,1666.36,14,93,348,0.872,6.4,6235,2,0,0,3.3,0
C002057,726,1927.73,25,115,513,0.979,21.3,1347,1,0,0,10.0,0
C001926,511,1240.49,14,48,215,0.815,19.1,408,2,0,0,10.0,0
C000635,593,1365.84,11,51,214,0.754,14.5,163,2,0,0,7.6,0
C006083,463,6041.59,13,34,153,0.625,18.5,1289,0,0,0,5.0,0
C008509,69,5383.74,11,63,228,0.754,15.9,1814,1,0,1,0.0,0
A000199,318,8929.95,11,3,26,0.433,9.7,13,16,0,1,6.4,1
A000644,229,5993.32,14,2,53,0.108,3.2,229,5,0,2,2.5,1
C008620,585,13526.28,11,59,204,0.608,23.5,701,2,0,1,3.9,0
C009466,76,11092.48,12,37,171,0.686,25.2,958,1,0,0,5.4,0
C000106,398,9032.52,10,45,205,0.956,18.1,221,17,0,1,6.9,0
C003042,1094,14631.54,14,64,239,0.595,29.1,2721,1,0,0,1.8,0
C001710,306,4081.69,8,38,128,0.743,24.0,642,0,0,1,0.0,0
C000090,848,2855.61,9,44,170,0.814,18.6,1267,4,1,0,5.1,0
C007015,115,3680.12,10,45,166,0.71,30.7,232,1,0,0,8.4,0
C003175,964,11907.13,14,78,317,0.582,25.9,650,0,0,0,4.5,0
C000918,112,5330.47,15,63,258,0.696,26.7,259,0,1,0,10.0,0
C007834,499,13216.5,18,69,302,0.508,14.0,694,0,1,0,7.0,0
C006733,208,4033.8,19,80,339,0.722,10.7,1218,2,0,0,9.4,0
C001950,241,4790.93,6,24,106,0.796,28.6,2556,10,1,0,10.0,0
C006369,308,1524.8,19,110,392,0.558,22.6,470,4,2,0,3.5,0
C000002,624,13770.68,18,73,313,0.898,20.9,1591,0,0,0,0.0,0
C008033,234,18737.53,21,79,295,0.828,36.1,753,0,0,0,2.7,0
C006048,556,10001.13,17,85,298,0.526,22.5,734,4,0,0,10.0,0
C009128,132,6822.94,18,58,246,0.59,20.7,589,0,0,0,9.7,0
A000135,543,16742.35,9,3,28,0.479,9.6,21,14,0,1,1.6,1
C002721,616,5109.39,11,55,223,0.758,22.5,1428,0,0,0,8.9,0
C008784,561,3171.39,19,63,249,0.73,18.0,1018,2,1,0,4.8,0
A000786,649,2760.68,18,50,171,0.114,6.9,28,1,0,1,7.2,1
C003118,774,25841.39,13,63,244,0.691,20.3,480,12,0,0,5.8,0
A000415,895,8720.21,15,5,85,0.103,6.3,4,4,1,0,6.0,1
C003763,962,6509.95,10,36,150,0.865,29.7,732,6,1,1,2.3,0
C000214,252,3913.2,16,67,268,0.894,18.4,757,9,0,0,9.7,0
C000779,244,2983.92,12,40,166,0.461,18.0,1048,1,0,0,6.5,0
C003497,410,6037.84,12,73,282,0.895,23.4,1646,0,0,0,5.7,0
A000701,204,22985.63,17,13,219,0.877,5.7,282,19,0,2,6.7,1
C002044,304,16613.68,13,65,237,0.775,20.5,1982,3,0,1,4.3,0
C008921,302,5055.2,12,73,257,0.619,15.3,1804,2,1,0,7.9,0
C005421,422,3844.35,16,72,295,0.507,14.8,359,1,1,0,10.0,0
C006155,801,4870.48,11,72,303,0.612,20.3,1032,3,0,0,10.0,0
C008358,199,13291.66,13,41,147,0.679,22.0,3466,0,0,1,4.2,0
C009597,404,2082.53,18,70,303,0.668,20.2,225,4,0,0,6.2,0
C008466,758,6655.72,14,56,210,0.83,23.9,4585,4,0,0,8.6,0
C004168,471,6451.67,21,142,504,0.73,29.1,2543,12,0,0,5.3,0
C003789,280,10342.78,12,33,127,0.431,20.4,4286,0,0,0,6.5,0
C008587,1113,1448.02,19,97,383,0.881,22.8,1554,0,1,0,5.5,0
C000584,203,6995.84,11,51,187,0.532,23.8,1651,6,0,0,8.4,0
A000892,552,6446.83,13,7,59,0.232,5.5,16,28,0,3,2.6,1
A000976,661,4537.63,13,7,84,0.352,8.8,99,0,1,2,0.0,1
C000117,479,1999.91,16,69,286,0.764,18.9,2077,4,0,0,4.8,0
C006645,249,3262.25,9,51,193,0.826,19.2,365,12,1,1,9.1,0
C009951,260,1915.14,18,88,365,0.668,22.1,809,9,0,0,7.0,0
A000936,411,615.25,12,9,62,0.59,5.1,397,10,0,1,7.0,1
A000738,321,3738.62,17,62,67,0.541,4.5,348,10,0,2,1.8,1
C009872,491,3148.87,16,83,287,0.77,19.1,1634,4,0,0,5.8,0
C008713,400,3507.78,11,35,158,0.708,25.3,4125,0,1,1,4.3,0
C001764,438,2478.84,17,66,260,0.6,24.3,814,1,0,0,5.6,0
C001876,475,4890.05,15,62,284,0.854,20.8,1506,4,0,0,8.8,0
C003225,384,7780.98,15,82,320,0.755,24.1,1098,2,0,0,7.7,0
C000527,144,3080.22,11,39,137,0.841,19.5,1306,4,0,0,10.0,0
C007726,149,7072.61,17,76,325,0.743,19.3,231,0,0,1,8.4,0
C002947,396,9236.92,14,57,241,0.806,27.9,558,1,1,1,8.3,0
C004474,250,4677.39,16,79,320,0.694,21.3,628,2,0,0,1.2,0
C005656,144,4741.66,14,83,286,0.407,26.3,567,5,0,0,8.5,0
C008885,52,2097.84,11,33,145,0.763,21.5,2027,5,0,0,0.4,0
C006060,417,5615.95,15,73,274,0.451,19.9,1903,1,0,1,8.1,0
C000960,618,7250.87,9,32,110,0.943,23.5,866,3,0,0,5.6,0
C006343,396,4988.73,13,41,171,0.544,17.1,1582,0,0,0,5.4,0
C003634,525,7731.57,15,54,231,0.603,18.1,835,1,0,0,8.7,0
C001051,684,8586.08,18,60,266,0.689,27.2,898,0,1,0,4.8,0
C008783,582,4140.47,17,105,359,0.563,31.0,606,4,0,1,7.8,0
C008712,314,7343.14,17,79,351,0.537,17.8,4620,1,1,0,6.2,0
C003381,1071,3600.44,15,78,275,0.357,15.3,1390,4,0,0,3.9,0
C003677,596,2692.95,9,37,141,0.641,18.1,2909,3,0,0,10.0,0
C005777,249,4231.9,10,47,165,0.984,29.9,977,2,0,0,4.8,0
C009964,339,4717.81,14,72,290,0.886,29.2,3701,3,0,1,4.6,0
C006574,644,3739.18,14,66,258,0.645,23.4,218,2,0,0,7.6,0
C005180,467,6321.17,16,65,292,0.949,22.7,1495,2,0,0,2.6,0
C001608,117,4077.28,14,61,225,0.491,22.0,902,13,0,0,1.5,0
C003611,551,3455.2,20,124,422,0.864,25.2,7533,0,0,1,6.5,0
A000728,1340,1625.04,16,86,110,0.403,16.3,1509,0,1,2,6.7,1
C006636,747,4859.25,12,85,289,0.688,26.1,2008,8,0,0,1.9,0
A000988,246,1667.97,11,6,59,0.281,6.7,59,21,2,0,6.9,1
C000792,123,8639.64,14,88,326,0.75,28.8,920,0,0,0,6.7,0
C008985,451,3415.94,18,67,291,0.353,3.4,1594,1,0,1,10.0,0
C003057,275,6365.67,23,84,378,0.753,28.4,1649,3,0,0,9.8,0
C001981,622,5071.21,11,61,242,0.745,33.0,1599,2,0,1,2.6,0
C003599,409,3783.23,16,43,195,0.81,21.7,721,1,0,0,2.2,0
C000934,78,11102.35,14,53,236,0.733,16.8,363,6,1,0,4.0,0
C007425,342,4259.18,9,41,177,0.877,19.2,573,1,1,0,5.0,0
C005627,520,8032.19,20,108,400,0.636,27.0,2564,7,0,0,5.3,0
C001683,452,2456.19,10,49,204,0.516,19.1,301,4,0,0,0.9,0
C004180,277,2125.8,15,80,270,0.662,25.0,1883,0,0,1,8.6,0
C006447,628,1444.72,9,41,154,0.711,21.9,683,3,0,1,5.1,0
C004117,452,3799.4,10,39,174,0.763,28.7,692,7,0,1,1.8,0
C000989,219,5517.96,15,74,317,0.594,19.5,709,0,0,0,0.8,0
C002897,181,1701.57,18,102,346,0.948,17.5,665,3,0,0,4.2,0
C003779,117,7140.36,16,77,308,0.583,29.0,1503,0,0,0,6.6,0
C005659,269,10168.12,18,70,289,0.324,6.0,1369,7,0,0,10.0,0
C003094,548,7040.65,14,67,301,0.823,19.2,2030,1,0,0,10.0,0
C003156,373,21506.12,21,68,270,0.704,12.3,2800,8,0,0,5.3,0
C001824,391,5147.41,16,63,266,0.755,35.6,645,2,2,0,4.3,0
A000586,636,1921.54,11,1,21,0.241,3.9,96,30,2,1,5.6,1
C001099,842,10732.17,11,30,112,0.547,23.0,676,1,0,0,5.8,0
C002845,1093,3596.57,16,83,320,0.789,12.3,1095,5,0,0,3.3,0
C009079,99,2915.04,13,77,267,0.661,26.5,4140,12,0,0,6.1,0
C003343,146,10968.21,18,106,357,0.822,33.8,1204,1,0,0,6.8,0
C000039,580,5622.4,18,81,337,0.44,19.4,612,19,0,0,1.7,0
C006541,214,1502.45,12,49,194,0.423,26.6,486,14,0,0,10.0,0
A000286,218,5089.58,12,7,72,0.26,5.4,100,13,0,2,3.7,1
C008708,241,4193.2,17,72,276,0.615,13.9,809,8,0,0,4.6,0
C003357,945,2587.43,20,103,368,0.438,8.8,101,0,1,0,7.0,0
C007814,270,5584.89,12,57,54,0.724,15.6,1985,8,0,0,7.2,0
C009099,466,7956.99,13,71,265,0.981,16.7,275,6,0,0,9.6,0
C008221,230,6252.72,16,57,239,0.728,19.0,186,27,0,0,8.8,0
A000188,362,10767.68,20,11,135,0.624,4.8,19,13,1,0,8.6,1
C002429,101,4174.71,16,48,211,0.605,17.6,1673,0,0,0,6.2,0
C005044,88,11254.15,15,70,269,0.826,13.5,710,6,0,0,10.0,0
C005347,53,1662.11,16,63,272,0.916,25.9,1448,7,0,0,10.0,0
C008955,285,2552.72,17,81,281,0.762,15.9,144,1,0,0,4.5,0
C004812,302,6580.66,11,42,182,0.755,27.6,1021,0,0,0,6.1,0
C008477,456,3115.84,16,85,306,0.617,21.2,941,6,0,0,7.8,0
C000687,653,6417.13,19,86,368,0.675,19.4,931,5,0,1,0.0,0
C004800,453,4498.89,12,65,226,0.809,17.4,115,18,0,0,5.8,0
C007438,249,9425.24,16,64,293,0.791,27.9,224,2,0,0,5.0,0
C002354,514,8357.7,14,70,295,0.805,25.2,1499,7,0,0,6.3,0
C006354,334,9826.16,18,47,199,0.709,16.7,2390,2,0,1,5.3,0
C004570,189,7141.62,14,73,251,0.911,11.2,1560,7,1,0,2.8,0
C008214,280,5007.69,19,94,369,0.714,28.6,1382,0,0,0,5.4,0
C002753,269,8947.34,25,136,464,0.202,21.7,4488,2,0,0,8.4,0
C009078,128,3566.27,7,35,132,0.696,22.7,4180,0,0,0,6.5,0
C008074,542,5091.92,14,41,151,0.519,17.7,110,0,0,0,0.0,0
C009110,151,6419.3,10,37,128,0.826,23.9,885,9,0,0,7.8,0
C001041,444,11058.45,11,48,174,0.615,34.9,829,10,2,0,10.0,0
C007492,148,20926.25,14,55,219,0.886,24.0,1183,24,0,0,8.8,0
C001266,274,2242.14,12,69,258,0.584,31.0,2594,1,1,1,1.8,0
A000193,227,2418.92,13,0,19,0.229,3.2,152,10,1,1,7.4,1
C007060,270,4543.94,12,48,186,0.863,17.3,720,11,0,1,9.9,0
C000278,501,1518.6,18,101,349,0.794,23.8,1019,0,1,0,0.9,0
C005085,274,2101.88,15,76,339,0.743,27.4,2298,0,3,0,4.9,0
C009438,711,4595.63,14,61,209,0.783,17.7,207,6,2,0,5.4,0
C002383,112,4924.95,12,65,226,0.591,16.8,285,20,0,1,6.1,0
C000572,41,8397.93,15,52,221,0.737,23.9,1528,7,0,0,4.2,0
C001436,476,10441.22,14,71,250,0.88,25.4,1444,0,2,0,1.7,0
C009440,150,6172.46,8,25,105,0.862,17.3,984,0,0,0,3.0,0
C005353,192,3176.02,19,116,389,0.588,19.6,128,3,0,0,10.0,0
C005446,209,1739.84,10,38,147,0.872,24.3,377,19,0,2,9.6,0
C001008,115,5271.51,15,84,296,0.49,26.7,1413,0,0,0,3.7,0
C004544,324,3048.11,15,70,285,0.748,14.5,4202,7,0,0,2.5,0
C009719,187,3500.67,20,99,445,0.457,26.3,3794,6,0,0,9.2,0
C002065,77,865.85,13,54,235,0.923,36.3,326,3,0,0,1.1,0
C001137,707,22690.24,16,76,333,0.725,16.6,555,1,1,0,7.8,0
C005344,244,2934.54,10,53,189,0.956,29.1,479,5,1,0,3.2,0
C000295,611,3860.15,14,84,291,0.72,17.9,571,0,0,1,3.6,0
C008781,292,12004.73,15,60,260,0.535,6.4,10,4,0,0,8.3,0
C002404,408,4674.9,20,66,245,0.915,22.3,493,3,0,0,7.5,0
C003999,92,4446.29,18,92,413,0.904,16.6,1817,1,0,0,4.9,0
C003742,132,2341.63,21,93,401,0.622,21.6,709,3,0,0,7.7,0
A000147,410,6961.03,19,14,111,0.085,6.2,90,5,1,2,4.4,1
C002720,388,3379.56,14,59,245,0.684,16.8,1291,0,0,1,7.4,0
A000123,559,7286.13,15,108,48,0.842,4.6,19,3,1,0,2.4,1
C005151,824,4475.6,10,41,146,0.728,23.8,1587,2,0,0,3.1,0
C002809,398,28309.19,12,65,283,0.723,15.6,1457,1,0,0,10.0,0
C009018,542,10484.07,16,88,322,0.723,24.3,1316,1,0,0,8.0,0
C000557,322,1708.27,14,50,214,0.585,17.8,2442,1,1,0,4.4,0
C009836,775,3556.37,10,41,176,0.86,18.2,421,2,1,0,9.4,0
C004796,346,13287.17,15,70,259,0.846,20.8,736,1,0,0,7.6,0
C002470,348,10849.27,15,69,254,0.54,23.0,1956,2,0,0,9.7,0
C003739,295,11388.37,11,45,175,0.925,20.8,418,10,1,0,6.7,0
C004287,360,3924.13,14,81,294,0.622,19.6,1096,2,0,0,5.3,0
C002605,285,10459.48,13,70,257,0.843,18.9,1808,6,0,1,3.6,0
C000363,105,2982.19,10,53,192,0.486,21.0,29,0,0,0,4.4,0
C006925,361,7542.34,14,94,334,0.741,26.1,258,0,0,0,7.2,0
C001705,392,1881.62,16,54,237,0.815,18.4,918,1,0,0,2.9,0
C002140,202,6959.49,12,53,196,0.795,12.0,2195,21,0,0,4.0,0
C003240,593,7247.91,22,121,432,0.292,24.1,331,6,0,0,6.8,0
C002384,445,7005.22,19,89,368,0.597,13.1,893,0,0,0,3.3,0
C007315,486,1389.49,19,52,202,0.686,22.1,1418,1,1,0,10.0,0
C004312,241,3605.38,6,30,109,0.748,19.5,2637,1,1,1,8.5,0
C009478,217,3954.38,18,78,320,0.725,16.7,2638,0,1,0,3.6,0
C001313,254,20371.6,11,47,176,0.924,29.5,712,1,0,0,9.1,0
C003931,610,6257.78,16,85,310,0.688,21.4,2354,3,0,0,6.5,0
C006184,614,3653.43,18,72,266,0.604,24.0,1447,10,0,0,7.2,0
C001592,289,4970.88,13,67,260,0.764,24.7,665,2,0,0,4.9,0
A000327,306,10072.45,20,10,132,0.117,5.4,515,30,0,1,1.7,1
C002163,397,2539.02,19,82,303,0.27,15.9,681,0,3,0,4.5,0
C002397,659,8618.53,11,60,201,0.905,22.5,1252,5,1,0,3.1,0
C000318,174,3775.73,16,63,241,0.878,23.6,2167,2,0,0,2.6,0
C009517,203,2970.05,18,69,238,0.719,14.8,1762,0,0,0,6.5,0
C005234,884,4436.99,18,44,203,0.614,24.7,856,12,1,0,10.0,0
C005069,630,1406.98,16,72,246,0.719,23.3,2513,2,0,1,7.9,0
C004037,576,5399.52,17,73,272,0.91,22.1,976,4,1,0,4.7,0
C008988,724,5552.38,18,83,344,0.87,21.1,1229,9,0,0,7.7,0
C003021,654,3887.7,13,48,218,0.301,21.4,5713,6,0,0,2.8,0
C008229,1063,6009.51,16,68,281,0.845,20.5,662,0,0,1,10.0,0
C009106,440,6989.35,13,75,277,0.842,23.3,946,4,0,1,9.6,0
C005296,513,20868.99,10,46,169,0.802,19.5,641,5,0,0,1.5,0
C003973,339,10232.71,10,60,237,0.652,13.5,401,0,0,0,8.2,0
C005371,255,8250.29,11,51,196,0.639,23.6,3702,1,0,0,6.8,0
C004134,610,1816.72,14,83,296,0.938,10.3,2913,7,0,0,5.6,0
C000975,254,3638.04,15,59,257,0.909,26.5,925,7,0,0,8.6,0
C007292,728,2230.93,12,73,261,0.84,20.0,876,2,0,0,7.7,0
C009176,532,11744.88,11,45,204,0.601,18.4,872,16,1,0,6.6,0
C000955,116,4361.77,11,63,226,0.394,23.5,2482,2,0,0,3.1,0
C009548,302,16127.92,13,44,170,0.31,25.9,1823,3,0,0,4.5,0
A000732,413,2231.81,12,4,79,0.334,5.6,86,3,0,2,6.4,1
C005017,363,6095.64,12,60,232,0.811,25.5,1139,4,0,1,0.8,0
A000699,565,9007.57,12,6,49,0.311,6.8,106,6,0,3,7.6,1
C009180,246,4405.11,5,21,76,0.828,18.1,6355,0,0,0,4.1,0
C007491,511,2381.9,18,62,240,0.488,27.8,763,3,0,0,0.8,0
C001641,578,1698.4,9,8,161,0.355,25.4,295,15,1,0,7.2,0
C001291,210,7159.41,23,93,358,0.943,30.5,711,7,0,0,0.5,0
C001381,1587,2903.13,14,48,171,0.283,16.1,2566,3,0,0,6.6,0
C001934,894,4727.86,10,39,166,0.552,28.0,109,0,0,0,4.6,0
C004676,862,2537.49,5,27,111,0.746,24.5,715,4,0,0,10.0,0
C000893,725,14455.07,8,36,142,0.933,23.3,3994,0,0,0,5.6,0
C007288,451,1146.89,22,87,387,0.717,18.1,3990,3,0,0,8.4,0
C004877,794,3735.89,11,52,236,0.73,19.2,1077,8,0,0,9.2,0
C007907,266,5819.42,13,62,255,0.64,14.1,3336,4,0,0,5.0,0
C008195,202,3195.45,14,53,183,0.181,23.9,1281,9,0,0,3.0,0
A000319,1068,3557.95,15,10,76,0.406,4.7,406,20,2,1,3.4,1
C009042,1118,4799.8,11,56,231,0.855,26.2,841,4,0,0,7.8,0
C002467,606,11405.1,12,61,249,0.859,17.5,2445,4,0,0,8.3,0
C007658,150,3295.91,15,84,297,0.452,14.2,447,0,0,0,4.9,0
C001914,126,9274.72,11,62,240,0.39,21.9,2237,2,0,0,4.5,0
C002737,465,1038.7,15,92,346,0.814,21.2,757,1,0,0,10.0,0
C000727,294,7201.22,16,99,354,0.583,19.2,741,3,0,0,8.6,0
C007215,359,1889.97,16,73,293,0.779,20.8,2209,3,0,0,8.1,0
C008246,318,5221.64,10,26,116,0.491,21.0,599,8,0,0,4.6,0
C001797,922,7986.72,18,112,382,0.643,9.0,1319,7,0,1,6.9,0
C003846,590,2349.24,19,48,220,0.387,24.2,607,4,0,0,1.2,0
C006403,506,15900.82,13,46,194,0.721,25.4,453,3,1,0,5.6,0
C000937,901,6459.48,11,48,162,0.845,20.7,1720,4,0,0,6.7,0
C002266,466,3682.84,19,95,371,0.83,13.8,689,9,0,0,9.3,0
C000825,502,10832.87,12,43,174,0.721,17.0,450,1,1,0,3.6,0
C007275,197,2905.12,12,71,266,0.78,12.1,1134,26,0,0,2.9,0
C001390,268,1055.41,9,35,140,0.699,29.3,486,4,0,1,6.5,0
C003565,1503,6454.68,21,62,239,0.795,25.9,1010,7,0,0,7.1,0
C009077,929,2730.65,15,59,260,0.417,25.5,944,6,1,1,6.1,0
C005430,657,13712.51,14,60,254,0.813,13.3,357,7,0,0,7.1,0
C007828,496,2173.79,16,80,341,0.589,23.8,187,15,0,0,6.8,0
C005691,125,25866.21,15,70,294,0.546,20.1,1503,3,0,0,5.8,0
C007879,126,7241.88,16,77,323,0.803,33.7,2368,1,0,0,6.7,0
C001869,845,18661.9,12,73,303,0.851,23.5,511,1,0,0,10.0,0
C008203,470,8307.52,17,106,358,0.486,26.1,404,2,0,0,2.5,0
C007487,1109,1513.11,20,57,198,0.794,19.6,1395,0,0,1,3.5,0
C000807,402,5899.49,17,91,337,0.839,15.3,2529,12,2,0,9.1,0
C004806,1124,2620.91,13,61,266,0.721,17.9,1035,2,0,0,3.1,0
C009729,585,1935.55,6,26,100,0.573,18.9,285,1,0,0,7.1,0
A000069,165,3903.27,16,6,44,0.641,5.9,89,7,0,2,4.8,1
C009156,555,556.93,13,60,221,0.891,12.3,2569,1,0,0,6.3,0
C007512,152,15156.99,16,72,296,0.484,14.0,1246,9,0,0,6.0,0
C008057,117,7634.33,17,106,380,0.862,26.7,4091,2,0,0,4.8,0
C004495,908,17273.71,11,45,154,0.958,25.6,844,7,0,1,3.0,0
C002633,620,3172.05,14,55,235,0.645,18.1,943,13,0,0,10.0,0
C009809,1017,2332.19,15,99,338,0.822,19.6,692,1,0,0,4.2,0
C008897,642,2774.59,12,61,229,0.809,31.5,868,0,1,0,7.3,0
C008624,317,1968.4,16,77,277,0.722,23.5,1076,4,0,0,4.2,0
C007833,268,1921.13,19,61,275,0.791,21.7,219,8,0,0,9.6,0
C004389,513,20293.76,13,68,249,0.915,16.3,759,4,0,0,5.6,0
C000146,464,7732.56,12,55,188,0.866,19.5,3319,8,0,0,0.4,0
C006468,239,2395.61,19,89,374,0.973,21.3,3767,1,0,0,8.8,0
C002034,729,9781.71,17,74,314,0.644,30.8,1035,0,0,1,4.3,0
A000042,281,7404.59,19,10,106,0.286,7.1,624,12,2,1,3.2,1
C001166,345,17001.67,12,54,240,0.856,32.0,421,2,0,0,10.0,0
C002051,231,4397.58,22,120,441,0.771,23.0,815,1,0,1,10.0,0
C003761,1045,8925.82,13,54,213,0.89,15.0,308,2,2,0,5.4,0
C004436,214,10320.32,19,85,383,0.58,32.1,1197,0,1,0,3.5,0
C003431,254,6749.0,20,83,333,0.683,26.0,2638,0,0,1,0.0,0
C008191,227,5171.68,9,32,144,0.58,20.9,3292,3,1,0,4.6,0
A000827,201,4734.67,15,3,310,0.218,7.9,1587,30,0,1,5.4,1
C007070,184,1780.62,20,123,419,0.159,33.8,2111,1,1,0,1.1,0
C004362,701,4498.9,21,102,368,0.817,18.3,1265,0,0,0,7.4,0
C009455,469,4561.12,14,73,285,0.434,16.7,651,3,0,0,10.0,0
C001772,336,6959.13,14,63,252,0.561,23.8,2612,9,0,0,6.4,0
C003512,444,16925.8,14,62,246,0.719,5.3,1339,5,0,0,7.2,0
C000272,37,1030.12,19,115,434,0.767,24.8,509,3,0,0,3.6,0
C008437,523,1159.92,16,88,323,0.625,25.3,1240,0,0,0,6.8,0
C002033,410,8943.77,10,32,143,0.755,25.9,826,1,0,0,9.7,0
C009006,925,5756.11,4,18,79,0.464,29.5,288,1,0,1,6.2,0
A000630,381,1651.27,21,5,59,0.321,6.5,39,1,0,1,2.0,1
C003811,315,2414.28,12,48,215,0.623,15.0,1080,6,0,0,5.7,0
C004347,392,9278.74,13,63,247,0.93,35.5,910,3,0,0,10.0,0
C000546,589,13038.87,9,32,113,0.95,25.8,3478,0,0,0,7.5,0
C003242,219,1140.42,14,58,241,0.713,23.5,553,14,0,0,5.0,0
C008931,487,3772.51,17,66,302,0.555,20.1,284,4,0,0,3.3,0
C008503,583,10663.68,10,48,203,0.64,19.6,980,1,1,0,0.5,0
C009324,326,14726.34,11,56,251,0.659,19.2,1873,0,0,1,5.7,0
A000899,57,4229.53,15,6,97,0.142,8.3,16,21,2,1,7.9,1
C007565,660,8103.37,12,85,293,0.585,8.9,1644,0,0,0,6.5,0
C000921,592,5105.03,12,45,185,0.188,2.3,1344,5,0,0,5.9,0
A000032,743,6080.76,14,5,80,0.226,5.3,57,2,0,0,3.5,1
C006641,496,3478.6,6,21,85,0.426,27.8,1228,3,0,0,2.4,0
C007695,121,6637.18,13,59,250,0.872,20.8,553,1,0,0,10.0,0
C008231,416,2813.76,10,49,180,0.426,27.3,2736,2,0,0,5.9,0
C007127,502,5878.13,19,94,418,0.864,17.9,1524,26,0,0,4.9,0
C004279,185,6898.18,11,41,177,0.741,19.7,1645,10,2,0,6.0,0
C002984,517,2484.43,17,80,342,0.981,33.1,620,6,0,0,8.4,0
C000131,355,3844.82,12,57,205,0.897,19.8,2828,3,0,0,6.8,0
C007981,273,4133.48,15,57,234,0.685,18.2,597,8,0,1,5.0,0
C002668,479,2862.31,15,63,251,0.581,23.9,905,0,0,0,4.5,0
C007139,214,10774.11,15,70,250,0.801,21.8,1607,3,0,0,6.0,0
C003224,310,19179.5,18,106,440,0.847,17.8,1422,1,0,0,10.0,0
C009375,179,7299.53,12,64,223,0.807,17.7,1629,4,1,0,10.0,0
C007694,176,3132.4,12,79,274,0.882,12.7,988,1,0,0,2.0,0
C005393,771,5567.13,10,45,176,0.487,18.7,788,5,0,0,7.3,0
C000615,256,3674.4,15,73,330,0.795,16.9,1686,1,1,0,2.3,0
A000883,225,19823.66,21,24,178,0.13,5.2,1562,28,0,0,3.3,1
C001467,789,14271.61,20,88,362,0.645,15.6,1519,8,1,0,6.2,0
C004498,796,2559.21,6,28,105,0.968,6.0,516,8,1,0,6.1,0
C003043,450,2856.4,10,52,207,0.585,22.0,390,9,0,0,6.4,0
C009127,145,1948.82,18,3,227,0.797,20.8,1169,15,2,0,7.8,0
C002420,108,6700.28,14,67,291,0.807,21.7,2445,1,0,0,7.4,0
C005086,150,5462.35,10,67,235,0.859,29.0,3160,5,1,0,6.0,0
C003295,330,2123.08,9,32,118,0.768,19.1,1049,1,0,0,4.3,0
C006738,483,3945.01,15,53,241,0.693,23.1,1592,1,0,0,8.6,0
C001501,258,5883.0,16,68,297,0.781,15.3,515,3,0,0,4.4,0
C009019,889,3977.06,9,37,147,0.872,13.7,2059,1,1,0,7.0,0
C001522,312,14282.62,21,101,361,0.391,24.9,392,2,0,1,8.0,0
A000650,586,2016.1,16,9,97,0.5,7.6,188,30,3,1,4.8,1
C004233,446,3454.74,18,95,327,0.834,18.5,461,24,0,0,9.8,0
C007687,879,6882.05,23,147,554,0.939,15.2,275,1,0,0,10.0,0
C008821,468,3575.24,11,50,213,0.562,26.6,936,6,0,0,4.0,0
C004431,269,4876.22,19,85,346,0.809,19.3,1324,4,1,0,6.3,0
C000391,461,4204.89,17,54,235,0.825,20.5,1028,2,0,0,5.7,0
A000837,290,3424.28,12,2,18,0.086,7.4,101,2,0,0,2.7,1
C007125,260,1859.68,17,51,215,0.562,22.7,450,2,1,0,7.3,0
C005914,361,9257.76,12,55,196,0.465,22.8,1283,5,0,0,7.8,0
C008593,310,1662.47,16,66,258,0.651,29.8,3307,0,1,0,4.2,0
C004807,1028,6455.42,13,61,220,0.935,26.2,1067,7,0,0,9.2,0
A000059,193,16349.18,18,11,78,0.194,6.7,116,11,2,3,7.7,1
C008239,739,1597.26,18,115,404,0.668,32.1,167,1,2,0,4.5,0
C008045,784,2608.1,15,70,283,0.753,12.2,1485,23,1,0,5.9,0
A000754,707,10023.16,18,0,14,0.11,5.0,283,16,1,2,7.3,1
C003994,485,6528.56,13,53,213,0.41,23.7,595,1,0,0,7.6,0
A000505,729,3622.23,15,10,70,0.235,5.3,246,23,2,2,1.2,1
C006610,139,1923.13,18,80,333,0.602,16.8,1003,2,0,0,4.4,0
C005320,654,8160.92,13,75,259,0.907,16.2,3141,0,0,0,6.0,0
A000817,678,1426.85,14,62,216,0.06,6.1,129,2,2,2,1.7,1
C007120,121,4357.94,13,81,298,0.939,20.2,2327,6,0,0,6.7,0
C002422,681,1605.85,11,56,219,0.704,28.6,1217,9,0,0,2.4,0
C005605,138,2939.3,15,78,300,0.869,33.3,1387,0,0,1,7.1,0
C001751,492,2959.96,9,61,208,0.813,22.7,865,2,1,1,2.7,0
C009932,511,7921.38,15,75,276,0.828,16.8,1070,0,0,0,4.1,0
A000686,34,21583.19,16,8,59,0.436,6.8,75,2,1,1,1.9,1
C000339,267,19339.1,10,36,137,0.436,22.2,571,3,0,0,5.3,0
C008408,905,5903.3,8,29,118,0.772,18.0,264,7,0,0,10.0,0
C001342,429,4401.95,15,67,305,0.913,20.6,5330,2,1,0,6.7,0
A000498,576,4623.8,14,5,54,0.247,4.6,95,11,0,1,0.9,1
C007983,493,3605.9,20,118,426,0.491,8.6,1082,7,0,0,10.0,0
C003641,956,7785.16,15,49,180,0.993,13.4,1500,7,0,0,8.5,0
C000330,1113,3597.0,18,96,425,0.792,26.4,586,1,0,0,5.0,0
C009733,518,2529.44,16,77,277,0.73,24.0,1738,11,0,0,10.0,0
C003005,729,4171.06,15,61,222,0.553,20.0,1396,4,0,1,3.6,0
C006961,357,5565.98,19,91,310,0.942,12.9,839,1,0,0,4.0,0
C004091,762,2838.74,16,64,284,0.799,24.7,1616,8,0,0,6.8,0
C002323,330,4363.49,17,84,301,0.759,32.1,1346,0,2,1,3.8,0
C006668,500,18889.72,11,46,166,0.869,17.5,510,6,0,0,3.5,0
C007010,304,18114.4,11,41,176,0.593,33.2,862,14,0,0,7.3,0
C004198,419,14744.49,15,55,190,0.793,21.1,928,12,0,0,7.1,0
C003550,354,6286.0,13,63,222,0.833,32.7,1378,6,1,0,0.7,0
C009651,881,6203.3,20,93,361,0.953,19.7,3476,12,0,1,9.0,0
C008364,261,6864.12,18,83,318,0.796,18.9,1564,1,1,0,7.7,0
C004204,728,4743.33,15,72,303,0.494,30.0,396,3,0,0,2.4,0
A000243,76,4541.12,9,4,38,0.153,6.9,358,14,1,2,10.0,1
C009848,280,572.72,23,54,249,0.66,23.7,6015,0,0,0,5.4,0
C006186,242,7621.26,15,58,263,0.888,28.8,2512,1,0,1,4.1,0
C001640,555,2758.63,16,91,325,0.85,17.3,1063,12,0,0,7.3,0
C009131,487,6295.7,11,62,233,0.574,17.4,2772,5,0,1,10.0,0
C000061,451,17009.51,20,85,310,0.561,22.4,750,1,1,0,7.1,0
C001241,358,2287.3,18,71,325,0.531,17.6,325,0,0,0,6.5,0
C005761,274,5028.82,12,55,251,0.862,28.8,1413,10,1,0,6.0,0
C005137,313,8541.39,6,29,117,0.655,18.8,341,5,1,0,2.2,0
C002344,763,3137.21,10,29,129,0.799,24.5,850,0,0,0,6.8,0
C002121,215,5721.93,15,49,170,0.648,12.5,1458,5,0,1,1.9,0
C001525,391,9880.63,15,63,224,0.911,23.4,1374,8,2,0,1.0,0
C007618,261,6226.37,15,73,319,0.422,23.2,1689,3,1,1,6.2,0
C000154,666,3405.27,16,83,377,0.988,22.5,2835,3,0,1,6.3,0
C000482,389,4884.47,11,57,202,0.685,27.8,612,0,1,0,4.6,0
C006123,371,7942.68,13,67,240,0.766,23.7,281,5,0,0,2.8,0
C007675,218,1591.47,21,102,342,0.764,23.6,256,0,0,0,6.5,0
C007102,358,5977.76,11,40,158,0.895,18.5,779,3,0,0,5.6,0
C001763,666,6220.37,8,28,99,0.77,32.3,931,1,0,2,5.0,0
C008943,248,2858.69,13,41,185,0.579,27.8,854,1,0,1,3.3,0
C007716,233,6646.42,17,96,331,0.783,21.3,1683,1,1,0,5.0,0
C010001,135,13118.38,12,72,261,0.608,18.5,1139,0,0,0,10.0,0
C007480,538,2758.61,15,51,182,0.621,30.9,2668,0,0,1,5.7,0
C006213,1092,8952.57,9,44,198,0.94,15.0,473,1,0,0,9.6,0
C004854,84,4197.0,13,59,205,0.813,30.1,900,2,0,1,7.8,0
C002712,611,10236.68,18,88,345,0.345,29.3,915,2,0,0,6.1,0
C006767,471,6325.53,17,84,327,0.81,21.6,1877,1,0,0,4.3,0
C004151,690,2097.72,15,78,291,0.802,16.6,1676,2,0,0,3.4,0
C001334,334,4530.02,19,63,280,0.895,21.1,1385,4,0,0,10.0,0
A000350,187,8443.61,16,9,113,0.217,4.5,61,8,0,2,4.9,1
C008379,319,2525.77,13,62,243,0.759,31.4,377,5,1,0,4.5,0
C009329,337,11463.87,12,73,299,0.414,29.6,399,3,0,0,5.8,0
A000329,165,3577.04,18,4,44,0.14,6.3,273,13,0,2,2.2,1
A000675,1020,7503.52,20,9,184,0.52,6.1,30,16,1,1,4.3,1
A000035,583,8575.64,10,6,54,0.038,4.5,147,8,1,2,2.1,1
C003851,196,6501.38,18,72,312,0.875,19.3,152,0,0,0,4.3,0
C008341,775,34437.91,17,109,378,0.664,16.4,1520,1,0,0,8.1,0
C004125,106,3686.45,15,79,316,0.369,16.5,1670,17,0,0,6.7,0
C009876,145,3729.85,19,83,378,0.588,17.6,414,2,0,0,4.4,0
C004789,368,1852.88,18,83,319,0.581,33.5,1698,1,0,0,7.3,0
C002867,307,15212.55,15,60,276,0.872,21.0,730,0,1,1,9.1,0
C001387,375,9758.44,23,123,511,0.584,20.2,1923,3,1,0,9.0,0
C005942,205,18056.52,19,111,452,0.834,13.7,1056,7,0,1,1.8,0
C003068,1023,6903.93,26,138,511,0.898,35.5,895,11,0,0,5.0,0
C009977,677,4204.99,22,111,431,0.744,14.5,763,2,0,0,4.4,0
C003630,512,13036.75,18,77,299,0.904,12.7,1541,22,0,1,7.4,0
A000405,663,5926.16,19,13,145,0.063,8.0,45,11,0,1,4.3,1
A000280,287,2764.91,16,14,96,0.39,6.3,171,4,1,0,5.5,1
C003029,414,6953.43,15,49,212,0.569,25.2,1375,15,0,0,6.7,0
C002970,77,3055.06,17,87,316,0.184,25.6,4009,8,0,0,10.0,0
C008647,472,3263.24,18,106,388,0.63,26.7,458,1,0,0,9.9,0
C006137,1051,2624.97,14,77,272,0.71,21.0,258,0,0,0,7.4,0
C008802,757,5401.93,9,36,124,0.657,26.6,196,9,0,0,2.6,0
C004264,806,2732.67,16,62,224,0.934,28.6,937,5,0,0,0.1,0
C000646,651,5624.36,11,70,271,0.935,18.4,105,4,0,0,6.9,0
A000619,71,4818.75,17,3,26,0.368,6.2,10,0,0,1,3.6,1
C002075,476,4255.35,16,68,305,0.596,23.3,915,3,0,0,7.7,0
C000342,656,15709.84,19,88,352,0.499,30.5,538,2,0,2,4.7,0
C008042,191,1279.55,17,89,380,0.753,21.2,2837,2,0,0,6.6,0
C001623,307,1928.88,15,97,338,0.983,18.6,716,1,1,0,5.5,0
C007142,1162,8764.46,14,52,216,0.856,2.1,1745,13,0,0,10.0,0
C005797,374,6516.32,9,44,187,0.892,20.1,2089,3,0,0,4.0,0
C007185,354,6731.36,17,85,296,0.479,19.9,2271,5,0,0,0.8,0
C008233,408,3533.78,12,52,238,0.321,16.4,594,7,0,0,4.0,0
C005476,662,10779.38,12,70,294,0.624,19.3,262,4,0,1,5.4,0
A000366,372,3388.68,13,6,94,0.179,7.0,166,30,0,2,7.3,1
C000075,349,4982.82,17,107,375,0.825,15.6,1811,0,0,0,9.1,0
A000874,314,2012.3,21,12,118,0.181,5.3,93,4,0,0,3.7,1
C008634,507,1785.13,20,78,330,0.82,19.4,621,0,1,0,8.0,0
A000154,468,7180.9,20,9,114,0.162,5.1,121,9,0,2,6.3,1
C002052,242,1463.5,14,62,283,0.834,17.5,977,9,0,0,7.8,0
C002542,119,26216.28,11,50,174,0.376,23.7,49,0,1,0,5.7,0
C001302,692,2816.25,14,56,237,0.855,26.3,2201,11,1,0,1.5,0
C005878,182,1798.37,14,51,233,0.936,26.8,1948,6,0,0,6.2,0
C007369,245,3992.07,15,81,315,0.494,23.9,692,6,0,0,5.4,0
C001305,448,8000.86,16,60,252,0.879,17.6,878,2,0,0,7.9,0
C008429,522,4922.78,22,108,476,0.855,19.5,2150,2,0,0,7.8,0
A000004,239,1347.14,14,10,80,0.236,7.5,47,19,1,0,4.3,1
C002600,152,1114.62,13,51,183,0.714,22.6,834,2,0,0,4.1,0
C002574,402,2383.08,20,98,353,0.565,29.3,1534,4,0,2,0.0,0
C003187,374,4019.17,14,63,281,0.594,24.1,1412,9,0,0,5.1,0
C002769,559,7069.22,12,66,264,0.948,20.0,1631,9,0,0,4.4,0
C004832,616,6141.48,13,75,272,0.766,21.2,1811,4,0,0,3.0,0
C004224,162,12774.46,12,55,212,0.682,25.8,608,2,1,0,6.6,0
A000615,558,11164.56,18,6,72,0.236,8.6,116,14,2,1,0.0,1
C002107,238,11066.6,15,73,313,0.905,18.1,796,6,0,0,6.3,0
C002680,310,16882.99,19,99,358,0.903,25.5,1373,5,1,1,5.4,0
C001388,282,1201.31,8,25,111,0.649,21.8,2002,2,0,0,5.1,0
C009842,65,9800.29,13,69,243,0.918,24.1,896,0,0,1,8.0,0
A000625,259,2924.02,21,14,155,0.246,4.0,64,1,0,1,4.9,1
C007084,544,8559.75,13,34,150,0.418,19.8,234,17,1,0,7.5,0
C001280,440,4021.32,14,51,185,0.53,16.3,1294,0,2,0,10.0,0
C000805,83,890.84,18,43,190,0.597,20.6,4358,0,0,0,7.9,0
C001556,509,10311.13,20,99,446,0.804,25.6,1230,1,0,0,6.3,0
A000436,255,2448.38,19,8,116,0.499,5.0,91,6,1,1,10.0,1
C004567,705,4362.0,12,47,204,0.732,9.2,3832,1,0,0,7.9,0
A000635,366,5822.75,22,8,67,0.212,2.6,103,10,0,0,4.9,1
C004842,894,8485.73,16,105,382,0.426,26.1,1551,1,0,0,4.2,0
C003595,826,22065.99,14,55,222,0.845,10.1,3646,10,0,0,5.5,0
C006036,240,5792.92,11,76,309,0.934,27.1,880,2,0,0,9.2,0
C006853,599,3572.2,9,30,120,0.911,19.4,985,0,0,0,10.0,0
C008706,351,2831.67,19,98,379,0.785,27.6,539,3,0,0,8.9,0
C004178,266,39732.12,14,41,184,0.7,30.7,885,2,0,0,5.6,0
C001309,182,10373.92,13,52,182,0.647,21.0,2105,5,0,0,2.0,0
C009107,89,13661.13,21,115,476,0.655,21.2,818,0,0,0,7.8,0
C003453,404,2105.44,18,84,349,0.801,18.1,1512,1,0,0,3.9,0
C003696,683,2755.05,12,8,197,0.482,26.6,1035,1,0,0,0.0,0
C004243,713,9243.96,15,89,302,0.86,13.6,659,3,0,1,7.2,0
C002199,904,1279.39,17,95,367,0.41,32.1,989,4,0,0,9.9,0
C008967,91,3396.37,15,94,374,0.845,25.9,1853,4,0,0,6.4,0
C004426,153,9163.57,15,79,274,0.717,29.0,294,5,1,0,4.8,0
C006151,499,4100.9,18,102,370,0.906,27.5,387,14,0,0,9.9,0
C000944,255,5667.95,12,45,194,0.898,18.0,1447,17,0,0,0.2,0
C000823,550,2562.22,14,43,175,0.655,15.8,2027,2,0,0,3.4,0
C005006,229,4424.15,18,93,366,0.866,15.1,746,1,0,0,6.7,0
C006613,554,9855.12,5,22,79,0.691,16.7,1155,0,0,0,9.2,0
C008357,725,7914.28,11,49,188,0.888,24.3,3161,2,0,0,7.4,0
C005620,781,2779.6,11,51,186,0.581,12.6,1934,0,0,0,8.9,0
C004548,209,13746.8,7,28,120,0.823,23.5,3586,1,0,1,6.8,0
C002539,417,5730.16,20,97,435,0.298,26.3,576,3,0,1,5.2,0
C009504,205,13209.27,14,61,249,0.408,36.0,1949,4,0,0,0.0,0
C005208,727,10372.43,10,44,151,0.799,21.0,1016,5,0,0,5.8,0
A000466,1118,1762.93,17,2,54,0.382,8.2,113,10,1,0,2.9,1
C009925,861,9847.21,10,61,226,0.606,35.8,434,5,0,0,7.2,0
C003055,518,9061.67,14,54,216,0.795,21.9,190,1,0,0,5.1,0
C003676,301,5653.42,16,48,207,0.928,21.1,644,0,1,0,8.3,0
C007777,169,4138.71,18,106,370,0.85,26.9,2503,4,0,0,9.1,0
C007219,173,4141.21,7,26,107,0.646,15.9,325,2,0,0,5.1,0
C006723,414,26358.68,14,93,319,0.939,16.6,667,0,0,0,5.8,0
C003301,579,10143.71,14,73,285,0.638,15.4,1201,2,0,0,6.3,0
C003311,264,2417.73,20,111,388,0.57,29.2,386,0,0,0,6.8,0
C007222,602,5050.89,6,29,111,0.873,22.0,138,4,0,0,4.0,0
C008520,1006,4546.95,12,67,274,0.749,16.4,3761,0,1,0,5.2,0
C005955,405,8989.44,16,89,356,0.155,21.4,902,6,3,0,2.2,0
C000833,426,8807.05,20,97,365,0.849,23.6,368,3,0,1,0.4,0
C003463,221,5232.58,18,99,388,0.692,22.9,1311,2,0,1,0.0,0
C007644,345,3225.64,21,93,364,0.858,26.8,3312,9,0,0,3.6,0
C000055,516,6940.24,18,78,326,0.957,26.1,513,5,0,0,6.8,0
C003452,176,2043.38,16,94,333,0.639,34.4,256,0,0,0,6.5,0
C006306,303,7766.53,18,95,399,0.83,23.8,599,5,0,0,5.5,0
C001482,249,3207.56,13,50,226,0.468,13.3,1118,8,0,0,8.0,0
C004874,147,7761.3,15,72,284,0.758,29.5,126,4,2,0,8.7,0
C008039,870,1036.46,12,61,237,0.68,28.1,1103,4,0,0,8.4,0
C003336,553,12941.91,15,87,323,0.74,21.1,1634,0,1,1,5.1,0
C006017,495,9401.12,21,58,243,0.626,20.1,654,8,0,0,6.6,0
C004927,274,16056.14,15,33,113,0.816,14.7,500,2,0,0,8.0,0
C009139,151,10309.28,12,45,167,0.91,20.4,1340,1,0,1,9.3,0
C005798,385,7231.75,17,86,308,0.938,22.6,621,7,0,0,7.2,0
A000806,1091,2581.82,15,4,232,0.031,4.7,93,0,1,1,6.1,1
C005084,484,3722.82,14,58,257,0.786,28.9,440,13,0,0,8.6,0
C006646,666,2441.79,15,60,219,0.62,19.7,8668,4,0,0,3.6,0
C005491,547,6794.29,18,77,301,0.506,17.0,1410,3,0,0,8.9,0
C000769,330,5090.27,14,56,246,0.808,21.3,2756,5,0,0,4.8,0
C002066,1193,3407.8,7,29,129,0.528,6.1,900,0,0,0,6.4,0
A000451,271,4904.4,11,1,25,0.18,6.5,35,2,1,1,0.0,1
C007312,904,3503.45,14,70,123,0.505,20.9,1882,3,0,0,7.2,0
C008478,796,14527.33,21,109,383,0.919,17.5,676,3,0,0,5.0,0
A000921,332,8154.52,15,5,65,0.403,6.0,438,0,1,3,4.2,1
C004525,359,5464.92,6,27,112,0.776,23.3,3108,2,0,0,5.2,0
C002718,253,8815.46,12,48,203,0.698,24.2,1183,1,0,0,4.9,0
C002080,269,4391.06,13,37,138,0.959,24.4,800,4,0,0,7.5,0
C008915,290,2371.31,22,92,319,0.729,23.8,199,0,0,0,6.4,0
C000952,541,5607.47,14,59,265,0.81,24.3,1215,0,0,0,7.9,0
C008059,737,16493.06,15,76,266,0.911,16.3,2254,15,0,0,4.9,0
C002483,344,6912.6,14,76,269,0.505,19.2,804,5,0,0,4.1,0
C009182,108,1604.01,17,85,349,0.762,23.2,5049,1,0,0,7.8,0
C001760,848,1776.07,13,69,235,0.897,25.7,1357,4,0,0,2.6,0
C004423,266,14345.4,18,91,352,0.626,18.0,423,5,0,0,6.9,0
C006705,1453,2705.04,11,56,218,0.614,29.4,1109,3,1,0,5.2,0
C005183,1170,5612.22,11,39,148,0.529,28.7,3189,2,0,0,9.2,0
C008534,243,22166.84,20,83,67,0.365,26.2,79,0,1,0,4.1,0
C003702,457,6835.03,15,57,227,0.65,19.6,3057,6,0,0,9.0,0
C004244,931,11259.32,23,84,288,0.937,17.7,601,5,1,0,4.9,0
C000689,494,4260.68,9,57,202,0.843,34.0,752,2,0,0,6.8,0
C003433,754,2527.58,18,80,351,0.884,27.1,456,0,0,0,6.2,0
C004945,145,3651.06,26,117,502,0.557,25.0,3365,11,0,0,4.2,0
C000967,50,1591.64,17,92,330,0.759,17.7,1297,5,0,0,7.2,0
A000434,211,1032.87,16,3,50,0.257,6.4,21,30,0,1,6.8,1
C002714,722,8326.49,11,49,193,0.178,30.1,985,2,0,0,6.6,0
C004758,62,15328.56,15,61,249,0.7,26.5,595,4,1,0,2.0,0
A000499,725,4254.09,14,9,84,0.268,5.0,46,0,0,2,3.9,1
C006321,424,4926.83,22,89,348,0.857,19.7,1262,1,0,0,2.8,0
C005976,848,11366.77,19,101,352,0.685,18.7,1028,0,0,0,8.7,0
C003573,575,1025.1,19,100,401,0.516,16.6,1528,11,1,0,3.2,0
C005300,144,6835.79,13,42,187,0.839,15.6,1237,14,0,0,7.2,0
C001991,241,2929.03,16,69,306,0.681,23.5,1838,3,2,0,9.0,0
C001206,385,3284.06,8,30,123,0.926,20.7,761,3,0,0,6.1,0
C004972,590,9122.07,15,53,218,0.678,17.9,451,1,0,1,6.0,0
A000695,952,11352.78,12,9,65,0.439,6.2,229,9,1,1,4.7,1
C006784,257,3742.8,14,73,312,0.822,19.7,1332,5,0,0,10.0,0
C003601,629,3112.97,12,56,199,0.77,16.9,440,1,0,0,4.5,0
C006491,429,14226.43,13,52,200,0.818,13.6,1673,1,0,0,6.2,0
C008610,332,5479.05,14,49,221,0.569,17.5,3765,5,0,0,9.7,0
A000968,46,5292.4,12,0,8,0.425,6.8,24,30,0,0,6.8,1
C008071,840,2005.84,23,136,475,0.916,23.5,2689,2,0,0,4.9,0
C008578,549,3367.77,16,73,313,0.347,26.0,3521,0,0,0,10.0,0
C007974,498,4568.1,16,61,246,0.557,29.0,341,4,0,0,3.2,0
C001626,504,13671.34,14,82,289,0.572,26.1,1625,0,0,0,5.2,0
C000537,340,14350.93,24,99,395,0.818,25.7,456,1,0,0,9.5,0
C008767,663,1429.37,11,57,225,0.906,28.0,708,0,0,0,7.3,0
C007971,579,3265.87,18,85,335,0.493,26.5,1556,5,0,0,4.1,0
C004213,624,9313.49,13,2,228,0.31,9.7,2251,1,0,0,4.6,0
C006457,178,4581.04,15,75,261,0.801,26.3,2353,2,0,0,1.2,0
C003508,423,3479.58,10,28,125,0.947,16.2,2478,5,1,0,8.2,0
C008394,305,5141.65,13,44,195,0.745,21.4,250,11,0,0,3.1,0
C009525,284,12630.37,11,48,209,0.717,19.8,738,6,2,0,6.9,0
C007113,954,8384.02,15,47,211,0.31,23.7,1644,12,1,1,2.6,0
C002709,325,2995.66,15,62,238,0.42,9.4,747,4,0,0,10.0,0
C005032,426,4409.24,17,78,334,0.907,20.8,779,6,0,0,6.1,0
C006515,326,11721.23,13,72,292,0.678,14.9,1200,9,0,0,9.9,0
C004663,435,5448.27,7,28,128,0.695,20.4,802,10,1,0,9.0,0
C004022,421,6537.52,12,77,260,0.607,29.6,3643,8,0,0,3.4,0
C001855,605,17583.83,10,40,181,0.703,4.9,171,1,0,0,4.8,0
A000368,987,10338.23,20,2,24,0.581,6.6,142,21,0,1,3.3,1
C002873,79,12827.27,16,63,226,0.543,18.7,1673,1,0,0,10.0,0
C003031,586,5216.25,9,34,132,0.566,12.7,1490,1,0,1,4.0,0
C009398,663,1227.39,14,44,200,0.928,20.0,1104,5,0,0,8.4,0
C001646,607,7805.04,9,37,137,0.897,17.3,589,3,1,0,4.5,0
C003418,621,5105.26,19,55,239,0.51,7.1,562,1,1,0,8.0,0
C003477,307,4568.11,16,100,351,0.7,22.6,1066,2,0,1,5.7,0
A000506,149,2166.68,14,2,40,0.175,5.5,152,30,0,0,8.0,1
C001793,257,2959.02,10,41,142,0.881,23.9,870,1,0,0,8.4,0
C003798,388,3746.43,7,28,105,0.482,16.7,518,0,0,0,5.6,0
C003369,546,2805.55,18,90,322,0.745,16.5,1671,1,0,0,7.9,0
C007197,425,4511.59,17,9,413,0.936,8.0,1198,10,0,0,5.0,0
A000606,318,4043.84,10,4,62,0.17,3.5,215,0,0,2,3.2,1
C005110,211,9657.03,18,101,368,0.715,16.1,426,2,0,0,1.8,0
C006025,343,4049.57,16,48,218,0.476,34.8,2172,14,0,0,10.0,0
C008796,298,7906.26,14,90,307,0.467,26.6,1309,1,0,1,7.3,0
A000223,99,4648.98,19,0,11,0.354,5.0,47,1,0,2,2.8,1
C000127,300,4129.26,19,94,327,0.661,23.3,2740,1,0,0,6.9,0
C005960,601,3170.03,18,85,324,0.741,32.7,1972,3,1,0,6.9,0
C003877,380,5260.49,13,56,207,0.835,23.8,3688,0,0,1,3.2,0
C004452,542,4252.6,13,61,207,0.584,24.0,460,0,0,1,3.7,0
C007148,340,1109.95,17,55,243,0.807,27.3,447,1,0,0,4.1,0
C003532,509,3614.49,16,85,313,0.493,28.0,443,8,0,0,5.4,0
C000828,363,5980.93,18,73,258,0.86,15.5,1444,4,0,0,5.9,0
C009832,277,14183.5,19,91,384,0.983,23.2,1066,10,0,0,6.9,0
C007791,742,3118.83,16,74,311,0.737,20.4,2837,1,0,0,1.3,0
C000985,534,6833.61,12,0,116,0.818,18.6,441,27,0,0,4.0,0
C007784,903,7183.75,15,64,247,0.918,24.1,1843,6,0,1,6.0,0
C002444,557,2873.03,13,49,165,0.696,20.7,1081,1,0,0,4.1,0
C008555,395,5259.33,15,60,234,0.429,18.3,385,1,0,1,4.8,0
C000346,824,4886.09,13,65,237,0.478,25.5,1322,1,0,0,3.4,0
C000815,709,9273.86,14,56,240,0.65,17.7,1844,1,0,0,1.0,0
C006167,121,7924.27,9,35,148,0.672,15.5,1243,2,0,0,6.3,0
C005780,561,3760.31,17,98,329,0.972,22.9,1278,7,0,0,10.0,0
C002117,449,11507.52,13,73,275,0.879,17.4,1276,1,0,1,0.0,0
C000794,522,3919.02,12,62,254,0.812,29.5,2525,4,0,0,6.6,0
C006899,274,3848.07,14,43,151,0.927,26.4,786,2,0,0,9.0,0
C002675,339,6431.78,14,74,299,0.8,18.2,1197,1,0,2,7.4,0
C000095,1048,3485.42,18,95,354,0.444,9.2,504,1,0,0,3.0,0
C004226,131,16197.1,12,56,199,0.647,23.3,791,0,0,0,10.0,0
C003757,498,4895.41,19,93,390,0.721,24.0,2765,1,0,0,6.6,0
C002892,375,2278.27,10,34,129,0.899,20.1,3263,12,0,0,10.0,0
C002372,625,7020.17,15,65,262,0.701,28.3,1039,0,0,0,2.5,0
A000328,299,4628.52,15,6,62,0.332,8.2,15,1,0,1,5.7,1
C003229,321,4074.03,16,55,248,0.639,14.0,1130,0,0,0,9.7,0
C007864,259,25666.53,14,67,279,0.938,22.1,858,7,1,0,5.0,0
C006360,407,1213.3,14,44,184,0.683,16.7,1853,5,0,1,6.7,0
A000119,364,1750.88,18,3,34,0.106,7.0,46,16,1,3,4.1,1
C007327,432,3317.29,15,47,186,0.705,19.0,1189,0,0,0,10.0,0
C006029,770,4058.8,19,90,385,0.477,22.4,5000,0,1,0,6.4,0
C001866,582,9714.45,19,62,243,0.863,23.8,1087,5,0,0,10.0,0
C004613,612,3179.13,14,80,307,0.772,19.8,1975,12,0,0,6.8,0
C002646,417,7937.84,21,106,381,0.494,25.6,1364,0,0,0,4.9,0
C002244,271,3190.04,7,29,108,0.709,10.0,1817,2,0,0,9.5,0
C005374,421,6401.28,23,121,419,0.708,24.3,2004,2,0,0,5.0,0
C002337,500,8284.82,16,56,244,0.957,31.9,3223,4,0,0,8.2,0
C000951,517,6874.97,10,34,146,0.924,22.6,553,5,0,0,7.5,0
C001121,484,10455.58,17,89,314,0.785,20.1,899,4,1,0,7.5,0
C002205,121,9424.62,20,79,316,0.869,21.9,639,2,0,0,2.2,0
C000420,504,14290.76,17,92,383,0.548,28.2,2489,6,0,0,10.0,0
C000923,596,10140.07,13,54,201,0.844,19.3,1044,1,0,0,3.0,0
C009447,276,5259.03,15,63,262,0.797,30.6,153,1,0,0,10.0,0
C008670,317,11069.82,11,55,249,0.357,20.2,626,6,2,0,5.7,0
C005409,287,6865.64,12,47,205,0.644,25.9,1198,7,0,0,4.0,0
C005789,1063,5275.94,13,56,246,0.717,22.1,890,1,0,0,4.6,0
C005743,437,2216.03,16,94,325,0.873,21.2,577,3,0,0,10.0,0
C007668,539,7790.14,19,128,439,0.736,14.8,1025,1,0,0,5.0,0
C005568,749,7208.47,12,56,208,0.873,22.1,3349,0,0,1,6.7,0
C008136,299,3695.53,16,49,219,0.315,5.8,3147,6,0,0,5.3,0
C001203,75,1560.71,12,66,225,0.888,22.2,863,7,0,0,10.0,0
C005766,208,3004.17,16,57,258,0.808,24.3,1248,6,0,0,6.3,0
C008390,675,8778.3,20,79,355,0.93,18.2,866,2,0,0,7.3,0
C001971,245,6384.48,9,43,150,0.496,19.6,337,1,1,0,10.0,0
C004019,720,8742.88,10,44,195,0.871,18.8,624,4,0,0,3.6,0
C003688,215,3356.67,16,99,369,0.64,23.9,1822,20,0,0,3.2,0
C001998,601,3046.46,16,64,254,0.91,30.5,652,0,0,0,7.1,0
C004034,182,2388.09,14,77,312,0.713,18.4,3817,3,0,1,5.3,0
C001249,450,3408.81,14,54,243,0.58,23.7,717,17,1,0,3.7,0
C002193,178,1177.41,16,75,335,0.58,25.1,656,5,0,0,6.5,0
C002713,235,2766.09,13,100,338,0.84,23.6,569,4,0,0,3.3,0
C009185,562,12637.92,25,115,471,0.462,14.2,1232,2,0,0,9.5,0
C002191,156,3266.73,9,40,181,0.836,6.2,682,6,0,0,3.0,0
C004671,144,7887.07,15,73,277,0.862,20.0,2887,0,1,0,6.8,0
C005143,593,1755.53,13,55,212,0.605,29.5,1658,7,1,0,7.2,0
C005985,687,5436.53,17,102,365,0.745,24.6,1762,0,0,0,7.1,0
C006566,141,3239.71,14,52,224,0.92,25.5,2363,11,0,0,3.5,0
C007805,134,13023.01,14,65,268,0.574,21.0,1538,0,0,0,6.2,0
C006944,850,5637.01,13,67,264,0.372,19.1,4187,9,0,0,4.3,0
C009511,819,9711.18,8,42,181,0.736,16.7,1654,3,0,0,9.5,0
C002137,229,7210.46,19,116,454,0.844,16.0,1327,10,0,0,2.7,0
C001066,1634,5905.55,11,44,187,0.809,18.1,2213,0,0,0,10.0,0
C000601,171,3049.64,15,71,253,0.721,25.9,4534,4,0,0,3.9,0
C004228,216,3373.46,20,99,361,0.808,19.0,604,8,0,0,9.0,0
C007578,598,3427.17,11,48,218,0.735,21.5,1208,1,1,0,8.5,0
C000078,425,16957.98,13,70,250,0.635,14.7,973,16,0,0,1.6,0
C007547,210,4978.86,17,79,327,0.899,16.4,2024,1,0,1,6.9,0
C002899,218,2647.34,14,59,242,0.895,22.8,1598,7,0,0,3.6,0
C004821,40,13479.64,19,66,280,0.768,9.3,2008,0,1,0,3.1,0
C009507,508,3937.46,14,52,195,0.538,17.3,1034,3,0,0,6.4,0
A000234,647,2441.61,20,12,134,0.215,6.9,278,2,0,1,3.9,1
C006414,264,10750.66,14,68,229,0.428,16.1,1156,7,0,0,8.0,0
C009445,327,3893.51,14,50,215,0.68,18.3,747,2,0,0,4.2,0
C009065,360,8340.73,18,82,316,0.616,10.1,4830,0,0,0,3.3,0
C008008,397,3386.01,9,45,97,0.42,23.4,846,3,0,0,4.7,0
C005469,330,2010.51,15,40,170,0.628,23.7,930,12,1,0,4.7,0
C005952,458,4519.87,19,57,231,0.925,23.1,882,4,1,0,8.3,0
C003392,622,7561.31,15,60,243,0.861,19.9,834,0,0,0,4.6,0
C005416,114,2661.38,17,82,333,0.934,25.8,597,3,0,1,8.9,0
C002561,531,5439.32,18,72,296,0.696,13.2,1047,8,0,0,7.9,0
A000871,210,1979.36,20,15,152,0.078,8.8,64,7,0,0,2.0,1
C008163,229,6733.04,21,91,354,0.825,19.5,617,8,0,0,7.8,0
C002636,239,3915.98,11,51,231,0.647,20.3,1510,4,0,0,6.5,0
C005257,426,3577.39,14,58,238,0.258,32.3,1197,0,0,0,7.1,0
C003531,518,21492.75,9,41,154,0.625,19.9,2132,15,0,0,8.2,0
C008568,749,3545.56,20,129,447,0.568,30.0,1479,0,1,0,3.5,0
C001909,185,4781.5,19,85,365,0.814,29.7,315,5,1,0,6.1,0
C000236,317,2222.96,18,93,331,0.776,21.3,616,5,0,0,1.9,0
C001605,253,2220.19,15,61,213,0.661,28.4,4397,3,0,0,3.9,0
C007985,527,1969.51,10,44,178,0.871,20.2,1180,8,0,0,5.9,0
C009311,90,5247.44,11,45,204,0.908,24.9,1333,5,0,1,9.3,0
C003491,163,3449.54,16,67,261,0.635,13.5,605,3,0,0,6.9,0
C001995,311,10357.58,21,104,399,0.636,22.1,644,3,0,0,5.5,0
C002825,503,2043.25,13,55,243,0.433,15.3,3232,1,0,0,7.5,0
A000214,432,1831.83,20,6,63,0.171,7.5,55,9,1,1,10.0,1
C001343,203,13924.43,14,51,191,0.963,17.7,1710,0,0,0,1.1,0
C008513,1172,7686.78,12,60,248,0.928,16.1,1127,22,1,0,6.9,0
C001620,706,6697.07,14,64,276,0.91,18.4,1259,27,0,0,6.1,0
C005288,840,26453.36,12,51,177,0.981,26.6,2954,3,0,0,9.4,0
C002061,179,4794.37,21,86,40,0.832,3.2,1135,1,0,0,4.5,0
A000940,252,5951.4,25,8,142,0.415,5.4,53,1,2,1,3.8,1
C002220,328,3080.99,15,64,218,0.694,14.9,1047,0,0,0,6.6,0
C009866,246,2675.95,19,69,251,0.868,18.9,1197,3,0,1,7.2,0
C006039,295,4586.3,19,94,320,0.868,24.2,672,1,0,0,0.5,0
C000261,595,8238.97,18,89,365,0.557,18.8,1856,0,1,0,10.0,0
A000304,325,3943.7,15,12,87,0.35,4.4,85,16,0,1,3.0,1
C009094,306,10833.85,10,45,172,0.781,26.1,1120,9,1,0,9.8,0
C003745,269,5947.5,8,36,145,0.383,19.3,2004,3,0,0,8.6,0
C002027,334,4227.55,20,80,357,0.856,19.9,980,4,1,0,9.4,0
C006989,282,9705.37,21,115,412,0.821,19.4,3484,5,0,0,3.7,0
C004235,333,3949.63,13,48,187,0.907,9.7,1364,1,0,0,5.0,0
C001918,667,7397.49,15,67,265,0.786,20.6,1553,1,0,0,2.9,0
C001829,427,7353.54,13,78,284,0.532,42.6,2210,6,0,1,9.3,0
C009766,296,2331.9,11,30,126,0.896,19.1,1259,1,0,0,10.0,0
C006234,344,4429.67,10,39,145,0.911,16.2,274,4,0,0,10.0,0
A000269,1059,1494.12,14,10,97,0.279,7.8,63,1,0,2,5.2,1
C006284,508,10033.76,16,73,290,0.379,13.8,736,0,1,0,7.0,0
C004209,1048,3334.46,19,72,287,0.356,25.2,3270,2,1,0,3.4,0
C000225,306,9614.26,9,37,131,0.141,32.6,205,3,0,0,1.4,0
C008916,207,1871.31,16,56,191,0.954,22.3,8690,0,0,0,4.9,0
C010003,470,2871.68,15,58,240,0.762,20.5,399,1,1,0,8.2,0
C009334,253,7449.52,23,96,365,0.557,25.9,1427,6,0,0,0.0,0
C006470,114,12782.16,16,74,298,0.975,24.4,496,0,0,0,3.9,0
A000355,157,24992.16,14,8,72,0.219,7.3,290,11,1,2,2.9,1
C000847,446,2609.24,12,43,188,0.739,16.9,2075,1,0,0,8.8,0
C004290,222,7010.57,17,106,357,0.737,32.3,1591,1,2,1,7.2,0
C005561,319,4428.05,19,100,382,0.963,32.0,766,13,0,0,5.7,0
C002552,325,2660.19,17,84,293,0.763,23.2,3695,1,1,0,5.1,0
C000118,226,8281.62,16,72,284,0.775,14.7,468,27,0,1,0.4,0
C008838,244,4937.73,19,48,212,0.796,24.7,831,0,0,0,10.0,0
C005967,406,8251.9,20,107,416,0.782,26.2,400,9,0,0,8.4,0
C008196,234,5536.06,27,139,518,0.692,32.8,1305,0,0,0,3.4,0
C008660,420,4300.0,14,72,298,0.699,30.1,425,4,1,0,7.3,0
C007490,635,6062.27,14,58,263,0.83,22.7,681,10,0,0,6.5,0
C000006,407,1670.35,10,36,157,0.556,13.1,1996,12,0,0,3.9,0
C005343,624,5217.08,21,71,304,0.693,20.1,1401,1,0,0,8.5,0
C009112,531,4915.63,14,35,142,0.787,25.2,317,7,1,0,5.9,0
C004325,300,2266.0,14,64,268,0.781,22.4,2087,4,0,0,5.2,0
C001064,480,2463.63,10,40,176,0.897,25.0,937,1,0,0,7.3,0
C002591,453,4019.57,9,38,138,0.898,20.2,1064,1,0,1,10.0,0
C008435,173,17011.25,18,114,394,0.588,26.7,816,0,1,0,2.7,0
C009353,357,9030.01,16,82,326,0.796,19.1,3802,2,1,1,7.6,0
C003736,38,5832.4,19,58,227,0.619,32.0,599,2,0,0,4.9,0
C003518,137,5076.17,18,92,312,0.746,17.6,7999,1,0,0,6.1,0
C006987,143,5731.41,20,99,423,0.654,16.9,6584,2,0,1,7.8,0
C006768,493,751.6,18,56,210,0.636,22.8,2789,0,0,0,3.8,0
C005623,311,5494.77,19,107,363,0.913,18.1,952,4,0,1,8.5,0
C001606,373,2421.19,6,27,114,0.229,19.9,4430,2,0,0,5.6,0
C001734,272,6471.26,19,74,301,0.762,17.1,1091,1,0,0,10.0,0
A000278,462,9117.59,11,8,60,0.471,4.4,26,27,0,0,5.0,1
C009505,316,3246.23,16,66,276,0.621,20.7,465,3,1,0,4.1,0
C003813,275,7286.65,13,54,240,0.853,17.1,862,5,0,1,8.3,0
A000588,602,8030.61,16,5,43,0.39,6.7,163,0,0,1,2.8,1
C001762,694,1546.07,10,37,146,0.687,18.9,7484,1,0,0,6.0,0
C005402,171,3096.2,17,56,254,0.909,10.4,960,2,0,0,2.3,0
C002740,596,7101.1,20,88,346,0.742,19.4,763,1,0,0,8.2,0
C002473,772,4193.67,15,80,270,0.83,17.7,808,4,0,0,3.1,0
C006739,492,2988.54,16,68,278,0.809,19.9,1080,3,0,0,9.1,0
C006892,718,5844.13,11,58,238,0.591,13.0,3667,8,1,0,7.8,0
C007944,358,2486.6,14,69,267,0.871,25.9,718,3,0,0,5.5,0
C009686,303,11907.89,16,77,308,0.967,30.7,260,7,0,0,0.1,0
C004207,375,12376.14,20,126,431,0.692,19.9,1322,14,0,0,9.4,0
C006372,255,3094.03,13,65,280,0.372,28.3,976,2,0,2,5.8,0
C009362,380,2764.44,17,73,292,0.497,22.8,1192,4,0,0,0.5,0
C000233,479,2602.85,15,64,215,0.775,20.7,2347,1,0,0,9.0,0
C008259,189,1359.97,21,127,480,0.853,21.2,2688,0,1,1,6.0,0
C007562,962,4439.18,9,48,182,0.923,25.0,1750,0,0,0,5.5,0
C009796,75,3118.83,13,10,192,0.914,30.9,418,3,1,1,6.1,0
C006169,529,5388.97,21,106,392,0.649,21.4,3080,8,0,0,3.8,0
C003597,654,2143.49,21,89,396,0.636,4.6,1305,1,0,0,3.3,0
C006289,1266,3116.17,18,85,294,0.971,24.9,267,4,0,1,7.4,0
C004633,346,3112.96,14,65,255,0.749,36.3,1600,2,0,0,3.5,0
C000126,1777,12824.99,20,117,444,0.734,13.4,263,10,0,0,4.7,0
C007642,186,5514.74,18,101,365,0.553,24.9,1452,2,0,0,7.7,0
C006230,131,4920.75,17,75,261,0.826,14.7,256,2,0,0,10.0,0
C001297,340,1007.47,21,110,373,0.641,19.7,3554,2,0,1,5.3,0
C001977,105,2146.89,14,86,290,0.634,23.8,285,1,0,0,6.8,0
A000430,411,3880.51,13,11,96,0.33,7.1,790,10,1,2,0.0,1
A000381,220,1717.08,11,3,44,0.752,5.3,186,1,2,1,4.9,1
C005751,252,5018.35,13,82,282,0.723,17.1,779,3,1,0,8.3,0
C008153,536,14819.75,14,85,304,0.54,28.9,7407,0,0,0,4.1,0
C003087,399,15713.7,9,37,165,0.494,30.1,4200,0,1,0,7.6,0
A000205,1097,11038.44,12,6,50,0.441,5.7,1136,7,1,2,4.9,1
C006883,233,7069.37,22,78,356,0.42,24.2,1806,5,0,0,9.1,0
A000238,455,2337.83,10,2,25,0.383,7.9,23,20,0,2,0.0,1
C007674,355,2932.84,15,58,224,0.747,21.9,567,3,0,0,1.9,0
C003346,310,7189.84,16,74,282,0.986,29.8,1107,1,0,0,10.0,0
C008173,256,7376.9,14,74,261,0.31,20.7,2239,2,1,0,6.0,0
A000363,569,4682.2,18,7,60,0.263,5.5,156,0,2,1,3.5,1
C005871,163,1023.92,9,48,190,0.335,20.3,310,8,0,1,4.9,0
C006507,361,6446.54,13,78,268,0.568,18.6,758,3,0,0,5.7,0
C002798,342,3149.76,17,67,261,0.658,18.3,1495,1,0,0,8.1,0
C000919,60,5047.7,17,76,289,0.717,30.1,3786,1,0,0,5.6,0
C001647,283,4390.94,20,105,450,0.807,22.7,558,0,1,1,6.0,0
C005123,560,2966.07,16,118,398,0.862,22.7,316,1,0,1,5.4,0
C005127,582,10851.55,18,61,255,0.529,18.2,1082,3,1,0,4.9,0
C004622,142,3932.85,20,82,345,0.72,20.1,513,1,0,0,6.1,0
C006810,225,825.42,11,49,179,0.87,22.2,1621,0,1,1,4.0,0
C000365,365,4158.86,15,49,192,0.172,16.3,984,8,1,0,9.5,0
C002126,237,3662.53,15,55,210,0.929,25.3,910,11,0,0,6.7,0
C008151,816,5288.37,15,76,289,0.838,25.7,1569,4,0,0,7.3,0
C008718,193,4971.67,11,57,212,0.956,24.1,491,4,0,0,3.7,0
C000056,252,3306.66,13,81,281,0.916,18.3,423,3,0,2,7.2,0
C000639,396,2776.54,19,59,250,0.724,17.2,396,3,0,0,8.7,0
C000303,457,6915.92,12,60,229,0.78,24.3,936,8,1,0,2.8,0
C005812,333,7708.11,9,45,156,0.947,16.3,3553,1,0,0,8.3,0
C001277,518,7068.44,12,44,188,0.815,29.0,1830,2,0,0,5.6,0
C004433,554,5199.48,11,50,207,0.799,27.7,4306,2,0,0,0.7,0
C003645,466,1368.7,11,45,175,0.758,17.4,840,0,0,0,4.6,0
C004144,269,1025.3,22,63,255,0.83,24.9,1991,0,0,0,6.4,0
C002879,481,5128.17,15,67,253,0.604,12.7,4237,3,0,0,10.0,0
C006494,338,10821.29,14,62,227,0.693,23.7,3430,8,0,0,8.0,0
C005241,243,7415.32,19,122,408,0.851,18.4,918,10,0,1,2.9,0
A000349,636,6601.9,13,2,26,0.397,6.3,189,1,1,1,1.4,1
C006938,668,22966.91,21,103,360,0.741,15.7,505,1,0,0,7.4,0
C007241,141,3068.68,18,115,395,0.831,20.8,995,9,0,0,10.0,0
C009946,228,18172.45,11,43,177,0.52,13.3,962,6,0,1,10.0,0
A000151,583,6523.03,15,13,95,0.743,6.3,35,5,1,1,0.0,1
C002594,541,32341.36,15,47,182,0.878,16.2,293,3,1,0,5.3,0
C002394,564,6419.58,9,27,114,0.658,19.1,2169,2,0,1,3.7,0
C000524,220,4780.22,17,106,378,0.69,30.1,779,4,0,0,8.3,0
C006377,458,6247.23,12,62,225,0.624,23.9,1443,5,0,0,4.2,0
C006982,67,2717.16,15,67,42,0.678,21.8,2305,7,0,0,3.6,0
C006678,434,2048.41,13,64,244,0.733,25.4,502,0,0,0,8.9,0
C003901,611,3275.53,17,91,311,0.835,18.3,1489,0,0,0,8.3,0
A000598,267,15044.65,18,4,78,0.424,5.5,222,16,0,2,4.5,1
C005586,555,9166.19,18,85,336,0.701,19.5,999,0,2,0,6.5,0
A000299,335,3181.95,15,6,63,0.428,4.2,52,30,0,3,1.1,1
C007957,287,14068.7,11,43,164,0.435,25.7,626,2,0,0,8.4,0
C007571,207,1080.62,13,82,274,0.37,23.0,1186,1,1,0,4.5,0
C006778,475,9954.6,11,53,218,0.772,16.5,918,5,0,0,3.0,0
A000152,1138,6962.81,15,12,204,0.179,17.0,524,0,1,3,5.7,1
C000672,514,11138.04,18,109,368,0.755,16.5,626,0,0,0,7.6,0
C004189,858,4780.23,6,37,126,0.884,20.7,3960,19,0,1,8.8,0
C000667,168,4745.98,14,73,272,0.877,23.7,452,12,1,0,6.5,0
C003267,331,9814.64,14,61,245,0.755,21.3,975,0,0,0,6.9,0
C001888,1077,4643.25,19,93,374,0.628,23.8,4600,0,1,0,5.9,0
C008473,555,11935.25,14,71,242,0.588,30.9,362,1,0,0,10.0,0
C009912,397,20635.06,11,49,184,0.823,18.5,2025,1,1,0,7.4,0
C009092,107,1922.26,14,57,254,0.504,25.6,568,4,0,0,6.2,0
C007688,602,8216.19,15,62,238,0.439,21.7,3077,2,0,0,8.2,0
C006032,52,3116.49,19,69,255,0.798,22.1,1289,5,0,0,8.3,0
C006091,512,11068.37,17,93,391,0.678,21.7,633,1,1,0,6.9,0
C006239,333,4898.2,9,30,132,0.45,25.5,388,8,1,0,7.1,0
C007351,394,4321.09,15,76,299,0.788,23.0,2294,6,0,0,0.1,0
C007831,179,15251.96,11,58,206,0.805,34.6,1186,3,0,0,7.2,0
C000761,346,10320.27,9,51,219,0.932,27.5,1046,5,0,0,9.4,0
C006255,334,3070.6,21,119,489,0.634,20.3,482,0,1,0,2.8,0
C001907,662,4325.08,13,61,220,0.346,32.5,1887,0,0,0,8.6,0
C003819,813,5815.47,17,48,166,0.898,21.8,1187,10,0,0,10.0,0
C006270,161,7391.42,22,89,339,0.601,29.0,1115,3,0,0,4.2,0
C004301,271,4729.98,14,78,326,0.657,20.3,981,15,0,0,7.4,0
C005570,407,7739.08,16,100,367,0.73,15.4,574,2,0,1,10.0,0
C007942,391,1087.08,17,86,297,0.868,11.4,1416,0,0,1,7.2,0
C004165,381,723.03,13,66,238,0.522,18.6,2795,3,1,0,4.6,0
C005972,559,3258.93,19,116,400,0.874,22.1,2636,10,0,0,9.0,0
C003580,633,2289.45,11,40,161,0.369,24.3,2437,2,0,1,5.3,0
C002833,480,4267.85,15,92,314,0.713,22.9,487,2,1,0,5.9,0
C005450,560,12899.03,15,78,339,0.865,17.4,1752,10,1,0,2.9,0
C003473,882,4686.81,18,75,309,0.806,27.1,2462,21,0,0,8.3,0
C006328,958,8805.33,14,80,268,0.853,25.1,1058,1,0,0,7.1,0
C000138,364,2816.88,18,52,232,0.743,28.0,1415,0,0,0,5.5,0
C007044,848,12620.42,23,91,351,0.929,30.3,318,0,1,0,5.1,0
C004893,74,5772.37,8,31,126,0.724,22.4,683,2,0,0,6.0,0
C002181,671,7859.74,11,34,119,0.672,27.0,973,0,0,1,9.7,0
C007731,146,3844.95,16,59,272,0.627,28.4,1386,6,2,1,8.6,0
C003178,489,3862.64,14,88,309,0.677,22.9,389,0,0,0,10.0,0
C004855,815,5640.51,16,61,268,0.895,21.5,124,7,1,0,1.6,0
C004638,389,9466.38,13,52,212,0.874,26.4,3718,3,1,0,5.0,0
C005116,369,1704.32,7,33,135,0.784,17.3,1196,2,0,0,6.3,0
A000233,94,3704.71,6,1,18,0.082,7.1,185,1,1,1,3.6,1
C007649,902,5804.69,11,56,191,0.511,16.8,1268,3,0,0,8.5,0
C004262,417,2568.39,16,73,257,0.823,18.8,4477,3,1,0,6.2,0
C001332,540,2179.04,14,64,253,0.581,22.9,1712,3,0,0,9.7,0
A000200,971,1882.35,17,17,143,0.291,6.2,102,2,1,0,4.9,1
C007003,361,8164.21,11,48,197,0.408,26.1,767,3,0,0,7.0,0
C009551,316,8975.2,13,73,246,0.869,14.2,1075,0,0,0,1.3,0
C006942,375,8905.34,19,81,332,0.897,31.0,464,1,0,0,4.1,0
C008018,488,4055.7,14,62,256,0.549,28.3,940,1,0,0,9.2,0
C006242,237,16422.32,16,63,241,0.909,25.6,669,13,0,0,9.7,0
C009522,362,6819.97,17,76,322,0.886,23.4,388,10,0,0,3.8,0
A000977,393,4295.88,11,3,54,0.007,8.3,200,30,1,0,5.0,1
C006882,56,5506.69,15,92,333,0.9,24.2,2591,2,0,0,5.8,0
C004531,651,5721.46,13,8,223,0.93,25.2,57,0,0,0,5.4,0
C004674,239,12535.23,22,113,415,0.464,25.1,514,3,0,0,4.1,0
C006997,461,8437.31,20,80,327,0.658,25.3,2610,1,0,0,2.6,0
C001253,335,2286.26,16,91,365,0.752,39.7,848,3,0,1,5.9,0
C003375,281,2381.95,8,25,106,0.511,31.2,1065,1,0,0,5.7,0
C002815,597,4713.86,23,99,418,0.928,31.9,1190,3,1,0,8.7,0
C004720,823,7600.16,16,77,265,0.79,27.4,1816,8,0,0,3.6,0
C006545,872,5016.48,13,62,252,0.957,28.2,1597,0,0,0,4.7,0
A000031,47,7792.52,16,1,17,0.512,7.1,43,15,0,2,0.0,1
C004859,113,3918.21,12,53,189,0.819,17.2,1480,2,0,0,5.8,0
C007902,141,3442.17,12,47,174,0.645,13.3,3370,0,0,0,10.0,0
C008581,373,11879.45,15,54,237,0.699,27.4,3049,12,1,0,8.8,0
C008428,741,706.92,17,60,250,0.614,21.2,620,1,0,0,8.5,0
C001078,225,13413.97,17,96,342,0.791,22.3,342,18,1,0,4.3,0
A000167,398,1181.71,14,0,7,0.589,7.7,694,18,0,2,3.8,1
C004364,202,4624.7,15,82,318,0.857,23.6,650,1,0,0,1.1,0
C000771,504,8112.59,16,85,303,0.743,30.7,1279,0,1,1,10.0,0
C008866,310,14237.77,14,60,238,0.528,25.9,417,3,0,2,8.4,0
C000250,318,3715.19,11,47,205,0.686,23.1,1349,8,1,0,4.3,0
C009767,331,15239.05,13,43,186,0.765,26.1,2410,11,0,0,5.7,0
C007240,1443,6835.57,14,53,194,0.782,11.3,1941,1,1,0,6.9,0
C003420,315,4798.65,19,97,440,0.725,17.0,1536,5,0,1,8.5,0
A000006,417,3289.54,9,3,26,0.087,5.2,103,5,1,0,6.4,1
C004977,347,5689.44,17,96,376,0.47,23.9,1558,3,0,0,10.0,0
C004545,283,5572.28,14,65,237,0.601,23.6,1525,8,0,0,6.8,0
C005566,417,5471.82,10,42,184,0.847,25.1,2818,1,1,0,2.8,0
C007940,187,3323.17,9,27,121,0.846,31.0,4944,1,0,0,0.0,0
C000717,192,3278.96,20,116,485,0.728,23.0,2045,3,0,0,5.1,0
A000948,1357,9131.6,13,4,60,0.264,5.4,89,8,0,1,1.7,1
C002049,212,3891.65,16,85,311,0.41,15.0,728,3,0,0,9.3,0
C005998,117,2863.92,12,60,238,0.614,22.3,1119,4,2,0,6.2,0
C006601,98,4866.42,10,54,217,0.48,17.8,789,5,0,0,2.9,0
C007246,220,5790.07,14,44,177,0.868,19.4,2516,2,1,0,5.5,0
C004179,184,3482.74,21,117,434,0.345,18.9,463,8,0,0,6.6,0
C004810,268,882.85,12,50,175,0.782,25.5,1021,13,0,0,5.2,0
A000432,242,9473.04,11,3,50,0.712,5.7,52,13,2,1,3.1,1
C007141,478,10919.37,15,61,257,0.802,19.7,1450,0,2,0,8.5,0
C007191,374,5113.4,12,49,217,0.695,25.4,841,2,0,0,8.6,0
C001461,900,5606.94,14,69,241,0.545,9.7,300,2,0,0,1.6,0
C005990,352,5392.74,11,54,206,0.859,27.2,147,0,0,0,6.2,0
C009861,610,1932.79,16,89,299,0.894,23.3,1120,2,1,0,8.6,0
C002001,310,11576.38,13,56,194,0.74,19.4,487,0,0,0,4.0,0
C008176,949,2339.75,14,81,314,0.777,20.9,481,10,0,0,2.4,0
C000405,206,10794.47,13,67,275,0.526,19.9,1088,0,0,0,10.0,0
C000385,823,28509.62,15,96,334,0.837,12.1,1121,7,0,0,3.6,0
A000395,724,1587.66,20,7,64,0.529,5.6,173,30,0,1,0.2,1
A000437,735,7778.73,13,74,273,0.316,6.6,27,8,1,1,8.8,1
C001634,631,2804.87,14,65,281,0.545,20.8,814,0,0,1,4.2,0
A000509,160,1908.8,12,3,59,0.405,7.4,350,1,0,1,0.0,1
C004785,374,10340.92,17,82,366,0.938,30.5,2738,4,0,0,5.3,0
A000406,702,2561.7,10,5,54,0.403,8.9,33,6,0,2,0.0,1
C006971,1203,10285.51,19,73,278,0.637,15.2,4589,0,0,1,4.1,0
C003926,377,10699.95,20,100,397,0.779,22.9,426,0,0,0,3.8,0
C004159,666,3574.57,17,74,293,0.674,12.9,483,4,0,1,5.5,0
C007450,705,50000.0,18,112,428,0.668,9.4,319,6,0,0,8.8,0
C008416,519,11184.6,15,96,336,0.816,18.7,1470,1,0,0,5.1,0
C002194,377,3524.55,17,120,411,0.575,24.4,437,4,0,0,2.7,0
A000007,421,5554.24,15,5,45,0.561,7.4,154,9,0,0,7.2,1
C001016,592,2311.51,12,49,203,0.816,11.1,279,1,0,0,8.4,0
C005125,322,2416.06,23,108,446,0.695,15.5,2010,1,0,0,7.5,0
C007419,389,6640.91,10,40,162,0.89,23.4,572,5,1,1,5.5,0
C007410,352,4673.55,20,98,374,0.57,16.4,754,0,0,0,9.3,0
C008990,153,3451.5,25,74,332,0.834,24.8,2018,0,0,0,6.1,0
C002872,544,4560.65,11,62,226,0.797,10.6,371,17,0,0,7.7,0
C000010,343,2340.3,17,79,280,0.955,22.7,3571,21,1,0,8.1,0
A000127,329,6262.04,13,4,81,0.123,5.3,81,30,2,2,4.4,1
C001839,868,9180.38,14,74,278,0.4,21.9,657,6,0,1,6.0,0
C004805,442,3577.36,13,79,282,0.875,28.7,981,11,0,0,8.2,0
C000256,1447,2510.99,12,59,242,0.834,17.0,1337,2,0,0,5.4,0
C007027,797,1687.31,12,41,162,0.68,25.6,220,9,0,0,6.6,0
C005714,540,10832.75,16,79,289,0.811,26.4,960,1,0,0,8.5,0
C003325,292,1528.38,16,87,300,0.761,26.0,1054,1,0,0,4.3,0
C007715,375,3980.79,18,103,377,0.598,27.1,967,3,0,0,7.7,0
C001582,499,2691.57,16,64,247,0.675,17.9,294,0,1,0,10.0,0
C000925,737,3063.86,14,48,208,0.868,19.1,1332,4,0,0,10.0,0
C002780,998,1763.02,15,62,239,0.453,22.0,1229,3,0,0,9.2,0
C007892,193,3458.65,22,109,411,0.874,28.7,865,0,0,1,8.4,0
C006133,448,6680.76,14,55,191,0.792,15.0,1432,1,0,0,0.5,0
C005321,549,8308.59,16,80,273,0.814,22.2,1498,3,0,0,1.4,0
C007313,484,3845.29,12,51,233,0.649,42.1,459,1,2,0,8.0,0
C007103,671,1089.13,12,51,229,0.549,15.1,329,1,0,0,7.4,0
C006043,886,7334.12,19,91,106,0.807,6.6,1469,17,0,0,4.7,0
C003776,503,3979.84,12,62,254,0.746,18.7,2097,4,3,0,4.8,0
C004836,90,9700.18,18,80,286,0.621,27.5,2091,4,0,0,5.8,0
C004965,789,2589.09,13,86,311,0.75,22.3,356,9,0,0,8.6,0
C000540,854,1921.09,10,42,168,0.898,16.1,1919,15,0,0,4.9,0
C007484,495,10937.18,9,39,172,0.892,16.5,5347,6,0,0,10.0,0
C002746,337,4147.41,19,126,470,0.892,14.3,2538,0,0,0,5.0,0
C003720,822,6770.92,7,40,144,0.493,26.0,2040,7,1,0,8.0,0
C006820,881,2067.0,11,52,217,0.642,20.7,341,2,1,0,6.2,0
C009338,710,12712.16,17,68,295,0.777,21.4,1784,7,0,0,6.8,0
C004469,300,5645.37,14,56,250,0.888,9.0,3397,9,0,0,6.2,0
C000668,466,5963.06,24,159,553,0.886,20.4,761,0,0,0,2.2,0
C007576,270,5097.86,18,81,319,0.908,15.7,294,9,0,0,2.6,0
C008550,207,1596.17,13,76,269,0.87,31.6,846,6,1,0,4.6,0
C005064,284,2194.54,16,64,242,0.573,28.3,251,8,0,0,6.7,0
C001354,841,2820.54,21,76,297,0.803,26.2,2896,14,0,0,8.5,0
C007115,523,16419.85,21,65,245,0.885,28.8,1486,1,0,1,5.3,0
A000745,331,22047.45,15,12,120,0.128,5.9,474,21,0,0,8.9,1
C008663,411,4387.74,15,70,274,0.805,20.6,2083,12,0,0,6.5,0
C002704,167,11249.94,17,66,287,0.943,23.8,1129,6,0,0,10.0,0
C003331,360,2260.16,17,72,262,0.853,21.6,866,5,0,0,7.6,0
C008054,821,11414.64,11,49,184,0.497,19.6,1484,4,0,0,2.6,0
C009589,461,4582.35,21,114,429,0.929,24.2,1422,1,0,0,5.1,0
C003585,884,908.79,12,50,207,0.776,12.2,1455,1,1,0,5.5,0
A000387,775,11989.48,10,2,23,0.661,5.9,18,2,0,0,8.0,1
C005646,869,2656.4,10,67,225,0.972,5.0,593,8,1,1,7.1,0
C003377,674,3783.17,22,97,386,0.821,22.5,2934,3,0,0,9.8,0
C001257,752,8676.52,18,95,356,0.656,12.6,1296,1,0,0,4.7,0
C006191,611,2778.95,15,89,303,0.685,20.9,1187,8,0,0,10.0,0
C009443,361,4656.17,15,49,194,0.753,22.5,694,1,0,0,10.0,0
C005349,439,8898.63,10,28,128,0.586,27.5,1333,6,0,0,0.4,0
C004176,268,5029.44,23,52,209,0.654,16.2,634,0,0,0,0.7,0
C004911,326,6369.13,11,45,198,0.573,13.6,688,2,1,0,9.1,0
C001853,520,6750.71,13,66,295,0.522,25.3,899,3,0,0,4.3,0
C006317,168,6431.01,20,119,398,0.963,24.2,1830,6,1,0,10.0,0
A000832,320,6370.47,11,0,6,0.427,5.0,810,2,0,2,4.2,1
C002106,504,9355.58,12,62,267,0.767,19.7,2086,8,1,0,4.3,0
C000134,528,1594.03,14,59,214,0.897,30.6,348,1,0,1,0.0,0
C005030,31,5182.98,13,55,196,0.775,21.2,928,5,1,0,7.2,0
C000929,433,3550.99,14,51,176,0.654,32.3,683,0,0,0,9.3,0
C000824,330,9189.71,14,68,301,0.62,16.4,2756,1,0,1,4.7,0
C007577,180,14254.45,16,62,281,0.461,22.7,1407,4,0,0,8.8,0
C001532,738,2980.29,9,46,168,0.813,20.1,886,1,0,0,5.3,0
C001215,298,6031.35,16,75,323,0.825,25.4,1636,0,0,0,8.2,0
C000505,390,3745.92,16,48,202,0.917,33.1,2456,2,0,0,6.5,0
A000179,883,6387.77,18,3,49,0.698,6.0,100,6,2,1,3.4,1
C006531,277,10917.7,17,65,271,0.207,9.1,1168,4,0,0,3.3,0
C003073,243,8262.53,23,113,460,0.992,22.5,1339,0,0,0,7.0,0
A000141,393,4844.09,14,5,89,0.186,7.8,351,24,2,0,5.9,1
C009577,181,9915.75,13,52,206,0.691,30.8,288,2,0,0,9.9,0
C009087,461,10943.91,18,107,376,0.693,22.4,3056,1,0,0,2.7,0
C008648,101,3993.72,13,66,285,0.322,18.5,2632,2,0,0,6.7,0
C006620,355,2942.66,15,77,261,0.907,18.4,567,0,0,0,6.0,0
C009274,355,10145.33,12,47,200,0.64,20.1,734,10,0,0,4.4,0
C003710,308,3537.78,11,62,233,0.657,22.1,996,4,1,0,2.5,0
A000542,131,4982.11,16,5,67,0.372,6.3,269,3,2,1,8.2,1
C004850,366,4276.76,12,58,231,0.964,22.4,3967,19,0,0,10.0,0
C004749,317,3134.17,12,34,143,0.844,11.0,926,0,0,1,7.2,0
C004269,416,14844.44,13,67,243,0.784,23.3,1951,8,0,0,4.3,0
A000858,538,20847.79,24,10,169,0.277,7.7,42,0,0,0,9.5,1
C008906,909,7478.87,17,68,300,0.799,15.9,1715,7,0,0,3.5,0
C004187,484,2986.21,15,63,215,0.793,20.6,3001,0,1,0,3.9,0
C005302,255,5679.02,16,61,263,0.716,30.7,463,4,0,0,7.6,0
C002924,561,1903.04,12,76,283,0.739,21.8,1063,28,0,0,2.5,0
C006589,387,2519.36,21,99,413,0.63,22.8,1448,3,0,0,6.9,0
C001811,357,6059.92,26,107,395,0.852,20.5,257,3,0,0,3.5,0
C003487,1179,7740.81,15,64,273,0.335,23.0,1431,1,0,0,10.0,0
C007420,644,18243.77,18,82,308,0.882,18.2,1257,0,0,1,6.5,0
C003142,410,2932.88,16,81,308,0.462,11.4,3505,3,0,0,9.1,0
A000010,634,4051.07,20,10,106,0.368,5.7,22,23,0,2,4.1,1
C009348,250,3440.32,22,87,317,0.611,28.7,1659,8,0,0,4.8,0
C001325,120,2227.28,19,100,364,0.705,20.1,3366,0,0,1,7.6,0
C004313,450,6488.03,14,90,314,0.557,18.6,1916,2,2,1,8.0,0
C007495,518,9088.76,15,76,279,0.736,13.5,3003,10,0,0,8.5,0
C008703,444,5461.61,15,59,215,0.551,22.7,323,1,0,1,7.8,0
C009873,1054,12606.18,18,88,319,0.89,24.6,666,13,0,0,6.8,0
C008692,303,1944.64,20,6,513,0.143,28.9,603,2,1,1,3.2,0
A000454,502,1184.53,11,3,72,0.324,7.9,58,15,0,1,4.1,1
A000039,272,5439.92,22,5,64,0.149,5.7,338,14,1,1,1.9,1
C009581,161,3305.31,18,104,358,0.608,21.8,992,2,1,0,4.1,0
C005542,943,19335.98,11,64,246,0.758,10.3,310,0,0,0,9.2,0
C006173,441,6684.24,22,67,237,0.526,30.1,1425,0,0,0,10.0,0
C001541,240,9426.89,14,59,256,0.751,20.7,1127,7,0,0,7.0,0
C009410,612,5287.15,12,48,196,0.377,23.1,2575,18,0,0,6.6,0
C002682,1095,7452.03,8,37,134,0.899,23.1,1864,0,0,0,4.2,0
A000862,88,5129.58,17,10,292,0.528,4.8,84,14,0,1,0.0,1
C006314,286,7370.1,13,44,202,0.462,21.9,148,12,0,2,9.2,0
C001192,243,2396.86,12,45,165,0.538,25.4,848,3,0,0,4.5,0
C005294,364,8714.78,25,140,500,0.736,23.2,3226,2,0,0,4.8,0
C001543,267,2363.47,20,112,469,0.453,30.4,1562,5,0,0,6.7,0
C007057,338,3746.7,12,69,242,0.876,15.3,710,8,0,0,7.7,0
C002540,610,10726.84,12,46,204,0.577,20.9,2692,1,0,0,10.0,0
C000954,729,8050.84,16,72,291,0.789,21.8,663,6,0,0,5.7,0
C007242,97,6071.14,14,83,296,0.674,25.9,1536,0,1,0,5.3,0
C006732,307,2938.34,18,76,274,0.712,23.1,1732,2,0,0,5.7,0
C004847,658,5574.92,18,80,271,0.457,27.6,1300,1,1,0,7.1,0
C006802,164,1377.06,9,47,165,0.646,21.9,446,3,1,0,10.0,0
C008011,675,3910.17,16,54,222,0.771,17.4,1080,5,1,0,6.6,0
C004331,411,6585.55,16,72,269,0.777,23.6,1372,0,0,0,5.9,0
C008925,706,1590.1,10,75,251,0.912,24.7,462,1,0,0,3.4,0
C005335,391,18689.08,15,91,318,0.613,29.0,419,9,0,0,9.7,0
C007331,428,4877.84,15,61,251,0.677,18.1,345,3,0,0,2.5,0
C009349,897,4875.97,15,67,261,0.742,17.5,3961,1,0,0,3.3,0
C004730,774,18907.91,16,62,251,0.321,27.4,396,11,0,1,8.2,0
C006542,100,8576.68,13,75,284,0.955,13.2,784,5,0,0,5.4,0
C005306,151,5016.35,19,86,375,0.429,25.0,3793,10,0,0,6.5,0
C005162,368,2757.05,11,38,166,0.841,28.7,315,2,0,1,3.4,0
C007861,671,11351.92,17,96,379,0.451,31.4,7168,4,0,0,3.6,0
C002157,737,6074.21,16,71,254,0.806,29.2,1355,12,1,0,3.7,0
C001063,459,1876.65,11,45,195,0.941,27.3,1092,8,1,0,4.8,0
C001168,589,5784.05,18,94,389,0.863,18.1,1143,6,0,0,0.4,0
C003637,782,7282.59,23,112,404,0.451,24.8,446,10,0,1,9.0,0
C007652,466,2608.49,16,87,302,0.896,24.6,5247,2,0,0,7.7,0
C005589,157,7675.83,16,46,156,0.691,25.2,438,6,0,0,4.4,0
C007193,351,4882.04,14,75,254,0.706,20.5,1084,1,1,0,10.0,0
C004492,282,1964.57,13,58,250,0.928,24.7,2368,0,1,0,5.3,0
C007267,417,3285.24,14,76,257,0.76,29.6,443,2,0,0,10.0,0
C004981,139,3123.81,16,86,338,0.79,33.1,167,3,0,0,7.9,0
C008336,806,3100.45,10,34,130,0.835,28.5,1447,3,0,0,2.6,0
A000937,401,7737.66,16,4,78,0.185,6.4,29,2,0,1,3.4,1
C004947,459,3328.4,16,66,260,0.859,15.6,320,5,2,0,5.0,0
C002783,864,3272.57,18,98,361,0.637,16.6,385,6,1,0,10.0,0
C000718,97,4211.95,22,100,376,0.64,26.1,316,7,0,0,5.6,0
A000002,769,5412.43,15,64,85,0.818,25.4,67,12,1,1,8.9,1
C002503,635,5817.85,22,98,342,0.627,17.1,3546,0,1,0,10.0,0
C004361,594,2434.84,7,32,125,0.85,33.4,1325,5,0,0,4.4,0
C004172,37,8422.92,17,74,318,0.665,21.2,1013,7,0,0,8.1,0
C008083,321,1172.26,16,86,293,0.712,28.5,4736,1,1,0,10.0,0
A000731,603,3561.97,12,1,14,0.242,5.6,21,22,0,1,3.9,1
C000396,1086,3558.36,14,75,273,0.85,29.3,1396,3,0,0,10.0,0
C007187,544,2954.13,22,131,447,0.716,26.8,2387,9,0,0,7.9,0
A000797,253,4062.45,17,16,114,0.048,4.2,4,12,1,0,4.3,1
C004493,391,3890.53,13,50,208,0.916,20.8,1421,3,0,0,3.5,0
C001366,785,5896.66,15,81,365,0.869,12.6,3896,3,0,0,2.9,0
A000478,432,4527.27,14,6,59,0.121,6.3,57,2,1,1,10.0,1
C008788,401,7141.35,12,51,184,0.672,17.3,613,7,0,0,3.1,0
C005918,210,12729.45,10,63,220,0.929,31.7,1102,1,0,0,2.6,0
C004969,584,2228.65,24,169,581,0.836,25.3,3125,2,1,0,2.5,0
C002915,163,5460.39,18,80,309,0.64,27.2,800,0,0,1,6.4,0
C005645,773,4418.25,22,92,372,0.777,27.5,1419,7,0,0,4.0,0
C003767,294,2213.79,14,62,275,0.764,22.1,412,4,0,1,5.9,0
C003441,434,1994.5,14,75,289,0.916,17.5,181,0,0,0,6.2,0
C007358,926,29545.68,12,63,217,0.785,23.2,405,2,0,0,1.7,0
C006807,661,4745.09,21,89,364,0.857,24.5,1169,0,2,0,4.3,0
C009880,793,7160.4,17,11,419,0.624,25.5,541,8,0,0,7.2,0
C002144,283,4892.48,19,109,436,0.6,18.8,1962,1,0,0,8.1,0
C005105,516,12467.26,10,53,186,0.476,17.4,2678,1,0,0,9.5,0
C005074,86,3506.34,20,76,287,0.396,17.3,966,0,2,0,9.3,0
C001572,232,9175.26,15,77,300,0.415,25.6,1562,1,0,0,3.8,0
C004080,309,5677.19,17,71,317,0.694,18.7,2004,9,0,0,3.0,0
C001123,38,2349.56,19,77,305,0.773,26.6,945,0,0,0,5.6,0
C002787,770,7014.22,20,92,326,0.535,16.9,1262,0,1,0,2.4,0
C002968,161,6433.03,16,72,289,0.807,31.2,844,5,0,0,6.6,0
C002505,389,2421.81,23,105,361,0.781,28.1,563,3,1,1,6.7,0
C005989,164,2004.4,19,98,338,0.85,18.8,796,3,0,0,3.8,0
C008868,149,11629.26,16,72,262,0.829,31.6,562,0,0,0,2.6,0
C007165,952,4464.29,10,32,143,0.615,13.7,2049,0,0,0,3.6,0
C000729,414,3669.33,17,95,343,0.49,20.0,327,6,1,0,6.2,0
C007588,136,3853.93,14,73,304,0.648,21.6,1705,1,0,0,7.8,0
C007544,283,2832.56,14,69,272,0.835,26.8,577,5,0,0,5.3,0
C000413,292,10916.05,19,116,405,0.656,20.1,631,10,0,0,8.7,0
C009709,336,8616.47,15,93,324,0.727,22.9,1834,1,0,0,4.5,0
C005746,981,9146.81,11,45,187,0.849,19.2,923,0,0,0,6.8,0
C007669,317,12389.82,13,55,221,0.893,25.9,438,0,1,0,5.9,0
C000826,625,3476.85,15,73,313,0.79,22.9,652,2,0,0,7.4,0
C003268,105,6570.6,16,58,233,0.741,23.8,603,0,0,0,1.2,0
C003975,166,3856.39,14,78,295,0.79,28.0,2787,1,1,0,10.0,0
C008809,557,3377.23,23,111,421,0.631,16.8,821,1,0,0,10.0,0
C008307,65,10776.24,20,140,513,0.747,23.2,2605,0,0,0,4.9,0
C000418,398,7195.56,17,60,263,0.644,16.3,2864,1,0,0,8.0,0
C009818,163,2847.3,14,72,248,0.697,18.7,1010,1,0,0,6.2,0
C006749,255,729.58,13,82,279,0.793,15.3,1509,4,0,0,4.3,0
C008968,1126,1373.74,11,60,217,0.794,17.0,3253,6,0,0,8.0,0
C002083,411,3381.16,14,47,201,0.841,26.9,847,19,0,0,7.1,0
C008946,82,5282.69,19,73,327,0.88,23.2,900,2,0,1,4.4,0
C003374,373,6682.29,15,74,300,0.549,16.7,832,11,0,0,2.6,0
C005727,394,8530.94,15,53,234,0.901,23.1,718,5,0,1,8.5,0
C004108,237,3012.06,17,79,345,0.558,20.0,822,2,0,0,4.7,0
C004381,389,2404.86,10,31,117,0.713,17.4,2488,1,0,1,8.9,0
C007724,905,3998.71,13,59,206,0.91,21.6,2174,1,1,0,6.7,0
C001067,228,1571.57,12,51,198,0.512,27.5,205,0,1,1,6.1,0
C003914,37,9651.63,10,63,220,0.55,31.8,1352,0,0,0,5.7,0
C005537,280,4224.88,17,57,259,0.622,16.8,668,9,0,0,4.1,0
C008003,260,2276.78,21,106,450,0.594,27.9,1979,0,0,0,2.9,0
C005388,414,5329.3,13,72,245,0.829,20.0,1783,3,0,0,4.9,0
C005733,323,4570.3,17,90,301,0.745,21.9,2811,4,1,0,6.4,0
C002739,675,4546.87,16,55,240,0.673,28.7,2074,1,0,0,7.9,0
C005053,300,2671.33,15,82,301,0.49,17.2,2553,2,0,0,8.4,0
C004001,146,12041.22,11,52,184,0.858,24.5,1033,0,0,0,4.3,0
C009761,115,3401.62,17,85,290,0.72,24.7,552,15,0,0,4.6,0
C002428,265,6475.91,11,43,146,0.85,20.9,355,7,0,1,4.7,0
C006834,802,5378.61,13,60,217,0.912,29.3,1293,1,0,0,4.2,0
A000114,375,5382.95,16,13,94,0.425,5.0,220,5,0,0,3.1,1
C001688,169,7167.47,18,103,367,0.285,24.6,3418,5,0,1,5.6,0
C000852,348,4211.16,20,78,326,0.592,25.1,400,13,0,0,6.4,0
C006304,370,5647.54,13,72,266,0.458,26.4,514,1,0,0,2.1,0
C009088,306,3371.72,20,100,389,0.518,22.6,384,4,0,0,3.5,0
C005879,124,2771.9,13,49,222,0.797,27.6,309,13,0,0,10.0,0
C008528,216,1514.32,15,67,235,0.729,18.7,1656,6,0,0,7.8,0
C002840,265,8100.43,18,55,235,0.842,21.2,1877,3,0,0,2.8,0
C004612,391,1802.31,15,76,304,0.694,11.9,1947,0,0,0,5.3,0
C009541,1180,2362.11,10,56,234,0.472,23.6,800,4,0,0,0.0,0
C009208,481,2145.14,14,62,258,0.701,31.0,1433,0,0,0,4.3,0
C009824,853,1116.26,13,73,251,0.543,19.9,777,0,0,0,3.2,0
C002490,119,4064.63,18,70,319,0.724,29.3,1500,6,0,0,0.8,0
C006906,38,4482.96,13,75,57,0.129,21.4,2160,7,0,0,5.8,0
C007391,374,3653.0,15,66,288,0.7,30.5,3166,0,0,0,4.7,0
C002850,320,1563.28,12,59,207,0.461,13.1,575,0,0,0,6.3,0
C006666,582,14091.54,13,65,262,0.624,21.2,1571,1,0,0,5.9,0
C005882,741,6601.12,19,80,317,0.725,37.2,2631,2,0,0,10.0,0
A000253,885,16137.87,17,15,133,0.422,6.2,325,0,1,0,0.0,1
C004453,349,12842.82,20,97,349,0.827,22.7,2886,19,0,0,6.7,0
C009950,573,4754.38,18,81,337,0.541,19.2,843,0,1,0,4.4,0
C007422,454,3662.51,16,69,262,0.701,19.3,1255,7,0,0,10.0,0
C009828,417,2233.96,12,44,200,0.86,18.0,2160,1,0,0,9.2,0
C006485,445,3545.48,17,68,249,0.833,20.3,2078,4,1,2,6.1,0
C002480,241,7072.14,20,60,259,0.922,25.6,427,3,0,0,6.6,0
C006618,266,1556.68,16,62,270,0.82,29.1,281,2,0,0,10.0,0
A000448,686,2848.46,15,62,279,0.729,5.9,31,22,0,1,4.7,1
C002142,324,2502.98,16,76,277,0.432,17.7,4817,10,0,0,5.5,0
C005189,550,2324.16,18,68,299,0.916,17.3,1669,3,0,0,8.3,0
A000672,630,4043.98,9,96,59,0.793,7.0,3785,23,1,1,4.7,1
C002745,326,5373.96,16,73,266,0.739,20.4,3357,9,0,0,7.7,0
C007254,523,5147.62,21,111,412,0.627,26.3,1197,15,0,0,9.0,0
C003507,212,2480.85,20,77,317,0.618,19.3,1473,1,0,0,6.5,0
C001680,387,12055.25,22,115,487,0.863,20.8,2221,2,0,0,9.8,0
C004250,154,5907.67,13,69,290,0.8,23.4,2889,4,1,1,5.7,0
C003148,971,3540.5,11,59,201,0.671,20.3,467,0,0,0,10.0,0
C008131,304,2009.66,13,51,229,0.854,28.1,391,25,0,0,7.3,0
A000477,275,3104.16,10,5,43,0.39,3.5,132,7,0,1,3.6,1
C007005,532,3019.89,10,39,169,0.607,17.4,1211,8,0,0,5.8,0
C000581,122,10283.28,19,108,379,0.741,26.7,1444,0,1,0,5.9,0
C009663,592,2397.08,12,46,202,0.682,24.0,1689,1,0,0,4.5,0
C004071,177,1641.35,19,74,306,0.796,22.7,1788,5,0,0,2.4,0
C003344,272,3814.61,11,46,192,0.645,18.8,1346,6,0,0,6.7,0
C007405,134,3986.17,12,36,134,0.601,25.6,803,10,0,0,10.0,0
C003673,362,9595.94,13,78,287,0.601,15.0,1514,16,0,1,7.8,0
C000560,301,4242.0,20,101,377,0.685,24.7,757,0,0,0,9.0,0
C005238,310,11458.06,17,70,239,0.781,16.8,199,3,0,0,5.1,0
C007806,185,7524.29,15,58,262,0.66,28.5,1213,1,0,0,7.6,0
C000513,487,7271.7,7,36,125,0.723,25.5,391,1,1,0,4.1,0
C001082,531,1369.04,9,41,142,0.875,29.5,5057,2,1,0,10.0,0
C001665,331,3932.15,23,109,401,0.637,6.5,661,5,0,0,6.1,0
C009205,147,2413.43,22,100,418,0.388,28.5,1997,11,0,1,6.0,0
C001932,480,6905.28,18,109,434,0.894,13.3,1040,4,0,1,7.2,0
A000632,1023,6411.23,10,2,24,0.007,6.6,139,14,0,1,6.0,1
C001151,318,5102.55,12,52,192,0.73,15.2,472,4,1,0,8.7,0
C002839,454,2206.05,15,62,241,0.729,23.0,1520,1,0,0,10.0,0
C005950,101,4247.72,12,57,198,0.912,26.3,295,0,2,0,9.7,0
C008309,273,2116.91,11,56,231,0.716,26.9,3689,11,0,0,10.0,0
C008933,288,1215.15,16,70,268,0.939,19.9,459,7,1,1,2.8,0
A000760,988,3233.7,16,9,79,0.299,8.9,46,30,1,0,6.4,1
C005178,127,3266.87,11,49,174,0.658,25.4,1819,8,1,0,4.4,0
C000831,469,7067.27,14,80,290,0.717,22.0,777,5,0,0,6.1,0
C008312,313,2070.0,11,54,186,0.697,27.0,1058,5,0,1,9.3,0
C004753,585,5906.19,18,53,221,0.793,17.6,633,0,0,0,9.4,0
A000729,790,8822.32,22,13,90,0.666,5.7,42,8,0,0,7.7,1
A000690,671,5759.0,9,7,73,0.165,7.1,50,1,0,1,4.1,1
C000636,569,12291.39,17,103,400,0.681,30.7,788,4,0,0,2.2,0
C004466,371,15983.56,9,31,144,0.737,25.0,706,3,1,0,4.5,0
C006800,362,5882.5,19,89,327,0.672,14.9,993,7,0,0,4.7,0
C007988,210,2595.18,19,82,299,0.437,25.9,2759,3,0,0,6.0,0
C007080,528,1489.79,20,85,376,0.86,17.3,796,0,1,0,8.2,0
C006967,362,22133.11,9,40,179,0.731,22.4,730,14,1,0,4.7,0
C004143,371,4558.15,18,92,386,0.848,24.2,879,11,1,0,7.2,0
C007028,300,5363.01,14,55,243,0.654,23.0,1956,1,0,0,9.1,0
C009184,332,1622.33,15,71,303,0.895,17.6,950,3,0,0,5.3,0
C000877,408,1327.63,22,110,418,0.736,21.9,896,9,1,0,6.0,0
C004870,1055,6623.92,17,92,316,0.779,20.5,6300,0,0,1,10.0,0
C005316,480,8722.47,16,65,250,0.524,20.9,2567,1,0,0,10.0,0
C005223,1566,5005.16,15,58,222,0.902,24.5,2438,8,1,0,7.6,0
C000005,672,12373.65,15,66,303,0.944,26.1,1315,2,0,0,2.5,0
C003052,848,17823.27,18,82,327,0.603,24.0,1865,10,0,0,10.0,0
C005692,201,2394.54,10,44,179,0.863,22.4,607,0,0,1,6.6,0
C003125,451,8235.61,10,37,167,0.592,17.0,739,0,1,0,5.8,0
C002492,273,3914.85,14,68,253,0.844,15.1,1146,22,0,0,8.1,0
C003855,768,10803.92,19,89,403,0.786,21.4,1584,3,0,0,4.8,0
C004778,277,2183.49,15,61,244,0.62,22.1,683,4,0,0,7.8,0
C009908,586,6388.48,12,44,185,0.737,25.8,45,1,0,0,7.3,0
C007510,217,3082.31,15,64,273,0.917,20.5,1525,4,0,0,10.0,0
C006458,255,2286.57,15,81,280,0.466,21.4,2087,3,2,1,4.7,0
C006294,714,2872.55,16,58,258,0.802,25.3,458,1,0,0,9.8,0
C001149,876,6911.9,11,63,240,0.689,26.7,865,3,1,0,1.8,0
C000575,296,5119.52,13,68,275,0.787,17.2,6659,3,0,0,10.0,0
C003770,333,2288.57,15,61,224,0.955,32.1,9326,0,0,0,3.0,0
C004147,124,4802.28,6,21,82,0.772,15.2,1327,11,0,0,7.8,0
C000854,360,3609.38,16,75,338,0.905,28.9,228,1,1,0,4.8,0
A000165,1606,2695.43,14,4,81,0.253,5.0,745,25,2,1,2.5,1
C005920,163,10513.4,11,52,220,0.74,25.4,289,2,0,0,5.0,0
C009359,935,5759.67,20,92,336,0.899,18.8,858,0,0,0,7.8,0
C006615,967,4231.49,17,102,345,0.663,23.8,4156,1,0,0,6.9,0
C006003,357,12087.36,12,34,119,0.791,26.4,579,0,0,0,1.9,0
C009164,87,5335.95,21,102,464,0.683,30.0,6193,9,0,0,5.7,0
C004496,418,1249.57,16,61,247,0.752,24.0,2657,7,0,0,7.5,0
C008174,383,2016.42,11,42,169,0.63,23.7,2095,13,1,0,7.1,0
C006656,137,3158.68,22,107,368,0.795,25.7,769,28,0,0,7.2,0
C002369,322,6984.6,16,67,252,0.697,25.2,936,10,1,0,0.0,0
C004781,861,8698.4,12,52,196,0.5,20.3,551,5,0,0,7.8,0
C007993,304,3132.77,16,73,259,0.899,29.2,670,5,0,0,2.7,0
C002951,348,1927.76,14,44,167,0.835,26.6,1572,3,1,0,2.4,0
C005626,784,1960.13,13,69,233,0.937,18.7,575,2,0,0,3.2,0
C006972,233,1207.5,18,77,303,0.756,26.8,524,12,0,0,8.6,0
C008717,301,9139.45,8,33,129,0.436,20.1,1438,3,0,0,3.8,0
C001842,215,3978.04,14,63,280,0.941,24.2,1123,1,0,1,5.3,0
C005987,293,5544.43,13,71,291,0.538,18.0,1629,10,0,0,4.7,0
C000538,332,10241.43,14,76,261,0.798,15.0,1211,2,0,0,10.0,0
C002807,632,12553.48,17,114,470,0.407,27.3,386,1,0,0,7.4,0
C005802,592,4021.06,12,48,214,0.595,14.3,1444,3,0,0,5.6,0
C005597,120,12753.45,14,52,184,0.632,21.3,8062,0,0,1,6.0,0
C007207,217,3602.06,17,78,303,0.726,21.7,745,0,0,0,4.9,0
C007344,384,12536.19,15,80,297,0.795,28.9,1056,5,1,0,5.2,0
C007561,760,5374.37,9,28,121,0.616,12.0,874,1,0,0,3.7,0
C008097,997,3461.33,16,85,331,0.751,16.3,1451,6,0,0,10.0,0
C000785,731,3521.15,16,64,242,0.683,31.2,2326,5,0,0,4.6,0
C001410,181,1440.23,25,115,429,0.824,17.4,829,9,0,0,7.2,0
C000155,373,6407.9,11,55,222,0.476,24.7,673,4,0,0,7.1,0
C007807,456,5674.91,17,78,297,0.754,13.4,2654,8,0,0,7.2,0
C003010,414,10351.43,13,56,218,0.747,18.8,592,1,0,0,2.5,0
C001687,106,5876.31,18,56,237,0.651,31.7,614,0,0,1,9.0,0
C004015,424,10769.67,17,22,312,0.825,25.3,450,5,0,0,5.1,0
C007456,1171,5963.27,11,52,194,0.921,17.5,896,8,1,0,7.3,0
C003864,558,3250.3,22,86,353,0.848,11.9,2056,3,0,0,6.9,0
C002734,497,3727.07,11,60,226,0.824,17.3,4589,4,1,0,10.0,0
C001896,30,4199.68,15,76,280,0.76,28.4,679,0,0,0,7.4,0
C005443,218,14651.27,18,115,413,0.573,25.5,872,2,0,0,5.3,0
C000570,399,3693.9,13,58,198,0.763,31.3,882,2,0,0,9.0,0
C006710,1041,11676.61,13,80,276,0.851,30.0,512,1,0,0,10.0,0
C005855,409,3613.65,15,83,319,0.482,22.1,424,3,0,0,6.8,0
C001817,114,1889.86,11,47,206,0.78,21.8,607,4,0,0,0.6,0
A000248,633,4696.68,11,7,85,0.16,7.7,117,18,0,2,1.3,1
C008320,307,4195.93,22,79,336,0.433,17.9,1052,2,0,1,0.6,0
C003395,304,10547.43,16,79,282,0.786,22.0,6631,15,0,1,4.2,0
C003328,30,2690.34,15,65,233,0.61,26.4,457,0,0,0,6.8,0
A000972,95,4262.3,15,7,56,0.17,9.3,43,15,0,2,0.0,1
C006103,276,6136.46,12,37,157,0.661,25.1,800,4,1,0,7.5,0
C002976,337,4768.95,12,58,218,0.867,27.2,453,6,0,0,7.0,0
C000981,314,2933.66,11,42,165,0.887,7.2,1013,21,0,0,2.1,0
A000483,954,4050.78,19,10,93,0.176,5.3,67,30,0,0,4.5,1
C000191,63,11257.85,15,66,259,0.872,26.1,1620,0,0,0,8.8,0
C009332,228,2437.65,14,70,282,0.863,21.5,1091,0,1,0,3.5,0
C005089,521,10790.95,19,83,349,0.943,13.6,5865,3,1,0,10.0,0
C000700,343,3264.23,16,53,207,0.959,21.1,395,1,0,0,7.9,0
A000730,188,2607.19,12,10,80,0.273,8.0,260,29,0,1,2.0,1
C000607,274,8079.73,16,86,299,0.85,10.6,596,30,1,0,0.7,0
C000302,267,3852.07,15,80,275,0.721,19.6,821,0,0,0,5.6,0
C003421,30,4845.73,20,77,337,0.542,20.8,643,8,0,0,10.0,0
A000777,605,4784.84,20,13,157,0.064,5.0,160,0,1,2,2.5,1
C001061,298,2951.97,14,63,215,0.967,24.2,1024,6,0,0,9.9,0
C003445,696,3080.75,17,86,375,0.615,20.6,273,5,0,0,5.0,0
C001070,373,9613.88,15,79,282,0.521,20.4,1327,8,0,0,6.2,0
C002206,179,4221.76,18,71,295,0.581,19.0,1375,6,0,0,8.0,0
C009436,202,6351.89,14,55,240,0.705,17.2,2263,2,0,0,2.2,0
C007340,214,25248.96,14,58,198,0.8,24.8,995,1,1,0,5.0,0
C008209,777,6495.45,17,64,260,0.73,21.7,145,1,0,0,6.1,0
C007680,277,4125.06,20,90,390,0.749,19.9,1261,4,0,0,4.0,0
C004643,562,1250.67,17,86,321,0.553,18.7,568,19,0,0,2.2,0
C007684,421,43378.5,17,96,403,0.861,20.1,2822,6,0,0,7.0,0
C009008,167,2653.16,10,55,202,0.695,20.5,1103,0,0,0,3.1,0
C007997,256,8693.8,21,117,416,0.729,16.7,1565,1,0,1,0.6,0
C005601,173,3701.28,14,57,243,0.906,20.8,723,2,1,0,6.9,0
C009152,254,1460.28,7,27,94,0.851,26.9,956,1,0,0,9.0,0
C007023,608,6194.72,18,77,264,0.691,23.5,1176,3,0,0,4.4,0
C004894,115,8337.09,13,49,190,0.537,14.7,516,0,0,1,10.0,0
C000226,746,3231.77,12,56,243,0.51,19.5,4223,5,0,0,3.2,0
C003355,285,11822.15,16,79,296,0.856,21.2,768,3,0,0,3.0,0
C005896,516,4106.8,16,67,249,0.952,7.6,661,15,0,0,7.5,0
A000668,514,8673.3,19,11,167,0.479,7.3,146,0,2,1,8.2,1
C008755,194,11815.42,10,30,123,0.826,20.9,2763,1,0,0,5.1,0
C003437,274,4937.53,17,110,385,0.834,27.9,1447,0,1,0,10.0,0
C001694,229,3484.7,18,70,299,0.658,20.8,708,0,0,0,2.2,0
C006894,49,2947.77,19,72,326,0.787,15.9,129,2,0,0,8.1,0
C001046,229,2962.68,24,107,439,0.728,31.3,807,1,0,1,4.5,0
C003447,298,8583.25,14,40,170,0.654,27.0,578,0,0,0,4.4,0
C008051,822,3713.46,11,55,225,0.934,25.6,642,16,0,0,8.4,0
C009147,266,1732.2,18,81,296,0.712,27.4,372,5,0,0,6.1,0
A000971,539,3050.88,12,8,64,0.34,2.6,213,0,1,1,10.0,1
C004736,547,11093.11,25,129,42,0.641,6.7,2624,0,1,0,5.9,0
C004497,417,6328.78,22,75,337,0.826,20.2,1429,6,0,0,5.0,0
C001219,291,3418.38,12,62,220,0.9,16.2,2256,0,0,0,6.6,0
C006016,562,3066.14,12,56,246,0.587,19.9,1427,8,0,0,8.3,0
C009720,181,1887.19,21,87,293,0.863,18.3,817,1,0,0,9.8,0
C003988,300,7331.34,11,52,198,0.457,6.4,697,3,0,0,8.1,0
C004912,551,6737.4,21,78,319,0.497,20.0,1009,11,0,0,4.4,0
C009493,228,11935.18,11,42,193,0.561,28.8,879,2,1,0,7.1,0
C004494,96,7257.06,13,63,238,0.928,18.4,2441,4,1,0,4.2,0
C006945,614,1875.84,7,22,98,0.549,26.2,626,13,0,0,2.4,0
C005700,742,6098.06,15,67,230,0.602,13.9,573,6,0,0,5.3,0
C008353,931,1545.84,19,105,375,0.396,23.9,1193,10,0,0,10.0,0
C000957,772,13873.24,16,82,363,0.571,26.2,1332,3,0,1,5.0,0
C002870,630,3087.17,11,48,175,0.471,22.1,1164,10,0,0,3.9,0
C004434,175,1887.03,18,61,263,0.934,25.0,1541,2,0,0,7.6,0
C004974,545,2044.46,18,94,358,0.748,24.8,1199,0,2,0,6.4,0
C002962,142,4280.07,13,64,268,0.764,29.6,1067,5,0,1,7.1,0
C002201,347,5905.28,17,98,419,0.91,25.9,138,4,0,0,9.2,0
C000099,388,3462.01,15,63,250,0.517,21.7,4319,8,0,0,5.8,0
A000825,351,5294.31,16,9,97,0.127,3.5,26,30,0,1,4.7,1
C002558,437,13382.09,20,80,319,0.522,34.5,2559,6,0,0,7.6,0
C008446,108,4687.63,16,70,237,0.694,25.4,1055,1,1,0,10.0,0
C004200,638,15162.59,19,113,405,0.683,28.4,1199,1,1,1,6.4,0
C009638,234,7407.9,16,61,219,0.747,30.7,3407,10,0,0,6.2,0
C005540,454,1881.29,17,66,254,0.9,19.2,497,7,1,0,2.0,0
C001649,427,3143.18,22,132,497,0.776,18.3,2530,3,0,0,6.2,0
C009889,598,8062.95,17,59,271,0.815,10.0,2296,12,0,1,6.7,0
C006198,364,3713.86,12,46,186,0.468,16.1,440,5,0,0,10.0,0
C006296,1790,6352.4,15,80,290,0.786,31.9,756,0,0,0,2.9,0
C004500,30,7416.64,21,66,236,0.52,21.8,5742,5,0,0,6.5,0
C001155,38,9161.61,10,42,148,0.765,21.4,736,11,1,0,8.3,0
C002256,480,16308.54,15,61,244,0.733,18.3,1587,0,0,0,0.4,0
C009875,655,2827.85,13,54,186,0.733,30.5,1083,4,0,0,5.9,0
C003171,491,5002.54,15,61,214,0.928,22.1,967,1,0,0,4.6,0
C007401,702,2464.88,7,30,121,0.449,18.8,647,3,1,0,0.8,0
A000239,424,13882.62,16,5,69,0.087,6.1,1217,1,1,2,8.0,1
C007159,573,9201.35,16,91,310,0.793,12.9,2457,0,1,0,8.3,0
C003109,395,5465.66,13,62,276,0.684,20.7,503,6,0,0,7.4,0
C004549,543,2370.71,17,71,300,0.695,24.2,65,8,0,1,8.0,0
C005424,428,3512.15,16,99,370,0.755,28.5,2907,13,0,1,5.1,0
C002050,771,6561.19,20,87,362,0.854,28.6,1455,0,0,0,5.0,0
C009209,608,9973.49,16,82,293,0.812,25.0,86,2,0,0,4.9,0
C008816,388,2950.48,16,87,328,0.533,33.6,4378,0,0,0,3.5,0
A000770,251,6322.34,15,10,79,0.297,9.0,331,1,0,3,4.3,1
C000263,185,3346.2,16,74,276,0.62,22.1,959,0,0,1,3.6,0
C004062,597,19406.68,11,65,220,0.74,28.5,781,0,0,0,8.7,0
C005535,905,6916.89,19,72,304,0.883,23.0,1511,2,1,0,4.2,0
C006617,226,6788.29,10,47,165,0.649,16.2,277,0,0,1,5.0,0
C008121,214,14042.48,14,51,213,0.85,23.9,3397,4,0,0,6.9,0
C008156,1008,11814.98,15,58,259,0.78,22.7,2009,3,0,0,2.9,0
C001803,232,8770.41,14,73,245,0.737,16.7,306,5,0,0,3.2,0
C004737,187,8667.75,17,89,353,0.946,25.2,897,2,0,0,6.4,0
C002386,590,3275.33,8,37,133,0.79,28.3,870,0,0,0,7.2,0
C006695,47,3758.59,12,58,209,0.657,23.5,2830,2,1,0,2.6,0
C005760,826,4225.36,18,71,289,0.666,22.2,257,1,0,0,6.8,0
C001960,528,1330.4,16,80,316,0.693,13.6,617,2,0,0,6.6,0
C002977,194,5375.68,18,53,235,0.833,23.3,130,5,0,0,6.0,0
C008681,128,2600.84,14,75,272,0.705,19.0,2638,0,1,0,5.5,0
C001844,146,1269.11,16,71,292,0.448,16.7,4184,18,1,0,3.6,0
C001735,709,7535.81,9,46,159,0.554,16.4,1448,3,0,0,6.4,0
C002912,72,2643.71,15,78,285,0.612,22.2,2075,0,1,1,8.5,0
C008339,408,5009.44,15,84,314,0.652,26.3,200,2,0,0,8.8,0
C001987,470,2279.68,15,57,258,0.932,25.2,965,1,0,0,8.6,0
C009562,894,2827.19,14,61,250,0.97,15.3,152,2,1,0,2.7,0
C006547,257,1698.26,21,121,544,0.839,33.7,1328,5,0,1,3.7,0
C007099,343,3668.45,14,48,219,0.765,29.1,1818,3,0,1,6.0,0
C002812,275,4281.2,14,59,233,0.984,9.7,653,6,0,0,10.0,0
C000660,498,4169.68,19,85,381,0.988,11.8,861,1,0,0,4.3,0
C009987,327,10351.79,16,87,336,0.948,13.7,659,2,0,0,9.9,0
C002512,73,4361.79,17,110,390,0.39,20.4,644,3,0,0,9.2,0
C004283,80,7877.02,15,79,306,0.201,39.2,1635,1,1,0,3.4,0
C009340,317,3333.4,14,57,200,0.832,18.5,963,15,0,0,3.4,0
C008801,302,7172.88,12,55,222,0.662,18.0,3516,0,0,0,7.4,0
C006288,881,10027.88,22,92,371,0.888,15.6,698,1,0,0,4.3,0
C001931,292,8458.92,15,72,312,0.843,26.1,1902,10,0,1,3.1,0
C007126,117,11457.56,15,83,298,0.94,20.2,730,0,0,0,5.9,0
C000198,524,3525.55,8,30,136,0.544,19.8,1555,0,0,0,4.0,0
C007778,162,9837.23,12,43,179,0.501,21.8,1849,27,0,0,5.8,0
C002932,278,5414.78,16,75,290,0.722,12.4,917,9,0,0,6.2,0
C008005,409,30401.73,15,71,270,0.856,29.0,1260,0,0,2,3.4,0
C002328,189,11220.27,17,65,255,0.698,17.7,641,15,0,1,4.6,0
C004390,1029,7303.07,18,121,416,0.813,16.7,541,1,0,0,5.8,0
C008959,171,4987.68,13,74,297,0.54,21.8,1631,0,0,1,6.0,0
C004219,133,8869.3,12,45,172,0.936,21.8,585,8,0,0,2.9,0
C000203,294,7468.15,19,93,356,0.59,17.1,795,0,0,0,8.0,0
C003511,933,4312.76,19,103,404,0.736,24.7,1095,3,0,0,4.4,0
C004932,334,3694.16,12,52,187,0.734,25.2,402,0,0,0,0.5,0
C005536,227,9589.9,14,83,342,0.657,17.7,1061,10,0,0,7.8,0
C009926,302,2945.78,17,86,291,0.564,22.7,941,6,0,0,4.0,0
C005792,2000,2871.85,18,67,284,0.912,15.9,1417,4,0,0,5.1,0
C001708,499,4239.59,19,117,414,0.509,22.4,749,8,0,1,8.1,0
C005173,204,3816.15,13,34,138,0.89,25.4,709,5,1,1,10.0,0
C005250,431,31656.88,14,64,250,0.86,27.3,1063,7,0,0,8.9,0
C006529,1125,3450.09,13,52,183,0.761,24.3,749,6,0,0,8.3,0
A000823,460,5505.81,10,42,58,0.323,5.8,12,1,0,1,4.3,1
C005856,263,14719.26,15,76,340,0.9,16.3,1350,1,2,0,8.7,0
C008165,462,14620.35,11,58,246,0.756,11.1,753,2,0,1,5.1,0
C000855,424,7665.86,17,78,301,0.758,24.1,479,8,0,0,4.9,0
C004738,155,2767.81,8,33,150,0.772,16.7,532,1,0,1,6.6,0
A000343,777,1912.63,10,5,45,0.308,11.8,75,0,0,0,0.0,1
C000699,1120,3149.24,18,68,271,0.9,27.2,2116,0,0,0,7.4,0
C003697,394,2730.91,13,69,242,0.753,25.1,1162,20,0,0,8.8,0
C001637,749,3476.01,16,92,338,0.259,19.3,1306,0,0,0,8.1,0
C007281,302,5087.69,12,59,216,0.919,25.9,691,16,0,0,4.3,0
C007555,353,6504.02,13,52,180,0.795,15.3,1217,5,0,1,1.9,0
C003582,1082,5722.04,9,50,196,0.707,22.5,1425,4,0,0,3.3,0
C001292,471,13326.42,11,54,199,0.67,12.7,1175,11,0,0,6.9,0
C006586,313,1577.97,18,91,333,0.539,28.9,937,4,1,0,9.8,0
C001854,469,6771.72,17,85,316,0.89,23.6,2407,9,0,1,10.0,0
C005233,420,3654.4,13,85,320,0.426,30.4,612,8,0,1,7.1,0
C003764,522,5463.2,13,88,306,0.676,23.4,715,0,0,0,6.3,0
C003305,412,8961.19,9,48,175,0.526,14.4,3199,4,2,0,6.2,0
C001496,279,1512.53,12,65,224,0.669,28.8,495,4,1,0,8.3,0
C007995,136,6347.56,21,87,348,0.852,23.4,2256,11,0,0,9.5,0
C001999,437,2247.42,20,101,364,0.801,13.8,428,1,0,0,7.7,0
C000664,706,8478.61,13,48,176,0.806,29.1,552,7,0,0,4.5,0
C003749,227,2047.1,16,68,284,0.797,24.5,1011,4,0,1,6.1,0
C004414,95,2715.42,13,65,230,0.711,22.4,1559,6,0,0,8.6,0
C005531,440,4140.44,19,71,304,0.742,22.7,2910,1,0,0,3.7,0
C005576,130,3608.22,12,47,216,0.815,24.5,2927,2,0,0,5.6,0
C008902,284,7618.06,16,53,235,0.8,26.2,2868,3,0,0,6.3,0
C007527,782,12248.44,15,49,218,0.461,23.1,626,3,1,0,6.7,0
C009475,308,3159.91,16,92,337,0.805,18.3,841,4,1,0,8.2,0
C005865,755,4211.26,9,45,178,0.664,31.3,1883,7,0,0,4.6,0
C006777,358,2764.06,13,57,229,0.711,41.7,2952,0,1,0,6.0,0
C001307,921,7499.36,22,108,424,0.968,31.6,1800,0,0,0,4.7,0
C007393,408,6186.9,19,81,368,0.659,19.2,1061,3,0,1,1.9,0
A000420,406,3308.54,20,3,31,0.507,3.7,469,12,0,2,4.8,1
C005593,288,1757.98,16,77,311,0.956,16.6,2813,6,0,0,5.6,0
A000221,445,1940.48,13,5,53,0.273,3.4,14,2,0,0,2.5,1
C009722,637,4073.36,19,97,326,0.815,29.0,1055,0,0,0,3.2,0
C001664,636,2587.15,14,44,201,0.834,19.0,2585,9,0,1,8.8,0
C005451,149,6573.39,10,27,110,0.568,15.3,601,2,0,1,6.3,0
A000916,78,15932.03,11,7,75,0.037,6.8,24,0,1,0,3.9,1
A000939,578,17133.19,17,8,118,0.338,7.2,86,3,0,1,1.6,1
C003628,794,9075.76,14,54,208,0.566,9.0,1616,0,0,0,6.7,0
C002694,121,2987.58,11,46,179,0.862,21.3,628,2,1,0,7.0,0
C009790,625,2770.86,10,40,145,0.618,28.5,277,10,0,0,5.5,0
A000808,30,2906.4,18,9,62,0.118,3.8,244,7,2,1,1.7,1
C005916,319,2132.95,14,70,242,0.81,14.8,419,2,1,0,6.2,0
C003158,127,3950.54,15,84,340,0.681,26.0,679,1,1,0,3.2,0
C009915,193,12884.34,22,117,463,0.851,24.5,944,3,1,0,7.4,0
C006669,142,4677.78,10,57,227,0.778,20.2,451,3,0,0,5.1,0
C001060,416,7257.12,12,51,230,0.957,19.4,4536,7,0,0,4.2,0
C004637,175,7881.26,17,87,325,0.704,19.6,1164,8,0,1,6.9,0
C003243,723,7041.73,14,56,249,0.803,19.9,907,1,1,0,10.0,0
C001679,114,10038.0,13,47,199,0.642,21.5,195,12,0,0,2.9,0
C006893,1923,5800.33,11,52,187,0.849,18.0,716,2,0,0,8.9,0
C006375,895,5831.24,16,84,315,0.686,23.3,5266,9,0,0,6.1,0
C007575,856,4165.76,16,54,224,0.654,20.9,2050,6,1,0,4.3,0
C001758,107,13726.05,14,80,284,0.762,12.7,2885,7,0,0,10.0,0
C006020,431,6356.18,13,53,237,0.937,14.3,386,8,1,0,1.0,0
C005117,596,6936.41,17,82,277,0.886,35.2,467,5,0,0,6.4,0
C008756,385,3761.88,16,47,211,0.692,26.9,892,6,1,0,10.0,0
C007409,139,2719.5,12,69,253,0.842,23.1,401,1,0,0,6.2,0
C002791,938,7019.52,21,82,326,0.824,5.5,953,7,0,0,10.0,0
C000864,119,2240.74,11,54,200,0.607,12.2,1639,0,0,0,9.5,0
C007859,556,2150.35,17,64,272,0.772,27.6,2852,3,1,0,6.9,0
C001485,134,2775.39,16,97,330,0.725,25.3,1861,0,1,0,3.8,0
C007036,182,1957.06,19,101,394,0.487,21.2,658,0,0,0,8.3,0
C007722,255,1861.44,12,62,252,0.917,17.1,4449,2,0,0,3.9,0
C005978,588,4311.82,18,48,219,0.656,17.0,344,3,0,0,7.0,0
C005135,844,6621.65,22,125,464,0.986,18.3,1061,2,0,2,9.5,0
C000207,40,9866.68,14,60,213,0.834,22.7,617,1,0,0,10.0,0
C004489,240,5984.14,20,95,395,0.195,23.1,2194,5,0,0,4.2,0
C006939,315,3359.46,16,92,350,0.97,21.9,1130,3,0,0,3.4,0
C009063,169,14131.06,14,72,258,0.403,21.7,2015,1,0,0,5.1,0
C006911,1258,10508.18,19,108,400,0.82,25.4,568,6,1,0,8.1,0
C000503,374,2694.81,17,91,309,0.457,25.8,1952,0,0,0,3.4,0
C007386,223,3147.6,16,85,291,0.376,30.4,586,6,1,0,6.2,0
C001029,705,9135.85,6,33,142,0.739,18.9,10415,2,0,0,4.1,0
C003841,216,5707.86,14,78,298,0.896,20.6,788,5,0,0,5.9,0
C008111,447,3940.67,11,56,220,0.94,16.4,2630,1,0,0,7.4,0
C005057,882,3339.15,14,68,231,0.499,14.7,407,0,0,0,8.4,0
C009763,641,1326.25,9,44,180,0.673,24.1,197,2,0,0,10.0,0
C008155,395,5837.1,16,69,289,0.543,20.7,517,5,1,0,0.0,0
C002732,184,3329.43,14,60,226,0.453,14.4,8288,0,0,1,3.0,0
C008997,161,4735.68,11,44,156,0.743,30.1,1256,1,0,0,6.5,0
C002455,800,8107.26,17,83,286,0.431,29.3,1482,5,0,0,9.2,0
C007216,242,7792.6,7,25,98,0.8,17.7,1489,1,0,0,1.0,0
C003105,628,3312.33,18,58,223,0.19,19.1,408,1,0,0,9.2,0
C008393,995,5780.41,19,83,341,0.946,17.5,2590,2,1,0,2.9,0
C006279,316,14811.83,12,59,202,0.66,23.1,410,1,0,0,7.6,0
C003100,373,7762.92,18,101,352,0.712,14.8,4287,3,0,0,9.6,0
C006185,331,1170.39,16,85,293,0.701,19.5,2436,1,0,0,10.0,0
A000461,394,8476.21,14,5,54,0.05,4.5,12,8,0,3,3.7,1
C003562,264,4147.24,17,102,368,0.576,17.2,2768,5,0,0,7.4,0
C005893,275,4134.92,12,50,175,0.915,23.3,1083,0,0,0,7.3,0
C000392,393,4858.93,6,25,97,0.677,19.6,565,3,1,0,5.7,0
C006737,196,2930.74,28,147,612,0.869,16.3,4664,7,0,0,10.0,0
C005619,212,2557.85,14,43,191,0.631,13.2,570,9,0,0,10.0,0
C005259,198,2501.85,15,76,281,0.8,28.2,2118,2,0,1,3.1,0
C009688,328,8053.75,17,64,220,0.715,33.1,647,0,0,0,3.6,0
C002696,471,4521.28,13,63,233,0.809,24.6,1522,0,0,0,10.0,0
C002028,349,2276.26,8,41,164,0.935,19.7,839,2,0,0,6.7,0
C005464,1356,13004.41,18,75,261,0.548,15.6,2580,1,1,0,6.4,0
C002569,275,1688.94,17,81,330,0.863,16.0,346,1,0,0,5.3,0
C008007,264,11146.37,9,33,113,0.8,15.5,1312,3,0,0,3.7,0
C000065,295,3465.69,11,56,231,0.593,27.0,838,1,0,0,8.3,0
C002063,336,5365.97,17,85,331,0.524,21.8,1508,2,0,0,7.6,0
C005277,742,6214.62,11,47,185,0.745,28.3,2025,2,0,0,8.8,0
C007209,418,4141.65,13,36,143,0.388,22.3,724,1,2,0,6.5,0
C008685,188,2642.36,16,85,298,0.74,24.1,726,0,0,0,7.6,0
C008572,305,29886.75,15,58,231,0.532,27.0,1427,1,0,0,5.4,0
C006332,212,12621.67,14,65,254,0.856,19.5,908,1,0,0,3.8,0
C004860,272,2234.02,20,92,322,0.628,30.4,1985,11,0,0,4.8,0
C004888,82,7314.94,13,69,246,0.937,18.3,3952,8,0,0,0.0,0
C009269,336,1502.96,20,80,362,0.677,20.6,4552,5,0,0,4.1,0
C000879,171,4664.58,9,37,131,0.972,20.4,775,5,0,1,8.4,0
C008530,427,3699.04,14,69,243,0.565,23.5,971,1,0,0,10.0,0
C007917,139,28943.29,17,72,282,0.187,15.6,1137,1,0,0,1.7,0
C006864,442,2980.53,19,81,288,0.757,31.7,4606,3,0,0,3.6,0
C007893,545,10407.38,7,41,147,0.522,20.4,1032,5,2,0,10.0,0
C006440,898,2953.21,23,7,54,0.531,28.5,1236,12,0,0,7.4,0
C007870,115,2437.79,13,46,209,0.968,19.0,993,0,1,0,4.3,0
C001017,220,17212.74,5,25,96,0.786,22.6,799,0,0,0,10.0,0
C009468,505,12974.38,18,82,339,0.837,25.0,1126,0,1,0,9.1,0
C007630,1132,2348.04,11,59,219,0.667,23.4,826,1,0,1,0.9,0
C000996,238,7029.48,17,63,249,0.625,17.3,421,8,0,1,7.4,0
A000164,672,7323.25,12,3,65,0.391,7.8,115,11,3,2,5.0,1
C004298,1090,10226.73,14,53,230,0.343,6.5,721,7,0,0,2.3,0
C000162,715,2969.75,19,115,387,0.847,20.5,1404,1,0,0,5.3,0
C005676,546,2373.48,14,75,273,0.683,22.4,1075,12,3,0,3.5,0
C006874,380,30349.04,17,94,326,0.738,21.6,475,2,1,1,10.0,0
C009693,486,4269.96,12,62,250,0.644,17.0,591,1,0,0,6.6,0
C007990,916,2095.31,18,91,317,0.809,29.6,2295,4,1,1,3.9,0
C003844,699,5487.27,17,85,344,0.74,30.1,637,3,0,0,10.0,0
A000796,386,9018.21,14,4,80,0.137,9.7,125,21,2,2,5.4,1
C001022,1742,2374.67,13,67,244,0.639,25.7,718,5,0,0,3.2,0
C003074,153,5007.94,14,36,155,0.819,20.1,517,0,0,0,5.5,0
C007556,588,3694.0,8,40,178,0.967,18.5,5215,3,0,0,8.5,0
C003944,659,3725.04,15,71,274,0.656,16.0,520,6,0,0,9.1,0
C001586,228,4830.21,15,61,228,0.713,21.2,1207,3,1,0,4.0,0
A000138,493,7886.84,18,8,87,0.394,5.2,229,16,0,2,5.9,1
C003153,560,7691.08,16,100,341,0.505,12.8,1712,4,0,0,9.1,0
C008227,126,6754.98,11,37,139,0.636,23.1,1547,1,0,1,4.3,0
C000776,352,2846.28,18,92,362,0.469,22.9,1235,0,0,0,9.5,0
A000739,82,5024.65,12,7,84,0.361,8.0,98,3,1,0,2.8,1
C009671,396,11529.12,12,55,230,0.642,26.0,286,6,1,0,10.0,0
C007100,544,13719.42,17,100,373,0.756,13.9,260,9,0,0,6.9,0
C005487,389,1975.1,8,36,127,0.864,27.4,1651,3,0,0,3.8,0
C006236,270,5759.41,8,41,145,0.955,18.6,117,4,0,0,5.4,0
C009556,325,14340.5,12,69,256,0.288,24.3,170,3,0,0,3.6,0
C007042,391,6236.91,22,109,459,0.64,22.3,429,6,0,0,7.2,0
C002613,313,3948.09,18,63,241,0.932,13.2,549,0,0,1,5.2,0
C007514,426,8487.41,13,56,196,0.382,20.8,1150,5,1,0,7.6,0
A000224,119,6771.08,16,3,26,0.279,7.0,110,6,2,0,6.2,1
C008434,697,1679.77,25,94,406,0.838,17.8,887,10,1,0,9.9,0
A000244,517,6704.74,20,10,153,0.659,4.2,637,8,0,2,5.2,1
A000546,157,1597.89,13,9,65,0.098,6.8,89,25,0,2,6.6,1
C008793,512,4340.81,11,53,180,0.362,22.9,457,0,0,1,8.8,0
A000618,700,5127.58,12,5,95,0.214,6.0,156,1,0,0,7.9,1
C005394,260,771.53,14,76,292,0.607,28.5,4500,0,0,0,6.8,0
C008839,140,2057.87,8,43,161,0.879,29.3,1293,1,1,0,2.9,0
C003891,291,3765.73,14,37,134,0.664,22.3,724,0,1,0,4.1,0
C003557,123,6156.54,8,36,132,0.797,15.9,1373,1,0,1,7.5,0
C001529,631,882.73,15,84,321,0.565,20.8,855,7,0,0,0.0,0
C001268,537,11849.76,13,62,235,0.443,19.5,988,3,2,0,4.9,0
C007735,631,6012.28,11,42,171,0.817,24.1,810,9,1,0,6.9,0
C001900,328,5332.81,13,39,152,0.643,20.7,1383,3,0,0,5.8,0
C004659,278,10023.14,14,62,227,0.802,19.4,1079,12,0,0,5.3,0
C003006,745,12022.54,11,55,218,0.557,18.1,1333,0,1,0,7.3,0
C002735,316,6056.97,12,74,254,0.151,22.7,738,5,0,0,0.7,0
C000190,1388,7786.54,14,60,256,0.61,20.1,1181,3,0,0,7.0,0
C009999,203,5041.51,11,46,206,0.877,15.9,225,12,0,0,6.3,0
C009168,427,7198.01,12,75,275,0.671,15.1,1353,2,2,1,7.5,0
C002748,251,2459.41,12,72,260,0.621,15.1,3073,3,0,1,8.0,0
C002048,243,11953.32,11,59,250,0.681,24.8,1086,8,0,1,7.8,0
C007850,1103,9195.83,14,78,356,0.68,24.6,1083,6,1,1,0.5,0
C002559,309,5633.99,11,46,183,0.88,22.6,2592,4,0,0,10.0,0
C009275,364,10101.44,16,57,221,0.797,34.0,3133,3,0,0,10.0,0
C008667,825,9026.78,13,103,358,0.785,19.6,284,1,0,0,7.2,0
C006397,237,10552.29,10,46,167,0.642,21.5,2387,8,0,0,4.9,0
C003386,145,9250.02,16,66,285,0.696,23.0,1002,16,0,0,4.7,0
C004556,210,8524.51,18,76,273,0.66,20.1,425,0,0,0,8.3,0
C001185,600,7026.09,13,59,264,0.53,24.4,409,4,0,0,9.0,0
C006421,317,6021.79,11,45,168,0.717,17.3,653,0,1,0,4.9,0
C005052,510,11470.94,19,84,362,0.668,22.3,383,7,0,0,5.1,0
C005312,660,8863.36,14,67,246,0.876,28.9,1691,3,0,0,6.8,0
C002434,152,3027.27,13,65,251,0.79,18.7,1698,1,0,0,10.0,0
C006950,404,10433.67,14,68,268,0.919,20.4,1046,0,0,0,5.1,0
A000574,110,1786.99,22,16,146,0.379,9.4,89,4,0,0,0.0,1
C000770,213,5933.49,16,76,326,0.214,23.8,1245,4,0,0,2.6,0
C001686,383,1684.25,17,59,268,0.532,30.0,1012,2,0,0,10.0,0
C008323,1008,7400.59,18,84,288,0.641,23.0,557,3,0,0,8.2,0
C005579,483,2236.49,13,89,311,0.9,31.1,2210,1,1,0,10.0,0
C004427,525,4888.3,13,61,212,0.445,9.2,2355,10,0,0,9.2,0
C000467,331,2302.87,9,44,173,0.768,21.6,743,23,0,1,4.0,0
C006266,440,8912.92,17,56,219,0.355,22.6,2063,27,0,0,3.6,0
C005735,505,5023.54,18,74,285,0.713,16.5,927,5,0,0,4.1,0
C005192,104,5384.84,10,39,148,0.527,21.3,1507,0,1,0,4.5,0
C005391,145,8610.82,18,80,319,0.884,16.4,1131,2,1,0,6.9,0
C000861,265,6031.26,17,76,263,0.385,18.7,193,12,1,0,3.4,0
C007271,224,9499.67,17,78,304,0.566,23.6,493,1,0,0,10.0,0
