days_since_last,features_used_30d,mrr,evento_cancelamento,evento_downgrade,evento_sessao,event,risk_regra,churn
8.0,3.0,659.53,0.0,0.0,1.0,Session Started,0.307,1
3.0,2.0,2474.07,0.0,0.0,1.0,Session Started,0.25,0
9.0,6.0,1981.24,0.0,0.0,1.0,Session Started,0.21,1
7.0,1.0,2444.77,0.0,0.0,1.0,Session Started,0.403,0
1.0,2.0,2636.66,0.0,0.0,1.0,Session Started,0.203,0
13.0,1.0,856.68,0.0,0.0,1.0,Session Started,0.543,0
8.0,2.0,828.47,0.0,0.0,1.0,Session Started,0.367,1
8.0,1.0,3203.32,0.0,0.0,1.0,Session Started,0.427,0
1.0,1.0,1092.83,0.0,0.0,1.0,Session Started,0.263,1
3.0,2.0,200.31,0.0,0.0,1.0,Session Started,0.25,0
3.0,1.0,3038.15,0.0,0.0,1.0,Session Started,0.31,0
10.0,1.0,789.18,0.0,1.0,0.0,Downgrade Clicked,0.75,1
5.0,8.0,2627.29,0.0,0.0,1.0,Session Started,0.117,0
8.0,1.0,5509.66,0.0,0.0,1.0,Session Started,0.427,0
3.0,2.0,1832.45,0.0,0.0,1.0,Session Started,0.25,0
2.0,2.0,4010.27,0.0,0.0,1.0,Session Started,0.227,0
4.0,1.0,2044.76,0.0,0.0,1.0,Session Started,0.333,0
0.0,2.0,6437.81,0.0,0.0,1.0,Session Started,0.18,0
8.0,1.0,773.03,0.0,0.0,1.0,Session Started,0.427,1
5.0,3.0,1796.2,0.0,0.0,1.0,Session Started,0.237,1
8.0,1.0,3098.05,0.0,0.0,1.0,Session Started,0.427,1
2.0,1.0,1552.58,0.0,0.0,1.0,Session Started,0.287,0
12.0,1.0,4544.96,0.0,0.0,1.0,Session Started,0.52,1
9.0,7.0,1279.68,0.0,0.0,1.0,Session Started,0.21,1
8.0,4.0,9466.33,0.0,0.0,1.0,Session Started,0.247,0
1.0,9.0,9874.96,0.0,0.0,1.0,Session Started,0.023,0
3.0,2.0,2265.74,0.0,0.0,1.0,Session Started,0.25,0
0.0,2.0,2813.21,0.0,0.0,1.0,Session Started,0.18,0
1.0,2.0,4690.7,0.0,0.0,1.0,Session Started,0.203,0
7.0,7.0,699.41,0.0,0.0,1.0,Session Started,0.163,0
7.0,2.0,632.96,0.0,0.0,1.0,Session Started,0.343,1
12.0,2.0,4940.07,0.0,0.0,1.0,Session Started,0.46,0
2.0,2.0,2251.14,0.0,0.0,1.0,Session Started,0.227,0
3.0,2.0,1508.39,0.0,0.0,1.0,Session Started,0.25,0
3.0,1.0,1824.2,0.0,0.0,1.0,Session Started,0.31,1
1.0,2.0,268.05,0.0,0.0,1.0,Session Started,0.203,0
1.0,1.0,1552.39,0.0,1.0,0.0,Downgrade Clicked,0.75,0
3.0,6.0,989.86,1.0,0.0,0.0,Cancellation Page Viewed,0.9,1
2.0,2.0,3768.59,0.0,0.0,1.0,Session Started,0.227,0
6.0,5.0,4007.91,0.0,0.0,1.0,Session Started,0.14,0
3.0,2.0,2867.93,0.0,0.0,1.0,Session Started,0.25,1
8.0,3.0,2480.88,0.0,0.0,1.0,Session Started,0.307,0
7.0,1.0,545.73,0.0,1.0,0.0,Downgrade Clicked,0.75,1
2.0,8.0,2900.14,0.0,0.0,1.0,Session Started,0.047,0
8.0,2.0,2991.46,0.0,0.0,1.0,Session Started,0.367,0
8.0,1.0,4895.9,0.0,0.0,1.0,Session Started,0.427,0
3.0,1.0,9843.51,0.0,0.0,1.0,Session Started,0.31,0
2.0,1.0,466.82,0.0,1.0,0.0,Downgrade Clicked,0.75,1
7.0,2.0,1325.07,0.0,0.0,1.0,Session Started,0.343,0
1.0,3.0,998.43,0.0,0.0,1.0,Session Started,0.143,0
1.0,9.0,2075.6,0.0,0.0,1.0,Session Started,0.023,0
0.0,2.0,1827.53,0.0,0.0,1.0,Session Started,0.18,0
8.0,2.0,1499.27,0.0,0.0,1.0,Session Started,0.367,1
6.0,2.0,4113.72,0.0,0.0,1.0,Session Started,0.32,0
7.0,5.0,749.1,0.0,0.0,1.0,Session Started,0.163,0
8.0,6.0,786.11,0.0,1.0,0.0,Downgrade Clicked,0.75,1
3.0,1.0,796.81,0.0,0.0,1.0,Session Started,0.31,1
4.0,10.0,1355.25,0.0,0.0,1.0,Session Started,0.093,0
1.0,2.0,676.63,0.0,0.0,1.0,Session Started,0.203,0
1.0,4.0,1739.13,0.0,0.0,1.0,Session Started,0.083,0
6.0,11.0,1583.84,0.0,0.0,1.0,Session Started,0.14,0
3.0,3.0,963.71,0.0,0.0,1.0,Session Started,0.19,0
4.0,1.0,3637.36,0.0,0.0,1.0,Session Started,0.333,0
8.0,2.0,1724.0,0.0,0.0,1.0,Session Started,0.367,1
5.0,1.0,4230.68,0.0,1.0,0.0,Downgrade Clicked,0.75,1
4.0,4.0,1546.83,0.0,0.0,1.0,Session Started,0.153,0
4.0,1.0,1773.38,0.0,0.0,1.0,Session Started,0.333,0
2.0,2.0,1152.6,0.0,0.0,1.0,Session Started,0.227,1
0.0,8.0,1797.88,0.0,0.0,1.0,Session Started,0.0,0
3.0,1.0,3196.41,0.0,0.0,1.0,Session Started,0.31,0
2.0,2.0,1301.06,0.0,0.0,1.0,Session Started,0.227,1
3.0,2.0,2737.31,0.0,0.0,1.0,Session Started,0.25,0
8.0,2.0,943.69,1.0,0.0,0.0,Cancellation Page Viewed,0.9,1
2.0,1.0,3318.41,0.0,0.0,1.0,Session Started,0.287,0
0.0,1.0,1136.92,0.0,0.0,1.0,Session Started,0.24,0
2.0,2.0,3573.65,0.0,0.0,1.0,Session Started,0.227,1
2.0,2.0,1898.43,0.0,0.0,1.0,Session Started,0.227,1
6.0,2.0,6104.39,0.0,0.0,1.0,Session Started,0.32,1
4.0,1.0,718.2,0.0,0.0,1.0,Session Started,0.333,0
8.0,2.0,555.05,0.0,0.0,1.0,Session Started,0.367,0
6.0,2.0,1104.37,1.0,0.0,0.0,Cancellation Page Viewed,0.9,1
3.0,1.0,597.24,0.0,0.0,1.0,Session Started,0.31,0
8.0,3.0,598.13,0.0,0.0,1.0,Session Started,0.307,0
1.0,1.0,2972.74,0.0,0.0,1.0,Session Started,0.263,1
0.0,2.0,1802.01,0.0,0.0,1.0,Session Started,0.18,0
0.0,8.0,1231.83,0.0,0.0,1.0,Session Started,0.0,0
7.0,2.0,1326.67,0.0,0.0,1.0,Session Started,0.343,0
3.0,2.0,1121.26,1.0,0.0,0.0,Cancellation Page Viewed,0.9,0
1.0,1.0,6770.26,0.0,0.0,1.0,Session Started,0.263,1
3.0,1.0,1003.85,0.0,0.0,1.0,Session Started,0.31,0
1.0,1.0,627.84,0.0,1.0,0.0,Downgrade Clicked,0.75,1
7.0,3.0,3418.1,0.0,0.0,1.0,Session Started,0.283,0
3.0,5.0,1521.41,0.0,0.0,1.0,Session Started,0.07,0
3.0,1.0,9237.43,0.0,0.0,1.0,Session Started,0.31,0
2.0,1.0,1186.82,0.0,0.0,1.0,Session Started,0.287,1
5.0,1.0,3557.41,0.0,1.0,0.0,Downgrade Clicked,0.75,1
3.0,2.0,4297.37,0.0,0.0,1.0,Session Started,0.25,0
0.0,2.0,1191.46,0.0,0.0,1.0,Session Started,0.18,1
1.0,2.0,997.91,0.0,0.0,1.0,Session Started,0.203,0
12.0,7.0,3271.79,0.0,0.0,1.0,Session Started,0.28,1
9.0,1.0,2863.83,0.0,0.0,1.0,Session Started,0.45,1
7.0,2.0,584.94,0.0,0.0,1.0,Session Started,0.343,0
2.0,2.0,733.08,0.0,0.0,1.0,Session Started,0.227,1
12.0,1.0,237.66,0.0,0.0,1.0,Session Started,0.52,0
8.0,7.0,2911.17,0.0,0.0,1.0,Session Started,0.187,0
7.0,1.0,1466.36,0.0,0.0,1.0,Session Started,0.403,1
3.0,3.0,1588.08,0.0,0.0,1.0,Session Started,0.19,0
2.0,3.0,467.24,0.0,0.0,1.0,Session Started,0.167,0
1.0,8.0,751.08,0.0,0.0,1.0,Session Started,0.023,0
9.0,2.0,1233.53,0.0,0.0,1.0,Session Started,0.39,0
3.0,1.0,1055.89,0.0,0.0,1.0,Session Started,0.31,0
1.0,5.0,1986.78,0.0,0.0,1.0,Session Started,0.023,0
2.0,3.0,2883.54,0.0,0.0,1.0,Session Started,0.167,0
4.0,2.0,11110.99,0.0,1.0,0.0,Downgrade Clicked,0.75,1
1.0,3.0,1779.32,0.0,0.0,1.0,Session Started,0.143,0
9.0,1.0,4413.05,0.0,0.0,1.0,Session Started,0.45,1
8.0,2.0,930.78,0.0,1.0,0.0,Downgrade Clicked,0.75,1
7.0,6.0,473.45,0.0,0.0,1.0,Session Started,0.163,0
3.0,1.0,1363.98,0.0,0.0,1.0,Session Started,0.31,0
5.0,2.0,503.62,0.0,0.0,1.0,Session Started,0.297,0
4.0,10.0,1829.39,0.0,0.0,1.0,Session Started,0.093,0
5.0,4.0,968.39,0.0,0.0,1.0,Session Started,0.177,1
0.0,7.0,378.64,0.0,0.0,1.0,Session Started,0.0,0
3.0,2.0,7250.46,0.0,0.0,1.0,Session Started,0.25,0
0.0,16.0,1176.09,0.0,0.0,1.0,Session Started,0.0,0
3.0,1.0,487.8,0.0,0.0,1.0,Session Started,0.31,1
2.0,2.0,3709.07,0.0,1.0,0.0,Downgrade Clicked,0.75,1
1.0,2.0,1009.4,0.0,0.0,1.0,Session Started,0.203,0
1.0,4.0,4324.85,0.0,0.0,1.0,Session Started,0.083,0
4.0,8.0,1005.54,0.0,0.0,1.0,Session Started,0.093,0
1.0,3.0,1172.96,0.0,0.0,1.0,Session Started,0.143,0
10.0,2.0,2382.4,1.0,0.0,0.0,Cancellation Page Viewed,0.9,1
4.0,2.0,2906.12,0.0,0.0,1.0,Session Started,0.273,1
2.0,2.0,3343.55,0.0,0.0,1.0,Session Started,0.227,0
4.0,2.0,1682.79,0.0,0.0,1.0,Session Started,0.273,0
0.0,1.0,2759.74,0.0,0.0,1.0,Session Started,0.24,0
11.0,2.0,3282.97,0.0,0.0,1.0,Session Started,0.437,0
3.0,6.0,2122.72,0.0,0.0,1.0,Session Started,0.07,0
8.0,3.0,1613.04,0.0,0.0,1.0,Session Started,0.307,0
0.0,4.0,568.93,0.0,0.0,1.0,Session Started,0.06,0
3.0,2.0,2920.0,0.0,0.0,1.0,Session Started,0.25,0
3.0,2.0,1870.08,0.0,1.0,0.0,Downgrade Clicked,0.75,1
10.0,1.0,1298.68,0.0,0.0,1.0,Session Started,0.473,1
4.0,2.0,5025.16,0.0,0.0,1.0,Session Started,0.273,0
3.0,2.0,576.94,0.0,1.0,0.0,Downgrade Clicked,0.75,1
2.0,1.0,6736.05,0.0,0.0,1.0,Session Started,0.287,0
2.0,1.0,1776.11,0.0,0.0,1.0,Session Started,0.287,0
3.0,2.0,2330.91,0.0,1.0,0.0,Downgrade Clicked,0.75,1
3.0,2.0,1318.12,0.0,1.0,0.0,Downgrade Clicked,0.75,1
0.0,2.0,476.44,0.0,0.0,1.0,Session Started,0.18,0
8.0,1.0,1616.97,0.0,0.0,1.0,Session Started,0.427,0
9.0,2.0,2363.26,1.0,0.0,0.0,Cancellation Page Viewed,0.9,1
1.0,2.0,3105.66,0.0,0.0,1.0,Session Started,0.203,1
4.0,2.0,1543.14,0.0,0.0,1.0,Session Started,0.273,1
1.0,2.0,312.93,0.0,0.0,1.0,Session Started,0.203,0
7.0,1.0,526.72,0.0,0.0,1.0,Session Started,0.403,1
2.0,8.0,9335.84,0.0,0.0,1.0,Session Started,0.047,0
6.0,1.0,754.44,0.0,1.0,0.0,Downgrade Clicked,0.75,1
7.0,2.0,5662.61,0.0,0.0,1.0,Session Started,0.343,0
8.0,1.0,856.39,0.0,0.0,1.0,Session Started,0.427,1
1.0,2.0,1562.49,0.0,0.0,1.0,Session Started,0.203,0
10.0,1.0,2981.45,0.0,0.0,1.0,Session Started,0.473,1
2.0,6.0,938.09,0.0,0.0,1.0,Session Started,0.047,0
0.0,2.0,6462.5,0.0,0.0,1.0,Session Started,0.18,0
4.0,2.0,1920.96,0.0,0.0,1.0,Session Started,0.273,0
3.0,1.0,2614.11,0.0,0.0,1.0,Session Started,0.31,1
8.0,1.0,1459.6,0.0,0.0,1.0,Session Started,0.427,0
8.0,2.0,3062.47,0.0,0.0,1.0,Session Started,0.367,0
2.0,2.0,6393.48,0.0,1.0,0.0,Downgrade Clicked,0.75,1
11.0,2.0,1627.78,0.0,0.0,1.0,Session Started,0.437,0
2.0,11.0,7213.94,0.0,0.0,1.0,Session Started,0.047,0
3.0,3.0,1108.46,0.0,0.0,1.0,Session Started,0.19,1
2.0,15.0,3331.83,0.0,0.0,1.0,Session Started,0.047,0
10.0,1.0,2673.89,0.0,0.0,1.0,Session Started,0.473,0
1.0,4.0,769.03,0.0,0.0,1.0,Session Started,0.083,0
0.0,2.0,2145.33,0.0,0.0,1.0,Session Started,0.18,1
3.0,2.0,1818.73,0.0,0.0,1.0,Session Started,0.25,1
16.0,14.0,913.65,0.0,0.0,1.0,Session Started,0.373,1
9.0,2.0,2407.64,0.0,0.0,1.0,Session Started,0.39,1
7.0,7.0,2032.52,0.0,0.0,1.0,Session Started,0.163,0
9.0,3.0,1706.04,0.0,0.0,1.0,Session Started,0.33,1
9.0,1.0,1711.52,0.0,0.0,1.0,Session Started,0.45,0
3.0,2.0,1682.43,0.0,0.0,1.0,Session Started,0.25,1
2.0,2.0,1347.28,0.0,1.0,0.0,Downgrade Clicked,0.75,1
8.0,8.0,2022.05,0.0,0.0,1.0,Session Started,0.187,0
6.0,4.0,1080.16,0.0,0.0,1.0,Session Started,0.2,1
3.0,1.0,15145.33,0.0,0.0,1.0,Session Started,0.31,0
1.0,1.0,585.54,0.0,0.0,1.0,Session Started,0.263,0
7.0,1.0,1132.53,0.0,0.0,1.0,Session Started,0.403,1
2.0,2.0,1206.41,0.0,1.0,0.0,Downgrade Clicked,0.75,1
10.0,1.0,9250.15,0.0,0.0,1.0,Session Started,0.473,0
2.0,3.0,628.85,0.0,0.0,1.0,Session Started,0.167,0
1.0,2.0,2542.08,0.0,0.0,1.0,Session Started,0.203,0
8.0,5.0,2205.51,0.0,0.0,1.0,Session Started,0.187,1
1.0,1.0,2361.1,1.0,0.0,0.0,Cancellation Page Viewed,0.9,1
1.0,2.0,4861.36,1.0,0.0,0.0,Cancellation Page Viewed,0.9,1
4.0,1.0,4782.24,0.0,0.0,1.0,Session Started,0.333,0
9.0,7.0,1260.46,0.0,0.0,1.0,Session Started,0.21,0
1.0,1.0,2111.63,0.0,0.0,1.0,Session Started,0.263,0
2.0,1.0,406.96,0.0,0.0,1.0,Session Started,0.287,0
8.0,1.0,1957.21,0.0,0.0,1.0,Session Started,0.427,0
12.0,4.0,957.96,0.0,1.0,0.0,Downgrade Clicked,0.75,1
3.0,1.0,1557.59,0.0,0.0,1.0,Session Started,0.31,0
1.0,2.0,469.52,0.0,0.0,1.0,Session Started,0.203,0
0.0,3.0,2499.63,0.0,0.0,1.0,Session Started,0.12,0
2.0,3.0,465.33,0.0,0.0,1.0,Session Started,0.167,0
1.0,1.0,2035.77,0.0,0.0,1.0,Session Started,0.263,0
7.0,1.0,677.76,0.0,0.0,1.0,Session Started,0.403,0
1.0,2.0,916.25,0.0,0.0,1.0,Session Started,0.203,0
3.0,1.0,4554.11,1.0,0.0,0.0,Cancellation Page Viewed,0.9,1
7.0,2.0,2893.82,0.0,0.0,1.0,Session Started,0.343,0
4.0,2.0,4534.01,0.0,0.0,1.0,Session Started,0.273,0
1.0,2.0,6296.7,0.0,0.0,1.0,Session Started,0.203,0
8.0,1.0,974.31,0.0,0.0,1.0,Session Started,0.427,0
7.0,2.0,5997.98,0.0,0.0,1.0,Session Started,0.343,1
7.0,1.0,559.81,0.0,1.0,0.0,Downgrade Clicked,0.75,1
1.0,2.0,3284.21,0.0,0.0,1.0,Session Started,0.203,0
1.0,1.0,1218.44,0.0,0.0,1.0,Session Started,0.263,0
10.0,12.0,858.99,0.0,0.0,1.0,Session Started,0.233,1
3.0,2.0,2955.95,0.0,0.0,1.0,Session Started,0.25,1
2.0,1.0,3850.51,0.0,0.0,1.0,Session Started,0.287,1
3.0,1.0,3760.15,0.0,0.0,1.0,Session Started,0.31,0
6.0,2.0,2147.13,0.0,0.0,1.0,Session Started,0.32,1
11.0,1.0,2009.35,0.0,1.0,0.0,Downgrade Clicked,0.75,0
2.0,1.0,2755.88,0.0,0.0,1.0,Session Started,0.287,1
10.0,7.0,2305.4,0.0,0.0,1.0,Session Started,0.233,0
0.0,2.0,2788.01,0.0,0.0,1.0,Session Started,0.18,0
4.0,1.0,2128.56,0.0,0.0,1.0,Session Started,0.333,0
5.0,2.0,3548.31,0.0,0.0,1.0,Session Started,0.297,0
1.0,1.0,491.88,0.0,0.0,1.0,Session Started,0.263,0
1.0,12.0,1627.79,0.0,0.0,1.0,Session Started,0.023,0
3.0,1.0,597.6,0.0,0.0,1.0,Session Started,0.31,0
12.0,3.0,2256.03,0.0,1.0,0.0,Downgrade Clicked,0.75,1
4.0,4.0,6724.71,0.0,0.0,1.0,Session Started,0.153,1
10.0,1.0,1237.36,0.0,0.0,1.0,Session Started,0.473,1
8.0,1.0,2001.8,0.0,0.0,1.0,Session Started,0.427,0
3.0,2.0,3311.61,0.0,0.0,1.0,Session Started,0.25,0
8.0,6.0,345.79,0.0,0.0,1.0,Session Started,0.187,0
0.0,2.0,1190.72,0.0,0.0,1.0,Session Started,0.18,0
1.0,2.0,2420.22,0.0,0.0,1.0,Session Started,0.203,0
8.0,4.0,178.11,0.0,0.0,1.0,Session Started,0.247,0
8.0,5.0,827.62,0.0,0.0,1.0,Session Started,0.187,0
2.0,2.0,4362.0,0.0,0.0,1.0,Session Started,0.227,0
4.0,2.0,4033.53,0.0,0.0,1.0,Session Started,0.273,0
4.0,3.0,2439.27,0.0,0.0,1.0,Session Started,0.213,0
9.0,1.0,3661.98,0.0,0.0,1.0,Session Started,0.45,1
4.0,6.0,2147.55,0.0,0.0,1.0,Session Started,0.093,0
3.0,1.0,2819.5,0.0,0.0,1.0,Session Started,0.31,0
3.0,1.0,1404.56,0.0,0.0,1.0,Session Started,0.31,0
3.0,4.0,1983.56,0.0,0.0,1.0,Session Started,0.13,0
6.0,2.0,1090.19,0.0,0.0,1.0,Session Started,0.32,0
9.0,1.0,4968.07,0.0,0.0,1.0,Session Started,0.45,1
3.0,1.0,6107.35,0.0,0.0,1.0,Session Started,0.31,1
2.0,2.0,5453.05,0.0,0.0,1.0,Session Started,0.227,0
2.0,6.0,1304.42,0.0,1.0,0.0,Downgrade Clicked,0.75,1
7.0,1.0,843.01,0.0,0.0,1.0,Session Started,0.403,0
8.0,1.0,5021.98,0.0,1.0,0.0,Downgrade Clicked,0.75,1
1.0,2.0,2793.71,0.0,0.0,1.0,Session Started,0.203,0
0.0,10.0,2351.64,0.0,0.0,1.0,Session Started,0.0,0
4.0,1.0,1089.09,0.0,0.0,1.0,Session Started,0.333,0
1.0,11.0,2541.55,0.0,0.0,1.0,Session Started,0.023,0
8.0,7.0,758.83,0.0,1.0,0.0,Downgrade Clicked,0.75,1
2.0,1.0,3002.65,0.0,0.0,1.0,Session Started,0.287,0
1.0,5.0,5448.57,0.0,1.0,0.0,Downgrade Clicked,0.75,0
10.0,2.0,6666.41,0.0,0.0,1.0,Session Started,0.413,0
1.0,2.0,3186.95,0.0,0.0,1.0,Session Started,0.203,0
2.0,2.0,598.47,0.0,0.0,1.0,Session Started,0.227,1
1.0,5.0,2117.23,0.0,0.0,1.0,Session Started,0.023,0
1.0,4.0,10014.06,0.0,0.0,1.0,Session Started,0.083,0
0.0,3.0,902.45,0.0,1.0,0.0,Downgrade Clicked,0.75,1
0.0,16.0,1724.44,0.0,0.0,1.0,Session Started,0.0,0
1.0,2.0,5601.67,0.0,1.0,0.0,Downgrade Clicked,0.75,1
0.0,4.0,2962.26,1.0,0.0,0.0,Cancellation Page Viewed,0.9,1
4.0,6.0,13149.32,0.0,0.0,1.0,Session Started,0.093,0
7.0,1.0,1005.97,0.0,0.0,1.0,Session Started,0.403,1
3.0,1.0,819.09,0.0,0.0,1.0,Session Started,0.31,0
2.0,2.0,4814.08,0.0,0.0,1.0,Session Started,0.227,1
3.0,6.0,694.57,1.0,0.0,0.0,Cancellation Page Viewed,0.9,1
9.0,1.0,1544.7,0.0,1.0,0.0,Downgrade Clicked,0.75,0
8.0,2.0,1715.54,0.0,1.0,0.0,Downgrade Clicked,0.75,0
0.0,1.0,4141.41,0.0,0.0,1.0,Session Started,0.24,0
1.0,2.0,2955.47,0.0,0.0,1.0,Session Started,0.203,0
2.0,2.0,2606.21,0.0,0.0,1.0,Session Started,0.227,0
2.0,1.0,1310.36,0.0,1.0,0.0,Downgrade Clicked,0.75,1
4.0,7.0,4779.08,0.0,0.0,1.0,Session Started,0.093,0
3.0,1.0,45281.74,0.0,0.0,1.0,Session Started,0.31,0
0.0,8.0,3143.29,0.0,0.0,1.0,Session Started,0.0,0
3.0,1.0,1958.12,0.0,0.0,1.0,Session Started,0.31,0
3.0,15.0,640.15,0.0,0.0,1.0,Session Started,0.07,0
1.0,2.0,1085.74,0.0,0.0,1.0,Session Started,0.203,0
8.0,1.0,1523.91,0.0,1.0,0.0,Downgrade Clicked,0.75,0
0.0,1.0,1178.88,0.0,0.0,1.0,Session Started,0.24,1
10.0,1.0,1784.94,0.0,0.0,1.0,Session Started,0.473,0
1.0,2.0,7498.16,0.0,0.0,1.0,Session Started,0.203,0
8.0,4.0,4903.64,0.0,0.0,1.0,Session Started,0.247,1
9.0,2.0,1592.3,0.0,0.0,1.0,Session Started,0.39,0
13.0,2.0,687.72,0.0,0.0,1.0,Session Started,0.483,0
8.0,2.0,5270.57,0.0,0.0,1.0,Session Started,0.367,0
8.0,2.0,1738.46,0.0,0.0,1.0,Session Started,0.367,0
5.0,2.0,454.32,0.0,0.0,1.0,Session Started,0.297,0
8.0,2.0,3196.92,0.0,0.0,1.0,Session Started,0.367,0
1.0,3.0,4107.42,0.0,0.0,1.0,Session Started,0.143,0
4.0,16.0,259.63,0.0,0.0,1.0,Session Started,0.093,0
3.0,2.0,934.82,0.0,0.0,1.0,Session Started,0.25,0
9.0,1.0,1655.13,0.0,0.0,1.0,Session Started,0.45,1
3.0,1.0,3253.9,0.0,0.0,1.0,Session Started,0.31,0
3.0,2.0,1196.8,0.0,0.0,1.0,Session Started,0.25,0
5.0,2.0,929.17,0.0,0.0,1.0,Session Started,0.297,0
2.0,9.0,3234.84,0.0,0.0,1.0,Session Started,0.047,0
1.0,2.0,1243.07,0.0,0.0,1.0,Session Started,0.203,1
3.0,2.0,2789.57,0.0,0.0,1.0,Session Started,0.25,0
3.0,4.0,743.07,0.0,0.0,1.0,Session Started,0.13,0
2.0,1.0,612.86,0.0,0.0,1.0,Session Started,0.287,1
3.0,5.0,3308.38,0.0,0.0,1.0,Session Started,0.07,0
3.0,1.0,2212.8,0.0,0.0,1.0,Session Started,0.31,0
2.0,2.0,3781.83,0.0,0.0,1.0,Session Started,0.227,0
3.0,8.0,1180.77,0.0,0.0,1.0,Session Started,0.07,0
7.0,4.0,957.11,0.0,1.0,0.0,Downgrade Clicked,0.75,0
2.0,6.0,5369.96,0.0,0.0,1.0,Session Started,0.047,0
11.0,2.0,534.66,0.0,0.0,1.0,Session Started,0.437,0
10.0,5.0,4920.52,0.0,0.0,1.0,Session Started,0.233,1
3.0,2.0,5199.95,0.0,0.0,1.0,Session Started,0.25,0
2.0,2.0,3597.78,0.0,0.0,1.0,Session Started,0.227,0
4.0,1.0,1042.89,0.0,0.0,1.0,Session Started,0.333,1
8.0,1.0,940.85,0.0,0.0,1.0,Session Started,0.427,1
6.0,2.0,1528.37,0.0,1.0,0.0,Downgrade Clicked,0.75,0
8.0,1.0,641.6,0.0,1.0,0.0,Downgrade Clicked,0.75,1
4.0,3.0,837.69,0.0,0.0,1.0,Session Started,0.213,0
5.0,5.0,3028.39,1.0,0.0,0.0,Cancellation Page Viewed,0.9,1
2.0,8.0,3039.59,0.0,1.0,0.0,Downgrade Clicked,0.75,1
7.0,1.0,780.82,0.0,0.0,1.0,Session Started,0.403,0
1.0,9.0,3105.4,0.0,0.0,1.0,Session Started,0.023,0
7.0,1.0,2600.46,0.0,0.0,1.0,Session Started,0.403,1
9.0,2.0,6050.58,0.0,0.0,1.0,Session Started,0.39,1
1.0,5.0,2850.67,0.0,0.0,1.0,Session Started,0.023,0
5.0,1.0,4216.94,0.0,0.0,1.0,Session Started,0.357,1
1.0,1.0,2648.27,0.0,0.0,1.0,Session Started,0.263,0
7.0,1.0,3959.78,0.0,0.0,1.0,Session Started,0.403,1
0.0,2.0,645.68,0.0,0.0,1.0,Session Started,0.18,1
10.0,5.0,1640.25,0.0,0.0,1.0,Session Started,0.233,0
1.0,1.0,1752.53,0.0,1.0,0.0,Downgrade Clicked,0.75,0
11.0,1.0,1487.72,1.0,0.0,0.0,Cancellation Page Viewed,0.9,1
8.0,2.0,2578.88,0.0,0.0,1.0,Session Started,0.367,0
4.0,1.0,3003.41,0.0,0.0,1.0,Session Started,0.333,1
8.0,3.0,2474.53,0.0,1.0,0.0,Downgrade Clicked,0.75,1
8.0,9.0,1569.39,0.0,0.0,1.0,Session Started,0.187,0
11.0,3.0,1003.67,1.0,0.0,0.0,Cancellation Page Viewed,0.9,1
2.0,7.0,4349.21,0.0,0.0,1.0,Session Started,0.047,0
4.0,2.0,2391.76,0.0,0.0,1.0,Session Started,0.273,0
1.0,5.0,800.4,0.0,0.0,1.0,Session Started,0.023,1
5.0,1.0,1548.51,0.0,0.0,1.0,Session Started,0.357,0
1.0,1.0,448.25,0.0,0.0,1.0,Session Started,0.263,0
4.0,2.0,1859.93,0.0,0.0,1.0,Session Started,0.273,0
4.0,1.0,1542.71,0.0,0.0,1.0,Session Started,0.333,1
3.0,7.0,1141.87,0.0,0.0,1.0,Session Started,0.07,0
3.0,2.0,6423.25,0.0,0.0,1.0,Session Started,0.25,1
8.0,10.0,717.0,0.0,0.0,1.0,Session Started,0.187,0
8.0,1.0,3181.52,0.0,0.0,1.0,Session Started,0.427,0
3.0,2.0,10397.98,0.0,0.0,1.0,Session Started,0.25,0
4.0,3.0,4280.45,0.0,0.0,1.0,Session Started,0.213,0
10.0,1.0,1762.99,0.0,0.0,1.0,Session Started,0.473,0
1.0,2.0,729.78,0.0,0.0,1.0,Session Started,0.203,1
1.0,2.0,608.11,0.0,0.0,1.0,Session Started,0.203,1
0.0,13.0,1300.83,0.0,0.0,1.0,Session Started,0.0,0
6.0,3.0,1043.57,0.0,0.0,1.0,Session Started,0.26,0
3.0,1.0,1016.75,0.0,0.0,1.0,Session Started,0.31,0
8.0,2.0,1392.63,0.0,0.0,1.0,Session Started,0.367,1
6.0,2.0,1666.04,0.0,0.0,1.0,Session Started,0.32,0
2.0,1.0,2665.56,0.0,1.0,0.0,Downgrade Clicked,0.75,1
9.0,2.0,671.67,0.0,0.0,1.0,Session Started,0.39,0
8.0,1.0,1047.55,0.0,0.0,1.0,Session Started,0.427,0
2.0,1.0,1591.23,0.0,0.0,1.0,Session Started,0.287,0
3.0,2.0,1546.29,0.0,0.0,1.0,Session Started,0.25,1
2.0,1.0,7856.83,0.0,0.0,1.0,Session Started,0.287,0
1.0,2.0,2177.21,0.0,0.0,1.0,Session Started,0.203,0
1.0,1.0,497.27,0.0,0.0,1.0,Session Started,0.263,0
10.0,3.0,2526.39,0.0,0.0,1.0,Session Started,0.353,1
3.0,1.0,2797.64,0.0,0.0,1.0,Session Started,0.31,0
3.0,7.0,1635.82,0.0,0.0,1.0,Session Started,0.07,1
7.0,1.0,684.91,0.0,0.0,1.0,Session Started,0.403,0
4.0,2.0,7379.37,0.0,0.0,1.0,Session Started,0.273,0
10.0,1.0,768.23,0.0,0.0,1.0,Session Started,0.473,1
8.0,1.0,3067.5,0.0,0.0,1.0,Session Started,0.427,0
3.0,2.0,2121.84,0.0,0.0,1.0,Session Started,0.25,0
3.0,5.0,2923.83,0.0,0.0,1.0,Session Started,0.07,0
14.0,8.0,7083.24,0.0,0.0,1.0,Session Started,0.327,0
7.0,1.0,2833.62,0.0,0.0,1.0,Session Started,0.403,0
11.0,1.0,1156.4,0.0,0.0,1.0,Session Started,0.497,1
1.0,3.0,4379.96,0.0,0.0,1.0,Session Started,0.143,0
8.0,2.0,1091.3,0.0,0.0,1.0,Session Started,0.367,0
5.0,1.0,2060.79,0.0,0.0,1.0,Session Started,0.357,0
1.0,3.0,642.61,1.0,0.0,0.0,Cancellation Page Viewed,0.9,1
4.0,2.0,791.06,0.0,0.0,1.0,Session Started,0.273,0
7.0,2.0,1883.92,0.0,1.0,0.0,Downgrade Clicked,0.75,1
0.0,2.0,2427.14,0.0,0.0,1.0,Session Started,0.18,0
3.0,2.0,463.17,0.0,0.0,1.0,Session Started,0.25,0
8.0,1.0,2691.44,0.0,0.0,1.0,Session Started,0.427,1
2.0,3.0,938.66,0.0,0.0,1.0,Session Started,0.167,1
3.0,1.0,5032.89,0.0,0.0,1.0,Session Started,0.31,0
3.0,4.0,1364.34,0.0,0.0,1.0,Session Started,0.13,0
2.0,4.0,735.91,0.0,0.0,1.0,Session Started,0.107,1
10.0,3.0,1921.08,0.0,1.0,0.0,Downgrade Clicked,0.75,1
8.0,1.0,868.71,0.0,0.0,1.0,Session Started,0.427,1
1.0,1.0,4989.82,0.0,0.0,1.0,Session Started,0.263,0
17.0,2.0,1808.81,0.0,0.0,1.0,Session Started,0.577,1
9.0,2.0,1601.44,0.0,0.0,1.0,Session Started,0.39,1
2.0,8.0,2902.83,0.0,0.0,1.0,Session Started,0.047,0
8.0,2.0,809.2,0.0,0.0,1.0,Session Started,0.367,1
1.0,7.0,644.63,0.0,1.0,0.0,Downgrade Clicked,0.75,1
18.0,1.0,2506.6,0.0,0.0,1.0,Session Started,0.66,1
6.0,2.0,750.14,0.0,0.0,1.0,Session Started,0.32,0
5.0,1.0,749.94,0.0,0.0,1.0,Session Started,0.357,1
0.0,3.0,3531.24,0.0,0.0,1.0,Session Started,0.12,0
9.0,1.0,2751.91,0.0,0.0,1.0,Session Started,0.45,1
0.0,1.0,663.11,0.0,0.0,1.0,Session Started,0.24,0
2.0,4.0,1101.79,0.0,0.0,1.0,Session Started,0.107,0
1.0,2.0,877.45,0.0,1.0,0.0,Downgrade Clicked,0.75,1
8.0,1.0,7487.99,0.0,0.0,1.0,Session Started,0.427,0
1.0,1.0,3732.41,0.0,0.0,1.0,Session Started,0.263,0
9.0,2.0,1291.2,0.0,0.0,1.0,Session Started,0.39,0
6.0,1.0,2866.81,0.0,0.0,1.0,Session Started,0.38,0
0.0,1.0,610.97,0.0,1.0,0.0,Downgrade Clicked,0.75,1
0.0,2.0,1055.62,0.0,0.0,1.0,Session Started,0.18,0
0.0,1.0,1966.26,0.0,0.0,1.0,Session Started,0.24,0
4.0,2.0,2596.15,0.0,0.0,1.0,Session Started,0.273,1
8.0,2.0,1672.43,0.0,0.0,1.0,Session Started,0.367,0
2.0,1.0,2204.84,0.0,0.0,1.0,Session Started,0.287,0
8.0,1.0,1924.98,0.0,0.0,1.0,Session Started,0.427,0
0.0,1.0,1586.27,0.0,0.0,1.0,Session Started,0.24,0
8.0,1.0,1426.65,0.0,0.0,1.0,Session Started,0.427,1
10.0,1.0,1285.61,0.0,0.0,1.0,Session Started,0.473,1
8.0,7.0,2176.67,0.0,0.0,1.0,Session Started,0.187,0
7.0,5.0,2511.54,0.0,0.0,1.0,Session Started,0.163,0
8.0,2.0,2118.97,0.0,0.0,1.0,Session Started,0.367,0
0.0,2.0,704.24,0.0,0.0,1.0,Session Started,0.18,0
1.0,2.0,813.1,0.0,1.0,0.0,Downgrade Clicked,0.75,1
1.0,5.0,2487.68,0.0,0.0,1.0,Session Started,0.023,0
3.0,1.0,5868.41,0.0,0.0,1.0,Session Started,0.31,1
7.0,1.0,2042.51,0.0,0.0,1.0,Session Started,0.403,0
5.0,1.0,1300.71,0.0,0.0,1.0,Session Started,0.357,0
8.0,1.0,2163.48,0.0,0.0,1.0,Session Started,0.427,0
1.0,1.0,728.18,0.0,0.0,1.0,Session Started,0.263,0
7.0,7.0,5152.07,0.0,0.0,1.0,Session Started,0.163,0
1.0,8.0,2099.12,0.0,0.0,1.0,Session Started,0.023,0
2.0,1.0,1058.32,0.0,0.0,1.0,Session Started,0.287,0
7.0,2.0,1582.19,0.0,0.0,1.0,Session Started,0.343,0
13.0,2.0,1186.03,0.0,0.0,1.0,Session Started,0.483,0
5.0,2.0,5163.32,0.0,0.0,1.0,Session Started,0.297,1
0.0,2.0,1537.95,1.0,0.0,0.0,Cancellation Page Viewed,0.9,1
5.0,1.0,2047.33,0.0,0.0,1.0,Session Started,0.357,0
0.0,5.0,2861.16,0.0,0.0,1.0,Session Started,0.0,0
9.0,12.0,999.63,0.0,1.0,0.0,Downgrade Clicked,0.75,0
7.0,2.0,2111.11,0.0,0.0,1.0,Session Started,0.343,0
1.0,2.0,2251.94,0.0,0.0,1.0,Session Started,0.203,0
0.0,2.0,521.51,0.0,0.0,1.0,Session Started,0.18,0
1.0,2.0,2213.12,0.0,0.0,1.0,Session Started,0.203,0
13.0,1.0,1743.05,0.0,0.0,1.0,Session Started,0.543,1
3.0,2.0,2006.15,0.0,0.0,1.0,Session Started,0.25,0
8.0,1.0,1860.32,0.0,0.0,1.0,Session Started,0.427,1
5.0,5.0,2224.61,0.0,0.0,1.0,Session Started,0.117,0
4.0,2.0,5270.47,0.0,0.0,1.0,Session Started,0.273,1
1.0,2.0,703.73,0.0,0.0,1.0,Session Started,0.203,0
11.0,2.0,1375.1,0.0,0.0,1.0,Session Started,0.437,0
2.0,12.0,3081.88,0.0,0.0,1.0,Session Started,0.047,0
4.0,1.0,2656.44,0.0,0.0,1.0,Session Started,0.333,0
7.0,1.0,2611.09,0.0,0.0,1.0,Session Started,0.403,0
5.0,1.0,16364.37,0.0,0.0,1.0,Session Started,0.357,0
10.0,2.0,2955.16,0.0,1.0,0.0,Downgrade Clicked,0.75,1
1.0,15.0,4468.24,0.0,0.0,1.0,Session Started,0.023,0
3.0,1.0,1414.23,0.0,0.0,1.0,Session Started,0.31,0
3.0,7.0,817.03,0.0,0.0,1.0,Session Started,0.07,0
3.0,1.0,1406.06,0.0,0.0,1.0,Session Started,0.31,1
1.0,2.0,3195.72,0.0,0.0,1.0,Session Started,0.203,1
1.0,1.0,2503.54,0.0,0.0,1.0,Session Started,0.263,0
2.0,2.0,2496.39,0.0,0.0,1.0,Session Started,0.227,0
2.0,2.0,1523.13,0.0,0.0,1.0,Session Started,0.227,0
3.0,2.0,1340.71,0.0,1.0,0.0,Downgrade Clicked,0.75,1
5.0,1.0,1565.74,0.0,0.0,1.0,Session Started,0.357,0
5.0,5.0,3227.88,0.0,0.0,1.0,Session Started,0.117,0
3.0,12.0,3542.48,0.0,0.0,1.0,Session Started,0.07,0
3.0,2.0,808.36,0.0,0.0,1.0,Session Started,0.25,1
2.0,2.0,3327.16,1.0,0.0,0.0,Cancellation Page Viewed,0.9,1
4.0,4.0,1074.3,0.0,0.0,1.0,Session Started,0.153,0
2.0,1.0,2631.05,0.0,0.0,1.0,Session Started,0.287,0
0.0,6.0,1550.65,0.0,1.0,0.0,Downgrade Clicked,0.75,1
3.0,1.0,6327.31,0.0,0.0,1.0,Session Started,0.31,1
3.0,4.0,1294.06,0.0,0.0,1.0,Session Started,0.13,0
2.0,1.0,2085.76,0.0,0.0,1.0,Session Started,0.287,0
4.0,1.0,2937.38,0.0,0.0,1.0,Session Started,0.333,0
4.0,2.0,898.6,0.0,0.0,1.0,Session Started,0.273,0
7.0,2.0,1705.67,1.0,0.0,0.0,Cancellation Page Viewed,0.9,1
5.0,6.0,1460.79,0.0,0.0,1.0,Session Started,0.117,0
6.0,16.0,1198.65,0.0,0.0,1.0,Session Started,0.14,0
2.0,1.0,1271.84,0.0,0.0,1.0,Session Started,0.287,1
8.0,1.0,4401.11,0.0,0.0,1.0,Session Started,0.427,0
4.0,2.0,1120.08,0.0,0.0,1.0,Session Started,0.273,1
3.0,2.0,2844.45,0.0,0.0,1.0,Session Started,0.25,0
5.0,2.0,2325.47,0.0,0.0,1.0,Session Started,0.297,0
3.0,6.0,591.35,0.0,0.0,1.0,Session Started,0.07,0
3.0,3.0,2738.97,0.0,0.0,1.0,Session Started,0.19,0
7.0,1.0,583.58,0.0,0.0,1.0,Session Started,0.403,0
9.0,2.0,2988.34,0.0,0.0,1.0,Session Started,0.39,1
10.0,2.0,1205.01,0.0,0.0,1.0,Session Started,0.413,0
3.0,2.0,1820.19,0.0,0.0,1.0,Session Started,0.25,0
3.0,1.0,641.99,0.0,1.0,0.0,Downgrade Clicked,0.75,1
8.0,2.0,1994.02,0.0,0.0,1.0,Session Started,0.367,0
2.0,2.0,3795.46,0.0,0.0,1.0,Session Started,0.227,1
8.0,1.0,948.07,0.0,0.0,1.0,Session Started,0.427,1
3.0,3.0,1112.39,0.0,0.0,1.0,Session Started,0.19,0
1.0,1.0,2601.12,1.0,0.0,0.0,Cancellation Page Viewed,0.9,1
0.0,2.0,2653.66,0.0,0.0,1.0,Session Started,0.18,0
8.0,2.0,257.92,0.0,0.0,1.0,Session Started,0.367,0
0.0,7.0,9066.35,0.0,0.0,1.0,Session Started,0.0,0
2.0,1.0,2759.6,0.0,0.0,1.0,Session Started,0.287,1
2.0,1.0,3157.5,0.0,1.0,0.0,Downgrade Clicked,0.75,1
1.0,1.0,1611.9,0.0,1.0,0.0,Downgrade Clicked,0.75,1
2.0,2.0,409.82,0.0,0.0,1.0,Session Started,0.227,0
7.0,1.0,3101.92,0.0,0.0,1.0,Session Started,0.403,0
0.0,3.0,1150.38,0.0,0.0,1.0,Session Started,0.12,0
8.0,1.0,2793.76,0.0,0.0,1.0,Session Started,0.427,0
9.0,1.0,1517.71,0.0,1.0,0.0,Downgrade Clicked,0.75,1
3.0,2.0,2187.32,0.0,0.0,1.0,Session Started,0.25,0
1.0,4.0,972.63,0.0,0.0,1.0,Session Started,0.083,0
4.0,6.0,3610.17,0.0,0.0,1.0,Session Started,0.093,0
1.0,3.0,698.75,0.0,0.0,1.0,Session Started,0.143,0
3.0,2.0,10899.32,0.0,0.0,1.0,Session Started,0.25,0
11.0,3.0,10833.07,0.0,0.0,1.0,Session Started,0.377,0
17.0,2.0,6675.23,0.0,0.0,1.0,Session Started,0.577,0
8.0,1.0,5015.98,0.0,0.0,1.0,Session Started,0.427,0
2.0,2.0,1689.79,0.0,0.0,1.0,Session Started,0.227,1
7.0,3.0,4597.36,0.0,0.0,1.0,Session Started,0.283,0
7.0,1.0,1674.15,0.0,0.0,1.0,Session Started,0.403,0
3.0,2.0,521.75,1.0,0.0,0.0,Cancellation Page Viewed,0.9,0
5.0,2.0,6018.31,0.0,0.0,1.0,Session Started,0.297,1
0.0,2.0,4460.69,0.0,0.0,1.0,Session Started,0.18,0
2.0,1.0,1763.28,0.0,0.0,1.0,Session Started,0.287,0
3.0,2.0,678.48,0.0,0.0,1.0,Session Started,0.25,0
1.0,6.0,1131.21,0.0,1.0,0.0,Downgrade Clicked,0.75,1
1.0,1.0,421.19,0.0,0.0,1.0,Session Started,0.263,0
8.0,2.0,3850.91,0.0,0.0,1.0,Session Started,0.367,0
15.0,1.0,501.37,0.0,0.0,1.0,Session Started,0.59,0
4.0,1.0,2274.38,0.0,0.0,1.0,Session Started,0.333,1
8.0,15.0,920.62,0.0,0.0,1.0,Session Started,0.187,1
15.0,2.0,577.46,0.0,0.0,1.0,Session Started,0.53,1
1.0,2.0,2187.87,0.0,0.0,1.0,Session Started,0.203,1
3.0,1.0,1384.31,1.0,0.0,0.0,Cancellation Page Viewed,0.9,1
3.0,13.0,3535.29,0.0,0.0,1.0,Session Started,0.07,0
0.0,1.0,655.84,0.0,0.0,1.0,Session Started,0.24,0
7.0,3.0,986.49,0.0,0.0,1.0,Session Started,0.283,0
3.0,1.0,267.71,0.0,0.0,1.0,Session Started,0.31,0
3.0,1.0,314.98,0.0,0.0,1.0,Session Started,0.31,0
1.0,2.0,7620.17,0.0,0.0,1.0,Session Started,0.203,0
1.0,1.0,9574.69,0.0,0.0,1.0,Session Started,0.263,0
9.0,2.0,1947.26,0.0,0.0,1.0,Session Started,0.39,1
0.0,1.0,935.37,0.0,0.0,1.0,Session Started,0.24,0
2.0,3.0,1424.02,0.0,0.0,1.0,Session Started,0.167,0
2.0,3.0,3636.8,0.0,0.0,1.0,Session Started,0.167,0
3.0,3.0,1198.1,0.0,0.0,1.0,Session Started,0.19,0
4.0,1.0,2186.61,0.0,1.0,0.0,Downgrade Clicked,0.75,1
3.0,3.0,1789.69,0.0,0.0,1.0,Session Started,0.19,0
0.0,15.0,1147.05,0.0,0.0,1.0,Session Started,0.0,0
2.0,1.0,1186.84,0.0,0.0,1.0,Session Started,0.287,1
8.0,1.0,2286.22,0.0,0.0,1.0,Session Started,0.427,0
5.0,5.0,827.57,0.0,0.0,1.0,Session Started,0.117,0
5.0,1.0,2595.11,0.0,0.0,1.0,Session Started,0.357,1
6.0,2.0,1239.84,0.0,0.0,1.0,Session Started,0.32,1
8.0,3.0,2001.98,0.0,0.0,1.0,Session Started,0.307,1
0.0,1.0,5470.74,0.0,0.0,1.0,Session Started,0.24,0
3.0,2.0,1580.42,0.0,0.0,1.0,Session Started,0.25,1
4.0,2.0,3773.82,0.0,0.0,1.0,Session Started,0.273,1
2.0,1.0,431.11,0.0,0.0,1.0,Session Started,0.287,0
8.0,7.0,1241.05,0.0,1.0,0.0,Downgrade Clicked,0.75,0
3.0,1.0,1848.54,0.0,0.0,1.0,Session Started,0.31,0
8.0,2.0,8422.52,1.0,0.0,0.0,Cancellation Page Viewed,0.9,0
8.0,6.0,376.92,0.0,0.0,1.0,Session Started,0.187,1
3.0,1.0,1674.1,0.0,0.0,1.0,Session Started,0.31,0
9.0,5.0,5798.48,0.0,0.0,1.0,Session Started,0.21,0
4.0,1.0,964.86,0.0,0.0,1.0,Session Started,0.333,1
8.0,2.0,1524.97,0.0,0.0,1.0,Session Started,0.367,0
2.0,1.0,2357.58,0.0,0.0,1.0,Session Started,0.287,0
3.0,2.0,2095.62,0.0,0.0,1.0,Session Started,0.25,0
4.0,4.0,6327.22,0.0,0.0,1.0,Session Started,0.153,0
1.0,6.0,2588.36,0.0,1.0,0.0,Downgrade Clicked,0.75,1
3.0,13.0,5230.27,0.0,0.0,1.0,Session Started,0.07,0
10.0,2.0,1355.59,0.0,1.0,0.0,Downgrade Clicked,0.75,0
5.0,3.0,999.82,0.0,0.0,1.0,Session Started,0.237,0
1.0,2.0,1509.33,0.0,0.0,1.0,Session Started,0.203,1
2.0,8.0,715.31,0.0,0.0,1.0,Session Started,0.047,0
1.0,2.0,2661.94,0.0,0.0,1.0,Session Started,0.203,0
0.0,7.0,1327.82,0.0,0.0,1.0,Session Started,0.0,0
10.0,1.0,1056.34,0.0,0.0,1.0,Session Started,0.473,1
3.0,2.0,2694.39,0.0,0.0,1.0,Session Started,0.25,0
2.0,3.0,724.17,0.0,0.0,1.0,Session Started,0.167,1
4.0,1.0,3348.95,1.0,0.0,0.0,Cancellation Page Viewed,0.9,1
0.0,1.0,1233.15,0.0,0.0,1.0,Session Started,0.24,0
2.0,13.0,4570.04,0.0,0.0,1.0,Session Started,0.047,0
7.0,2.0,1320.56,0.0,0.0,1.0,Session Started,0.343,0
5.0,1.0,2997.48,0.0,0.0,1.0,Session Started,0.357,0
14.0,2.0,2087.35,0.0,0.0,1.0,Session Started,0.507,0
5.0,2.0,3278.44,0.0,0.0,1.0,Session Started,0.297,0
3.0,2.0,1974.28,0.0,0.0,1.0,Session Started,0.25,0
8.0,8.0,477.84,0.0,0.0,1.0,Session Started,0.187,0
9.0,14.0,4052.28,0.0,0.0,1.0,Session Started,0.21,0
7.0,2.0,1685.56,0.0,0.0,1.0,Session Started,0.343,0
12.0,2.0,3400.28,0.0,0.0,1.0,Session Started,0.46,0
8.0,1.0,3140.69,0.0,1.0,0.0,Downgrade Clicked,0.75,1
9.0,6.0,973.95,0.0,0.0,1.0,Session Started,0.21,0
1.0,1.0,869.71,0.0,0.0,1.0,Session Started,0.263,0
7.0,1.0,3054.23,0.0,0.0,1.0,Session Started,0.403,1
3.0,12.0,1418.56,0.0,0.0,1.0,Session Started,0.07,0
4.0,6.0,3824.35,0.0,0.0,1.0,Session Started,0.093,0
6.0,1.0,1567.82,0.0,0.0,1.0,Session Started,0.38,1
12.0,2.0,4099.94,0.0,0.0,1.0,Session Started,0.46,0
14.0,2.0,2536.76,0.0,0.0,1.0,Session Started,0.507,0
2.0,1.0,2276.47,0.0,0.0,1.0,Session Started,0.287,0
7.0,1.0,1340.49,0.0,0.0,1.0,Session Started,0.403,0
7.0,1.0,2177.52,0.0,0.0,1.0,Session Started,0.403,1
2.0,2.0,4695.14,0.0,0.0,1.0,Session Started,0.227,1
1.0,2.0,1731.3,0.0,0.0,1.0,Session Started,0.203,0
0.0,2.0,2765.4,0.0,0.0,1.0,Session Started,0.18,0
8.0,1.0,1876.36,0.0,0.0,1.0,Session Started,0.427,0
3.0,8.0,1997.56,0.0,0.0,1.0,Session Started,0.07,0
14.0,2.0,7177.66,0.0,0.0,1.0,Session Started,0.507,1
3.0,7.0,4728.6,0.0,0.0,1.0,Session Started,0.07,0
13.0,1.0,1926.62,0.0,0.0,1.0,Session Started,0.543,0
3.0,2.0,2146.43,0.0,0.0,1.0,Session Started,0.25,0
8.0,6.0,1031.23,0.0,0.0,1.0,Session Started,0.187,1
0.0,2.0,1574.39,0.0,0.0,1.0,Session Started,0.18,0
4.0,1.0,2315.82,0.0,0.0,1.0,Session Started,0.333,0
8.0,1.0,3570.61,0.0,0.0,1.0,Session Started,0.427,0
10.0,1.0,3292.42,0.0,0.0,1.0,Session Started,0.473,1
8.0,2.0,744.41,0.0,0.0,1.0,Session Started,0.367,1
0.0,2.0,3950.46,0.0,0.0,1.0,Session Started,0.18,0
3.0,1.0,1684.09,0.0,0.0,1.0,Session Started,0.31,0
0.0,2.0,820.9,0.0,0.0,1.0,Session Started,0.18,1
1.0,1.0,5266.43,0.0,0.0,1.0,Session Started,0.263,0
7.0,2.0,5829.13,1.0,0.0,0.0,Cancellation Page Viewed,0.9,1
7.0,2.0,2232.77,0.0,0.0,1.0,Session Started,0.343,0
8.0,1.0,3187.64,0.0,0.0,1.0,Session Started,0.427,0
9.0,1.0,3340.78,0.0,1.0,0.0,Downgrade Clicked,0.75,0
7.0,1.0,5522.68,0.0,0.0,1.0,Session Started,0.403,0
8.0,1.0,3237.17,0.0,0.0,1.0,Session Started,0.427,0
0.0,2.0,625.06,0.0,0.0,1.0,Session Started,0.18,0
2.0,1.0,9025.83,0.0,1.0,0.0,Downgrade Clicked,0.75,1
5.0,1.0,4240.88,0.0,0.0,1.0,Session Started,0.357,0
9.0,15.0,1202.77,0.0,0.0,1.0,Session Started,0.21,0
0.0,8.0,793.38,0.0,1.0,0.0,Downgrade Clicked,0.75,1
3.0,1.0,2707.69,0.0,0.0,1.0,Session Started,0.31,0
7.0,1.0,1447.21,1.0,0.0,0.0,Cancellation Page Viewed,0.9,0
0.0,2.0,2354.29,0.0,0.0,1.0,Session Started,0.18,0
3.0,6.0,3277.14,0.0,1.0,0.0,Downgrade Clicked,0.75,1
9.0,4.0,1149.23,0.0,0.0,1.0,Session Started,0.27,0
7.0,1.0,740.34,0.0,0.0,1.0,Session Started,0.403,0
2.0,1.0,2461.82,0.0,1.0,0.0,Downgrade Clicked,0.75,1
8.0,2.0,1180.02,0.0,0.0,1.0,Session Started,0.367,1
2.0,7.0,2032.2,0.0,0.0,1.0,Session Started,0.047,0
8.0,7.0,617.29,0.0,0.0,1.0,Session Started,0.187,1
2.0,1.0,1477.72,0.0,0.0,1.0,Session Started,0.287,0
4.0,2.0,3203.38,0.0,0.0,1.0,Session Started,0.273,1
3.0,1.0,2935.83,0.0,1.0,0.0,Downgrade Clicked,0.75,1
2.0,2.0,962.29,0.0,0.0,1.0,Session Started,0.227,0
9.0,8.0,710.09,0.0,0.0,1.0,Session Started,0.21,0
1.0,2.0,1830.99,0.0,0.0,1.0,Session Started,0.203,0
0.0,1.0,2832.25,0.0,1.0,0.0,Downgrade Clicked,0.75,1
2.0,2.0,2500.24,0.0,0.0,1.0,Session Started,0.227,1
7.0,2.0,1200.23,0.0,0.0,1.0,Session Started,0.343,0
8.0,5.0,2294.48,0.0,0.0,1.0,Session Started,0.187,0
18.0,2.0,6014.23,0.0,1.0,0.0,Downgrade Clicked,0.75,1
2.0,7.0,2130.51,0.0,0.0,1.0,Session Started,0.047,0
3.0,1.0,489.55,0.0,0.0,1.0,Session Started,0.31,0
1.0,1.0,2127.2,0.0,0.0,1.0,Session Started,0.263,1
4.0,1.0,9275.81,0.0,0.0,1.0,Session Started,0.333,1
18.0,1.0,645.54,0.0,0.0,1.0,Session Started,0.66,1
7.0,1.0,1851.55,0.0,0.0,1.0,Session Started,0.403,0
4.0,2.0,1508.59,0.0,0.0,1.0,Session Started,0.273,0
3.0,1.0,1952.19,0.0,0.0,1.0,Session Started,0.31,0
10.0,1.0,2112.02,0.0,0.0,1.0,Session Started,0.473,0
3.0,1.0,4500.65,0.0,0.0,1.0,Session Started,0.31,0
1.0,1.0,1934.93,0.0,0.0,1.0,Session Started,0.263,1
3.0,7.0,5023.13,0.0,0.0,1.0,Session Started,0.07,0
0.0,9.0,1645.62,0.0,0.0,1.0,Session Started,0.0,0
1.0,1.0,1366.34,0.0,0.0,1.0,Session Started,0.263,1
0.0,3.0,1058.55,0.0,0.0,1.0,Session Started,0.12,0
3.0,3.0,422.56,0.0,0.0,1.0,Session Started,0.19,0
5.0,16.0,2254.37,0.0,0.0,1.0,Session Started,0.117,0
2.0,2.0,9350.64,0.0,0.0,1.0,Session Started,0.227,1
3.0,1.0,2608.65,0.0,0.0,1.0,Session Started,0.31,1
11.0,2.0,3131.91,0.0,0.0,1.0,Session Started,0.437,1
7.0,6.0,1299.29,0.0,0.0,1.0,Session Started,0.163,0
4.0,3.0,1487.03,0.0,0.0,1.0,Session Started,0.213,1
2.0,2.0,3974.73,0.0,0.0,1.0,Session Started,0.227,1
9.0,1.0,9017.79,0.0,0.0,1.0,Session Started,0.45,0
2.0,3.0,5945.31,0.0,0.0,1.0,Session Started,0.167,0
2.0,6.0,3443.33,0.0,0.0,1.0,Session Started,0.047,0
9.0,2.0,1859.61,0.0,0.0,1.0,Session Started,0.39,0
4.0,2.0,2138.32,0.0,0.0,1.0,Session Started,0.273,1
7.0,2.0,989.49,0.0,0.0,1.0,Session Started,0.343,0
4.0,2.0,567.63,0.0,0.0,1.0,Session Started,0.273,0
6.0,2.0,734.04,0.0,0.0,1.0,Session Started,0.32,0
2.0,4.0,1881.53,0.0,0.0,1.0,Session Started,0.107,0
2.0,13.0,1431.4,0.0,0.0,1.0,Session Started,0.047,0
2.0,2.0,558.05,0.0,0.0,1.0,Session Started,0.227,1
1.0,2.0,1754.85,0.0,0.0,1.0,Session Started,0.203,0
9.0,2.0,1401.44,0.0,0.0,1.0,Session Started,0.39,1
2.0,1.0,707.49,0.0,0.0,1.0,Session Started,0.287,0
4.0,1.0,1344.61,0.0,0.0,1.0,Session Started,0.333,1
8.0,1.0,1398.61,0.0,0.0,1.0,Session Started,0.427,0
8.0,2.0,1103.99,0.0,0.0,1.0,Session Started,0.367,1
3.0,1.0,3794.61,0.0,0.0,1.0,Session Started,0.31,0
3.0,2.0,394.52,0.0,1.0,0.0,Downgrade Clicked,0.75,1
17.0,4.0,369.21,0.0,0.0,1.0,Session Started,0.457,1
7.0,1.0,1812.8,0.0,0.0,1.0,Session Started,0.403,0
8.0,2.0,1952.57,0.0,0.0,1.0,Session Started,0.367,0
9.0,7.0,2498.32,0.0,1.0,0.0,Downgrade Clicked,0.75,1
8.0,2.0,1174.76,0.0,0.0,1.0,Session Started,0.367,1
1.0,1.0,867.54,0.0,0.0,1.0,Session Started,0.263,0
4.0,2.0,1797.49,0.0,0.0,1.0,Session Started,0.273,0
1.0,2.0,1269.96,0.0,0.0,1.0,Session Started,0.203,0
6.0,2.0,6253.25,0.0,0.0,1.0,Session Started,0.32,1
11.0,1.0,1394.96,0.0,1.0,0.0,Downgrade Clicked,0.75,1
3.0,2.0,1732.73,0.0,1.0,0.0,Downgrade Clicked,0.75,1
3.0,2.0,13099.57,0.0,1.0,0.0,Downgrade Clicked,0.75,1
0.0,1.0,1547.18,0.0,0.0,1.0,Session Started,0.24,0
12.0,2.0,2821.22,0.0,0.0,1.0,Session Started,0.46,0
1.0,1.0,3032.21,0.0,0.0,1.0,Session Started,0.263,1
0.0,2.0,3245.81,0.0,0.0,1.0,Session Started,0.18,0
2.0,4.0,2279.22,0.0,0.0,1.0,Session Started,0.107,0
0.0,1.0,2111.33,0.0,0.0,1.0,Session Started,0.24,1
3.0,2.0,1959.15,0.0,0.0,1.0,Session Started,0.25,0
3.0,2.0,1140.48,1.0,0.0,0.0,Cancellation Page Viewed,0.9,1
2.0,1.0,2345.88,0.0,0.0,1.0,Session Started,0.287,1
0.0,8.0,9162.89,0.0,0.0,1.0,Session Started,0.0,0
1.0,2.0,4762.58,0.0,0.0,1.0,Session Started,0.203,1
3.0,1.0,2305.69,0.0,0.0,1.0,Session Started,0.31,0
0.0,8.0,3585.54,0.0,0.0,1.0,Session Started,0.0,0
7.0,3.0,902.04,0.0,0.0,1.0,Session Started,0.283,0
1.0,2.0,1467.9,0.0,0.0,1.0,Session Started,0.203,0
2.0,1.0,3859.45,0.0,0.0,1.0,Session Started,0.287,0
3.0,1.0,5941.6,0.0,0.0,1.0,Session Started,0.31,0
3.0,2.0,975.85,0.0,1.0,0.0,Downgrade Clicked,0.75,1
0.0,1.0,1227.98,0.0,0.0,1.0,Session Started,0.24,1
1.0,1.0,10353.71,0.0,0.0,1.0,Session Started,0.263,0
9.0,4.0,1952.78,0.0,0.0,1.0,Session Started,0.27,0
0.0,1.0,7775.16,0.0,0.0,1.0,Session Started,0.24,1
3.0,1.0,2133.43,0.0,0.0,1.0,Session Started,0.31,0
3.0,1.0,2201.61,0.0,0.0,1.0,Session Started,0.31,0
2.0,2.0,1416.02,0.0,0.0,1.0,Session Started,0.227,0
3.0,2.0,3843.14,0.0,0.0,1.0,Session Started,0.25,0
8.0,6.0,5357.34,0.0,0.0,1.0,Session Started,0.187,0
8.0,1.0,789.97,0.0,1.0,0.0,Downgrade Clicked,0.75,1
2.0,1.0,1363.81,0.0,0.0,1.0,Session Started,0.287,0
2.0,2.0,3759.58,0.0,0.0,1.0,Session Started,0.227,1
2.0,2.0,1630.04,1.0,0.0,0.0,Cancellation Page Viewed,0.9,1
3.0,2.0,1218.4,0.0,0.0,1.0,Session Started,0.25,0
7.0,8.0,4054.71,0.0,0.0,1.0,Session Started,0.163,1
2.0,2.0,4371.07,0.0,1.0,0.0,Downgrade Clicked,0.75,0
2.0,2.0,1261.79,0.0,0.0,1.0,Session Started,0.227,0
10.0,14.0,2142.85,0.0,0.0,1.0,Session Started,0.233,0
0.0,1.0,687.61,0.0,0.0,1.0,Session Started,0.24,0
3.0,8.0,883.26,0.0,0.0,1.0,Session Started,0.07,0
7.0,2.0,1996.86,0.0,0.0,1.0,Session Started,0.343,0
1.0,2.0,1854.05,0.0,0.0,1.0,Session Started,0.203,0
0.0,8.0,834.22,0.0,0.0,1.0,Session Started,0.0,0
1.0,2.0,1019.66,0.0,0.0,1.0,Session Started,0.203,0
10.0,2.0,771.21,1.0,0.0,0.0,Cancellation Page Viewed,0.9,0
0.0,1.0,2602.03,0.0,0.0,1.0,Session Started,0.24,1
1.0,2.0,374.61,0.0,0.0,1.0,Session Started,0.203,0
0.0,2.0,804.92,0.0,1.0,0.0,Downgrade Clicked,0.75,1
1.0,1.0,407.34,0.0,0.0,1.0,Session Started,0.263,0
5.0,3.0,2528.08,0.0,0.0,1.0,Session Started,0.237,0
2.0,2.0,427.44,0.0,0.0,1.0,Session Started,0.227,1
4.0,2.0,1854.52,0.0,0.0,1.0,Session Started,0.273,1
4.0,1.0,6711.78,0.0,0.0,1.0,Session Started,0.333,0
8.0,2.0,6896.35,0.0,0.0,1.0,Session Started,0.367,0
0.0,1.0,426.36,0.0,1.0,0.0,Downgrade Clicked,0.75,0
8.0,1.0,2295.55,0.0,0.0,1.0,Session Started,0.427,1
5.0,2.0,819.61,0.0,0.0,1.0,Session Started,0.297,1
1.0,1.0,696.1,0.0,0.0,1.0,Session Started,0.263,0
8.0,1.0,1651.14,0.0,1.0,0.0,Downgrade Clicked,0.75,1
8.0,2.0,4830.15,0.0,0.0,1.0,Session Started,0.367,1
2.0,1.0,2921.13,0.0,0.0,1.0,Session Started,0.287,1
10.0,16.0,1020.34,0.0,0.0,1.0,Session Started,0.233,1
3.0,8.0,3178.06,0.0,0.0,1.0,Session Started,0.07,0
4.0,2.0,300.38,0.0,1.0,0.0,Downgrade Clicked,0.75,1
14.0,11.0,989.94,0.0,0.0,1.0,Session Started,0.327,0
3.0,6.0,935.32,0.0,0.0,1.0,Session Started,0.07,0
8.0,1.0,1924.95,0.0,0.0,1.0,Session Started,0.427,0
2.0,3.0,1537.23,0.0,0.0,1.0,Session Started,0.167,0
8.0,1.0,1614.57,0.0,0.0,1.0,Session Started,0.427,0
4.0,2.0,1572.19,0.0,0.0,1.0,Session Started,0.273,0
2.0,2.0,1840.75,0.0,0.0,1.0,Session Started,0.227,1
3.0,1.0,2785.28,0.0,0.0,1.0,Session Started,0.31,1
2.0,1.0,2037.47,0.0,0.0,1.0,Session Started,0.287,0
0.0,10.0,1440.17,0.0,0.0,1.0,Session Started,0.0,0
0.0,1.0,2493.39,0.0,0.0,1.0,Session Started,0.24,0
2.0,1.0,3501.33,0.0,0.0,1.0,Session Started,0.287,0
0.0,1.0,1158.85,0.0,1.0,0.0,Downgrade Clicked,0.75,0
1.0,2.0,1724.13,0.0,1.0,0.0,Downgrade Clicked,0.75,0
7.0,5.0,4580.33,0.0,0.0,1.0,Session Started,0.163,1
7.0,3.0,748.29,0.0,0.0,1.0,Session Started,0.283,0
7.0,2.0,7659.96,0.0,0.0,1.0,Session Started,0.343,0
2.0,1.0,619.35,0.0,1.0,0.0,Downgrade Clicked,0.75,0
9.0,1.0,1371.57,0.0,0.0,1.0,Session Started,0.45,0
4.0,2.0,845.43,0.0,0.0,1.0,Session Started,0.273,0
1.0,5.0,10408.12,0.0,0.0,1.0,Session Started,0.023,0
1.0,3.0,1208.72,0.0,0.0,1.0,Session Started,0.143,0
7.0,2.0,1211.15,0.0,0.0,1.0,Session Started,0.343,0
1.0,2.0,1343.99,0.0,0.0,1.0,Session Started,0.203,0
3.0,2.0,1951.75,0.0,0.0,1.0,Session Started,0.25,0
15.0,2.0,1390.26,0.0,0.0,1.0,Session Started,0.53,1
0.0,2.0,1625.69,0.0,0.0,1.0,Session Started,0.18,0
0.0,2.0,107.41,0.0,0.0,1.0,Session Started,0.18,1
16.0,2.0,1892.64,0.0,0.0,1.0,Session Started,0.553,1
4.0,9.0,1833.98,0.0,0.0,1.0,Session Started,0.093,0
1.0,2.0,4149.96,0.0,0.0,1.0,Session Started,0.203,0
9.0,1.0,5152.56,0.0,0.0,1.0,Session Started,0.45,1
9.0,1.0,1555.94,1.0,0.0,0.0,Cancellation Page Viewed,0.9,1
4.0,2.0,3473.73,0.0,0.0,1.0,Session Started,0.273,1
5.0,2.0,749.0,0.0,1.0,0.0,Downgrade Clicked,0.75,0
2.0,2.0,3340.49,0.0,0.0,1.0,Session Started,0.227,0
0.0,3.0,1143.69,0.0,0.0,1.0,Session Started,0.12,0
4.0,1.0,700.81,0.0,0.0,1.0,Session Started,0.333,0
2.0,2.0,1558.58,0.0,0.0,1.0,Session Started,0.227,0
6.0,3.0,5543.48,0.0,0.0,1.0,Session Started,0.26,0
8.0,2.0,2089.76,0.0,0.0,1.0,Session Started,0.367,0
0.0,2.0,5986.07,0.0,0.0,1.0,Session Started,0.18,0
4.0,1.0,993.28,0.0,1.0,0.0,Downgrade Clicked,0.75,0
2.0,2.0,4180.9,0.0,0.0,1.0,Session Started,0.227,0
9.0,4.0,1073.06,0.0,1.0,0.0,Downgrade Clicked,0.75,1
2.0,8.0,2165.19,0.0,0.0,1.0,Session Started,0.047,0
5.0,2.0,2150.26,0.0,0.0,1.0,Session Started,0.297,0
4.0,1.0,3069.26,0.0,0.0,1.0,Session Started,0.333,0
3.0,2.0,2209.66,0.0,0.0,1.0,Session Started,0.25,0
7.0,3.0,1000.9,0.0,0.0,1.0,Session Started,0.283,0
7.0,2.0,3656.44,0.0,1.0,0.0,Downgrade Clicked,0.75,0
4.0,5.0,7225.16,0.0,0.0,1.0,Session Started,0.093,0
8.0,1.0,1133.38,0.0,0.0,1.0,Session Started,0.427,0
14.0,1.0,416.47,0.0,1.0,0.0,Downgrade Clicked,0.75,1
3.0,1.0,2695.81,0.0,0.0,1.0,Session Started,0.31,0
3.0,1.0,1387.22,0.0,0.0,1.0,Session Started,0.31,0
0.0,7.0,1628.02,0.0,0.0,1.0,Session Started,0.0,0
8.0,2.0,2821.27,0.0,0.0,1.0,Session Started,0.367,0
3.0,1.0,1254.99,0.0,0.0,1.0,Session Started,0.31,0
3.0,2.0,1458.14,0.0,0.0,1.0,Session Started,0.25,0
1.0,2.0,1668.87,0.0,0.0,1.0,Session Started,0.203,1
9.0,1.0,5859.4,0.0,0.0,1.0,Session Started,0.45,0
3.0,1.0,1852.06,0.0,0.0,1.0,Session Started,0.31,0
7.0,2.0,672.81,1.0,0.0,0.0,Cancellation Page Viewed,0.9,1
1.0,1.0,694.57,0.0,0.0,1.0,Session Started,0.263,0
12.0,4.0,2021.07,0.0,0.0,1.0,Session Started,0.34,0
1.0,1.0,732.5,0.0,0.0,1.0,Session Started,0.263,0
1.0,3.0,518.09,0.0,0.0,1.0,Session Started,0.143,0
9.0,4.0,3006.19,0.0,0.0,1.0,Session Started,0.27,0
9.0,1.0,3126.28,0.0,0.0,1.0,Session Started,0.45,0
2.0,1.0,1346.81,0.0,0.0,1.0,Session Started,0.287,1
3.0,9.0,2286.84,0.0,0.0,1.0,Session Started,0.07,0
7.0,2.0,2101.69,0.0,0.0,1.0,Session Started,0.343,0
9.0,2.0,2927.59,0.0,0.0,1.0,Session Started,0.39,1
3.0,1.0,2933.06,0.0,0.0,1.0,Session Started,0.31,0
3.0,1.0,224.84,0.0,0.0,1.0,Session Started,0.31,0
7.0,2.0,1491.59,0.0,0.0,1.0,Session Started,0.343,1
7.0,7.0,2736.19,0.0,0.0,1.0,Session Started,0.163,1
8.0,1.0,1301.97,0.0,0.0,1.0,Session Started,0.427,0
4.0,4.0,1861.17,0.0,0.0,1.0,Session Started,0.153,0
1.0,2.0,3296.31,0.0,0.0,1.0,Session Started,0.203,0
9.0,1.0,1928.97,0.0,0.0,1.0,Session Started,0.45,1
9.0,1.0,6041.06,0.0,0.0,1.0,Session Started,0.45,0
8.0,1.0,4454.14,0.0,1.0,0.0,Downgrade Clicked,0.75,0
1.0,2.0,1644.43,0.0,0.0,1.0,Session Started,0.203,0
1.0,2.0,1543.12,0.0,0.0,1.0,Session Started,0.203,0
7.0,2.0,184.89,0.0,0.0,1.0,Session Started,0.343,1
0.0,1.0,1392.42,1.0,0.0,0.0,Cancellation Page Viewed,0.9,1
13.0,2.0,612.4,0.0,0.0,1.0,Session Started,0.483,0
3.0,2.0,2158.1,0.0,0.0,1.0,Session Started,0.25,1
7.0,2.0,2043.25,0.0,0.0,1.0,Session Started,0.343,0
9.0,2.0,3154.81,0.0,0.0,1.0,Session Started,0.39,1
3.0,1.0,5526.65,0.0,0.0,1.0,Session Started,0.31,0
2.0,2.0,1770.44,0.0,0.0,1.0,Session Started,0.227,0
5.0,2.0,11207.44,0.0,0.0,1.0,Session Started,0.297,0
4.0,2.0,2177.56,0.0,0.0,1.0,Session Started,0.273,1
3.0,1.0,633.86,0.0,0.0,1.0,Session Started,0.31,0
4.0,2.0,1153.25,0.0,0.0,1.0,Session Started,0.273,1
10.0,2.0,1341.85,0.0,0.0,1.0,Session Started,0.413,0
3.0,2.0,2903.59,0.0,0.0,1.0,Session Started,0.25,0
1.0,6.0,847.42,0.0,0.0,1.0,Session Started,0.023,0
3.0,6.0,1424.56,0.0,0.0,1.0,Session Started,0.07,0
3.0,1.0,1589.49,0.0,0.0,1.0,Session Started,0.31,1
1.0,2.0,1263.33,0.0,0.0,1.0,Session Started,0.203,0
1.0,2.0,3460.38,0.0,0.0,1.0,Session Started,0.203,1
7.0,16.0,3020.14,0.0,0.0,1.0,Session Started,0.163,0
2.0,1.0,4597.43,0.0,0.0,1.0,Session Started,0.287,1
11.0,1.0,1387.39,0.0,0.0,1.0,Session Started,0.497,0
2.0,2.0,4731.62,0.0,0.0,1.0,Session Started,0.227,0
1.0,1.0,607.17,0.0,0.0,1.0,Session Started,0.263,1
7.0,2.0,595.44,0.0,0.0,1.0,Session Started,0.343,0
9.0,2.0,684.68,0.0,0.0,1.0,Session Started,0.39,0
2.0,1.0,1821.42,0.0,0.0,1.0,Session Started,0.287,1
1.0,2.0,4731.05,0.0,0.0,1.0,Session Started,0.203,1
1.0,7.0,1116.87,0.0,0.0,1.0,Session Started,0.023,0
3.0,4.0,1234.78,0.0,1.0,0.0,Downgrade Clicked,0.75,1
3.0,2.0,1521.09,0.0,0.0,1.0,Session Started,0.25,0
2.0,1.0,2859.1,0.0,0.0,1.0,Session Started,0.287,0
0.0,1.0,1233.86,0.0,0.0,1.0,Session Started,0.24,0
3.0,7.0,1180.0,0.0,0.0,1.0,Session Started,0.07,1
12.0,3.0,616.27,0.0,0.0,1.0,Session Started,0.4,1
6.0,2.0,1144.39,0.0,0.0,1.0,Session Started,0.32,0
3.0,7.0,4637.68,0.0,0.0,1.0,Session Started,0.07,0
1.0,1.0,1944.46,0.0,0.0,1.0,Session Started,0.263,0
2.0,2.0,1000.36,0.0,0.0,1.0,Session Started,0.227,0
2.0,1.0,4860.59,0.0,1.0,0.0,Downgrade Clicked,0.75,1
8.0,1.0,1132.1,0.0,0.0,1.0,Session Started,0.427,0
9.0,2.0,5630.56,0.0,0.0,1.0,Session Started,0.39,1
9.0,2.0,5557.4,0.0,0.0,1.0,Session Started,0.39,0
14.0,9.0,1890.9,0.0,0.0,1.0,Session Started,0.327,1
14.0,1.0,545.2,0.0,0.0,1.0,Session Started,0.567,0
11.0,5.0,11289.19,0.0,0.0,1.0,Session Started,0.257,0
0.0,3.0,2464.69,0.0,0.0,1.0,Session Started,0.12,0
1.0,2.0,1395.34,0.0,0.0,1.0,Session Started,0.203,0
2.0,8.0,3885.09,0.0,0.0,1.0,Session Started,0.047,0
4.0,2.0,3171.13,0.0,0.0,1.0,Session Started,0.273,0
1.0,2.0,5160.3,0.0,0.0,1.0,Session Started,0.203,0
8.0,1.0,1064.35,0.0,0.0,1.0,Session Started,0.427,0
5.0,1.0,2332.69,0.0,0.0,1.0,Session Started,0.357,1
4.0,7.0,700.16,0.0,0.0,1.0,Session Started,0.093,0
1.0,2.0,3081.18,0.0,0.0,1.0,Session Started,0.203,1
2.0,2.0,1775.16,1.0,0.0,0.0,Cancellation Page Viewed,0.9,1
1.0,1.0,2263.82,0.0,0.0,1.0,Session Started,0.263,0
8.0,2.0,1608.28,0.0,0.0,1.0,Session Started,0.367,1
4.0,3.0,1479.13,0.0,0.0,1.0,Session Started,0.213,0
7.0,1.0,902.72,0.0,0.0,1.0,Session Started,0.403,0
2.0,3.0,3402.77,0.0,0.0,1.0,Session Started,0.167,0
3.0,2.0,5953.67,0.0,0.0,1.0,Session Started,0.25,0
3.0,4.0,1158.25,0.0,0.0,1.0,Session Started,0.13,1
8.0,1.0,2815.32,0.0,1.0,0.0,Downgrade Clicked,0.75,1
8.0,2.0,2554.85,0.0,0.0,1.0,Session Started,0.367,0
1.0,1.0,1819.79,0.0,0.0,1.0,Session Started,0.263,0
10.0,2.0,533.11,0.0,0.0,1.0,Session Started,0.413,0
1.0,3.0,638.24,0.0,0.0,1.0,Session Started,0.143,0
9.0,2.0,967.98,0.0,0.0,1.0,Session Started,0.39,0
1.0,1.0,326.62,0.0,0.0,1.0,Session Started,0.263,0
2.0,6.0,5577.1,0.0,0.0,1.0,Session Started,0.047,0
8.0,1.0,2426.4,0.0,0.0,1.0,Session Started,0.427,0
1.0,2.0,1765.22,0.0,0.0,1.0,Session Started,0.203,1
3.0,14.0,313.5,0.0,0.0,1.0,Session Started,0.07,0
3.0,2.0,420.27,0.0,0.0,1.0,Session Started,0.25,0
2.0,4.0,1804.66,0.0,0.0,1.0,Session Started,0.107,0
7.0,2.0,8746.35,0.0,0.0,1.0,Session Started,0.343,0
8.0,4.0,1033.89,0.0,0.0,1.0,Session Started,0.247,0
9.0,2.0,3608.47,0.0,0.0,1.0,Session Started,0.39,0
2.0,2.0,1231.61,0.0,1.0,0.0,Downgrade Clicked,0.75,1
4.0,1.0,1889.73,0.0,0.0,1.0,Session Started,0.333,1
2.0,3.0,4777.86,0.0,0.0,1.0,Session Started,0.167,1
2.0,1.0,1370.92,1.0,0.0,0.0,Cancellation Page Viewed,0.9,1
1.0,13.0,1040.98,1.0,0.0,0.0,Cancellation Page Viewed,0.9,1
10.0,1.0,5622.08,0.0,0.0,1.0,Session Started,0.473,1
9.0,1.0,1875.15,0.0,0.0,1.0,Session Started,0.45,0
8.0,6.0,4328.45,0.0,0.0,1.0,Session Started,0.187,0
3.0,1.0,1045.03,1.0,0.0,0.0,Cancellation Page Viewed,0.9,1
3.0,2.0,5571.05,0.0,0.0,1.0,Session Started,0.25,1
4.0,3.0,2250.49,0.0,0.0,1.0,Session Started,0.213,0
4.0,1.0,2560.17,0.0,0.0,1.0,Session Started,0.333,1
3.0,1.0,2008.82,1.0,0.0,0.0,Cancellation Page Viewed,0.9,0
1.0,2.0,1206.67,0.0,0.0,1.0,Session Started,0.203,0
1.0,1.0,1805.61,0.0,0.0,1.0,Session Started,0.263,0
11.0,1.0,1268.93,0.0,0.0,1.0,Session Started,0.497,0
3.0,1.0,3895.73,0.0,0.0,1.0,Session Started,0.31,0
11.0,2.0,1536.95,0.0,0.0,1.0,Session Started,0.437,0
1.0,1.0,546.1,0.0,0.0,1.0,Session Started,0.263,1
4.0,1.0,471.76,0.0,0.0,1.0,Session Started,0.333,1
1.0,2.0,454.24,0.0,0.0,1.0,Session Started,0.203,0
2.0,2.0,2964.24,0.0,0.0,1.0,Session Started,0.227,0
0.0,1.0,719.67,0.0,0.0,1.0,Session Started,0.24,1
1.0,1.0,2298.63,0.0,0.0,1.0,Session Started,0.263,0
10.0,7.0,2016.78,0.0,0.0,1.0,Session Started,0.233,0
2.0,2.0,1716.83,0.0,1.0,0.0,Downgrade Clicked,0.75,0
5.0,2.0,2567.59,0.0,0.0,1.0,Session Started,0.297,1
3.0,2.0,2052.15,1.0,0.0,0.0,Cancellation Page Viewed,0.9,1
3.0,1.0,206.9,0.0,0.0,1.0,Session Started,0.31,1
4.0,5.0,1395.63,0.0,0.0,1.0,Session Started,0.093,0
1.0,8.0,2540.41,0.0,0.0,1.0,Session Started,0.023,0
15.0,8.0,6715.85,0.0,0.0,1.0,Session Started,0.35,0
8.0,1.0,6968.58,0.0,0.0,1.0,Session Started,0.427,1
7.0,1.0,607.58,0.0,0.0,1.0,Session Started,0.403,1
3.0,1.0,1366.79,0.0,0.0,1.0,Session Started,0.31,0
1.0,1.0,516.52,0.0,0.0,1.0,Session Started,0.263,0
10.0,2.0,6099.17,0.0,0.0,1.0,Session Started,0.413,1
2.0,2.0,4065.47,0.0,0.0,1.0,Session Started,0.227,1
0.0,1.0,2393.4,0.0,0.0,1.0,Session Started,0.24,0
2.0,8.0,2064.98,0.0,1.0,0.0,Downgrade Clicked,0.75,1
8.0,1.0,5456.18,0.0,0.0,1.0,Session Started,0.427,0
5.0,1.0,4765.03,0.0,0.0,1.0,Session Started,0.357,0
7.0,6.0,4566.2,0.0,0.0,1.0,Session Started,0.163,0
8.0,3.0,2605.41,1.0,0.0,0.0,Cancellation Page Viewed,0.9,1
2.0,2.0,1367.33,0.0,0.0,1.0,Session Started,0.227,0
10.0,2.0,3339.91,0.0,0.0,1.0,Session Started,0.413,1
3.0,1.0,3473.21,0.0,0.0,1.0,Session Started,0.31,0
5.0,1.0,1552.3,0.0,0.0,1.0,Session Started,0.357,1
0.0,2.0,1365.12,0.0,0.0,1.0,Session Started,0.18,0
16.0,2.0,4476.74,0.0,0.0,1.0,Session Started,0.553,1
2.0,2.0,6845.13,0.0,0.0,1.0,Session Started,0.227,0
0.0,1.0,992.75,0.0,0.0,1.0,Session Started,0.24,1
3.0,2.0,1464.54,0.0,1.0,0.0,Downgrade Clicked,0.75,0
1.0,3.0,2394.06,0.0,0.0,1.0,Session Started,0.143,0
1.0,1.0,2668.52,0.0,0.0,1.0,Session Started,0.263,1
5.0,1.0,1190.47,0.0,0.0,1.0,Session Started,0.357,0
3.0,2.0,8158.51,0.0,0.0,1.0,Session Started,0.25,1
10.0,4.0,2534.31,0.0,0.0,1.0,Session Started,0.293,0
2.0,2.0,2765.86,0.0,0.0,1.0,Session Started,0.227,0
7.0,2.0,7384.27,0.0,0.0,1.0,Session Started,0.343,0
3.0,2.0,1262.38,0.0,0.0,1.0,Session Started,0.25,0
6.0,1.0,1684.55,0.0,0.0,1.0,Session Started,0.38,0
4.0,2.0,663.38,0.0,0.0,1.0,Session Started,0.273,0
3.0,1.0,1575.17,0.0,0.0,1.0,Session Started,0.31,0
11.0,3.0,549.42,0.0,0.0,1.0,Session Started,0.377,0
2.0,1.0,3288.8,0.0,0.0,1.0,Session Started,0.287,1
1.0,1.0,2530.06,0.0,0.0,1.0,Session Started,0.263,0
7.0,2.0,1448.59,0.0,0.0,1.0,Session Started,0.343,1
8.0,2.0,1668.47,0.0,0.0,1.0,Session Started,0.367,1
0.0,2.0,3324.83,0.0,0.0,1.0,Session Started,0.18,0
3.0,2.0,728.77,0.0,1.0,0.0,Downgrade Clicked,0.75,0
9.0,8.0,2128.84,0.0,0.0,1.0,Session Started,0.21,0
7.0,5.0,3164.05,0.0,0.0,1.0,Session Started,0.163,0
15.0,7.0,434.49,0.0,0.0,1.0,Session Started,0.35,1
4.0,2.0,3127.38,0.0,0.0,1.0,Session Started,0.273,1
6.0,2.0,473.78,0.0,0.0,1.0,Session Started,0.32,0
2.0,2.0,1645.71,0.0,0.0,1.0,Session Started,0.227,0
11.0,2.0,712.86,0.0,0.0,1.0,Session Started,0.437,0
3.0,1.0,5681.65,0.0,0.0,1.0,Session Started,0.31,0
7.0,2.0,716.45,0.0,0.0,1.0,Session Started,0.343,1
3.0,1.0,482.92,0.0,0.0,1.0,Session Started,0.31,0
4.0,1.0,2011.59,0.0,1.0,0.0,Downgrade Clicked,0.75,0
7.0,6.0,1298.59,0.0,0.0,1.0,Session Started,0.163,1
3.0,1.0,542.57,0.0,0.0,1.0,Session Started,0.31,0
9.0,2.0,2753.57,0.0,0.0,1.0,Session Started,0.39,1
3.0,2.0,367.53,0.0,0.0,1.0,Session Started,0.25,0
5.0,1.0,789.19,0.0,0.0,1.0,Session Started,0.357,1
2.0,7.0,1141.19,0.0,1.0,0.0,Downgrade Clicked,0.75,1
3.0,1.0,3435.02,0.0,1.0,0.0,Downgrade Clicked,0.75,1
3.0,7.0,5096.83,0.0,0.0,1.0,Session Started,0.07,0
1.0,3.0,4368.72,0.0,0.0,1.0,Session Started,0.143,0
0.0,1.0,1599.4,0.0,0.0,1.0,Session Started,0.24,0
6.0,1.0,259.34,0.0,0.0,1.0,Session Started,0.38,1
6.0,1.0,2471.75,0.0,0.0,1.0,Session Started,0.38,1
6.0,2.0,5863.25,0.0,0.0,1.0,Session Started,0.32,1
0.0,1.0,4851.45,0.0,0.0,1.0,Session Started,0.24,1
2.0,16.0,2618.51,0.0,0.0,1.0,Session Started,0.047,0
1.0,1.0,698.12,0.0,0.0,1.0,Session Started,0.263,0
8.0,5.0,1187.68,0.0,0.0,1.0,Session Started,0.187,1
9.0,1.0,8493.46,0.0,1.0,0.0,Downgrade Clicked,0.75,1
2.0,13.0,582.08,0.0,0.0,1.0,Session Started,0.047,0
6.0,1.0,721.78,0.0,0.0,1.0,Session Started,0.38,1
1.0,2.0,3843.13,0.0,0.0,1.0,Session Started,0.203,1
2.0,2.0,1280.59,0.0,0.0,1.0,Session Started,0.227,1
1.0,1.0,702.47,0.0,0.0,1.0,Session Started,0.263,0
2.0,5.0,6138.75,0.0,0.0,1.0,Session Started,0.047,0
7.0,1.0,2614.54,0.0,0.0,1.0,Session Started,0.403,0
9.0,2.0,1332.16,0.0,0.0,1.0,Session Started,0.39,0
1.0,2.0,722.98,0.0,0.0,1.0,Session Started,0.203,0
4.0,2.0,9301.45,0.0,0.0,1.0,Session Started,0.273,0
7.0,1.0,1773.02,1.0,0.0,0.0,Cancellation Page Viewed,0.9,1
11.0,1.0,5529.55,0.0,0.0,1.0,Session Started,0.497,1
5.0,1.0,3695.63,0.0,0.0,1.0,Session Started,0.357,0
2.0,1.0,1191.87,0.0,0.0,1.0,Session Started,0.287,1
5.0,1.0,1199.48,0.0,0.0,1.0,Session Started,0.357,0
2.0,8.0,5750.56,0.0,0.0,1.0,Session Started,0.047,0
13.0,2.0,5825.58,0.0,0.0,1.0,Session Started,0.483,1
3.0,2.0,402.81,0.0,0.0,1.0,Session Started,0.25,0
7.0,2.0,2806.87,0.0,1.0,0.0,Downgrade Clicked,0.75,0
0.0,1.0,1640.95,0.0,0.0,1.0,Session Started,0.24,0
3.0,2.0,791.03,0.0,0.0,1.0,Session Started,0.25,0
9.0,1.0,2229.2,0.0,0.0,1.0,Session Started,0.45,1
5.0,2.0,614.2,0.0,1.0,0.0,Downgrade Clicked,0.75,0
3.0,2.0,1244.93,0.0,0.0,1.0,Session Started,0.25,0
10.0,2.0,954.53,0.0,0.0,1.0,Session Started,0.413,0
8.0,14.0,1212.17,0.0,0.0,1.0,Session Started,0.187,0
2.0,1.0,1707.55,0.0,0.0,1.0,Session Started,0.287,0
4.0,2.0,802.35,0.0,0.0,1.0,Session Started,0.273,0
3.0,1.0,6364.83,0.0,0.0,1.0,Session Started,0.31,1
5.0,2.0,2682.83,0.0,0.0,1.0,Session Started,0.297,1
2.0,3.0,7598.08,0.0,0.0,1.0,Session Started,0.167,0
2.0,1.0,1590.71,0.0,0.0,1.0,Session Started,0.287,1
10.0,2.0,1165.57,0.0,0.0,1.0,Session Started,0.413,1
10.0,2.0,7381.5,0.0,0.0,1.0,Session Started,0.413,0
8.0,1.0,1138.6,1.0,0.0,0.0,Cancellation Page Viewed,0.9,1
13.0,8.0,1567.7,0.0,0.0,1.0,Session Started,0.303,1
7.0,2.0,3216.46,0.0,0.0,1.0,Session Started,0.343,1
8.0,4.0,671.71,0.0,0.0,1.0,Session Started,0.247,0
8.0,2.0,3194.02,0.0,0.0,1.0,Session Started,0.367,0
3.0,8.0,2883.26,0.0,0.0,1.0,Session Started,0.07,0
3.0,1.0,4991.34,0.0,0.0,1.0,Session Started,0.31,0
2.0,2.0,3685.04,0.0,0.0,1.0,Session Started,0.227,0
5.0,3.0,5115.26,0.0,0.0,1.0,Session Started,0.237,0
2.0,2.0,1655.18,1.0,0.0,0.0,Cancellation Page Viewed,0.9,1
2.0,2.0,906.75,0.0,0.0,1.0,Session Started,0.227,0
4.0,15.0,9778.96,0.0,1.0,0.0,Downgrade Clicked,0.75,0
3.0,2.0,533.07,0.0,0.0,1.0,Session Started,0.25,0
2.0,2.0,577.55,0.0,0.0,1.0,Session Started,0.227,0
8.0,2.0,2841.54,0.0,0.0,1.0,Session Started,0.367,0
9.0,5.0,6634.17,0.0,0.0,1.0,Session Started,0.21,1
1.0,6.0,2104.09,0.0,0.0,1.0,Session Started,0.023,0
0.0,2.0,4021.63,0.0,0.0,1.0,Session Started,0.18,0
2.0,1.0,366.27,0.0,0.0,1.0,Session Started,0.287,0
8.0,1.0,1212.41,0.0,0.0,1.0,Session Started,0.427,0
8.0,2.0,403.77,0.0,0.0,1.0,Session Started,0.367,0
1.0,5.0,3375.6,1.0,0.0,0.0,Cancellation Page Viewed,0.9,0
8.0,2.0,524.38,0.0,0.0,1.0,Session Started,0.367,1
1.0,1.0,650.5,0.0,0.0,1.0,Session Started,0.263,0
3.0,1.0,2727.72,0.0,0.0,1.0,Session Started,0.31,1
18.0,2.0,4227.89,0.0,0.0,1.0,Session Started,0.6,0
1.0,5.0,1592.13,0.0,1.0,0.0,Downgrade Clicked,0.75,1
1.0,1.0,2853.03,0.0,0.0,1.0,Session Started,0.263,0
3.0,2.0,2780.07,0.0,0.0,1.0,Session Started,0.25,0
5.0,3.0,1521.81,0.0,0.0,1.0,Session Started,0.237,0
10.0,8.0,753.13,0.0,0.0,1.0,Session Started,0.233,0
13.0,1.0,2841.0,0.0,0.0,1.0,Session Started,0.543,1
0.0,8.0,2952.7,0.0,0.0,1.0,Session Started,0.0,0
1.0,2.0,3696.79,0.0,0.0,1.0,Session Started,0.203,0
8.0,3.0,2320.77,0.0,0.0,1.0,Session Started,0.307,0
2.0,1.0,709.95,0.0,0.0,1.0,Session Started,0.287,0
9.0,2.0,3140.92,0.0,0.0,1.0,Session Started,0.39,1
6.0,2.0,1806.05,0.0,1.0,0.0,Downgrade Clicked,0.75,1
1.0,1.0,1228.82,0.0,0.0,1.0,Session Started,0.263,0
8.0,2.0,1428.37,0.0,1.0,0.0,Downgrade Clicked,0.75,1
1.0,2.0,1040.85,0.0,0.0,1.0,Session Started,0.203,0
3.0,2.0,3681.5,0.0,0.0,1.0,Session Started,0.25,0
4.0,1.0,581.44,0.0,0.0,1.0,Session Started,0.333,0
3.0,2.0,816.65,0.0,0.0,1.0,Session Started,0.25,0
7.0,1.0,1389.89,0.0,0.0,1.0,Session Started,0.403,1
6.0,8.0,6574.81,0.0,0.0,1.0,Session Started,0.14,0
16.0,12.0,4202.46,0.0,1.0,0.0,Downgrade Clicked,0.75,1
18.0,1.0,486.54,0.0,0.0,1.0,Session Started,0.66,0
3.0,1.0,5329.85,0.0,0.0,1.0,Session Started,0.31,0
1.0,1.0,5321.64,0.0,0.0,1.0,Session Started,0.263,0
7.0,2.0,706.83,0.0,0.0,1.0,Session Started,0.343,0
13.0,7.0,240.53,0.0,0.0,1.0,Session Started,0.303,0
2.0,2.0,1706.54,0.0,0.0,1.0,Session Started,0.227,0
3.0,1.0,4437.91,0.0,0.0,1.0,Session Started,0.31,0
3.0,1.0,6457.58,0.0,0.0,1.0,Session Started,0.31,0
0.0,1.0,900.85,0.0,0.0,1.0,Session Started,0.24,0
7.0,5.0,7343.59,0.0,0.0,1.0,Session Started,0.163,0
2.0,2.0,304.19,0.0,0.0,1.0,Session Started,0.227,0
8.0,2.0,1346.9,0.0,0.0,1.0,Session Started,0.367,0
8.0,1.0,1294.96,0.0,0.0,1.0,Session Started,0.427,0
8.0,8.0,4545.39,0.0,0.0,1.0,Session Started,0.187,0
3.0,2.0,5108.4,0.0,0.0,1.0,Session Started,0.25,0
2.0,5.0,3879.18,0.0,0.0,1.0,Session Started,0.047,0
7.0,7.0,613.73,0.0,0.0,1.0,Session Started,0.163,0
8.0,2.0,3605.07,0.0,0.0,1.0,Session Started,0.367,0
3.0,7.0,2716.86,0.0,0.0,1.0,Session Started,0.07,0
9.0,1.0,474.86,0.0,0.0,1.0,Session Started,0.45,0
1.0,2.0,345.98,0.0,0.0,1.0,Session Started,0.203,0
9.0,1.0,4148.04,0.0,0.0,1.0,Session Started,0.45,0
1.0,2.0,1565.44,0.0,0.0,1.0,Session Started,0.203,0
1.0,1.0,646.68,0.0,0.0,1.0,Session Started,0.263,1
4.0,1.0,1530.67,0.0,0.0,1.0,Session Started,0.333,0
0.0,1.0,2419.3,1.0,0.0,0.0,Cancellation Page Viewed,0.9,1
0.0,1.0,1692.09,0.0,0.0,1.0,Session Started,0.24,0
0.0,2.0,522.39,0.0,0.0,1.0,Session Started,0.18,0
3.0,2.0,8171.81,0.0,1.0,0.0,Downgrade Clicked,0.75,1
8.0,1.0,4037.47,1.0,0.0,0.0,Cancellation Page Viewed,0.9,1
0.0,15.0,1382.57,0.0,0.0,1.0,Session Started,0.0,0
6.0,9.0,1427.85,0.0,1.0,0.0,Downgrade Clicked,0.75,1
8.0,1.0,2410.5,0.0,0.0,1.0,Session Started,0.427,0
1.0,2.0,732.38,0.0,0.0,1.0,Session Started,0.203,0
1.0,2.0,2340.55,0.0,0.0,1.0,Session Started,0.203,0
9.0,3.0,623.54,0.0,0.0,1.0,Session Started,0.33,0
8.0,2.0,1708.84,0.0,0.0,1.0,Session Started,0.367,0
4.0,3.0,709.91,0.0,0.0,1.0,Session Started,0.213,0
8.0,1.0,739.17,0.0,0.0,1.0,Session Started,0.427,0
0.0,2.0,6745.14,0.0,0.0,1.0,Session Started,0.18,0
3.0,3.0,1895.77,0.0,0.0,1.0,Session Started,0.19,0
7.0,2.0,2134.37,0.0,0.0,1.0,Session Started,0.343,1
2.0,5.0,361.73,0.0,1.0,0.0,Downgrade Clicked,0.75,1
7.0,1.0,1121.47,0.0,0.0,1.0,Session Started,0.403,0
3.0,1.0,2614.87,0.0,0.0,1.0,Session Started,0.31,0
7.0,1.0,2111.83,0.0,0.0,1.0,Session Started,0.403,0
3.0,1.0,322.72,0.0,0.0,1.0,Session Started,0.31,1
3.0,1.0,2133.91,0.0,0.0,1.0,Session Started,0.31,1
2.0,2.0,2424.18,0.0,0.0,1.0,Session Started,0.227,0
1.0,2.0,5049.32,0.0,0.0,1.0,Session Started,0.203,0
7.0,2.0,1070.43,0.0,0.0,1.0,Session Started,0.343,1
1.0,2.0,300.77,0.0,0.0,1.0,Session Started,0.203,1
0.0,1.0,814.51,0.0,0.0,1.0,Session Started,0.24,1
1.0,2.0,751.71,0.0,0.0,1.0,Session Started,0.203,0
1.0,1.0,3259.62,0.0,0.0,1.0,Session Started,0.263,0
8.0,6.0,205.74,0.0,1.0,0.0,Downgrade Clicked,0.75,1
3.0,1.0,1263.09,0.0,0.0,1.0,Session Started,0.31,0
15.0,2.0,5656.93,0.0,0.0,1.0,Session Started,0.53,0
1.0,7.0,1818.5,0.0,1.0,0.0,Downgrade Clicked,0.75,1
6.0,2.0,3703.57,0.0,0.0,1.0,Session Started,0.32,1
3.0,2.0,486.17,1.0,0.0,0.0,Cancellation Page Viewed,0.9,1
3.0,2.0,501.9,0.0,0.0,1.0,Session Started,0.25,0
9.0,1.0,5708.97,0.0,0.0,1.0,Session Started,0.45,0
13.0,2.0,1960.53,0.0,0.0,1.0,Session Started,0.483,0
9.0,7.0,1963.77,0.0,0.0,1.0,Session Started,0.21,0
1.0,12.0,739.13,1.0,0.0,0.0,Cancellation Page Viewed,0.9,1
2.0,2.0,1959.85,0.0,0.0,1.0,Session Started,0.227,0
6.0,2.0,722.88,1.0,0.0,0.0,Cancellation Page Viewed,0.9,1
2.0,3.0,4672.72,0.0,0.0,1.0,Session Started,0.167,0
7.0,2.0,16030.76,0.0,1.0,0.0,Downgrade Clicked,0.75,1
4.0,1.0,2662.85,1.0,0.0,0.0,Cancellation Page Viewed,0.9,1
4.0,1.0,1087.94,0.0,0.0,1.0,Session Started,0.333,0
8.0,1.0,238.19,1.0,0.0,0.0,Cancellation Page Viewed,0.9,1
7.0,2.0,469.86,0.0,0.0,1.0,Session Started,0.343,0
0.0,1.0,6272.24,0.0,0.0,1.0,Session Started,0.24,0
0.0,1.0,793.65,0.0,0.0,1.0,Session Started,0.24,1
4.0,1.0,1343.9,0.0,0.0,1.0,Session Started,0.333,0
3.0,8.0,3054.16,0.0,0.0,1.0,Session Started,0.07,0
2.0,1.0,5918.46,0.0,0.0,1.0,Session Started,0.287,0
3.0,1.0,1541.22,0.0,0.0,1.0,Session Started,0.31,0
8.0,2.0,1308.02,0.0,0.0,1.0,Session Started,0.367,0
8.0,1.0,1914.66,0.0,0.0,1.0,Session Started,0.427,1
4.0,11.0,1094.32,0.0,0.0,1.0,Session Started,0.093,0
3.0,8.0,1142.47,0.0,0.0,1.0,Session Started,0.07,0
2.0,2.0,2513.68,0.0,1.0,0.0,Downgrade Clicked,0.75,1
3.0,2.0,2096.94,1.0,0.0,0.0,Cancellation Page Viewed,0.9,1
2.0,2.0,9949.57,0.0,1.0,0.0,Downgrade Clicked,0.75,1
4.0,1.0,2568.5,0.0,0.0,1.0,Session Started,0.333,1
7.0,1.0,4541.06,0.0,0.0,1.0,Session Started,0.403,1
0.0,1.0,767.37,0.0,1.0,0.0,Downgrade Clicked,0.75,1
0.0,1.0,2752.12,0.0,0.0,1.0,Session Started,0.24,0
2.0,2.0,1013.96,0.0,0.0,1.0,Session Started,0.227,1
9.0,1.0,2480.87,0.0,0.0,1.0,Session Started,0.45,0
5.0,1.0,3136.34,0.0,0.0,1.0,Session Started,0.357,0
1.0,2.0,1881.63,0.0,0.0,1.0,Session Started,0.203,0
9.0,2.0,12405.07,0.0,0.0,1.0,Session Started,0.39,0
3.0,1.0,5666.82,0.0,0.0,1.0,Session Started,0.31,1
3.0,1.0,4636.88,0.0,0.0,1.0,Session Started,0.31,1
10.0,1.0,3332.34,0.0,0.0,1.0,Session Started,0.473,1
0.0,1.0,7410.76,0.0,0.0,1.0,Session Started,0.24,0
2.0,4.0,572.74,0.0,0.0,1.0,Session Started,0.107,0
4.0,8.0,5411.2,0.0,0.0,1.0,Session Started,0.093,0
1.0,2.0,818.12,0.0,0.0,1.0,Session Started,0.203,0
7.0,2.0,1151.16,0.0,0.0,1.0,Session Started,0.343,0
2.0,3.0,2833.06,0.0,0.0,1.0,Session Started,0.167,0
1.0,2.0,4849.23,0.0,0.0,1.0,Session Started,0.203,0
1.0,1.0,718.48,1.0,0.0,0.0,Cancellation Page Viewed,0.9,1
3.0,1.0,1199.86,0.0,0.0,1.0,Session Started,0.31,0
1.0,2.0,1954.77,0.0,0.0,1.0,Session Started,0.203,0
1.0,2.0,1557.61,0.0,1.0,0.0,Downgrade Clicked,0.75,0
9.0,1.0,3580.39,0.0,0.0,1.0,Session Started,0.45,1
2.0,1.0,28246.99,0.0,0.0,1.0,Session Started,0.287,0
3.0,1.0,2528.69,0.0,0.0,1.0,Session Started,0.31,0
0.0,1.0,1004.1,0.0,0.0,1.0,Session Started,0.24,0
3.0,2.0,640.85,0.0,0.0,1.0,Session Started,0.25,1
2.0,2.0,1393.81,0.0,0.0,1.0,Session Started,0.227,0
5.0,2.0,852.18,0.0,0.0,1.0,Session Started,0.297,1
1.0,1.0,2628.16,0.0,0.0,1.0,Session Started,0.263,0
9.0,1.0,2595.72,0.0,0.0,1.0,Session Started,0.45,1
10.0,5.0,1248.21,0.0,0.0,1.0,Session Started,0.233,0
1.0,2.0,8848.15,0.0,1.0,0.0,Downgrade Clicked,0.75,0
1.0,1.0,1003.89,0.0,0.0,1.0,Session Started,0.263,1
1.0,1.0,1643.29,0.0,0.0,1.0,Session Started,0.263,0
5.0,4.0,3014.92,0.0,0.0,1.0,Session Started,0.177,0
1.0,3.0,3690.97,0.0,0.0,1.0,Session Started,0.143,1
8.0,7.0,5024.4,0.0,0.0,1.0,Session Started,0.187,0
7.0,2.0,2547.32,0.0,0.0,1.0,Session Started,0.343,0
8.0,2.0,4191.15,0.0,0.0,1.0,Session Started,0.367,0
3.0,2.0,1062.0,0.0,0.0,1.0,Session Started,0.25,0
17.0,1.0,3768.63,0.0,0.0,1.0,Session Started,0.637,1
0.0,2.0,3728.58,0.0,0.0,1.0,Session Started,0.18,0
3.0,2.0,6065.12,0.0,0.0,1.0,Session Started,0.25,0
2.0,1.0,475.92,0.0,0.0,1.0,Session Started,0.287,0
11.0,7.0,875.03,0.0,0.0,1.0,Session Started,0.257,0
4.0,2.0,3492.99,0.0,1.0,0.0,Downgrade Clicked,0.75,1
8.0,1.0,216.79,0.0,0.0,1.0,Session Started,0.427,0
1.0,2.0,2680.09,0.0,0.0,1.0,Session Started,0.203,0
13.0,7.0,4221.07,0.0,0.0,1.0,Session Started,0.303,0
3.0,8.0,1140.13,0.0,0.0,1.0,Session Started,0.07,0
3.0,2.0,1281.58,0.0,0.0,1.0,Session Started,0.25,0
12.0,10.0,765.62,0.0,0.0,1.0,Session Started,0.28,0
3.0,7.0,1191.25,0.0,0.0,1.0,Session Started,0.07,0
3.0,5.0,1219.19,0.0,0.0,1.0,Session Started,0.07,0
4.0,6.0,1047.04,0.0,0.0,1.0,Session Started,0.093,1
1.0,2.0,1002.1,0.0,0.0,1.0,Session Started,0.203,0
2.0,3.0,1455.63,0.0,0.0,1.0,Session Started,0.167,0
1.0,2.0,1441.61,1.0,0.0,0.0,Cancellation Page Viewed,0.9,1
1.0,3.0,8097.46,0.0,0.0,1.0,Session Started,0.143,0
9.0,1.0,1319.03,0.0,0.0,1.0,Session Started,0.45,0
4.0,3.0,2381.11,0.0,0.0,1.0,Session Started,0.213,0
3.0,10.0,1139.67,0.0,0.0,1.0,Session Started,0.07,0
3.0,1.0,1128.14,0.0,0.0,1.0,Session Started,0.31,1
3.0,14.0,462.43,0.0,0.0,1.0,Session Started,0.07,0
5.0,2.0,514.35,0.0,0.0,1.0,Session Started,0.297,0
10.0,1.0,688.42,0.0,0.0,1.0,Session Started,0.473,1
10.0,1.0,2094.26,0.0,0.0,1.0,Session Started,0.473,0
3.0,4.0,4276.71,0.0,0.0,1.0,Session Started,0.13,1
2.0,2.0,432.97,0.0,1.0,0.0,Downgrade Clicked,0.75,1
3.0,1.0,1165.31,0.0,1.0,0.0,Downgrade Clicked,0.75,0
4.0,2.0,605.76,0.0,0.0,1.0,Session Started,0.273,0
3.0,2.0,1463.49,0.0,0.0,1.0,Session Started,0.25,0
6.0,2.0,4275.33,0.0,0.0,1.0,Session Started,0.32,1
4.0,6.0,1264.58,0.0,1.0,0.0,Downgrade Clicked,0.75,1
2.0,2.0,1740.6,0.0,0.0,1.0,Session Started,0.227,0
2.0,3.0,5791.71,0.0,0.0,1.0,Session Started,0.167,0
3.0,2.0,2607.95,0.0,0.0,1.0,Session Started,0.25,1
1.0,15.0,984.3,0.0,0.0,1.0,Session Started,0.023,0
1.0,1.0,2053.15,0.0,0.0,1.0,Session Started,0.263,1
7.0,1.0,932.59,0.0,0.0,1.0,Session Started,0.403,0
3.0,1.0,2531.04,0.0,0.0,1.0,Session Started,0.31,1
2.0,2.0,2730.59,0.0,0.0,1.0,Session Started,0.227,0
4.0,2.0,605.63,0.0,0.0,1.0,Session Started,0.273,1
8.0,3.0,2079.99,1.0,0.0,0.0,Cancellation Page Viewed,0.9,1
2.0,2.0,1645.73,0.0,0.0,1.0,Session Started,0.227,0
8.0,1.0,2795.43,0.0,1.0,0.0,Downgrade Clicked,0.75,1
10.0,2.0,3515.99,0.0,0.0,1.0,Session Started,0.413,1
4.0,16.0,2649.06,0.0,0.0,1.0,Session Started,0.093,1
6.0,1.0,1418.63,0.0,0.0,1.0,Session Started,0.38,0
0.0,1.0,3814.88,0.0,1.0,0.0,Downgrade Clicked,0.75,1
11.0,1.0,899.24,0.0,0.0,1.0,Session Started,0.497,1
3.0,2.0,628.65,0.0,0.0,1.0,Session Started,0.25,1
10.0,1.0,140.3,0.0,0.0,1.0,Session Started,0.473,0
4.0,2.0,1709.38,0.0,0.0,1.0,Session Started,0.273,1
0.0,2.0,937.07,0.0,0.0,1.0,Session Started,0.18,0
0.0,2.0,2485.44,0.0,0.0,1.0,Session Started,0.18,0
7.0,2.0,373.54,0.0,0.0,1.0,Session Started,0.343,0
4.0,1.0,1077.35,0.0,0.0,1.0,Session Started,0.333,1
0.0,8.0,2633.89,0.0,0.0,1.0,Session Started,0.0,0
7.0,2.0,793.24,0.0,0.0,1.0,Session Started,0.343,0
8.0,2.0,2508.41,0.0,0.0,1.0,Session Started,0.367,0
3.0,1.0,1157.92,0.0,0.0,1.0,Session Started,0.31,0
3.0,2.0,1761.2,0.0,0.0,1.0,Session Started,0.25,0
0.0,6.0,2910.63,0.0,0.0,1.0,Session Started,0.0,0
8.0,1.0,3874.75,0.0,0.0,1.0,Session Started,0.427,1
2.0,1.0,1946.9,0.0,0.0,1.0,Session Started,0.287,0
9.0,1.0,942.74,0.0,0.0,1.0,Session Started,0.45,0
3.0,2.0,1253.34,0.0,0.0,1.0,Session Started,0.25,0
4.0,8.0,3009.61,0.0,0.0,1.0,Session Started,0.093,0
2.0,2.0,798.71,0.0,0.0,1.0,Session Started,0.227,0
1.0,2.0,1567.99,0.0,1.0,0.0,Downgrade Clicked,0.75,0
8.0,3.0,1327.82,0.0,0.0,1.0,Session Started,0.307,0
3.0,3.0,1664.55,0.0,0.0,1.0,Session Started,0.19,0
4.0,1.0,806.4,0.0,0.0,1.0,Session Started,0.333,0
12.0,1.0,410.94,0.0,0.0,1.0,Session Started,0.52,1
12.0,2.0,2742.41,0.0,0.0,1.0,Session Started,0.46,0
8.0,4.0,3910.05,1.0,0.0,0.0,Cancellation Page Viewed,0.9,1
1.0,2.0,431.07,0.0,0.0,1.0,Session Started,0.203,0
4.0,2.0,2428.77,0.0,0.0,1.0,Session Started,0.273,0
9.0,5.0,4300.76,0.0,0.0,1.0,Session Started,0.21,0
3.0,1.0,2912.39,1.0,0.0,0.0,Cancellation Page Viewed,0.9,1
1.0,2.0,1295.52,0.0,0.0,1.0,Session Started,0.203,0
8.0,1.0,849.97,0.0,0.0,1.0,Session Started,0.427,0
3.0,6.0,1929.05,1.0,0.0,0.0,Cancellation Page Viewed,0.9,0
4.0,2.0,2204.44,1.0,0.0,0.0,Cancellation Page Viewed,0.9,0
14.0,1.0,1952.07,0.0,0.0,1.0,Session Started,0.567,1
4.0,1.0,1565.39,0.0,0.0,1.0,Session Started,0.333,0
3.0,3.0,760.43,0.0,0.0,1.0,Session Started,0.19,0
3.0,3.0,2535.51,0.0,0.0,1.0,Session Started,0.19,0
3.0,2.0,2635.12,0.0,0.0,1.0,Session Started,0.25,0
1.0,1.0,2123.15,0.0,0.0,1.0,Session Started,0.263,0
8.0,8.0,1975.93,0.0,0.0,1.0,Session Started,0.187,0
8.0,3.0,6928.51,0.0,0.0,1.0,Session Started,0.307,0
2.0,2.0,1097.18,0.0,0.0,1.0,Session Started,0.227,0
2.0,2.0,5039.93,0.0,0.0,1.0,Session Started,0.227,0
9.0,7.0,1005.04,0.0,0.0,1.0,Session Started,0.21,0
0.0,8.0,4390.33,0.0,0.0,1.0,Session Started,0.0,0
3.0,2.0,4849.81,0.0,0.0,1.0,Session Started,0.25,0
3.0,2.0,1430.18,0.0,0.0,1.0,Session Started,0.25,0
7.0,2.0,6827.89,0.0,0.0,1.0,Session Started,0.343,1
1.0,5.0,2631.29,0.0,1.0,0.0,Downgrade Clicked,0.75,1
6.0,2.0,896.22,0.0,0.0,1.0,Session Started,0.32,1
3.0,1.0,1340.33,0.0,1.0,0.0,Downgrade Clicked,0.75,1
5.0,1.0,4474.77,0.0,0.0,1.0,Session Started,0.357,0
0.0,7.0,3783.68,0.0,0.0,1.0,Session Started,0.0,0
3.0,7.0,775.55,0.0,0.0,1.0,Session Started,0.07,1
3.0,10.0,1617.43,0.0,0.0,1.0,Session Started,0.07,0
2.0,2.0,2127.75,0.0,0.0,1.0,Session Started,0.227,0
1.0,4.0,1204.62,0.0,0.0,1.0,Session Started,0.083,0
1.0,5.0,11923.18,0.0,0.0,1.0,Session Started,0.023,0
2.0,1.0,2179.67,0.0,0.0,1.0,Session Started,0.287,0
1.0,1.0,1720.81,0.0,0.0,1.0,Session Started,0.263,0
11.0,16.0,4687.62,0.0,0.0,1.0,Session Started,0.257,0
3.0,1.0,1349.96,0.0,0.0,1.0,Session Started,0.31,1
8.0,2.0,4047.85,0.0,0.0,1.0,Session Started,0.367,0
13.0,2.0,476.19,0.0,0.0,1.0,Session Started,0.483,0
0.0,2.0,1257.75,0.0,0.0,1.0,Session Started,0.18,1
6.0,1.0,4184.98,0.0,0.0,1.0,Session Started,0.38,1
9.0,3.0,6349.67,0.0,0.0,1.0,Session Started,0.33,0
5.0,1.0,973.95,0.0,0.0,1.0,Session Started,0.357,1
3.0,5.0,887.26,0.0,0.0,1.0,Session Started,0.07,1
3.0,1.0,2846.82,0.0,0.0,1.0,Session Started,0.31,0
0.0,2.0,1098.36,0.0,0.0,1.0,Session Started,0.18,0
4.0,4.0,1458.46,0.0,0.0,1.0,Session Started,0.153,0
16.0,1.0,3645.05,0.0,0.0,1.0,Session Started,0.613,0
11.0,1.0,1169.95,0.0,0.0,1.0,Session Started,0.497,1
0.0,4.0,375.28,0.0,0.0,1.0,Session Started,0.06,0
7.0,1.0,638.51,0.0,0.0,1.0,Session Started,0.403,0
2.0,1.0,1822.5,0.0,0.0,1.0,Session Started,0.287,0
9.0,2.0,407.18,0.0,0.0,1.0,Session Started,0.39,0
0.0,8.0,1425.49,0.0,0.0,1.0,Session Started,0.0,0
10.0,2.0,593.67,0.0,0.0,1.0,Session Started,0.413,0
8.0,2.0,6714.01,0.0,0.0,1.0,Session Started,0.367,0
1.0,13.0,10220.12,0.0,1.0,0.0,Downgrade Clicked,0.75,1
0.0,2.0,775.45,0.0,0.0,1.0,Session Started,0.18,0
8.0,2.0,2220.32,0.0,0.0,1.0,Session Started,0.367,0
1.0,2.0,838.55,0.0,0.0,1.0,Session Started,0.203,1
4.0,1.0,1411.7,0.0,0.0,1.0,Session Started,0.333,0
10.0,1.0,7652.41,0.0,0.0,1.0,Session Started,0.473,1
4.0,2.0,1244.7,0.0,1.0,0.0,Downgrade Clicked,0.75,1
3.0,1.0,1438.23,0.0,0.0,1.0,Session Started,0.31,0
3.0,2.0,850.63,0.0,0.0,1.0,Session Started,0.25,0
0.0,1.0,4523.09,0.0,0.0,1.0,Session Started,0.24,1
12.0,2.0,132.87,1.0,0.0,0.0,Cancellation Page Viewed,0.9,1
2.0,1.0,1268.72,0.0,0.0,1.0,Session Started,0.287,0
1.0,2.0,1742.87,0.0,0.0,1.0,Session Started,0.203,0
2.0,3.0,1065.43,0.0,0.0,1.0,Session Started,0.167,0
12.0,2.0,3607.74,0.0,0.0,1.0,Session Started,0.46,1
1.0,1.0,4729.72,0.0,0.0,1.0,Session Started,0.263,1
9.0,1.0,584.27,0.0,0.0,1.0,Session Started,0.45,0
7.0,5.0,9650.73,0.0,0.0,1.0,Session Started,0.163,1
8.0,1.0,579.05,0.0,0.0,1.0,Session Started,0.427,0
13.0,4.0,5069.03,0.0,0.0,1.0,Session Started,0.363,0
8.0,2.0,2038.28,0.0,0.0,1.0,Session Started,0.367,0
11.0,1.0,1208.38,0.0,0.0,1.0,Session Started,0.497,1
1.0,3.0,1303.11,0.0,0.0,1.0,Session Started,0.143,1
8.0,2.0,1760.21,0.0,0.0,1.0,Session Started,0.367,0
4.0,1.0,2136.09,0.0,0.0,1.0,Session Started,0.333,0
4.0,11.0,865.99,0.0,0.0,1.0,Session Started,0.093,0
9.0,1.0,1499.44,0.0,0.0,1.0,Session Started,0.45,0
12.0,2.0,976.0,0.0,0.0,1.0,Session Started,0.46,1
7.0,2.0,684.0,0.0,0.0,1.0,Session Started,0.343,0
3.0,2.0,940.25,0.0,0.0,1.0,Session Started,0.25,0
3.0,4.0,720.55,0.0,0.0,1.0,Session Started,0.13,0
3.0,1.0,1291.91,0.0,0.0,1.0,Session Started,0.31,0
3.0,8.0,2555.44,0.0,0.0,1.0,Session Started,0.07,0
3.0,2.0,1991.35,0.0,0.0,1.0,Session Started,0.25,0
0.0,9.0,8773.37,0.0,0.0,1.0,Session Started,0.0,0
0.0,5.0,308.47,0.0,0.0,1.0,Session Started,0.0,0
8.0,8.0,2631.93,0.0,1.0,0.0,Downgrade Clicked,0.75,1
3.0,2.0,1817.35,0.0,0.0,1.0,Session Started,0.25,0
10.0,2.0,3472.17,0.0,0.0,1.0,Session Started,0.413,0
5.0,2.0,3207.26,0.0,0.0,1.0,Session Started,0.297,0
0.0,2.0,1584.47,0.0,0.0,1.0,Session Started,0.18,1
1.0,2.0,2075.84,0.0,0.0,1.0,Session Started,0.203,1
1.0,3.0,996.99,0.0,0.0,1.0,Session Started,0.143,0
13.0,1.0,2954.08,0.0,0.0,1.0,Session Started,0.543,1
2.0,5.0,402.18,0.0,0.0,1.0,Session Started,0.047,0
3.0,1.0,3365.94,0.0,0.0,1.0,Session Started,0.31,0
10.0,9.0,1774.83,0.0,0.0,1.0,Session Started,0.233,1
13.0,1.0,1224.58,0.0,0.0,1.0,Session Started,0.543,0
2.0,1.0,1501.13,0.0,0.0,1.0,Session Started,0.287,0
0.0,5.0,1591.84,0.0,0.0,1.0,Session Started,0.0,0
1.0,5.0,5104.32,0.0,0.0,1.0,Session Started,0.023,0
0.0,3.0,24023.67,0.0,0.0,1.0,Session Started,0.12,1
1.0,11.0,4797.72,0.0,0.0,1.0,Session Started,0.023,1
4.0,1.0,1150.26,0.0,0.0,1.0,Session Started,0.333,0
9.0,5.0,2992.38,0.0,1.0,0.0,Downgrade Clicked,0.75,0
4.0,2.0,3098.47,0.0,0.0,1.0,Session Started,0.273,0
5.0,2.0,862.53,0.0,0.0,1.0,Session Started,0.297,1
1.0,2.0,659.42,0.0,0.0,1.0,Session Started,0.203,0
8.0,1.0,1718.79,0.0,1.0,0.0,Downgrade Clicked,0.75,1
5.0,2.0,3450.13,0.0,0.0,1.0,Session Started,0.297,1
9.0,3.0,497.98,0.0,1.0,0.0,Downgrade Clicked,0.75,1
11.0,1.0,1015.65,0.0,0.0,1.0,Session Started,0.497,1
2.0,8.0,2858.7,1.0,0.0,0.0,Cancellation Page Viewed,0.9,1
0.0,2.0,1869.41,0.0,0.0,1.0,Session Started,0.18,0
2.0,1.0,5614.0,0.0,0.0,1.0,Session Started,0.287,1
3.0,2.0,584.59,0.0,0.0,1.0,Session Started,0.25,1
11.0,1.0,11869.55,0.0,0.0,1.0,Session Started,0.497,1
3.0,1.0,528.27,1.0,0.0,0.0,Cancellation Page Viewed,0.9,0
8.0,2.0,356.62,0.0,0.0,1.0,Session Started,0.367,0
4.0,1.0,1724.81,0.0,0.0,1.0,Session Started,0.333,0
1.0,1.0,729.55,0.0,0.0,1.0,Session Started,0.263,0
2.0,3.0,1752.85,0.0,0.0,1.0,Session Started,0.167,0
6.0,1.0,1704.49,0.0,0.0,1.0,Session Started,0.38,0
7.0,4.0,1545.93,0.0,0.0,1.0,Session Started,0.223,0
3.0,4.0,921.56,1.0,0.0,0.0,Cancellation Page Viewed,0.9,1
2.0,1.0,2555.81,0.0,1.0,0.0,Downgrade Clicked,0.75,1
7.0,2.0,1402.67,0.0,0.0,1.0,Session Started,0.343,0
1.0,1.0,4371.81,0.0,0.0,1.0,Session Started,0.263,1
10.0,2.0,1565.1,1.0,0.0,0.0,Cancellation Page Viewed,0.9,1
1.0,1.0,835.71,0.0,1.0,0.0,Downgrade Clicked,0.75,0
1.0,9.0,468.64,0.0,0.0,1.0,Session Started,0.023,0
3.0,1.0,1575.48,0.0,0.0,1.0,Session Started,0.31,0
3.0,2.0,655.0,0.0,0.0,1.0,Session Started,0.25,1
3.0,1.0,614.02,0.0,0.0,1.0,Session Started,0.31,0
3.0,1.0,2757.19,0.0,0.0,1.0,Session Started,0.31,1
17.0,2.0,436.1,0.0,0.0,1.0,Session Started,0.577,1
3.0,2.0,5595.71,0.0,0.0,1.0,Session Started,0.25,1
3.0,16.0,2054.47,0.0,0.0,1.0,Session Started,0.07,0
3.0,1.0,1745.73,0.0,0.0,1.0,Session Started,0.31,0
0.0,1.0,790.12,0.0,0.0,1.0,Session Started,0.24,0
4.0,2.0,3332.57,0.0,1.0,0.0,Downgrade Clicked,0.75,1
2.0,2.0,1803.85,0.0,0.0,1.0,Session Started,0.227,0
5.0,7.0,1044.32,0.0,0.0,1.0,Session Started,0.117,0
0.0,8.0,2121.46,1.0,0.0,0.0,Cancellation Page Viewed,0.9,1
13.0,7.0,470.49,0.0,0.0,1.0,Session Started,0.303,1
3.0,1.0,488.69,0.0,0.0,1.0,Session Started,0.31,0
9.0,2.0,737.93,0.0,0.0,1.0,Session Started,0.39,0
3.0,3.0,2391.37,0.0,0.0,1.0,Session Started,0.19,0
0.0,1.0,1803.34,1.0,0.0,0.0,Cancellation Page Viewed,0.9,1
8.0,2.0,4184.67,0.0,1.0,0.0,Downgrade Clicked,0.75,1
5.0,1.0,866.11,0.0,0.0,1.0,Session Started,0.357,1
8.0,1.0,2863.31,0.0,0.0,1.0,Session Started,0.427,1
3.0,6.0,1650.62,0.0,0.0,1.0,Session Started,0.07,0
5.0,1.0,850.28,0.0,0.0,1.0,Session Started,0.357,1
8.0,11.0,2460.81,0.0,0.0,1.0,Session Started,0.187,0
5.0,1.0,1715.04,0.0,0.0,1.0,Session Started,0.357,0
2.0,1.0,1093.03,1.0,0.0,0.0,Cancellation Page Viewed,0.9,1
6.0,1.0,1869.82,0.0,0.0,1.0,Session Started,0.38,1
7.0,1.0,1630.07,0.0,0.0,1.0,Session Started,0.403,1
12.0,2.0,1598.87,0.0,0.0,1.0,Session Started,0.46,0
3.0,1.0,1299.75,0.0,0.0,1.0,Session Started,0.31,0
3.0,2.0,636.54,0.0,0.0,1.0,Session Started,0.25,0
8.0,7.0,1919.49,0.0,0.0,1.0,Session Started,0.187,0
3.0,2.0,951.3,0.0,0.0,1.0,Session Started,0.25,0
7.0,1.0,799.3,0.0,0.0,1.0,Session Started,0.403,1
3.0,2.0,1491.35,0.0,0.0,1.0,Session Started,0.25,0
2.0,4.0,3252.64,0.0,0.0,1.0,Session Started,0.107,0
7.0,2.0,2097.48,0.0,0.0,1.0,Session Started,0.343,0
1.0,1.0,1182.15,0.0,0.0,1.0,Session Started,0.263,0
1.0,2.0,1144.73,0.0,0.0,1.0,Session Started,0.203,0
5.0,2.0,3006.86,0.0,0.0,1.0,Session Started,0.297,1
7.0,2.0,265.76,0.0,0.0,1.0,Session Started,0.343,0
9.0,1.0,3421.7,0.0,0.0,1.0,Session Started,0.45,0
2.0,13.0,403.75,0.0,0.0,1.0,Session Started,0.047,0
1.0,1.0,582.7,0.0,0.0,1.0,Session Started,0.263,0
11.0,1.0,1198.21,0.0,0.0,1.0,Session Started,0.497,0
1.0,1.0,10260.94,0.0,0.0,1.0,Session Started,0.263,0
1.0,2.0,6918.37,0.0,0.0,1.0,Session Started,0.203,0
2.0,2.0,3181.76,1.0,0.0,0.0,Cancellation Page Viewed,0.9,1
4.0,1.0,2404.83,0.0,0.0,1.0,Session Started,0.333,0
9.0,2.0,407.56,0.0,0.0,1.0,Session Started,0.39,1
8.0,2.0,2049.61,0.0,1.0,0.0,Downgrade Clicked,0.75,0
7.0,1.0,1165.17,0.0,0.0,1.0,Session Started,0.403,0
1.0,8.0,940.74,0.0,0.0,1.0,Session Started,0.023,0
3.0,1.0,2046.41,0.0,0.0,1.0,Session Started,0.31,0
3.0,1.0,1240.3,0.0,1.0,0.0,Downgrade Clicked,0.75,1
1.0,10.0,3624.38,0.0,0.0,1.0,Session Started,0.023,0
2.0,5.0,384.23,0.0,0.0,1.0,Session Started,0.047,0
2.0,2.0,1919.86,1.0,0.0,0.0,Cancellation Page Viewed,0.9,1
1.0,5.0,894.91,0.0,0.0,1.0,Session Started,0.023,0
4.0,2.0,1302.83,0.0,0.0,1.0,Session Started,0.273,0
7.0,2.0,2307.0,0.0,0.0,1.0,Session Started,0.343,0
0.0,5.0,739.63,0.0,0.0,1.0,Session Started,0.0,0
3.0,3.0,2061.91,0.0,0.0,1.0,Session Started,0.19,0
8.0,1.0,1525.58,1.0,0.0,0.0,Cancellation Page Viewed,0.9,1
7.0,2.0,1065.85,0.0,0.0,1.0,Session Started,0.343,0
8.0,2.0,1240.84,0.0,0.0,1.0,Session Started,0.367,1
3.0,1.0,1597.76,0.0,0.0,1.0,Session Started,0.31,0
8.0,11.0,978.22,0.0,0.0,1.0,Session Started,0.187,0
2.0,2.0,1818.33,0.0,1.0,0.0,Downgrade Clicked,0.75,1
3.0,2.0,1447.31,0.0,0.0,1.0,Session Started,0.25,0
1.0,2.0,1108.73,0.0,0.0,1.0,Session Started,0.203,0
3.0,2.0,6450.25,0.0,1.0,0.0,Downgrade Clicked,0.75,1
3.0,1.0,2520.45,0.0,1.0,0.0,Downgrade Clicked,0.75,1
2.0,12.0,1331.19,0.0,0.0,1.0,Session Started,0.047,0
7.0,2.0,2031.82,0.0,0.0,1.0,Session Started,0.343,1
2.0,2.0,795.16,0.0,0.0,1.0,Session Started,0.227,0
2.0,2.0,1274.85,0.0,0.0,1.0,Session Started,0.227,0
1.0,1.0,1399.59,0.0,0.0,1.0,Session Started,0.263,0
3.0,1.0,666.85,0.0,1.0,0.0,Downgrade Clicked,0.75,1
2.0,2.0,2464.84,0.0,0.0,1.0,Session Started,0.227,0
3.0,1.0,1206.54,0.0,0.0,1.0,Session Started,0.31,0
2.0,2.0,1360.53,0.0,0.0,1.0,Session Started,0.227,0
8.0,7.0,1147.14,0.0,0.0,1.0,Session Started,0.187,0
10.0,1.0,19288.66,0.0,0.0,1.0,Session Started,0.473,0
3.0,2.0,1064.12,0.0,0.0,1.0,Session Started,0.25,0
5.0,2.0,345.52,0.0,0.0,1.0,Session Started,0.297,1
9.0,1.0,502.73,0.0,0.0,1.0,Session Started,0.45,1
18.0,8.0,3319.08,0.0,0.0,1.0,Session Started,0.42,1
5.0,2.0,5266.72,0.0,0.0,1.0,Session Started,0.297,0
9.0,1.0,1047.92,0.0,0.0,1.0,Session Started,0.45,1
9.0,1.0,5029.92,0.0,0.0,1.0,Session Started,0.45,0
8.0,8.0,3272.38,0.0,0.0,1.0,Session Started,0.187,1
3.0,1.0,1553.73,0.0,0.0,1.0,Session Started,0.31,0
0.0,2.0,1467.98,0.0,0.0,1.0,Session Started,0.18,0
0.0,1.0,2089.53,0.0,0.0,1.0,Session Started,0.24,0
3.0,1.0,3648.11,0.0,0.0,1.0,Session Started,0.31,0
3.0,7.0,2484.52,1.0,0.0,0.0,Cancellation Page Viewed,0.9,1
3.0,1.0,1052.11,0.0,0.0,1.0,Session Started,0.31,0
4.0,1.0,1572.83,0.0,0.0,1.0,Session Started,0.333,0
4.0,2.0,8822.06,0.0,0.0,1.0,Session Started,0.273,0
8.0,6.0,2210.49,0.0,0.0,1.0,Session Started,0.187,0
1.0,2.0,3624.46,0.0,0.0,1.0,Session Started,0.203,0
2.0,1.0,2784.73,0.0,1.0,0.0,Downgrade Clicked,0.75,1
8.0,13.0,2250.0,0.0,0.0,1.0,Session Started,0.187,0
8.0,2.0,1972.31,0.0,0.0,1.0,Session Started,0.367,0
17.0,6.0,3706.76,0.0,0.0,1.0,Session Started,0.397,0
9.0,3.0,3212.85,0.0,0.0,1.0,Session Started,0.33,0
9.0,2.0,2233.03,0.0,1.0,0.0,Downgrade Clicked,0.75,1
2.0,2.0,1037.94,0.0,0.0,1.0,Session Started,0.227,0
3.0,1.0,2461.31,0.0,0.0,1.0,Session Started,0.31,0
2.0,3.0,1713.67,0.0,1.0,0.0,Downgrade Clicked,0.75,0
4.0,3.0,1412.89,0.0,1.0,0.0,Downgrade Clicked,0.75,1
10.0,9.0,15413.84,0.0,0.0,1.0,Session Started,0.233,1
2.0,2.0,527.82,0.0,0.0,1.0,Session Started,0.227,0
4.0,1.0,3892.51,0.0,0.0,1.0,Session Started,0.333,1
2.0,2.0,906.75,1.0,0.0,0.0,Cancellation Page Viewed,0.9,1
1.0,2.0,2008.12,0.0,0.0,1.0,Session Started,0.203,0
1.0,2.0,14113.26,0.0,0.0,1.0,Session Started,0.203,0
0.0,4.0,837.24,0.0,0.0,1.0,Session Started,0.06,0
11.0,2.0,1013.23,0.0,0.0,1.0,Session Started,0.437,0
3.0,1.0,1782.89,0.0,0.0,1.0,Session Started,0.31,0
8.0,2.0,918.03,0.0,0.0,1.0,Session Started,0.367,0
7.0,2.0,3667.43,0.0,0.0,1.0,Session Started,0.343,1
1.0,8.0,1178.95,0.0,0.0,1.0,Session Started,0.023,0
1.0,2.0,3050.95,0.0,0.0,1.0,Session Started,0.203,1
8.0,2.0,624.31,0.0,0.0,1.0,Session Started,0.367,1
2.0,2.0,426.04,0.0,0.0,1.0,Session Started,0.227,0
10.0,2.0,1505.4,0.0,0.0,1.0,Session Started,0.413,0
1.0,1.0,515.53,0.0,0.0,1.0,Session Started,0.263,0
7.0,7.0,6091.29,0.0,0.0,1.0,Session Started,0.163,0
8.0,8.0,531.74,0.0,0.0,1.0,Session Started,0.187,0
2.0,2.0,788.28,0.0,0.0,1.0,Session Started,0.227,0
2.0,2.0,2517.18,0.0,0.0,1.0,Session Started,0.227,0
12.0,1.0,1131.06,0.0,0.0,1.0,Session Started,0.52,0
2.0,2.0,536.62,0.0,0.0,1.0,Session Started,0.227,0
3.0,2.0,9246.23,0.0,0.0,1.0,Session Started,0.25,1
3.0,3.0,811.34,0.0,0.0,1.0,Session Started,0.19,0
2.0,1.0,1545.33,0.0,0.0,1.0,Session Started,0.287,0
8.0,3.0,1529.42,0.0,0.0,1.0,Session Started,0.307,0
8.0,1.0,3191.5,0.0,0.0,1.0,Session Started,0.427,0
3.0,2.0,2617.26,0.0,1.0,0.0,Downgrade Clicked,0.75,1
8.0,2.0,933.14,0.0,0.0,1.0,Session Started,0.367,0
2.0,1.0,1393.17,0.0,0.0,1.0,Session Started,0.287,0
0.0,2.0,1507.88,0.0,0.0,1.0,Session Started,0.18,0
4.0,5.0,3291.73,0.0,0.0,1.0,Session Started,0.093,0
16.0,2.0,710.06,0.0,0.0,1.0,Session Started,0.553,0
0.0,1.0,9085.99,0.0,0.0,1.0,Session Started,0.24,0
1.0,2.0,985.01,0.0,0.0,1.0,Session Started,0.203,0
3.0,1.0,1795.43,0.0,1.0,0.0,Downgrade Clicked,0.75,1
8.0,2.0,714.8,0.0,0.0,1.0,Session Started,0.367,0
0.0,2.0,640.0,0.0,0.0,1.0,Session Started,0.18,0
3.0,1.0,898.26,0.0,0.0,1.0,Session Started,0.31,0
7.0,2.0,831.79,1.0,0.0,0.0,Cancellation Page Viewed,0.9,1
3.0,3.0,1298.02,0.0,0.0,1.0,Session Started,0.19,0
1.0,3.0,826.19,0.0,0.0,1.0,Session Started,0.143,0
1.0,1.0,3154.05,0.0,0.0,1.0,Session Started,0.263,1
3.0,1.0,966.43,0.0,0.0,1.0,Session Started,0.31,0
3.0,2.0,884.43,0.0,0.0,1.0,Session Started,0.25,0
9.0,1.0,1320.31,0.0,0.0,1.0,Session Started,0.45,1
5.0,2.0,4000.89,0.0,0.0,1.0,Session Started,0.297,0
7.0,1.0,2147.16,0.0,0.0,1.0,Session Started,0.403,1
14.0,1.0,1669.45,0.0,0.0,1.0,Session Started,0.567,0
3.0,2.0,574.54,0.0,0.0,1.0,Session Started,0.25,0
3.0,1.0,724.75,0.0,0.0,1.0,Session Started,0.31,0
10.0,3.0,650.19,0.0,0.0,1.0,Session Started,0.353,0
2.0,1.0,5143.46,1.0,0.0,0.0,Cancellation Page Viewed,0.9,1
7.0,2.0,2764.05,0.0,0.0,1.0,Session Started,0.343,0
7.0,2.0,907.51,0.0,0.0,1.0,Session Started,0.343,1
1.0,4.0,1151.13,0.0,0.0,1.0,Session Started,0.083,0
3.0,4.0,934.27,0.0,1.0,0.0,Downgrade Clicked,0.75,1
1.0,2.0,890.08,0.0,0.0,1.0,Session Started,0.203,0
1.0,2.0,2612.96,0.0,0.0,1.0,Session Started,0.203,0
3.0,1.0,1436.51,0.0,0.0,1.0,Session Started,0.31,0
2.0,2.0,9556.09,0.0,0.0,1.0,Session Started,0.227,1
8.0,1.0,4916.18,0.0,0.0,1.0,Session Started,0.427,1
9.0,2.0,5154.29,0.0,0.0,1.0,Session Started,0.39,1
8.0,1.0,3093.58,0.0,0.0,1.0,Session Started,0.427,1
2.0,7.0,1289.32,0.0,0.0,1.0,Session Started,0.047,0
2.0,2.0,2916.77,0.0,1.0,0.0,Downgrade Clicked,0.75,1
2.0,2.0,1367.77,0.0,0.0,1.0,Session Started,0.227,1
1.0,2.0,6662.31,0.0,0.0,1.0,Session Started,0.203,0
11.0,1.0,2498.44,0.0,0.0,1.0,Session Started,0.497,0
3.0,1.0,2230.29,0.0,0.0,1.0,Session Started,0.31,1
2.0,8.0,2001.51,0.0,0.0,1.0,Session Started,0.047,0
8.0,4.0,7275.1,0.0,0.0,1.0,Session Started,0.247,0
3.0,1.0,574.21,0.0,1.0,0.0,Downgrade Clicked,0.75,1
0.0,3.0,7868.56,0.0,1.0,0.0,Downgrade Clicked,0.75,0
1.0,2.0,1557.87,0.0,0.0,1.0,Session Started,0.203,0
5.0,1.0,587.03,0.0,0.0,1.0,Session Started,0.357,0
8.0,2.0,990.52,0.0,0.0,1.0,Session Started,0.367,0
2.0,1.0,482.68,0.0,0.0,1.0,Session Started,0.287,0
10.0,1.0,3050.09,0.0,0.0,1.0,Session Started,0.473,0
8.0,2.0,787.9,0.0,1.0,0.0,Downgrade Clicked,0.75,1
8.0,1.0,2069.23,0.0,0.0,1.0,Session Started,0.427,0
2.0,7.0,4479.98,0.0,0.0,1.0,Session Started,0.047,0
0.0,2.0,1056.15,0.0,1.0,0.0,Downgrade Clicked,0.75,1
9.0,5.0,1459.02,0.0,1.0,0.0,Downgrade Clicked,0.75,1
2.0,2.0,637.34,0.0,0.0,1.0,Session Started,0.227,0
5.0,6.0,1325.19,0.0,0.0,1.0,Session Started,0.117,0
8.0,2.0,14174.77,0.0,0.0,1.0,Session Started,0.367,0
1.0,2.0,3368.92,0.0,0.0,1.0,Session Started,0.203,0
8.0,2.0,1462.96,0.0,0.0,1.0,Session Started,0.367,1
10.0,7.0,1108.37,0.0,0.0,1.0,Session Started,0.233,0
7.0,1.0,1747.42,0.0,0.0,1.0,Session Started,0.403,1
3.0,2.0,2006.29,0.0,0.0,1.0,Session Started,0.25,1
9.0,3.0,1293.03,0.0,0.0,1.0,Session Started,0.33,0
4.0,2.0,2762.93,0.0,0.0,1.0,Session Started,0.273,1
7.0,6.0,843.23,0.0,0.0,1.0,Session Started,0.163,0
8.0,2.0,839.91,0.0,0.0,1.0,Session Started,0.367,0
7.0,1.0,2431.24,0.0,0.0,1.0,Session Started,0.403,0
2.0,2.0,709.87,1.0,0.0,0.0,Cancellation Page Viewed,0.9,0
1.0,2.0,3239.63,0.0,0.0,1.0,Session Started,0.203,0
2.0,1.0,1787.5,0.0,0.0,1.0,Session Started,0.287,1
3.0,1.0,418.92,0.0,0.0,1.0,Session Started,0.31,0
3.0,1.0,1973.57,0.0,1.0,0.0,Downgrade Clicked,0.75,1
4.0,3.0,469.6,0.0,0.0,1.0,Session Started,0.213,0
3.0,7.0,3148.53,0.0,0.0,1.0,Session Started,0.07,0
8.0,2.0,1481.82,0.0,0.0,1.0,Session Started,0.367,0
10.0,1.0,7949.52,0.0,0.0,1.0,Session Started,0.473,0
2.0,2.0,4260.11,0.0,0.0,1.0,Session Started,0.227,0
7.0,6.0,773.9,0.0,0.0,1.0,Session Started,0.163,0
7.0,3.0,359.03,1.0,0.0,0.0,Cancellation Page Viewed,0.9,1
3.0,1.0,988.23,0.0,0.0,1.0,Session Started,0.31,0
1.0,1.0,680.61,0.0,0.0,1.0,Session Started,0.263,1
8.0,7.0,7789.96,0.0,0.0,1.0,Session Started,0.187,0
12.0,6.0,1793.18,0.0,0.0,1.0,Session Started,0.28,0
7.0,1.0,3815.15,0.0,0.0,1.0,Session Started,0.403,1
10.0,5.0,1439.39,0.0,0.0,1.0,Session Started,0.233,0
14.0,1.0,1565.98,0.0,0.0,1.0,Session Started,0.567,0
2.0,1.0,1761.46,0.0,0.0,1.0,Session Started,0.287,0
5.0,3.0,4381.87,0.0,0.0,1.0,Session Started,0.237,1
3.0,2.0,2319.95,0.0,1.0,0.0,Downgrade Clicked,0.75,1
14.0,2.0,775.98,0.0,0.0,1.0,Session Started,0.507,0
1.0,7.0,6621.06,0.0,0.0,1.0,Session Started,0.023,0
3.0,5.0,1430.45,0.0,0.0,1.0,Session Started,0.07,0
9.0,1.0,1255.87,0.0,0.0,1.0,Session Started,0.45,0
2.0,2.0,187.99,0.0,0.0,1.0,Session Started,0.227,0
8.0,4.0,3003.46,0.0,0.0,1.0,Session Started,0.247,0
3.0,2.0,1960.22,0.0,0.0,1.0,Session Started,0.25,0
13.0,14.0,1958.51,0.0,0.0,1.0,Session Started,0.303,0
9.0,2.0,1309.94,0.0,0.0,1.0,Session Started,0.39,0
2.0,1.0,1141.19,0.0,0.0,1.0,Session Started,0.287,0
8.0,1.0,1345.25,0.0,0.0,1.0,Session Started,0.427,1
2.0,5.0,2618.95,0.0,0.0,1.0,Session Started,0.047,0
4.0,16.0,3014.82,0.0,0.0,1.0,Session Started,0.093,0
6.0,1.0,1502.93,0.0,0.0,1.0,Session Started,0.38,1
8.0,1.0,3862.81,0.0,0.0,1.0,Session Started,0.427,0
0.0,3.0,1697.35,0.0,0.0,1.0,Session Started,0.12,0
2.0,1.0,1207.88,0.0,0.0,1.0,Session Started,0.287,0
7.0,1.0,2119.07,1.0,0.0,0.0,Cancellation Page Viewed,0.9,1
4.0,7.0,609.41,0.0,0.0,1.0,Session Started,0.093,0
3.0,4.0,2178.03,0.0,0.0,1.0,Session Started,0.13,0
0.0,7.0,526.5,0.0,0.0,1.0,Session Started,0.0,0
2.0,2.0,794.58,0.0,0.0,1.0,Session Started,0.227,0
9.0,1.0,359.62,0.0,0.0,1.0,Session Started,0.45,1
0.0,7.0,1571.69,1.0,0.0,0.0,Cancellation Page Viewed,0.9,1
3.0,1.0,6553.19,0.0,0.0,1.0,Session Started,0.31,0
11.0,1.0,1646.39,0.0,0.0,1.0,Session Started,0.497,0
0.0,7.0,3025.61,0.0,0.0,1.0,Session Started,0.0,1
7.0,2.0,11870.97,0.0,0.0,1.0,Session Started,0.343,0
2.0,7.0,2498.0,1.0,0.0,0.0,Cancellation Page Viewed,0.9,1
9.0,1.0,980.27,0.0,1.0,0.0,Downgrade Clicked,0.75,1
7.0,10.0,1094.38,0.0,0.0,1.0,Session Started,0.163,0
9.0,2.0,1808.99,0.0,0.0,1.0,Session Started,0.39,1
2.0,2.0,1089.73,0.0,0.0,1.0,Session Started,0.227,1
4.0,8.0,1156.94,0.0,0.0,1.0,Session Started,0.093,0
8.0,2.0,3976.68,0.0,0.0,1.0,Session Started,0.367,0
2.0,3.0,4108.96,0.0,0.0,1.0,Session Started,0.167,0
2.0,2.0,484.19,0.0,0.0,1.0,Session Started,0.227,0
0.0,4.0,939.61,0.0,0.0,1.0,Session Started,0.06,0
11.0,7.0,1247.37,0.0,0.0,1.0,Session Started,0.257,0
7.0,2.0,2919.8,0.0,0.0,1.0,Session Started,0.343,0
5.0,1.0,4511.84,0.0,0.0,1.0,Session Started,0.357,0
7.0,1.0,15702.49,0.0,0.0,1.0,Session Started,0.403,0
4.0,10.0,1245.71,0.0,0.0,1.0,Session Started,0.093,1
3.0,12.0,1296.49,0.0,0.0,1.0,Session Started,0.07,0
3.0,12.0,2895.33,0.0,0.0,1.0,Session Started,0.07,0
5.0,1.0,1047.57,0.0,0.0,1.0,Session Started,0.357,0
1.0,2.0,1615.23,0.0,0.0,1.0,Session Started,0.203,0
9.0,3.0,1297.21,0.0,0.0,1.0,Session Started,0.33,0
8.0,3.0,222.0,0.0,0.0,1.0,Session Started,0.307,0
2.0,1.0,1995.37,0.0,0.0,1.0,Session Started,0.287,0
4.0,2.0,1562.61,0.0,0.0,1.0,Session Started,0.273,0
1.0,1.0,4998.96,0.0,0.0,1.0,Session Started,0.263,0
13.0,2.0,1816.0,0.0,0.0,1.0,Session Started,0.483,0
9.0,1.0,662.62,0.0,0.0,1.0,Session Started,0.45,1
10.0,1.0,1470.74,0.0,0.0,1.0,Session Started,0.473,1
2.0,1.0,339.38,0.0,0.0,1.0,Session Started,0.287,1
1.0,8.0,686.27,0.0,1.0,0.0,Downgrade Clicked,0.75,1
2.0,3.0,3006.12,0.0,0.0,1.0,Session Started,0.167,0
0.0,8.0,1483.45,0.0,0.0,1.0,Session Started,0.0,0
1.0,2.0,3781.99,0.0,0.0,1.0,Session Started,0.203,0
0.0,2.0,374.84,0.0,0.0,1.0,Session Started,0.18,0
15.0,2.0,1489.25,0.0,0.0,1.0,Session Started,0.53,1
0.0,2.0,1235.94,0.0,0.0,1.0,Session Started,0.18,0
1.0,2.0,3884.23,0.0,0.0,1.0,Session Started,0.203,0
8.0,3.0,3097.07,0.0,1.0,0.0,Downgrade Clicked,0.75,1
4.0,4.0,3022.39,0.0,0.0,1.0,Session Started,0.153,0
8.0,7.0,6205.11,0.0,0.0,1.0,Session Started,0.187,0
5.0,1.0,1346.86,0.0,1.0,0.0,Downgrade Clicked,0.75,1
9.0,2.0,5260.94,0.0,0.0,1.0,Session Started,0.39,0
5.0,1.0,784.18,0.0,0.0,1.0,Session Started,0.357,0
3.0,1.0,761.51,0.0,0.0,1.0,Session Started,0.31,1
7.0,3.0,3301.71,0.0,0.0,1.0,Session Started,0.283,1
3.0,2.0,542.51,0.0,0.0,1.0,Session Started,0.25,0
2.0,3.0,2858.96,0.0,0.0,1.0,Session Started,0.167,0
3.0,1.0,1960.69,0.0,0.0,1.0,Session Started,0.31,0
1.0,15.0,4261.95,0.0,0.0,1.0,Session Started,0.023,0
8.0,15.0,1724.07,0.0,0.0,1.0,Session Started,0.187,0
2.0,2.0,1890.96,0.0,1.0,0.0,Downgrade Clicked,0.75,1
1.0,6.0,2717.35,0.0,0.0,1.0,Session Started,0.023,0
2.0,1.0,1064.1,0.0,0.0,1.0,Session Started,0.287,0
8.0,3.0,1027.66,0.0,1.0,0.0,Downgrade Clicked,0.75,1
2.0,7.0,2642.67,0.0,1.0,0.0,Downgrade Clicked,0.75,1
7.0,5.0,1766.17,0.0,0.0,1.0,Session Started,0.163,1
8.0,5.0,1305.25,0.0,0.0,1.0,Session Started,0.187,0
0.0,2.0,1692.18,0.0,0.0,1.0,Session Started,0.18,0
8.0,5.0,6474.64,0.0,0.0,1.0,Session Started,0.187,0
2.0,2.0,1268.49,0.0,0.0,1.0,Session Started,0.227,0
2.0,1.0,1239.4,0.0,0.0,1.0,Session Started,0.287,0
7.0,1.0,461.3,0.0,0.0,1.0,Session Started,0.403,1
9.0,3.0,1747.81,0.0,0.0,1.0,Session Started,0.33,0
2.0,2.0,3057.97,0.0,0.0,1.0,Session Started,0.227,0
4.0,2.0,3529.67,0.0,0.0,1.0,Session Started,0.273,0
2.0,7.0,1971.55,0.0,0.0,1.0,Session Started,0.047,0
4.0,2.0,3884.18,0.0,0.0,1.0,Session Started,0.273,1
5.0,2.0,3245.37,1.0,0.0,0.0,Cancellation Page Viewed,0.9,1
5.0,2.0,4404.4,0.0,1.0,0.0,Downgrade Clicked,0.75,1
5.0,2.0,3973.66,0.0,0.0,1.0,Session Started,0.297,1
1.0,3.0,6348.56,0.0,0.0,1.0,Session Started,0.143,0
7.0,2.0,1578.52,0.0,1.0,0.0,Downgrade Clicked,0.75,1
7.0,2.0,625.38,0.0,1.0,0.0,Downgrade Clicked,0.75,0
7.0,3.0,3074.74,0.0,1.0,0.0,Downgrade Clicked,0.75,1
0.0,3.0,3375.99,0.0,0.0,1.0,Session Started,0.12,1
3.0,5.0,6348.64,0.0,0.0,1.0,Session Started,0.07,0
3.0,1.0,5039.35,0.0,0.0,1.0,Session Started,0.31,1
0.0,3.0,8573.04,0.0,0.0,1.0,Session Started,0.12,0
2.0,2.0,2968.71,0.0,0.0,1.0,Session Started,0.227,0
3.0,1.0,2171.23,0.0,0.0,1.0,Session Started,0.31,1
7.0,2.0,597.06,0.0,0.0,1.0,Session Started,0.343,1
2.0,3.0,2313.41,0.0,0.0,1.0,Session Started,0.167,1
8.0,2.0,1162.12,0.0,0.0,1.0,Session Started,0.367,0
4.0,4.0,2141.38,0.0,0.0,1.0,Session Started,0.153,1
8.0,1.0,1888.64,0.0,0.0,1.0,Session Started,0.427,0
3.0,1.0,2636.97,0.0,0.0,1.0,Session Started,0.31,0
3.0,2.0,1672.6,0.0,1.0,0.0,Downgrade Clicked,0.75,1
5.0,2.0,3820.04,0.0,0.0,1.0,Session Started,0.297,0
10.0,2.0,204.69,0.0,0.0,1.0,Session Started,0.413,0
3.0,6.0,2104.84,0.0,0.0,1.0,Session Started,0.07,0
4.0,3.0,4731.47,0.0,0.0,1.0,Session Started,0.213,0
4.0,1.0,8071.05,0.0,0.0,1.0,Session Started,0.333,1
7.0,2.0,3247.27,0.0,0.0,1.0,Session Started,0.343,1
0.0,1.0,6959.8,0.0,1.0,0.0,Downgrade Clicked,0.75,1
3.0,2.0,2069.68,0.0,0.0,1.0,Session Started,0.25,0
3.0,1.0,1812.19,1.0,0.0,0.0,Cancellation Page Viewed,0.9,1
10.0,2.0,2761.51,0.0,0.0,1.0,Session Started,0.413,0
3.0,4.0,1803.43,0.0,0.0,1.0,Session Started,0.13,0
3.0,2.0,966.92,0.0,0.0,1.0,Session Started,0.25,0
12.0,1.0,1197.28,0.0,0.0,1.0,Session Started,0.52,0
3.0,2.0,742.69,1.0,0.0,0.0,Cancellation Page Viewed,0.9,1
1.0,2.0,2759.22,0.0,0.0,1.0,Session Started,0.203,0
2.0,2.0,1824.6,0.0,0.0,1.0,Session Started,0.227,0
1.0,1.0,1355.29,0.0,0.0,1.0,Session Started,0.263,1
0.0,7.0,1149.01,1.0,0.0,0.0,Cancellation Page Viewed,0.9,1
3.0,2.0,2708.22,0.0,0.0,1.0,Session Started,0.25,0
8.0,2.0,3375.7,0.0,0.0,1.0,Session Started,0.367,1
7.0,1.0,731.86,0.0,0.0,1.0,Session Started,0.403,1
0.0,2.0,645.39,0.0,0.0,1.0,Session Started,0.18,0
4.0,2.0,3880.07,0.0,0.0,1.0,Session Started,0.273,0
1.0,1.0,601.78,0.0,0.0,1.0,Session Started,0.263,1
10.0,2.0,2801.72,0.0,0.0,1.0,Session Started,0.413,1
1.0,2.0,6591.44,0.0,0.0,1.0,Session Started,0.203,1
5.0,7.0,6603.72,0.0,0.0,1.0,Session Started,0.117,0
2.0,9.0,3262.66,0.0,0.0,1.0,Session Started,0.047,0
5.0,1.0,3187.68,0.0,0.0,1.0,Session Started,0.357,1
3.0,1.0,10954.72,0.0,0.0,1.0,Session Started,0.31,0
8.0,4.0,279.36,0.0,1.0,0.0,Downgrade Clicked,0.75,1
2.0,15.0,1247.04,0.0,0.0,1.0,Session Started,0.047,0
9.0,6.0,3564.55,0.0,0.0,1.0,Session Started,0.21,1
3.0,1.0,1380.46,0.0,1.0,0.0,Downgrade Clicked,0.75,0
8.0,1.0,4874.74,0.0,0.0,1.0,Session Started,0.427,1
8.0,1.0,1752.01,0.0,0.0,1.0,Session Started,0.427,0
18.0,5.0,2009.01,0.0,0.0,1.0,Session Started,0.42,1
2.0,2.0,1451.37,0.0,0.0,1.0,Session Started,0.227,0
2.0,2.0,1190.34,0.0,0.0,1.0,Session Started,0.227,1
2.0,2.0,1167.14,0.0,0.0,1.0,Session Started,0.227,0
2.0,1.0,2246.06,0.0,0.0,1.0,Session Started,0.287,0
4.0,2.0,972.96,0.0,0.0,1.0,Session Started,0.273,0
16.0,1.0,3876.02,0.0,1.0,0.0,Downgrade Clicked,0.75,0
15.0,2.0,3049.04,0.0,0.0,1.0,Session Started,0.53,0
4.0,3.0,4356.97,0.0,1.0,0.0,Downgrade Clicked,0.75,1
5.0,2.0,732.79,0.0,0.0,1.0,Session Started,0.297,1
9.0,2.0,464.25,0.0,1.0,0.0,Downgrade Clicked,0.75,1
10.0,5.0,1802.0,0.0,0.0,1.0,Session Started,0.233,0
1.0,3.0,18380.41,1.0,0.0,0.0,Cancellation Page Viewed,0.9,1
4.0,1.0,4978.91,0.0,0.0,1.0,Session Started,0.333,1
8.0,1.0,1160.31,0.0,0.0,1.0,Session Started,0.427,1
2.0,2.0,2539.21,0.0,0.0,1.0,Session Started,0.227,0
3.0,1.0,3235.92,0.0,0.0,1.0,Session Started,0.31,0
14.0,1.0,605.04,0.0,0.0,1.0,Session Started,0.567,0
14.0,1.0,5408.36,0.0,1.0,0.0,Downgrade Clicked,0.75,1
9.0,1.0,1581.39,0.0,0.0,1.0,Session Started,0.45,0
8.0,2.0,1681.52,0.0,1.0,0.0,Downgrade Clicked,0.75,1
2.0,2.0,1842.77,0.0,0.0,1.0,Session Started,0.227,0
2.0,1.0,4517.13,0.0,0.0,1.0,Session Started,0.287,1
4.0,3.0,988.17,1.0,0.0,0.0,Cancellation Page Viewed,0.9,0
4.0,1.0,461.47,0.0,0.0,1.0,Session Started,0.333,0
3.0,1.0,2341.07,0.0,0.0,1.0,Session Started,0.31,0
5.0,1.0,352.51,0.0,0.0,1.0,Session Started,0.357,0
3.0,4.0,1421.0,0.0,0.0,1.0,Session Started,0.13,0
7.0,11.0,4672.73,0.0,0.0,1.0,Session Started,0.163,0
2.0,2.0,2873.47,0.0,0.0,1.0,Session Started,0.227,0
2.0,1.0,4162.56,0.0,0.0,1.0,Session Started,0.287,1
1.0,1.0,2969.89,0.0,0.0,1.0,Session Started,0.263,0
1.0,1.0,12434.97,0.0,0.0,1.0,Session Started,0.263,0
8.0,5.0,1129.36,0.0,0.0,1.0,Session Started,0.187,0
3.0,1.0,2486.19,0.0,0.0,1.0,Session Started,0.31,0
2.0,11.0,1273.47,0.0,1.0,0.0,Downgrade Clicked,0.75,1
8.0,2.0,3887.19,1.0,0.0,0.0,Cancellation Page Viewed,0.9,1
4.0,2.0,1721.14,0.0,1.0,0.0,Downgrade Clicked,0.75,1
0.0,6.0,7151.49,0.0,0.0,1.0,Session Started,0.0,0
2.0,1.0,1182.45,0.0,0.0,1.0,Session Started,0.287,0
1.0,4.0,5573.07,0.0,0.0,1.0,Session Started,0.083,0
6.0,1.0,2905.94,0.0,0.0,1.0,Session Started,0.38,0
2.0,5.0,1761.69,1.0,0.0,0.0,Cancellation Page Viewed,0.9,1
0.0,2.0,2790.44,0.0,0.0,1.0,Session Started,0.18,0
0.0,1.0,2228.34,0.0,0.0,1.0,Session Started,0.24,0
4.0,5.0,2403.7,1.0,0.0,0.0,Cancellation Page Viewed,0.9,0
0.0,1.0,1532.27,0.0,0.0,1.0,Session Started,0.24,0
8.0,1.0,1031.46,0.0,0.0,1.0,Session Started,0.427,0
1.0,4.0,1382.91,0.0,0.0,1.0,Session Started,0.083,1
4.0,2.0,470.35,0.0,0.0,1.0,Session Started,0.273,0
3.0,7.0,3545.94,0.0,0.0,1.0,Session Started,0.07,0
3.0,2.0,673.08,0.0,0.0,1.0,Session Started,0.25,0
0.0,2.0,1519.11,0.0,0.0,1.0,Session Started,0.18,0
8.0,1.0,3036.42,0.0,0.0,1.0,Session Started,0.427,0
9.0,1.0,3538.71,0.0,0.0,1.0,Session Started,0.45,1
0.0,11.0,437.15,0.0,0.0,1.0,Session Started,0.0,0
1.0,1.0,1679.95,0.0,0.0,1.0,Session Started,0.263,0
9.0,2.0,2611.8,0.0,0.0,1.0,Session Started,0.39,0
4.0,1.0,1884.87,0.0,0.0,1.0,Session Started,0.333,0
1.0,1.0,5298.93,0.0,0.0,1.0,Session Started,0.263,0
1.0,2.0,936.88,0.0,0.0,1.0,Session Started,0.203,0
6.0,4.0,350.99,0.0,0.0,1.0,Session Started,0.2,0
7.0,4.0,3457.36,0.0,0.0,1.0,Session Started,0.223,0
4.0,6.0,1176.54,0.0,0.0,1.0,Session Started,0.093,0
11.0,1.0,442.82,0.0,1.0,0.0,Downgrade Clicked,0.75,0
3.0,2.0,1592.71,1.0,0.0,0.0,Cancellation Page Viewed,0.9,1
2.0,1.0,4838.92,1.0,0.0,0.0,Cancellation Page Viewed,0.9,1
3.0,3.0,658.13,0.0,0.0,1.0,Session Started,0.19,1
3.0,1.0,11717.01,0.0,1.0,0.0,Downgrade Clicked,0.75,1
2.0,2.0,924.91,0.0,0.0,1.0,Session Started,0.227,0
0.0,1.0,1938.38,0.0,0.0,1.0,Session Started,0.24,0
2.0,5.0,681.77,1.0,0.0,0.0,Cancellation Page Viewed,0.9,1
7.0,5.0,1869.24,0.0,0.0,1.0,Session Started,0.163,0
0.0,7.0,1624.58,0.0,0.0,1.0,Session Started,0.0,0
3.0,1.0,549.17,0.0,0.0,1.0,Session Started,0.31,1
5.0,15.0,17338.1,0.0,0.0,1.0,Session Started,0.117,0
5.0,1.0,1216.5,0.0,0.0,1.0,Session Started,0.357,0
8.0,1.0,1217.35,0.0,0.0,1.0,Session Started,0.427,0
8.0,1.0,3925.42,0.0,0.0,1.0,Session Started,0.427,0
7.0,1.0,7718.72,0.0,0.0,1.0,Session Started,0.403,1
1.0,2.0,4452.18,0.0,0.0,1.0,Session Started,0.203,0
3.0,1.0,691.63,0.0,0.0,1.0,Session Started,0.31,0
4.0,2.0,2145.5,0.0,0.0,1.0,Session Started,0.273,1
2.0,2.0,401.38,0.0,0.0,1.0,Session Started,0.227,0
0.0,5.0,3719.57,0.0,0.0,1.0,Session Started,0.0,0
2.0,2.0,488.75,0.0,0.0,1.0,Session Started,0.227,0
3.0,2.0,950.93,0.0,0.0,1.0,Session Started,0.25,0
3.0,1.0,1803.42,0.0,0.0,1.0,Session Started,0.31,0
1.0,5.0,2581.19,0.0,0.0,1.0,Session Started,0.023,0
8.0,1.0,1467.41,0.0,0.0,1.0,Session Started,0.427,0
10.0,1.0,6095.26,0.0,0.0,1.0,Session Started,0.473,1
1.0,1.0,3224.69,0.0,0.0,1.0,Session Started,0.263,0
10.0,2.0,3028.37,0.0,0.0,1.0,Session Started,0.413,1
0.0,2.0,676.19,0.0,0.0,1.0,Session Started,0.18,1
10.0,2.0,7040.92,0.0,1.0,0.0,Downgrade Clicked,0.75,1
11.0,2.0,951.03,0.0,0.0,1.0,Session Started,0.437,0
0.0,2.0,7259.27,0.0,0.0,1.0,Session Started,0.18,0
8.0,2.0,9115.72,0.0,0.0,1.0,Session Started,0.367,0
12.0,1.0,2724.73,0.0,0.0,1.0,Session Started,0.52,1
9.0,2.0,4128.26,0.0,0.0,1.0,Session Started,0.39,0
12.0,2.0,153.49,0.0,0.0,1.0,Session Started,0.46,1
4.0,2.0,1546.88,0.0,1.0,0.0,Downgrade Clicked,0.75,1
0.0,1.0,4366.57,0.0,0.0,1.0,Session Started,0.24,1
8.0,2.0,3788.06,0.0,0.0,1.0,Session Started,0.367,0
5.0,1.0,681.45,1.0,0.0,0.0,Cancellation Page Viewed,0.9,1
5.0,1.0,1429.42,0.0,1.0,0.0,Downgrade Clicked,0.75,1
3.0,1.0,237.68,0.0,0.0,1.0,Session Started,0.31,1
4.0,2.0,2515.92,0.0,0.0,1.0,Session Started,0.273,0
1.0,1.0,400.75,0.0,0.0,1.0,Session Started,0.263,1
7.0,2.0,4466.6,0.0,0.0,1.0,Session Started,0.343,0
0.0,1.0,4657.25,1.0,0.0,0.0,Cancellation Page Viewed,0.9,1
7.0,4.0,1237.08,0.0,0.0,1.0,Session Started,0.223,1
8.0,1.0,2743.59,0.0,0.0,1.0,Session Started,0.427,1
3.0,2.0,1519.78,0.0,0.0,1.0,Session Started,0.25,0
3.0,4.0,2194.1,0.0,0.0,1.0,Session Started,0.13,1
2.0,2.0,722.12,0.0,0.0,1.0,Session Started,0.227,0
12.0,1.0,2974.98,0.0,0.0,1.0,Session Started,0.52,0
7.0,2.0,486.41,0.0,0.0,1.0,Session Started,0.343,0
3.0,15.0,418.24,0.0,0.0,1.0,Session Started,0.07,0
1.0,12.0,1640.01,0.0,0.0,1.0,Session Started,0.023,0
2.0,1.0,1526.92,0.0,0.0,1.0,Session Started,0.287,0
3.0,3.0,2248.1,0.0,0.0,1.0,Session Started,0.19,0
11.0,2.0,1075.34,0.0,0.0,1.0,Session Started,0.437,1
7.0,1.0,8172.69,0.0,0.0,1.0,Session Started,0.403,1
2.0,2.0,2055.93,1.0,0.0,0.0,Cancellation Page Viewed,0.9,1
9.0,2.0,2178.31,0.0,0.0,1.0,Session Started,0.39,1
3.0,2.0,2117.07,0.0,0.0,1.0,Session Started,0.25,0
8.0,5.0,4033.25,0.0,0.0,1.0,Session Started,0.187,1
2.0,2.0,2866.41,0.0,0.0,1.0,Session Started,0.227,0
5.0,2.0,2575.02,0.0,0.0,1.0,Session Started,0.297,1
10.0,2.0,3257.73,0.0,0.0,1.0,Session Started,0.413,0
2.0,1.0,420.02,0.0,0.0,1.0,Session Started,0.287,0
7.0,2.0,432.91,0.0,0.0,1.0,Session Started,0.343,1
14.0,9.0,1701.31,0.0,0.0,1.0,Session Started,0.327,0
1.0,2.0,1543.58,0.0,0.0,1.0,Session Started,0.203,0
0.0,1.0,2875.11,0.0,0.0,1.0,Session Started,0.24,0
7.0,2.0,1837.23,0.0,0.0,1.0,Session Started,0.343,1
2.0,11.0,2879.85,0.0,0.0,1.0,Session Started,0.047,0
0.0,8.0,667.49,0.0,0.0,1.0,Session Started,0.0,0
3.0,2.0,1792.57,0.0,0.0,1.0,Session Started,0.25,0
7.0,2.0,618.41,0.0,0.0,1.0,Session Started,0.343,1
2.0,2.0,2463.86,0.0,0.0,1.0,Session Started,0.227,1
2.0,5.0,402.37,0.0,0.0,1.0,Session Started,0.047,0
8.0,6.0,2389.04,0.0,0.0,1.0,Session Started,0.187,0
3.0,5.0,558.25,0.0,0.0,1.0,Session Started,0.07,1
8.0,2.0,1330.32,0.0,0.0,1.0,Session Started,0.367,1
3.0,1.0,3699.46,0.0,0.0,1.0,Session Started,0.31,0
11.0,2.0,2168.75,0.0,0.0,1.0,Session Started,0.437,0
6.0,1.0,484.67,0.0,0.0,1.0,Session Started,0.38,0
1.0,1.0,1055.83,0.0,0.0,1.0,Session Started,0.263,0
9.0,2.0,543.97,0.0,1.0,0.0,Downgrade Clicked,0.75,1
3.0,2.0,466.0,0.0,0.0,1.0,Session Started,0.25,0
1.0,6.0,1986.5,0.0,0.0,1.0,Session Started,0.023,0
1.0,4.0,2830.58,0.0,0.0,1.0,Session Started,0.083,0
7.0,6.0,2572.12,0.0,0.0,1.0,Session Started,0.163,0
0.0,3.0,2928.08,0.0,0.0,1.0,Session Started,0.12,1
2.0,3.0,1790.9,0.0,1.0,0.0,Downgrade Clicked,0.75,1
1.0,1.0,1452.86,0.0,0.0,1.0,Session Started,0.263,0
3.0,2.0,766.28,0.0,0.0,1.0,Session Started,0.25,1
3.0,1.0,1271.48,0.0,0.0,1.0,Session Started,0.31,1
3.0,1.0,628.24,0.0,1.0,0.0,Downgrade Clicked,0.75,1
2.0,1.0,919.53,1.0,0.0,0.0,Cancellation Page Viewed,0.9,1
0.0,5.0,1941.36,0.0,1.0,0.0,Downgrade Clicked,0.75,0
5.0,3.0,1645.43,0.0,0.0,1.0,Session Started,0.237,0
3.0,9.0,20989.6,0.0,0.0,1.0,Session Started,0.07,0
6.0,13.0,616.07,0.0,0.0,1.0,Session Started,0.14,1
1.0,7.0,1635.86,0.0,0.0,1.0,Session Started,0.023,0
0.0,1.0,578.83,0.0,0.0,1.0,Session Started,0.24,0
2.0,7.0,1325.8,1.0,0.0,0.0,Cancellation Page Viewed,0.9,0
3.0,5.0,1369.67,0.0,0.0,1.0,Session Started,0.07,0
3.0,7.0,3554.27,0.0,0.0,1.0,Session Started,0.07,0
8.0,1.0,1261.76,0.0,0.0,1.0,Session Started,0.427,1
3.0,1.0,1551.45,0.0,0.0,1.0,Session Started,0.31,0
4.0,8.0,1281.45,0.0,0.0,1.0,Session Started,0.093,0
4.0,1.0,589.43,0.0,1.0,0.0,Downgrade Clicked,0.75,1
0.0,2.0,1073.11,0.0,0.0,1.0,Session Started,0.18,1
3.0,2.0,1332.02,0.0,0.0,1.0,Session Started,0.25,0
2.0,1.0,1918.04,0.0,0.0,1.0,Session Started,0.287,1
3.0,1.0,2827.53,0.0,0.0,1.0,Session Started,0.31,0
1.0,15.0,1498.65,0.0,0.0,1.0,Session Started,0.023,0
8.0,7.0,1477.72,0.0,0.0,1.0,Session Started,0.187,0
11.0,8.0,456.39,0.0,0.0,1.0,Session Started,0.257,1
0.0,1.0,2784.4,0.0,0.0,1.0,Session Started,0.24,0
4.0,1.0,1036.17,0.0,1.0,0.0,Downgrade Clicked,0.75,0
8.0,2.0,3286.89,0.0,0.0,1.0,Session Started,0.367,1
2.0,2.0,5183.07,0.0,0.0,1.0,Session Started,0.227,0
8.0,1.0,1555.68,0.0,1.0,0.0,Downgrade Clicked,0.75,1
5.0,4.0,797.4,0.0,0.0,1.0,Session Started,0.177,1
10.0,16.0,1784.05,0.0,1.0,0.0,Downgrade Clicked,0.75,1
13.0,2.0,2389.79,1.0,0.0,0.0,Cancellation Page Viewed,0.9,1
0.0,2.0,1404.71,0.0,0.0,1.0,Session Started,0.18,1
3.0,2.0,1151.44,0.0,0.0,1.0,Session Started,0.25,0
4.0,1.0,2837.92,0.0,0.0,1.0,Session Started,0.333,1
1.0,1.0,2692.06,0.0,0.0,1.0,Session Started,0.263,0
2.0,2.0,1370.55,0.0,0.0,1.0,Session Started,0.227,0
14.0,2.0,481.42,1.0,0.0,0.0,Cancellation Page Viewed,0.9,1
0.0,2.0,2604.78,0.0,0.0,1.0,Session Started,0.18,0
3.0,6.0,978.61,0.0,0.0,1.0,Session Started,0.07,0
8.0,1.0,2146.24,0.0,0.0,1.0,Session Started,0.427,1
2.0,1.0,2040.45,0.0,0.0,1.0,Session Started,0.287,0
3.0,1.0,398.95,0.0,0.0,1.0,Session Started,0.31,0
13.0,1.0,1929.21,0.0,0.0,1.0,Session Started,0.543,1
3.0,2.0,2728.82,0.0,0.0,1.0,Session Started,0.25,0
1.0,4.0,3010.08,0.0,0.0,1.0,Session Started,0.083,0
0.0,7.0,1986.03,0.0,0.0,1.0,Session Started,0.0,0
11.0,2.0,371.76,0.0,1.0,0.0,Downgrade Clicked,0.75,1
2.0,2.0,5022.41,0.0,0.0,1.0,Session Started,0.227,1
3.0,1.0,2511.96,0.0,0.0,1.0,Session Started,0.31,0
0.0,2.0,690.45,0.0,0.0,1.0,Session Started,0.18,0
3.0,2.0,962.75,0.0,0.0,1.0,Session Started,0.25,1
10.0,7.0,2175.43,0.0,1.0,0.0,Downgrade Clicked,0.75,1
3.0,2.0,3114.51,0.0,0.0,1.0,Session Started,0.25,0
12.0,1.0,1223.69,0.0,0.0,1.0,Session Started,0.52,1
2.0,1.0,3499.66,0.0,0.0,1.0,Session Started,0.287,1
3.0,1.0,430.86,0.0,0.0,1.0,Session Started,0.31,0
9.0,8.0,785.27,0.0,1.0,0.0,Downgrade Clicked,0.75,0
3.0,1.0,346.72,0.0,0.0,1.0,Session Started,0.31,0
2.0,1.0,881.9,0.0,1.0,0.0,Downgrade Clicked,0.75,1
8.0,1.0,6041.83,0.0,0.0,1.0,Session Started,0.427,0
3.0,5.0,9379.13,0.0,0.0,1.0,Session Started,0.07,0
4.0,2.0,2181.29,0.0,0.0,1.0,Session Started,0.273,0
13.0,2.0,1084.91,0.0,0.0,1.0,Session Started,0.483,0
1.0,2.0,1514.27,0.0,0.0,1.0,Session Started,0.203,0
2.0,1.0,2640.36,0.0,0.0,1.0,Session Started,0.287,0
0.0,6.0,517.81,0.0,0.0,1.0,Session Started,0.0,0
3.0,1.0,1143.67,0.0,0.0,1.0,Session Started,0.31,1
1.0,1.0,5698.25,0.0,0.0,1.0,Session Started,0.263,0
7.0,2.0,783.23,0.0,0.0,1.0,Session Started,0.343,0
1.0,1.0,993.05,0.0,0.0,1.0,Session Started,0.263,0
7.0,1.0,1827.23,0.0,0.0,1.0,Session Started,0.403,0
2.0,4.0,2267.68,0.0,0.0,1.0,Session Started,0.107,0
2.0,2.0,1096.63,0.0,0.0,1.0,Session Started,0.227,0
2.0,1.0,1922.86,0.0,0.0,1.0,Session Started,0.287,0
7.0,2.0,2940.55,0.0,0.0,1.0,Session Started,0.343,0
3.0,3.0,8683.34,0.0,0.0,1.0,Session Started,0.19,0
3.0,1.0,1634.36,0.0,0.0,1.0,Session Started,0.31,0
8.0,1.0,1749.28,0.0,0.0,1.0,Session Started,0.427,1
4.0,2.0,6136.21,0.0,0.0,1.0,Session Started,0.273,1
2.0,2.0,1165.22,0.0,0.0,1.0,Session Started,0.227,1
9.0,12.0,626.73,0.0,0.0,1.0,Session Started,0.21,0
2.0,2.0,2208.79,0.0,0.0,1.0,Session Started,0.227,0
0.0,1.0,4276.71,0.0,0.0,1.0,Session Started,0.24,0
3.0,2.0,2413.51,0.0,1.0,0.0,Downgrade Clicked,0.75,0
1.0,2.0,1673.02,0.0,0.0,1.0,Session Started,0.203,0
2.0,1.0,567.53,0.0,0.0,1.0,Session Started,0.287,0
7.0,2.0,1725.56,0.0,0.0,1.0,Session Started,0.343,1
1.0,1.0,4848.98,0.0,0.0,1.0,Session Started,0.263,0
8.0,6.0,673.65,0.0,0.0,1.0,Session Started,0.187,0
10.0,5.0,1486.53,0.0,0.0,1.0,Session Started,0.233,0
4.0,2.0,1326.12,0.0,0.0,1.0,Session Started,0.273,0
7.0,11.0,1034.67,0.0,0.0,1.0,Session Started,0.163,0
7.0,13.0,2204.68,0.0,1.0,0.0,Downgrade Clicked,0.75,1
16.0,1.0,2577.68,0.0,1.0,0.0,Downgrade Clicked,0.75,1
2.0,2.0,2556.16,0.0,0.0,1.0,Session Started,0.227,0
1.0,2.0,827.62,0.0,0.0,1.0,Session Started,0.203,1
3.0,1.0,484.55,0.0,0.0,1.0,Session Started,0.31,1
4.0,2.0,2230.34,0.0,1.0,0.0,Downgrade Clicked,0.75,0
1.0,1.0,1206.24,0.0,0.0,1.0,Session Started,0.263,1
5.0,10.0,7868.71,0.0,0.0,1.0,Session Started,0.117,0
0.0,2.0,8164.97,0.0,1.0,0.0,Downgrade Clicked,0.75,1
10.0,3.0,8888.84,0.0,1.0,0.0,Downgrade Clicked,0.75,1
2.0,2.0,852.28,0.0,0.0,1.0,Session Started,0.227,1
0.0,1.0,2851.2,0.0,1.0,0.0,Downgrade Clicked,0.75,1
1.0,6.0,3629.18,0.0,0.0,1.0,Session Started,0.023,0
2.0,1.0,3316.56,0.0,0.0,1.0,Session Started,0.287,0
2.0,1.0,1361.69,1.0,0.0,0.0,Cancellation Page Viewed,0.9,1
0.0,2.0,5030.79,0.0,0.0,1.0,Session Started,0.18,1
2.0,2.0,1808.73,0.0,0.0,1.0,Session Started,0.227,0
1.0,2.0,2003.17,0.0,0.0,1.0,Session Started,0.203,1
3.0,1.0,528.34,0.0,0.0,1.0,Session Started,0.31,0
3.0,1.0,3028.47,0.0,0.0,1.0,Session Started,0.31,0
2.0,1.0,1468.02,0.0,0.0,1.0,Session Started,0.287,0
2.0,1.0,2622.34,0.0,0.0,1.0,Session Started,0.287,0
0.0,2.0,2182.2,0.0,0.0,1.0,Session Started,0.18,1
0.0,1.0,2089.64,0.0,1.0,0.0,Downgrade Clicked,0.75,0
1.0,1.0,1743.12,0.0,0.0,1.0,Session Started,0.263,0
8.0,2.0,3392.36,0.0,0.0,1.0,Session Started,0.367,0
15.0,3.0,1542.08,0.0,0.0,1.0,Session Started,0.47,0
10.0,1.0,564.44,0.0,0.0,1.0,Session Started,0.473,0
3.0,2.0,2850.26,0.0,0.0,1.0,Session Started,0.25,0
4.0,1.0,946.52,0.0,1.0,0.0,Downgrade Clicked,0.75,1
2.0,10.0,626.78,1.0,0.0,0.0,Cancellation Page Viewed,0.9,1
8.0,1.0,798.08,0.0,0.0,1.0,Session Started,0.427,1
8.0,1.0,2268.03,1.0,0.0,0.0,Cancellation Page Viewed,0.9,1
8.0,2.0,1673.69,0.0,0.0,1.0,Session Started,0.367,0
9.0,1.0,328.28,0.0,0.0,1.0,Session Started,0.45,1
3.0,1.0,1330.19,0.0,0.0,1.0,Session Started,0.31,0
8.0,1.0,4607.24,0.0,0.0,1.0,Session Started,0.427,0
8.0,2.0,1260.12,0.0,1.0,0.0,Downgrade Clicked,0.75,1
2.0,2.0,1583.86,0.0,0.0,1.0,Session Started,0.227,0
10.0,2.0,4164.67,0.0,0.0,1.0,Session Started,0.413,1
1.0,4.0,3416.57,0.0,0.0,1.0,Session Started,0.083,0
16.0,2.0,4094.5,0.0,0.0,1.0,Session Started,0.553,0
8.0,8.0,196.75,0.0,0.0,1.0,Session Started,0.187,0
1.0,3.0,7235.96,0.0,1.0,0.0,Downgrade Clicked,0.75,0
6.0,4.0,3008.27,0.0,0.0,1.0,Session Started,0.2,0
0.0,3.0,12954.28,0.0,0.0,1.0,Session Started,0.12,0
8.0,2.0,966.94,0.0,0.0,1.0,Session Started,0.367,0
8.0,1.0,441.09,0.0,0.0,1.0,Session Started,0.427,1
4.0,2.0,1818.51,0.0,0.0,1.0,Session Started,0.273,0
9.0,1.0,1450.56,0.0,0.0,1.0,Session Started,0.45,0
1.0,2.0,3050.1,0.0,0.0,1.0,Session Started,0.203,0
2.0,1.0,4272.45,0.0,0.0,1.0,Session Started,0.287,0
3.0,1.0,1686.09,0.0,0.0,1.0,Session Started,0.31,1
0.0,8.0,1491.34,0.0,0.0,1.0,Session Started,0.0,0
3.0,2.0,2746.76,0.0,0.0,1.0,Session Started,0.25,0
2.0,2.0,1472.82,0.0,0.0,1.0,Session Started,0.227,0
3.0,2.0,1377.48,0.0,0.0,1.0,Session Started,0.25,1
3.0,2.0,4145.21,0.0,0.0,1.0,Session Started,0.25,0
9.0,7.0,4953.36,0.0,0.0,1.0,Session Started,0.21,1
2.0,2.0,4303.45,0.0,0.0,1.0,Session Started,0.227,0
9.0,2.0,1580.37,0.0,0.0,1.0,Session Started,0.39,1
3.0,2.0,326.41,0.0,1.0,0.0,Downgrade Clicked,0.75,0
2.0,2.0,1605.89,1.0,0.0,0.0,Cancellation Page Viewed,0.9,1
3.0,2.0,985.96,0.0,0.0,1.0,Session Started,0.25,0
3.0,13.0,1629.81,0.0,0.0,1.0,Session Started,0.07,0
2.0,2.0,1056.93,0.0,0.0,1.0,Session Started,0.227,0
3.0,2.0,1778.29,0.0,0.0,1.0,Session Started,0.25,1
1.0,2.0,787.28,0.0,0.0,1.0,Session Started,0.203,0
2.0,2.0,649.0,0.0,0.0,1.0,Session Started,0.227,0
4.0,15.0,4808.56,0.0,0.0,1.0,Session Started,0.093,0
3.0,3.0,832.37,0.0,0.0,1.0,Session Started,0.19,0
8.0,2.0,1808.52,0.0,0.0,1.0,Session Started,0.367,1
2.0,2.0,3880.08,0.0,0.0,1.0,Session Started,0.227,0
12.0,2.0,3757.25,0.0,0.0,1.0,Session Started,0.46,1
8.0,1.0,3414.81,0.0,0.0,1.0,Session Started,0.427,0
12.0,2.0,2303.75,0.0,0.0,1.0,Session Started,0.46,0
8.0,5.0,3226.66,0.0,0.0,1.0,Session Started,0.187,0
1.0,2.0,5423.36,0.0,1.0,0.0,Downgrade Clicked,0.75,0
4.0,1.0,2540.25,0.0,0.0,1.0,Session Started,0.333,0
1.0,3.0,415.81,0.0,1.0,0.0,Downgrade Clicked,0.75,0
8.0,3.0,1184.62,1.0,0.0,0.0,Cancellation Page Viewed,0.9,1
4.0,1.0,3156.11,0.0,0.0,1.0,Session Started,0.333,0
2.0,2.0,1094.8,0.0,0.0,1.0,Session Started,0.227,0
10.0,2.0,6608.32,0.0,0.0,1.0,Session Started,0.413,1
1.0,5.0,1718.93,0.0,0.0,1.0,Session Started,0.023,0
4.0,1.0,1935.65,0.0,0.0,1.0,Session Started,0.333,0
7.0,1.0,4446.16,0.0,0.0,1.0,Session Started,0.403,1
0.0,2.0,1562.0,0.0,0.0,1.0,Session Started,0.18,0
4.0,1.0,2081.87,0.0,0.0,1.0,Session Started,0.333,0
8.0,2.0,3711.9,0.0,0.0,1.0,Session Started,0.367,0
0.0,4.0,556.79,0.0,0.0,1.0,Session Started,0.06,0
3.0,1.0,1439.08,0.0,0.0,1.0,Session Started,0.31,0
2.0,2.0,3509.83,0.0,0.0,1.0,Session Started,0.227,0
6.0,15.0,1905.46,0.0,0.0,1.0,Session Started,0.14,0
1.0,2.0,5848.07,0.0,0.0,1.0,Session Started,0.203,0
10.0,2.0,512.48,0.0,0.0,1.0,Session Started,0.413,0
9.0,2.0,467.78,0.0,0.0,1.0,Session Started,0.39,1
1.0,1.0,3346.76,0.0,1.0,0.0,Downgrade Clicked,0.75,1
2.0,1.0,3614.27,0.0,0.0,1.0,Session Started,0.287,0
4.0,2.0,1549.05,0.0,0.0,1.0,Session Started,0.273,0
7.0,2.0,2490.69,0.0,1.0,0.0,Downgrade Clicked,0.75,0
3.0,1.0,3281.86,0.0,0.0,1.0,Session Started,0.31,1
1.0,1.0,942.85,0.0,1.0,0.0,Downgrade Clicked,0.75,1
1.0,6.0,1027.13,0.0,0.0,1.0,Session Started,0.023,0
31.0,1.0,2104.39,0.0,0.0,1.0,Session Started,0.963,1
3.0,3.0,3726.67,0.0,0.0,1.0,Session Started,0.19,0
9.0,2.0,711.4,0.0,0.0,1.0,Session Started,0.39,1
3.0,2.0,1543.24,1.0,0.0,0.0,Cancellation Page Viewed,0.9,0
10.0,1.0,1487.14,0.0,0.0,1.0,Session Started,0.473,0
0.0,1.0,2525.94,0.0,0.0,1.0,Session Started,0.24,1
1.0,2.0,1795.5,0.0,0.0,1.0,Session Started,0.203,0
10.0,2.0,1168.29,0.0,1.0,0.0,Downgrade Clicked,0.75,1
11.0,1.0,4909.13,0.0,0.0,1.0,Session Started,0.497,0
2.0,2.0,1174.5,0.0,0.0,1.0,Session Started,0.227,0
2.0,2.0,1431.28,1.0,0.0,0.0,Cancellation Page Viewed,0.9,1
3.0,1.0,506.13,0.0,0.0,1.0,Session Started,0.31,1
3.0,2.0,1021.57,0.0,0.0,1.0,Session Started,0.25,0
1.0,1.0,2732.2,0.0,0.0,1.0,Session Started,0.263,0
9.0,2.0,2336.67,0.0,0.0,1.0,Session Started,0.39,0
2.0,1.0,2920.8,0.0,0.0,1.0,Session Started,0.287,0
7.0,2.0,2809.57,0.0,0.0,1.0,Session Started,0.343,0
0.0,1.0,9606.27,1.0,0.0,0.0,Cancellation Page Viewed,0.9,1
0.0,2.0,993.98,0.0,0.0,1.0,Session Started,0.18,0
6.0,2.0,494.95,0.0,0.0,1.0,Session Started,0.32,0
2.0,8.0,780.21,0.0,0.0,1.0,Session Started,0.047,0
6.0,2.0,1029.76,0.0,0.0,1.0,Session Started,0.32,0
1.0,5.0,829.26,0.0,0.0,1.0,Session Started,0.023,0
11.0,1.0,1948.72,0.0,0.0,1.0,Session Started,0.497,0
7.0,2.0,4925.22,0.0,0.0,1.0,Session Started,0.343,0
9.0,1.0,6196.42,0.0,1.0,0.0,Downgrade Clicked,0.75,0
1.0,2.0,2706.6,0.0,0.0,1.0,Session Started,0.203,0
2.0,2.0,10026.81,0.0,0.0,1.0,Session Started,0.227,0
3.0,5.0,1359.54,0.0,0.0,1.0,Session Started,0.07,0
4.0,2.0,489.79,0.0,0.0,1.0,Session Started,0.273,1
2.0,2.0,4198.75,0.0,0.0,1.0,Session Started,0.227,1
0.0,1.0,415.35,1.0,0.0,0.0,Cancellation Page Viewed,0.9,1
3.0,1.0,988.31,0.0,0.0,1.0,Session Started,0.31,0
2.0,4.0,2741.03,0.0,0.0,1.0,Session Started,0.107,0
3.0,1.0,1665.86,0.0,0.0,1.0,Session Started,0.31,1
1.0,1.0,1551.9,0.0,0.0,1.0,Session Started,0.263,0
2.0,8.0,703.01,0.0,0.0,1.0,Session Started,0.047,0
5.0,11.0,1792.48,0.0,0.0,1.0,Session Started,0.117,0
3.0,2.0,4035.68,0.0,0.0,1.0,Session Started,0.25,0
2.0,2.0,1837.16,0.0,0.0,1.0,Session Started,0.227,0
4.0,5.0,930.59,0.0,0.0,1.0,Session Started,0.093,0
8.0,1.0,666.45,0.0,0.0,1.0,Session Started,0.427,0
3.0,2.0,946.08,0.0,0.0,1.0,Session Started,0.25,0
4.0,2.0,2474.68,0.0,0.0,1.0,Session Started,0.273,0
12.0,8.0,2380.06,0.0,0.0,1.0,Session Started,0.28,0
3.0,8.0,952.98,0.0,0.0,1.0,Session Started,0.07,0
9.0,2.0,308.4,0.0,0.0,1.0,Session Started,0.39,1
8.0,1.0,2530.09,0.0,0.0,1.0,Session Started,0.427,1
0.0,2.0,881.68,0.0,0.0,1.0,Session Started,0.18,0
3.0,1.0,3137.71,0.0,0.0,1.0,Session Started,0.31,1
7.0,7.0,987.44,0.0,1.0,0.0,Downgrade Clicked,0.75,1
14.0,1.0,820.31,1.0,0.0,0.0,Cancellation Page Viewed,0.9,1
3.0,1.0,2043.74,0.0,1.0,0.0,Downgrade Clicked,0.75,1
0.0,3.0,11922.22,0.0,0.0,1.0,Session Started,0.12,0
4.0,2.0,3291.91,0.0,0.0,1.0,Session Started,0.273,0
1.0,5.0,2016.21,0.0,0.0,1.0,Session Started,0.023,0
7.0,1.0,2409.28,0.0,0.0,1.0,Session Started,0.403,0
3.0,4.0,445.46,0.0,1.0,0.0,Downgrade Clicked,0.75,1
7.0,1.0,736.66,0.0,0.0,1.0,Session Started,0.403,1
9.0,1.0,242.56,0.0,0.0,1.0,Session Started,0.45,0
5.0,2.0,7214.87,1.0,0.0,0.0,Cancellation Page Viewed,0.9,1
5.0,1.0,6135.88,0.0,0.0,1.0,Session Started,0.357,0
7.0,2.0,2475.64,0.0,0.0,1.0,Session Started,0.343,1
8.0,1.0,2014.43,0.0,0.0,1.0,Session Started,0.427,1
9.0,1.0,522.55,0.0,0.0,1.0,Session Started,0.45,1
0.0,3.0,1517.11,1.0,0.0,0.0,Cancellation Page Viewed,0.9,0
4.0,1.0,7584.89,0.0,0.0,1.0,Session Started,0.333,1
2.0,2.0,2008.48,0.0,0.0,1.0,Session Started,0.227,0
9.0,3.0,1150.88,0.0,0.0,1.0,Session Started,0.33,1
5.0,1.0,442.99,0.0,1.0,0.0,Downgrade Clicked,0.75,1
3.0,3.0,5454.76,0.0,1.0,0.0,Downgrade Clicked,0.75,1
1.0,1.0,1709.46,0.0,1.0,0.0,Downgrade Clicked,0.75,0
2.0,2.0,443.46,0.0,1.0,0.0,Downgrade Clicked,0.75,1
7.0,1.0,863.15,0.0,0.0,1.0,Session Started,0.403,0
1.0,5.0,650.65,0.0,0.0,1.0,Session Started,0.023,0
1.0,2.0,1627.18,0.0,1.0,0.0,Downgrade Clicked,0.75,0
9.0,2.0,2134.25,0.0,0.0,1.0,Session Started,0.39,1
8.0,12.0,1208.85,0.0,0.0,1.0,Session Started,0.187,0
1.0,2.0,3366.53,0.0,0.0,1.0,Session Started,0.203,0
2.0,7.0,1925.69,0.0,0.0,1.0,Session Started,0.047,0
12.0,3.0,4229.55,0.0,0.0,1.0,Session Started,0.4,1
7.0,8.0,1358.65,0.0,1.0,0.0,Downgrade Clicked,0.75,1
5.0,8.0,20666.32,0.0,0.0,1.0,Session Started,0.117,1
2.0,15.0,1151.03,0.0,0.0,1.0,Session Started,0.047,0
2.0,1.0,877.73,0.0,0.0,1.0,Session Started,0.287,0
0.0,4.0,795.49,0.0,0.0,1.0,Session Started,0.06,0
7.0,4.0,1527.29,0.0,0.0,1.0,Session Started,0.223,0
0.0,2.0,456.86,0.0,0.0,1.0,Session Started,0.18,0
0.0,1.0,2288.5,0.0,0.0,1.0,Session Started,0.24,0
7.0,11.0,393.77,0.0,0.0,1.0,Session Started,0.163,0
11.0,1.0,2057.68,0.0,0.0,1.0,Session Started,0.497,1
8.0,2.0,613.39,0.0,0.0,1.0,Session Started,0.367,0
3.0,2.0,1332.7,0.0,0.0,1.0,Session Started,0.25,0
3.0,1.0,2932.56,0.0,0.0,1.0,Session Started,0.31,0
3.0,3.0,11421.24,0.0,0.0,1.0,Session Started,0.19,0
2.0,1.0,763.26,0.0,0.0,1.0,Session Started,0.287,0
3.0,2.0,1603.18,0.0,1.0,0.0,Downgrade Clicked,0.75,1
3.0,6.0,1013.33,0.0,0.0,1.0,Session Started,0.07,1
4.0,2.0,901.54,0.0,0.0,1.0,Session Started,0.273,1
9.0,3.0,1020.47,0.0,0.0,1.0,Session Started,0.33,0
17.0,1.0,3495.58,0.0,0.0,1.0,Session Started,0.637,0
0.0,6.0,1223.6,0.0,0.0,1.0,Session Started,0.0,0
3.0,10.0,10932.01,0.0,0.0,1.0,Session Started,0.07,0
1.0,1.0,2521.94,0.0,0.0,1.0,Session Started,0.263,1
2.0,2.0,805.93,0.0,0.0,1.0,Session Started,0.227,0
2.0,2.0,1348.35,0.0,1.0,0.0,Downgrade Clicked,0.75,1
1.0,2.0,951.96,0.0,0.0,1.0,Session Started,0.203,0
8.0,3.0,3429.11,0.0,1.0,0.0,Downgrade Clicked,0.75,0
3.0,2.0,487.35,0.0,1.0,0.0,Downgrade Clicked,0.75,1
10.0,2.0,618.46,0.0,0.0,1.0,Session Started,0.413,0
0.0,1.0,1126.38,0.0,0.0,1.0,Session Started,0.24,0
0.0,2.0,3122.4,0.0,0.0,1.0,Session Started,0.18,0
3.0,6.0,4848.61,0.0,0.0,1.0,Session Started,0.07,0
0.0,1.0,5455.8,0.0,0.0,1.0,Session Started,0.24,1
2.0,2.0,2762.36,0.0,0.0,1.0,Session Started,0.227,1
14.0,1.0,1692.04,0.0,0.0,1.0,Session Started,0.567,0
2.0,6.0,3414.21,0.0,0.0,1.0,Session Started,0.047,0
1.0,2.0,723.72,0.0,0.0,1.0,Session Started,0.203,0
4.0,2.0,413.34,0.0,0.0,1.0,Session Started,0.273,0
3.0,1.0,2563.96,0.0,1.0,0.0,Downgrade Clicked,0.75,0
4.0,2.0,808.72,0.0,0.0,1.0,Session Started,0.273,0
3.0,10.0,1716.01,0.0,0.0,1.0,Session Started,0.07,0
8.0,2.0,1989.63,0.0,0.0,1.0,Session Started,0.367,0
1.0,2.0,2205.03,0.0,1.0,0.0,Downgrade Clicked,0.75,0
3.0,3.0,3828.52,0.0,0.0,1.0,Session Started,0.19,0
7.0,2.0,3518.04,0.0,0.0,1.0,Session Started,0.343,0
9.0,2.0,2113.29,0.0,1.0,0.0,Downgrade Clicked,0.75,1
3.0,2.0,1269.51,0.0,0.0,1.0,Session Started,0.25,0
4.0,1.0,1970.83,0.0,0.0,1.0,Session Started,0.333,0
0.0,3.0,1122.18,0.0,0.0,1.0,Session Started,0.12,0
1.0,7.0,1545.12,0.0,0.0,1.0,Session Started,0.023,0
0.0,7.0,14684.37,0.0,0.0,1.0,Session Started,0.0,0
7.0,7.0,2091.74,0.0,0.0,1.0,Session Started,0.163,1
2.0,2.0,2592.03,0.0,0.0,1.0,Session Started,0.227,0
7.0,1.0,1028.25,0.0,0.0,1.0,Session Started,0.403,0
0.0,2.0,4089.01,0.0,0.0,1.0,Session Started,0.18,0
9.0,10.0,3321.65,0.0,1.0,0.0,Downgrade Clicked,0.75,0
8.0,3.0,3340.52,0.0,0.0,1.0,Session Started,0.307,0
0.0,2.0,2147.19,0.0,0.0,1.0,Session Started,0.18,0
0.0,2.0,4135.45,0.0,0.0,1.0,Session Started,0.18,0
0.0,4.0,5000.77,0.0,0.0,1.0,Session Started,0.06,0
8.0,8.0,2267.6,0.0,0.0,1.0,Session Started,0.187,0
2.0,3.0,1649.64,0.0,0.0,1.0,Session Started,0.167,0
4.0,2.0,3698.4,0.0,0.0,1.0,Session Started,0.273,0
3.0,1.0,877.17,0.0,0.0,1.0,Session Started,0.31,0
8.0,2.0,1018.04,0.0,0.0,1.0,Session Started,0.367,1
3.0,2.0,1732.57,0.0,0.0,1.0,Session Started,0.25,0
3.0,9.0,448.95,0.0,0.0,1.0,Session Started,0.07,0
15.0,2.0,3505.46,0.0,0.0,1.0,Session Started,0.53,0
1.0,2.0,836.87,0.0,0.0,1.0,Session Started,0.203,0
8.0,2.0,1239.93,0.0,0.0,1.0,Session Started,0.367,0
0.0,2.0,1524.43,0.0,0.0,1.0,Session Started,0.18,0
3.0,2.0,1865.77,0.0,0.0,1.0,Session Started,0.25,0
9.0,1.0,1373.44,0.0,0.0,1.0,Session Started,0.45,0
6.0,7.0,1713.17,0.0,1.0,0.0,Downgrade Clicked,0.75,1
7.0,2.0,1723.82,0.0,0.0,1.0,Session Started,0.343,0
2.0,2.0,1264.43,0.0,0.0,1.0,Session Started,0.227,0
3.0,1.0,974.03,0.0,0.0,1.0,Session Started,0.31,0
3.0,2.0,4294.88,0.0,0.0,1.0,Session Started,0.25,1
3.0,2.0,335.79,0.0,0.0,1.0,Session Started,0.25,1
3.0,7.0,1533.68,0.0,0.0,1.0,Session Started,0.07,0
2.0,1.0,1242.5,0.0,0.0,1.0,Session Started,0.287,0
2.0,12.0,2527.62,0.0,0.0,1.0,Session Started,0.047,0
2.0,3.0,564.85,0.0,0.0,1.0,Session Started,0.167,0
3.0,1.0,1212.18,0.0,0.0,1.0,Session Started,0.31,0
1.0,1.0,1665.89,0.0,0.0,1.0,Session Started,0.263,0
9.0,1.0,4255.89,0.0,0.0,1.0,Session Started,0.45,1
4.0,7.0,2358.42,0.0,0.0,1.0,Session Started,0.093,0
1.0,1.0,701.49,0.0,0.0,1.0,Session Started,0.263,0
7.0,2.0,1224.17,0.0,0.0,1.0,Session Started,0.343,0
8.0,3.0,3673.28,0.0,0.0,1.0,Session Started,0.307,1
2.0,7.0,691.86,0.0,0.0,1.0,Session Started,0.047,0
1.0,2.0,1697.79,0.0,1.0,0.0,Downgrade Clicked,0.75,1
0.0,3.0,1794.9,0.0,0.0,1.0,Session Started,0.12,0
0.0,1.0,1327.93,0.0,0.0,1.0,Session Started,0.24,0
8.0,7.0,15624.59,0.0,0.0,1.0,Session Started,0.187,1
14.0,1.0,1299.6,0.0,0.0,1.0,Session Started,0.567,1
0.0,1.0,2591.03,0.0,0.0,1.0,Session Started,0.24,1
7.0,12.0,979.42,0.0,0.0,1.0,Session Started,0.163,0
0.0,1.0,2757.83,0.0,0.0,1.0,Session Started,0.24,1
4.0,1.0,3628.7,0.0,0.0,1.0,Session Started,0.333,0
8.0,2.0,1129.61,0.0,0.0,1.0,Session Started,0.367,1
3.0,1.0,1730.63,0.0,0.0,1.0,Session Started,0.31,0
0.0,1.0,883.4,0.0,0.0,1.0,Session Started,0.24,0
4.0,2.0,723.77,0.0,0.0,1.0,Session Started,0.273,1
15.0,3.0,4144.08,0.0,1.0,0.0,Downgrade Clicked,0.75,1
2.0,4.0,1160.72,0.0,0.0,1.0,Session Started,0.107,0
1.0,1.0,262.2,0.0,0.0,1.0,Session Started,0.263,0
1.0,2.0,7422.6,0.0,0.0,1.0,Session Started,0.203,0
4.0,5.0,951.77,0.0,0.0,1.0,Session Started,0.093,0
4.0,1.0,1484.6,0.0,0.0,1.0,Session Started,0.333,1
8.0,1.0,6719.21,0.0,0.0,1.0,Session Started,0.427,0
7.0,1.0,1614.22,0.0,0.0,1.0,Session Started,0.403,1
9.0,2.0,1586.57,0.0,0.0,1.0,Session Started,0.39,0
8.0,1.0,676.86,0.0,0.0,1.0,Session Started,0.427,0
2.0,3.0,488.89,0.0,1.0,0.0,Downgrade Clicked,0.75,1
4.0,11.0,1582.71,0.0,1.0,0.0,Downgrade Clicked,0.75,1
2.0,1.0,2416.92,0.0,0.0,1.0,Session Started,0.287,0
2.0,2.0,2308.65,0.0,0.0,1.0,Session Started,0.227,0
10.0,1.0,1230.27,1.0,0.0,0.0,Cancellation Page Viewed,0.9,1
7.0,1.0,1837.58,0.0,0.0,1.0,Session Started,0.403,1
13.0,3.0,415.81,0.0,0.0,1.0,Session Started,0.423,0
3.0,2.0,2612.68,0.0,1.0,0.0,Downgrade Clicked,0.75,1
4.0,9.0,2057.25,0.0,0.0,1.0,Session Started,0.093,0
3.0,2.0,8768.57,0.0,1.0,0.0,Downgrade Clicked,0.75,1
1.0,1.0,1818.89,0.0,0.0,1.0,Session Started,0.263,0
2.0,2.0,850.53,0.0,1.0,0.0,Downgrade Clicked,0.75,1
4.0,1.0,1736.14,0.0,0.0,1.0,Session Started,0.333,1
0.0,7.0,1390.97,0.0,0.0,1.0,Session Started,0.0,1
10.0,2.0,2560.01,0.0,0.0,1.0,Session Started,0.413,0
1.0,2.0,1847.36,0.0,0.0,1.0,Session Started,0.203,0
1.0,2.0,659.87,0.0,0.0,1.0,Session Started,0.203,0
8.0,2.0,488.53,0.0,1.0,0.0,Downgrade Clicked,0.75,1
1.0,4.0,2231.27,1.0,0.0,0.0,Cancellation Page Viewed,0.9,1
9.0,1.0,5467.03,1.0,0.0,0.0,Cancellation Page Viewed,0.9,1
7.0,1.0,1926.53,0.0,0.0,1.0,Session Started,0.403,1
0.0,1.0,3465.59,0.0,0.0,1.0,Session Started,0.24,1
7.0,2.0,4065.32,0.0,0.0,1.0,Session Started,0.343,0
5.0,2.0,2238.21,0.0,0.0,1.0,Session Started,0.297,1
8.0,1.0,942.38,0.0,0.0,1.0,Session Started,0.427,0
8.0,2.0,2113.81,0.0,0.0,1.0,Session Started,0.367,0
7.0,2.0,4748.85,0.0,0.0,1.0,Session Started,0.343,1
4.0,1.0,2762.56,0.0,0.0,1.0,Session Started,0.333,0
2.0,8.0,3289.85,0.0,0.0,1.0,Session Started,0.047,1
7.0,2.0,1248.83,0.0,0.0,1.0,Session Started,0.343,0
11.0,2.0,1537.81,0.0,0.0,1.0,Session Started,0.437,0
4.0,2.0,1644.21,0.0,0.0,1.0,Session Started,0.273,0
6.0,1.0,1735.29,1.0,0.0,0.0,Cancellation Page Viewed,0.9,1
3.0,6.0,4602.55,0.0,0.0,1.0,Session Started,0.07,0
8.0,2.0,276.51,0.0,1.0,0.0,Downgrade Clicked,0.75,1
18.0,2.0,1852.76,0.0,1.0,0.0,Downgrade Clicked,0.75,1
1.0,8.0,1696.64,0.0,0.0,1.0,Session Started,0.023,0
1.0,5.0,603.53,0.0,0.0,1.0,Session Started,0.023,0
4.0,5.0,3094.6,0.0,0.0,1.0,Session Started,0.093,1
3.0,1.0,1012.72,0.0,0.0,1.0,Session Started,0.31,1
4.0,1.0,1358.82,0.0,0.0,1.0,Session Started,0.333,1
0.0,2.0,7934.9,0.0,0.0,1.0,Session Started,0.18,0
3.0,2.0,4056.11,0.0,1.0,0.0,Downgrade Clicked,0.75,1
4.0,2.0,2862.9,0.0,0.0,1.0,Session Started,0.273,0
4.0,3.0,2451.91,0.0,0.0,1.0,Session Started,0.213,0
6.0,1.0,1584.87,1.0,0.0,0.0,Cancellation Page Viewed,0.9,1
7.0,1.0,8950.83,1.0,0.0,0.0,Cancellation Page Viewed,0.9,1
5.0,2.0,3434.87,0.0,0.0,1.0,Session Started,0.297,0
8.0,1.0,992.63,0.0,0.0,1.0,Session Started,0.427,0
5.0,2.0,589.88,1.0,0.0,0.0,Cancellation Page Viewed,0.9,1
4.0,3.0,2845.43,0.0,0.0,1.0,Session Started,0.213,0
4.0,2.0,1729.01,0.0,1.0,0.0,Downgrade Clicked,0.75,1
1.0,3.0,576.43,0.0,0.0,1.0,Session Started,0.143,0
2.0,2.0,2547.5,0.0,0.0,1.0,Session Started,0.227,0
4.0,3.0,1457.94,0.0,0.0,1.0,Session Started,0.213,0
9.0,1.0,2764.27,0.0,0.0,1.0,Session Started,0.45,1
7.0,3.0,2574.45,0.0,0.0,1.0,Session Started,0.283,0
0.0,3.0,1111.41,0.0,0.0,1.0,Session Started,0.12,0
4.0,1.0,2999.72,0.0,0.0,1.0,Session Started,0.333,0
2.0,2.0,1214.0,0.0,0.0,1.0,Session Started,0.227,0
7.0,6.0,1278.82,0.0,0.0,1.0,Session Started,0.163,0
8.0,1.0,1181.08,0.0,0.0,1.0,Session Started,0.427,0
4.0,3.0,4468.37,0.0,0.0,1.0,Session Started,0.213,0
4.0,10.0,1444.53,0.0,0.0,1.0,Session Started,0.093,0
2.0,6.0,5420.56,0.0,0.0,1.0,Session Started,0.047,0
3.0,2.0,7531.04,0.0,0.0,1.0,Session Started,0.25,1
9.0,2.0,1001.27,0.0,0.0,1.0,Session Started,0.39,1
7.0,15.0,174.72,0.0,0.0,1.0,Session Started,0.163,0
3.0,2.0,4169.73,0.0,0.0,1.0,Session Started,0.25,1
3.0,1.0,1375.29,0.0,1.0,0.0,Downgrade Clicked,0.75,1
0.0,1.0,904.2,1.0,0.0,0.0,Cancellation Page Viewed,0.9,1
1.0,4.0,1128.93,0.0,0.0,1.0,Session Started,0.083,0
1.0,2.0,1297.44,0.0,0.0,1.0,Session Started,0.203,0
3.0,1.0,5103.87,0.0,0.0,1.0,Session Started,0.31,1
11.0,2.0,2054.79,0.0,0.0,1.0,Session Started,0.437,1
3.0,3.0,5048.66,0.0,0.0,1.0,Session Started,0.19,0
2.0,2.0,2684.84,0.0,0.0,1.0,Session Started,0.227,0
1.0,6.0,1411.79,1.0,0.0,0.0,Cancellation Page Viewed,0.9,1
2.0,3.0,1323.08,1.0,0.0,0.0,Cancellation Page Viewed,0.9,1
8.0,12.0,2833.55,0.0,0.0,1.0,Session Started,0.187,0
3.0,7.0,3485.41,0.0,0.0,1.0,Session Started,0.07,0
8.0,1.0,4013.56,0.0,0.0,1.0,Session Started,0.427,1
8.0,2.0,1466.7,0.0,0.0,1.0,Session Started,0.367,0
1.0,1.0,2080.09,0.0,0.0,1.0,Session Started,0.263,0
5.0,15.0,2884.86,0.0,0.0,1.0,Session Started,0.117,0
11.0,1.0,1329.86,0.0,0.0,1.0,Session Started,0.497,1
3.0,2.0,729.27,0.0,0.0,1.0,Session Started,0.25,0
0.0,6.0,948.6,0.0,0.0,1.0,Session Started,0.0,0
10.0,1.0,1490.95,0.0,0.0,1.0,Session Started,0.473,1
9.0,6.0,3071.02,0.0,0.0,1.0,Session Started,0.21,0
3.0,1.0,4950.19,0.0,0.0,1.0,Session Started,0.31,0
4.0,2.0,611.04,0.0,0.0,1.0,Session Started,0.273,0
2.0,2.0,1121.17,0.0,0.0,1.0,Session Started,0.227,0
8.0,2.0,1357.92,0.0,0.0,1.0,Session Started,0.367,1
3.0,2.0,3414.46,0.0,0.0,1.0,Session Started,0.25,0
0.0,8.0,1185.02,0.0,0.0,1.0,Session Started,0.0,0
7.0,2.0,1282.05,0.0,0.0,1.0,Session Started,0.343,0
11.0,2.0,584.29,0.0,0.0,1.0,Session Started,0.437,0
8.0,7.0,2661.71,0.0,1.0,0.0,Downgrade Clicked,0.75,1
2.0,4.0,1589.03,1.0,0.0,0.0,Cancellation Page Viewed,0.9,1
0.0,1.0,1071.45,0.0,0.0,1.0,Session Started,0.24,1
10.0,9.0,1469.08,0.0,1.0,0.0,Downgrade Clicked,0.75,1
10.0,1.0,4454.17,0.0,0.0,1.0,Session Started,0.473,0
4.0,2.0,809.24,0.0,0.0,1.0,Session Started,0.273,0
5.0,2.0,922.12,0.0,0.0,1.0,Session Started,0.297,0
3.0,4.0,4923.63,0.0,0.0,1.0,Session Started,0.13,0
3.0,1.0,1921.04,0.0,0.0,1.0,Session Started,0.31,0
1.0,1.0,3089.62,0.0,0.0,1.0,Session Started,0.263,0
1.0,3.0,2493.4,0.0,0.0,1.0,Session Started,0.143,0
2.0,1.0,1757.65,0.0,1.0,0.0,Downgrade Clicked,0.75,1
8.0,2.0,1368.35,0.0,0.0,1.0,Session Started,0.367,1
1.0,3.0,3516.59,0.0,1.0,0.0,Downgrade Clicked,0.75,1
2.0,2.0,4581.9,0.0,1.0,0.0,Downgrade Clicked,0.75,1
4.0,1.0,4304.22,0.0,0.0,1.0,Session Started,0.333,0
2.0,1.0,700.38,0.0,0.0,1.0,Session Started,0.287,1
1.0,12.0,5135.48,0.0,0.0,1.0,Session Started,0.023,0
4.0,2.0,1357.84,0.0,0.0,1.0,Session Started,0.273,0
3.0,1.0,988.29,1.0,0.0,0.0,Cancellation Page Viewed,0.9,1
5.0,1.0,1578.99,0.0,0.0,1.0,Session Started,0.357,0
9.0,2.0,3515.38,0.0,0.0,1.0,Session Started,0.39,1
1.0,16.0,2786.03,0.0,0.0,1.0,Session Started,0.023,0
10.0,1.0,1473.93,0.0,0.0,1.0,Session Started,0.473,0
9.0,1.0,3533.81,0.0,0.0,1.0,Session Started,0.45,0
8.0,2.0,2022.09,0.0,0.0,1.0,Session Started,0.367,0
5.0,1.0,1143.24,0.0,0.0,1.0,Session Started,0.357,1
5.0,1.0,1026.15,0.0,0.0,1.0,Session Started,0.357,1
5.0,15.0,2510.38,0.0,0.0,1.0,Session Started,0.117,0
7.0,3.0,1692.54,0.0,0.0,1.0,Session Started,0.283,0
0.0,1.0,601.6,0.0,0.0,1.0,Session Started,0.24,0
11.0,2.0,3560.76,0.0,0.0,1.0,Session Started,0.437,1
4.0,1.0,1231.24,1.0,0.0,0.0,Cancellation Page Viewed,0.9,1
8.0,1.0,6462.01,0.0,0.0,1.0,Session Started,0.427,0
3.0,2.0,588.52,1.0,0.0,0.0,Cancellation Page Viewed,0.9,1
0.0,2.0,1564.67,0.0,0.0,1.0,Session Started,0.18,0
3.0,3.0,1032.79,0.0,0.0,1.0,Session Started,0.19,0
3.0,7.0,828.54,0.0,0.0,1.0,Session Started,0.07,0
3.0,1.0,1224.84,0.0,0.0,1.0,Session Started,0.31,0
2.0,8.0,7453.61,0.0,0.0,1.0,Session Started,0.047,0
2.0,2.0,2027.78,0.0,0.0,1.0,Session Started,0.227,0
4.0,1.0,959.71,0.0,0.0,1.0,Session Started,0.333,1
3.0,6.0,418.68,0.0,0.0,1.0,Session Started,0.07,0
12.0,1.0,456.19,0.0,0.0,1.0,Session Started,0.52,0
1.0,2.0,1177.12,0.0,0.0,1.0,Session Started,0.203,0
2.0,3.0,1089.04,0.0,0.0,1.0,Session Started,0.167,0
2.0,1.0,1511.35,0.0,0.0,1.0,Session Started,0.287,0
4.0,6.0,293.61,0.0,0.0,1.0,Session Started,0.093,0
3.0,1.0,1680.18,0.0,0.0,1.0,Session Started,0.31,0
5.0,5.0,4114.13,0.0,1.0,0.0,Downgrade Clicked,0.75,1
11.0,1.0,6622.8,0.0,0.0,1.0,Session Started,0.497,0
2.0,1.0,397.2,0.0,0.0,1.0,Session Started,0.287,1
7.0,2.0,952.31,0.0,0.0,1.0,Session Started,0.343,1
0.0,6.0,912.89,0.0,0.0,1.0,Session Started,0.0,0
2.0,1.0,2031.6,0.0,0.0,1.0,Session Started,0.287,0
3.0,7.0,681.42,0.0,1.0,0.0,Downgrade Clicked,0.75,1
0.0,1.0,6945.23,0.0,0.0,1.0,Session Started,0.24,1
5.0,2.0,1872.1,0.0,0.0,1.0,Session Started,0.297,1
7.0,2.0,1638.41,0.0,1.0,0.0,Downgrade Clicked,0.75,1
7.0,1.0,6465.08,0.0,0.0,1.0,Session Started,0.403,0
3.0,9.0,1784.98,0.0,0.0,1.0,Session Started,0.07,0
4.0,2.0,2490.51,0.0,0.0,1.0,Session Started,0.273,0
3.0,2.0,991.64,0.0,0.0,1.0,Session Started,0.25,0
0.0,2.0,604.01,0.0,0.0,1.0,Session Started,0.18,0
1.0,2.0,1109.55,0.0,0.0,1.0,Session Started,0.203,0
6.0,2.0,10400.2,0.0,0.0,1.0,Session Started,0.32,0
17.0,7.0,3000.15,1.0,0.0,0.0,Cancellation Page Viewed,0.9,1
0.0,2.0,2252.12,0.0,0.0,1.0,Session Started,0.18,0
4.0,2.0,827.91,0.0,0.0,1.0,Session Started,0.273,1
7.0,2.0,3748.09,0.0,0.0,1.0,Session Started,0.343,0
8.0,2.0,610.24,0.0,0.0,1.0,Session Started,0.367,0
4.0,2.0,516.13,0.0,0.0,1.0,Session Started,0.273,0
5.0,2.0,1156.2,0.0,0.0,1.0,Session Started,0.297,0
7.0,2.0,8635.12,0.0,0.0,1.0,Session Started,0.343,1
9.0,3.0,8252.86,0.0,0.0,1.0,Session Started,0.33,0
1.0,12.0,1260.18,0.0,0.0,1.0,Session Started,0.023,0
10.0,11.0,1054.31,0.0,0.0,1.0,Session Started,0.233,0
0.0,5.0,486.73,0.0,0.0,1.0,Session Started,0.0,0
8.0,2.0,1924.51,0.0,0.0,1.0,Session Started,0.367,0
0.0,3.0,2058.25,0.0,0.0,1.0,Session Started,0.12,0
1.0,1.0,3400.39,0.0,0.0,1.0,Session Started,0.263,0
0.0,2.0,3746.46,0.0,0.0,1.0,Session Started,0.18,0
3.0,1.0,1543.89,0.0,0.0,1.0,Session Started,0.31,0
2.0,1.0,2820.93,0.0,0.0,1.0,Session Started,0.287,0
1.0,11.0,1032.24,1.0,0.0,0.0,Cancellation Page Viewed,0.9,1
3.0,6.0,2778.41,0.0,0.0,1.0,Session Started,0.07,0
3.0,2.0,1204.98,0.0,0.0,1.0,Session Started,0.25,0
8.0,1.0,2611.2,0.0,0.0,1.0,Session Started,0.427,0
9.0,2.0,2447.45,0.0,0.0,1.0,Session Started,0.39,0
6.0,2.0,1910.35,0.0,0.0,1.0,Session Started,0.32,0
1.0,4.0,3413.97,0.0,1.0,0.0,Downgrade Clicked,0.75,1
2.0,16.0,514.75,0.0,0.0,1.0,Session Started,0.047,0
10.0,2.0,771.29,0.0,1.0,0.0,Downgrade Clicked,0.75,1
0.0,1.0,1456.73,0.0,0.0,1.0,Session Started,0.24,0
3.0,1.0,569.86,0.0,0.0,1.0,Session Started,0.31,1
11.0,1.0,1305.72,0.0,1.0,0.0,Downgrade Clicked,0.75,1
11.0,2.0,1339.83,0.0,0.0,1.0,Session Started,0.437,0
3.0,1.0,5155.13,0.0,0.0,1.0,Session Started,0.31,1
6.0,1.0,2026.42,0.0,0.0,1.0,Session Started,0.38,0
3.0,1.0,4119.73,0.0,1.0,0.0,Downgrade Clicked,0.75,1
7.0,1.0,2301.55,0.0,1.0,0.0,Downgrade Clicked,0.75,1
0.0,3.0,1177.87,0.0,0.0,1.0,Session Started,0.12,0
1.0,1.0,2012.18,0.0,0.0,1.0,Session Started,0.263,1
5.0,6.0,3240.69,0.0,0.0,1.0,Session Started,0.117,0
2.0,1.0,4697.2,0.0,0.0,1.0,Session Started,0.287,0
6.0,1.0,1626.45,0.0,0.0,1.0,Session Started,0.38,0
2.0,1.0,483.95,0.0,0.0,1.0,Session Started,0.287,0
9.0,3.0,457.49,0.0,0.0,1.0,Session Started,0.33,0
8.0,1.0,1392.52,0.0,0.0,1.0,Session Started,0.427,0
3.0,2.0,278.57,0.0,0.0,1.0,Session Started,0.25,0
8.0,1.0,7601.37,1.0,0.0,0.0,Cancellation Page Viewed,0.9,1
2.0,14.0,2914.77,0.0,0.0,1.0,Session Started,0.047,1
3.0,1.0,1087.31,0.0,0.0,1.0,Session Started,0.31,1
1.0,2.0,744.18,0.0,0.0,1.0,Session Started,0.203,0
9.0,6.0,4115.42,0.0,0.0,1.0,Session Started,0.21,1
8.0,1.0,741.81,0.0,0.0,1.0,Session Started,0.427,0
9.0,1.0,800.65,0.0,0.0,1.0,Session Started,0.45,0
9.0,4.0,979.7,0.0,0.0,1.0,Session Started,0.27,1
12.0,1.0,1980.83,0.0,0.0,1.0,Session Started,0.52,1
2.0,1.0,2970.95,0.0,0.0,1.0,Session Started,0.287,1
10.0,2.0,4694.46,0.0,0.0,1.0,Session Started,0.413,0
4.0,1.0,4171.28,0.0,0.0,1.0,Session Started,0.333,0
3.0,8.0,1809.16,0.0,1.0,0.0,Downgrade Clicked,0.75,0
4.0,2.0,4090.48,0.0,0.0,1.0,Session Started,0.273,0
2.0,2.0,1057.01,0.0,0.0,1.0,Session Started,0.227,0
2.0,1.0,421.28,0.0,0.0,1.0,Session Started,0.287,0
2.0,2.0,1056.9,0.0,0.0,1.0,Session Started,0.227,0
0.0,2.0,948.6,0.0,0.0,1.0,Session Started,0.18,0
3.0,1.0,1090.52,0.0,0.0,1.0,Session Started,0.31,0
9.0,7.0,839.24,0.0,0.0,1.0,Session Started,0.21,0
5.0,2.0,1250.27,0.0,1.0,0.0,Downgrade Clicked,0.75,1
3.0,4.0,2969.1,0.0,0.0,1.0,Session Started,0.13,0
3.0,1.0,7130.99,0.0,0.0,1.0,Session Started,0.31,1
3.0,1.0,454.74,0.0,0.0,1.0,Session Started,0.31,0
2.0,2.0,645.36,0.0,0.0,1.0,Session Started,0.227,0
8.0,4.0,959.91,0.0,0.0,1.0,Session Started,0.247,1
1.0,2.0,3336.22,0.0,0.0,1.0,Session Started,0.203,0
7.0,1.0,1534.63,0.0,0.0,1.0,Session Started,0.403,0
8.0,5.0,1013.04,0.0,1.0,0.0,Downgrade Clicked,0.75,1
4.0,1.0,3207.95,0.0,0.0,1.0,Session Started,0.333,1
9.0,2.0,3885.91,0.0,0.0,1.0,Session Started,0.39,0
2.0,2.0,1781.11,0.0,0.0,1.0,Session Started,0.227,0
9.0,1.0,941.08,0.0,0.0,1.0,Session Started,0.45,0
7.0,1.0,2244.47,0.0,0.0,1.0,Session Started,0.403,1
8.0,1.0,1500.25,0.0,0.0,1.0,Session Started,0.427,0
6.0,8.0,1490.98,0.0,0.0,1.0,Session Started,0.14,0
8.0,1.0,1200.0,0.0,0.0,1.0,Session Started,0.427,1
16.0,2.0,3789.49,0.0,0.0,1.0,Session Started,0.553,1
3.0,14.0,2208.14,0.0,0.0,1.0,Session Started,0.07,1
8.0,2.0,4140.45,0.0,0.0,1.0,Session Started,0.367,0
7.0,2.0,5266.18,0.0,0.0,1.0,Session Started,0.343,0
3.0,2.0,2610.21,0.0,0.0,1.0,Session Started,0.25,1
10.0,2.0,1205.7,0.0,0.0,1.0,Session Started,0.413,0
3.0,2.0,4155.8,0.0,0.0,1.0,Session Started,0.25,0
4.0,11.0,2624.2,0.0,1.0,0.0,Downgrade Clicked,0.75,1
1.0,4.0,14511.46,0.0,0.0,1.0,Session Started,0.083,0
2.0,2.0,2317.12,0.0,0.0,1.0,Session Started,0.227,1
8.0,2.0,3159.44,0.0,0.0,1.0,Session Started,0.367,1
3.0,7.0,2280.93,1.0,0.0,0.0,Cancellation Page Viewed,0.9,1
3.0,1.0,1670.24,0.0,1.0,0.0,Downgrade Clicked,0.75,1
2.0,6.0,1469.93,0.0,0.0,1.0,Session Started,0.047,0
3.0,1.0,2287.91,0.0,0.0,1.0,Session Started,0.31,0
8.0,3.0,2743.37,0.0,0.0,1.0,Session Started,0.307,0
9.0,4.0,4552.86,0.0,1.0,0.0,Downgrade Clicked,0.75,1
0.0,2.0,2314.8,0.0,1.0,0.0,Downgrade Clicked,0.75,1
4.0,1.0,1248.49,0.0,0.0,1.0,Session Started,0.333,0
3.0,6.0,1392.03,0.0,0.0,1.0,Session Started,0.07,0
5.0,2.0,627.44,0.0,1.0,0.0,Downgrade Clicked,0.75,1
3.0,1.0,6829.26,0.0,0.0,1.0,Session Started,0.31,0
3.0,2.0,1172.7,0.0,0.0,1.0,Session Started,0.25,0
3.0,2.0,3920.41,0.0,0.0,1.0,Session Started,0.25,0
4.0,2.0,2255.76,0.0,0.0,1.0,Session Started,0.273,0
3.0,1.0,2305.34,0.0,0.0,1.0,Session Started,0.31,0
3.0,2.0,1645.9,0.0,0.0,1.0,Session Started,0.25,0
8.0,7.0,962.72,0.0,0.0,1.0,Session Started,0.187,0
7.0,1.0,833.11,0.0,0.0,1.0,Session Started,0.403,1
2.0,2.0,7206.74,0.0,0.0,1.0,Session Started,0.227,0
8.0,2.0,1980.63,0.0,0.0,1.0,Session Started,0.367,0
8.0,7.0,4448.02,0.0,0.0,1.0,Session Started,0.187,0
1.0,2.0,5474.88,0.0,0.0,1.0,Session Started,0.203,0
4.0,5.0,1301.56,0.0,0.0,1.0,Session Started,0.093,0
2.0,1.0,2537.17,0.0,0.0,1.0,Session Started,0.287,0
7.0,2.0,1874.33,0.0,0.0,1.0,Session Started,0.343,1
2.0,9.0,716.39,0.0,0.0,1.0,Session Started,0.047,0
6.0,7.0,1558.71,0.0,0.0,1.0,Session Started,0.14,0
2.0,2.0,2892.87,0.0,0.0,1.0,Session Started,0.227,0
3.0,2.0,1212.91,0.0,0.0,1.0,Session Started,0.25,0
11.0,2.0,1394.27,0.0,0.0,1.0,Session Started,0.437,0
3.0,1.0,1573.89,0.0,1.0,0.0,Downgrade Clicked,0.75,1
9.0,7.0,9791.04,0.0,0.0,1.0,Session Started,0.21,0
14.0,5.0,416.86,0.0,0.0,1.0,Session Started,0.327,0
9.0,2.0,2700.83,0.0,0.0,1.0,Session Started,0.39,0
1.0,1.0,1476.35,0.0,0.0,1.0,Session Started,0.263,0
8.0,2.0,1082.98,0.0,0.0,1.0,Session Started,0.367,0
0.0,1.0,1447.65,0.0,0.0,1.0,Session Started,0.24,0
3.0,3.0,3083.75,0.0,0.0,1.0,Session Started,0.19,1
9.0,2.0,3228.0,0.0,1.0,0.0,Downgrade Clicked,0.75,1
7.0,1.0,2098.16,0.0,1.0,0.0,Downgrade Clicked,0.75,0
4.0,2.0,4333.77,0.0,0.0,1.0,Session Started,0.273,1
3.0,13.0,4989.38,0.0,0.0,1.0,Session Started,0.07,0
8.0,1.0,3474.13,0.0,0.0,1.0,Session Started,0.427,0
7.0,2.0,1168.0,0.0,0.0,1.0,Session Started,0.343,0
3.0,2.0,2685.31,0.0,1.0,0.0,Downgrade Clicked,0.75,1
9.0,1.0,2695.56,0.0,0.0,1.0,Session Started,0.45,1
2.0,2.0,941.52,0.0,0.0,1.0,Session Started,0.227,0
1.0,2.0,515.15,0.0,0.0,1.0,Session Started,0.203,1
5.0,1.0,358.45,0.0,0.0,1.0,Session Started,0.357,1
12.0,1.0,1911.96,0.0,0.0,1.0,Session Started,0.52,0
2.0,6.0,2294.87,0.0,0.0,1.0,Session Started,0.047,0
2.0,1.0,702.45,0.0,0.0,1.0,Session Started,0.287,0
1.0,2.0,4174.82,0.0,0.0,1.0,Session Started,0.203,1
9.0,2.0,2042.18,0.0,0.0,1.0,Session Started,0.39,0
2.0,5.0,5321.77,0.0,0.0,1.0,Session Started,0.047,0
3.0,3.0,2431.9,0.0,0.0,1.0,Session Started,0.19,0
15.0,5.0,770.42,0.0,0.0,1.0,Session Started,0.35,1
0.0,2.0,2608.75,0.0,0.0,1.0,Session Started,0.18,0
4.0,2.0,3090.5,0.0,0.0,1.0,Session Started,0.273,1
3.0,2.0,1166.66,0.0,0.0,1.0,Session Started,0.25,1
8.0,2.0,570.39,0.0,0.0,1.0,Session Started,0.367,0
2.0,2.0,1959.09,0.0,0.0,1.0,Session Started,0.227,1
3.0,1.0,811.86,0.0,1.0,0.0,Downgrade Clicked,0.75,1
1.0,2.0,4432.46,0.0,0.0,1.0,Session Started,0.203,0
7.0,2.0,1305.39,0.0,1.0,0.0,Downgrade Clicked,0.75,1
8.0,1.0,7184.5,0.0,0.0,1.0,Session Started,0.427,0
1.0,1.0,330.52,0.0,0.0,1.0,Session Started,0.263,0
3.0,3.0,2013.92,0.0,0.0,1.0,Session Started,0.19,0
9.0,2.0,5673.23,0.0,0.0,1.0,Session Started,0.39,0
0.0,4.0,886.92,0.0,1.0,0.0,Downgrade Clicked,0.75,1
2.0,2.0,1591.83,0.0,0.0,1.0,Session Started,0.227,0
4.0,6.0,1309.72,0.0,0.0,1.0,Session Started,0.093,0
2.0,4.0,1046.27,0.0,0.0,1.0,Session Started,0.107,0
2.0,1.0,2198.87,0.0,0.0,1.0,Session Started,0.287,1
3.0,12.0,641.41,0.0,0.0,1.0,Session Started,0.07,0
1.0,1.0,1654.45,0.0,1.0,0.0,Downgrade Clicked,0.75,1
4.0,2.0,2732.02,0.0,0.0,1.0,Session Started,0.273,0
7.0,4.0,1522.22,0.0,0.0,1.0,Session Started,0.223,0
4.0,2.0,812.27,0.0,0.0,1.0,Session Started,0.273,1
0.0,2.0,4122.22,0.0,0.0,1.0,Session Started,0.18,1
8.0,2.0,3242.84,0.0,0.0,1.0,Session Started,0.367,1
1.0,1.0,786.07,0.0,1.0,0.0,Downgrade Clicked,0.75,0
8.0,1.0,642.08,0.0,0.0,1.0,Session Started,0.427,1
3.0,1.0,844.26,0.0,0.0,1.0,Session Started,0.31,0
8.0,1.0,2796.76,0.0,1.0,0.0,Downgrade Clicked,0.75,1
1.0,2.0,2253.99,0.0,0.0,1.0,Session Started,0.203,0
1.0,2.0,3401.82,0.0,1.0,0.0,Downgrade Clicked,0.75,1
3.0,2.0,1392.81,0.0,0.0,1.0,Session Started,0.25,1
0.0,2.0,862.83,0.0,0.0,1.0,Session Started,0.18,0
2.0,1.0,3770.93,0.0,0.0,1.0,Session Started,0.287,0
7.0,1.0,1161.24,0.0,0.0,1.0,Session Started,0.403,0
8.0,4.0,2099.05,0.0,0.0,1.0,Session Started,0.247,1
0.0,8.0,523.25,0.0,0.0,1.0,Session Started,0.0,0
9.0,2.0,1146.14,0.0,0.0,1.0,Session Started,0.39,0
8.0,1.0,4054.23,0.0,0.0,1.0,Session Started,0.427,0
9.0,4.0,1019.41,0.0,0.0,1.0,Session Started,0.27,0
7.0,7.0,3468.94,0.0,0.0,1.0,Session Started,0.163,0
7.0,2.0,280.11,0.0,0.0,1.0,Session Started,0.343,1
3.0,1.0,1155.73,0.0,0.0,1.0,Session Started,0.31,1
6.0,1.0,1576.43,0.0,0.0,1.0,Session Started,0.38,0
10.0,2.0,7288.35,0.0,0.0,1.0,Session Started,0.413,1
1.0,8.0,709.63,0.0,0.0,1.0,Session Started,0.023,1
2.0,2.0,3092.68,0.0,0.0,1.0,Session Started,0.227,1
0.0,1.0,4211.38,0.0,0.0,1.0,Session Started,0.24,1
11.0,2.0,1015.17,0.0,0.0,1.0,Session Started,0.437,0
3.0,5.0,1341.01,0.0,0.0,1.0,Session Started,0.07,0
7.0,2.0,2024.96,0.0,1.0,0.0,Downgrade Clicked,0.75,1
8.0,5.0,552.7,0.0,0.0,1.0,Session Started,0.187,0
15.0,2.0,1256.29,0.0,0.0,1.0,Session Started,0.53,1
1.0,2.0,5018.52,0.0,0.0,1.0,Session Started,0.203,0
8.0,2.0,2746.61,0.0,0.0,1.0,Session Started,0.367,0
9.0,2.0,1594.95,0.0,0.0,1.0,Session Started,0.39,0
0.0,12.0,1979.22,0.0,0.0,1.0,Session Started,0.0,0
7.0,2.0,2877.64,0.0,0.0,1.0,Session Started,0.343,0
2.0,2.0,3354.06,0.0,0.0,1.0,Session Started,0.227,0
5.0,2.0,1158.49,0.0,0.0,1.0,Session Started,0.297,0
3.0,2.0,6171.99,0.0,0.0,1.0,Session Started,0.25,0
2.0,2.0,5182.69,0.0,0.0,1.0,Session Started,0.227,0
1.0,3.0,3108.22,0.0,0.0,1.0,Session Started,0.143,1
1.0,2.0,921.16,0.0,0.0,1.0,Session Started,0.203,0
1.0,2.0,799.37,0.0,0.0,1.0,Session Started,0.203,0
5.0,2.0,1392.31,0.0,0.0,1.0,Session Started,0.297,0
2.0,1.0,1898.11,0.0,0.0,1.0,Session Started,0.287,1
2.0,2.0,439.31,0.0,1.0,0.0,Downgrade Clicked,0.75,1
7.0,2.0,2685.86,0.0,1.0,0.0,Downgrade Clicked,0.75,1
7.0,2.0,5064.29,0.0,0.0,1.0,Session Started,0.343,1
4.0,3.0,2867.45,0.0,0.0,1.0,Session Started,0.213,0
10.0,3.0,1052.75,0.0,0.0,1.0,Session Started,0.353,0
3.0,6.0,957.65,0.0,1.0,0.0,Downgrade Clicked,0.75,1
8.0,2.0,2298.2,0.0,0.0,1.0,Session Started,0.367,0
0.0,2.0,1599.36,0.0,0.0,1.0,Session Started,0.18,0
7.0,3.0,2577.13,0.0,0.0,1.0,Session Started,0.283,1
15.0,2.0,2925.96,0.0,0.0,1.0,Session Started,0.53,1
8.0,2.0,4330.82,0.0,0.0,1.0,Session Started,0.367,0
4.0,2.0,730.92,0.0,0.0,1.0,Session Started,0.273,1
5.0,4.0,2158.77,0.0,0.0,1.0,Session Started,0.177,0
2.0,1.0,1351.84,0.0,0.0,1.0,Session Started,0.287,0
7.0,2.0,1670.86,0.0,0.0,1.0,Session Started,0.343,1
8.0,1.0,3610.23,0.0,0.0,1.0,Session Started,0.427,0
18.0,2.0,3938.29,0.0,0.0,1.0,Session Started,0.6,1
3.0,2.0,5534.49,0.0,1.0,0.0,Downgrade Clicked,0.75,1
0.0,2.0,2541.4,0.0,0.0,1.0,Session Started,0.18,1
4.0,2.0,1655.71,1.0,0.0,0.0,Cancellation Page Viewed,0.9,1
1.0,7.0,1476.9,0.0,0.0,1.0,Session Started,0.023,0
2.0,4.0,451.33,0.0,0.0,1.0,Session Started,0.107,0
2.0,2.0,5280.56,0.0,0.0,1.0,Session Started,0.227,0
7.0,9.0,1397.56,0.0,0.0,1.0,Session Started,0.163,0
1.0,2.0,2710.04,0.0,1.0,0.0,Downgrade Clicked,0.75,1
1.0,4.0,3112.55,0.0,0.0,1.0,Session Started,0.083,0
0.0,1.0,667.64,0.0,0.0,1.0,Session Started,0.24,0
9.0,1.0,863.78,0.0,0.0,1.0,Session Started,0.45,1
7.0,2.0,6233.02,0.0,0.0,1.0,Session Started,0.343,0
0.0,1.0,2280.95,0.0,0.0,1.0,Session Started,0.24,1
0.0,2.0,1136.3,0.0,0.0,1.0,Session Started,0.18,0
4.0,1.0,1634.22,0.0,0.0,1.0,Session Started,0.333,1
2.0,2.0,4311.28,0.0,0.0,1.0,Session Started,0.227,0
4.0,1.0,3817.88,0.0,0.0,1.0,Session Started,0.333,0
3.0,1.0,559.55,0.0,0.0,1.0,Session Started,0.31,1
10.0,12.0,6683.7,0.0,0.0,1.0,Session Started,0.233,0
2.0,2.0,3916.36,0.0,0.0,1.0,Session Started,0.227,0
7.0,8.0,1600.42,0.0,0.0,1.0,Session Started,0.163,0
0.0,2.0,696.89,0.0,0.0,1.0,Session Started,0.18,0
11.0,1.0,4201.54,0.0,0.0,1.0,Session Started,0.497,1
13.0,2.0,2646.89,0.0,0.0,1.0,Session Started,0.483,1
7.0,2.0,563.27,0.0,0.0,1.0,Session Started,0.343,1
3.0,1.0,1501.68,0.0,0.0,1.0,Session Started,0.31,1
2.0,6.0,22047.14,0.0,0.0,1.0,Session Started,0.047,0
8.0,2.0,1832.07,0.0,0.0,1.0,Session Started,0.367,0
7.0,3.0,998.67,0.0,0.0,1.0,Session Started,0.283,0
2.0,2.0,806.9,0.0,0.0,1.0,Session Started,0.227,0
3.0,2.0,7462.75,0.0,0.0,1.0,Session Started,0.25,0
3.0,1.0,3562.46,0.0,0.0,1.0,Session Started,0.31,1
8.0,12.0,5574.46,0.0,0.0,1.0,Session Started,0.187,1
7.0,2.0,2205.14,0.0,0.0,1.0,Session Started,0.343,0
5.0,1.0,4930.6,0.0,0.0,1.0,Session Started,0.357,0
5.0,1.0,917.22,0.0,0.0,1.0,Session Started,0.357,1
2.0,2.0,2059.2,0.0,0.0,1.0,Session Started,0.227,0
3.0,14.0,2274.79,0.0,0.0,1.0,Session Started,0.07,0
0.0,7.0,5464.12,0.0,0.0,1.0,Session Started,0.0,0
8.0,2.0,2333.38,0.0,0.0,1.0,Session Started,0.367,0
3.0,15.0,1096.18,0.0,0.0,1.0,Session Started,0.07,0
3.0,3.0,1903.14,0.0,0.0,1.0,Session Started,0.19,0
2.0,2.0,472.89,0.0,0.0,1.0,Session Started,0.227,0
2.0,2.0,282.37,0.0,0.0,1.0,Session Started,0.227,0
4.0,1.0,3515.98,0.0,0.0,1.0,Session Started,0.333,0
2.0,1.0,1339.71,0.0,0.0,1.0,Session Started,0.287,0
0.0,2.0,1466.84,0.0,1.0,0.0,Downgrade Clicked,0.75,1
8.0,1.0,3514.87,0.0,0.0,1.0,Session Started,0.427,1
3.0,10.0,5528.15,0.0,0.0,1.0,Session Started,0.07,0
3.0,15.0,2772.74,0.0,0.0,1.0,Session Started,0.07,0
3.0,2.0,8454.54,0.0,0.0,1.0,Session Started,0.25,0
8.0,3.0,2703.09,0.0,0.0,1.0,Session Started,0.307,0
2.0,2.0,2302.55,0.0,0.0,1.0,Session Started,0.227,0
8.0,1.0,2191.43,0.0,1.0,0.0,Downgrade Clicked,0.75,1
10.0,2.0,646.52,0.0,0.0,1.0,Session Started,0.413,1
6.0,1.0,3884.69,0.0,0.0,1.0,Session Started,0.38,0
3.0,2.0,255.6,0.0,0.0,1.0,Session Started,0.25,1
7.0,1.0,1131.16,0.0,0.0,1.0,Session Started,0.403,0
3.0,1.0,1841.52,0.0,0.0,1.0,Session Started,0.31,0
3.0,1.0,961.21,0.0,0.0,1.0,Session Started,0.31,1
3.0,7.0,1259.66,0.0,0.0,1.0,Session Started,0.07,0
2.0,1.0,7875.41,0.0,0.0,1.0,Session Started,0.287,1
1.0,1.0,4373.06,0.0,0.0,1.0,Session Started,0.263,0
3.0,2.0,1044.55,0.0,0.0,1.0,Session Started,0.25,0
1.0,2.0,1241.84,0.0,0.0,1.0,Session Started,0.203,0
3.0,2.0,650.93,0.0,0.0,1.0,Session Started,0.25,0
4.0,1.0,3177.96,0.0,0.0,1.0,Session Started,0.333,0
10.0,2.0,1480.6,0.0,0.0,1.0,Session Started,0.413,1
0.0,2.0,374.96,0.0,0.0,1.0,Session Started,0.18,0
5.0,2.0,1959.86,0.0,0.0,1.0,Session Started,0.297,0
3.0,2.0,2568.77,0.0,1.0,0.0,Downgrade Clicked,0.75,1
0.0,2.0,3906.95,0.0,0.0,1.0,Session Started,0.18,0
2.0,2.0,1704.99,0.0,0.0,1.0,Session Started,0.227,0
1.0,1.0,1341.93,0.0,0.0,1.0,Session Started,0.263,0
2.0,2.0,8857.43,0.0,0.0,1.0,Session Started,0.227,0
2.0,1.0,1817.59,1.0,0.0,0.0,Cancellation Page Viewed,0.9,1
3.0,2.0,3215.21,0.0,0.0,1.0,Session Started,0.25,0
4.0,2.0,1174.23,0.0,0.0,1.0,Session Started,0.273,1
0.0,1.0,3139.84,0.0,0.0,1.0,Session Started,0.24,0
1.0,1.0,564.25,0.0,0.0,1.0,Session Started,0.263,1
1.0,2.0,1249.31,0.0,0.0,1.0,Session Started,0.203,0
4.0,2.0,687.72,1.0,0.0,0.0,Cancellation Page Viewed,0.9,1
2.0,4.0,1114.34,0.0,0.0,1.0,Session Started,0.107,0
4.0,8.0,4916.62,0.0,0.0,1.0,Session Started,0.093,0
2.0,10.0,1107.81,0.0,0.0,1.0,Session Started,0.047,0
0.0,2.0,3211.86,0.0,0.0,1.0,Session Started,0.18,0
10.0,1.0,6086.4,0.0,0.0,1.0,Session Started,0.473,0
1.0,2.0,1768.59,0.0,0.0,1.0,Session Started,0.203,0
1.0,2.0,4003.86,0.0,0.0,1.0,Session Started,0.203,0
1.0,2.0,2765.2,0.0,0.0,1.0,Session Started,0.203,1
13.0,1.0,1984.55,0.0,1.0,0.0,Downgrade Clicked,0.75,1
5.0,1.0,3295.3,0.0,0.0,1.0,Session Started,0.357,0
5.0,1.0,7878.95,0.0,0.0,1.0,Session Started,0.357,0
14.0,1.0,1085.92,0.0,0.0,1.0,Session Started,0.567,1
0.0,1.0,839.36,0.0,1.0,0.0,Downgrade Clicked,0.75,1
13.0,8.0,800.85,0.0,0.0,1.0,Session Started,0.303,1
1.0,1.0,4005.98,0.0,1.0,0.0,Downgrade Clicked,0.75,0
5.0,2.0,4462.63,0.0,0.0,1.0,Session Started,0.297,0
3.0,9.0,1176.58,0.0,1.0,0.0,Downgrade Clicked,0.75,0
3.0,2.0,327.4,0.0,0.0,1.0,Session Started,0.25,0
10.0,2.0,1053.84,0.0,0.0,1.0,Session Started,0.413,1
1.0,2.0,2802.55,0.0,0.0,1.0,Session Started,0.203,0
17.0,1.0,1714.06,0.0,1.0,0.0,Downgrade Clicked,0.75,1
3.0,2.0,2088.66,0.0,0.0,1.0,Session Started,0.25,0
5.0,5.0,1189.54,0.0,0.0,1.0,Session Started,0.117,1
12.0,3.0,4069.48,0.0,0.0,1.0,Session Started,0.4,1
0.0,4.0,2379.28,0.0,0.0,1.0,Session Started,0.06,0
10.0,14.0,2890.46,0.0,1.0,0.0,Downgrade Clicked,0.75,0
4.0,2.0,2053.4,0.0,0.0,1.0,Session Started,0.273,0
7.0,3.0,2750.38,0.0,0.0,1.0,Session Started,0.283,1
1.0,2.0,2609.35,0.0,0.0,1.0,Session Started,0.203,0
4.0,2.0,860.52,0.0,1.0,0.0,Downgrade Clicked,0.75,0
7.0,3.0,2436.82,0.0,0.0,1.0,Session Started,0.283,0
3.0,3.0,3405.7,0.0,0.0,1.0,Session Started,0.19,1
1.0,7.0,4555.6,0.0,0.0,1.0,Session Started,0.023,0
2.0,2.0,2522.2,0.0,0.0,1.0,Session Started,0.227,1
8.0,2.0,835.31,0.0,0.0,1.0,Session Started,0.367,0
0.0,1.0,944.77,0.0,0.0,1.0,Session Started,0.24,0
7.0,2.0,1276.51,0.0,0.0,1.0,Session Started,0.343,1
18.0,3.0,2103.95,1.0,0.0,0.0,Cancellation Page Viewed,0.9,1
0.0,4.0,1639.61,0.0,0.0,1.0,Session Started,0.06,0
1.0,2.0,735.84,0.0,0.0,1.0,Session Started,0.203,0
7.0,2.0,732.32,0.0,0.0,1.0,Session Started,0.343,0
0.0,2.0,337.37,0.0,0.0,1.0,Session Started,0.18,0
4.0,1.0,149.07,0.0,0.0,1.0,Session Started,0.333,0
7.0,1.0,1627.13,0.0,0.0,1.0,Session Started,0.403,1
4.0,8.0,11570.16,0.0,0.0,1.0,Session Started,0.093,0
3.0,1.0,7611.56,0.0,1.0,0.0,Downgrade Clicked,0.75,1
7.0,12.0,826.68,0.0,0.0,1.0,Session Started,0.163,1
4.0,1.0,2038.4,0.0,1.0,0.0,Downgrade Clicked,0.75,1
1.0,3.0,560.22,0.0,0.0,1.0,Session Started,0.143,1
4.0,2.0,632.9,0.0,0.0,1.0,Session Started,0.273,1
9.0,2.0,693.69,0.0,1.0,0.0,Downgrade Clicked,0.75,1
6.0,2.0,1509.6,0.0,1.0,0.0,Downgrade Clicked,0.75,0
3.0,3.0,1562.48,0.0,0.0,1.0,Session Started,0.19,0
2.0,7.0,2213.13,0.0,0.0,1.0,Session Started,0.047,0
0.0,2.0,3073.5,0.0,0.0,1.0,Session Started,0.18,0
2.0,1.0,1380.91,0.0,0.0,1.0,Session Started,0.287,0
0.0,1.0,1861.17,0.0,0.0,1.0,Session Started,0.24,1
14.0,3.0,753.67,0.0,0.0,1.0,Session Started,0.447,1
2.0,2.0,616.71,0.0,0.0,1.0,Session Started,0.227,1
8.0,2.0,545.02,0.0,0.0,1.0,Session Started,0.367,0
1.0,2.0,3039.35,0.0,1.0,0.0,Downgrade Clicked,0.75,1
2.0,2.0,1379.77,0.0,0.0,1.0,Session Started,0.227,1
3.0,4.0,404.68,0.0,0.0,1.0,Session Started,0.13,0
2.0,3.0,1719.05,0.0,0.0,1.0,Session Started,0.167,0
8.0,3.0,665.77,0.0,0.0,1.0,Session Started,0.307,1
11.0,3.0,6824.7,0.0,0.0,1.0,Session Started,0.377,1
9.0,7.0,1137.9,0.0,1.0,0.0,Downgrade Clicked,0.75,1
1.0,2.0,3118.8,0.0,0.0,1.0,Session Started,0.203,0
8.0,11.0,4320.69,0.0,0.0,1.0,Session Started,0.187,0
1.0,1.0,842.23,0.0,0.0,1.0,Session Started,0.263,0
10.0,2.0,1921.45,0.0,0.0,1.0,Session Started,0.413,0
3.0,3.0,2815.16,0.0,0.0,1.0,Session Started,0.19,0
2.0,2.0,1983.14,0.0,0.0,1.0,Session Started,0.227,0
1.0,1.0,2413.61,0.0,0.0,1.0,Session Started,0.263,0
0.0,2.0,624.09,0.0,0.0,1.0,Session Started,0.18,0
2.0,2.0,2816.44,0.0,1.0,0.0,Downgrade Clicked,0.75,1
10.0,8.0,1225.46,0.0,0.0,1.0,Session Started,0.233,1
8.0,2.0,2391.22,0.0,0.0,1.0,Session Started,0.367,1
12.0,1.0,3774.38,0.0,0.0,1.0,Session Started,0.52,1
1.0,2.0,3087.28,1.0,0.0,0.0,Cancellation Page Viewed,0.9,1
4.0,2.0,2389.83,0.0,0.0,1.0,Session Started,0.273,0
2.0,1.0,3022.09,0.0,0.0,1.0,Session Started,0.287,0
4.0,2.0,3136.08,0.0,0.0,1.0,Session Started,0.273,0
2.0,2.0,5981.35,0.0,0.0,1.0,Session Started,0.227,0
2.0,1.0,1759.46,0.0,1.0,0.0,Downgrade Clicked,0.75,1
4.0,2.0,2061.45,0.0,1.0,0.0,Downgrade Clicked,0.75,1
1.0,2.0,3811.02,0.0,0.0,1.0,Session Started,0.203,0
3.0,4.0,1221.32,0.0,0.0,1.0,Session Started,0.13,0
6.0,2.0,621.28,0.0,1.0,0.0,Downgrade Clicked,0.75,1
1.0,1.0,2682.71,0.0,0.0,1.0,Session Started,0.263,0
10.0,10.0,1533.31,0.0,0.0,1.0,Session Started,0.233,0
3.0,2.0,688.13,1.0,0.0,0.0,Cancellation Page Viewed,0.9,1
8.0,1.0,2698.45,0.0,0.0,1.0,Session Started,0.427,0
6.0,5.0,5681.14,0.0,0.0,1.0,Session Started,0.14,0
7.0,1.0,490.88,0.0,0.0,1.0,Session Started,0.403,0
7.0,4.0,4096.38,0.0,0.0,1.0,Session Started,0.223,1
9.0,3.0,237.54,0.0,0.0,1.0,Session Started,0.33,0
5.0,12.0,1312.61,0.0,0.0,1.0,Session Started,0.117,0
2.0,11.0,7882.6,0.0,0.0,1.0,Session Started,0.047,0
1.0,1.0,1390.39,0.0,0.0,1.0,Session Started,0.263,1
4.0,3.0,1942.93,0.0,0.0,1.0,Session Started,0.213,0
0.0,1.0,3328.55,0.0,1.0,0.0,Downgrade Clicked,0.75,1
2.0,2.0,457.98,0.0,0.0,1.0,Session Started,0.227,0
0.0,2.0,1915.39,0.0,0.0,1.0,Session Started,0.18,0
4.0,1.0,1903.35,0.0,0.0,1.0,Session Started,0.333,1
1.0,1.0,8021.31,0.0,0.0,1.0,Session Started,0.263,0
5.0,1.0,672.77,0.0,0.0,1.0,Session Started,0.357,0
8.0,1.0,1332.44,0.0,0.0,1.0,Session Started,0.427,1
8.0,1.0,860.33,0.0,0.0,1.0,Session Started,0.427,0
2.0,7.0,790.35,0.0,0.0,1.0,Session Started,0.047,0
4.0,2.0,4455.62,0.0,0.0,1.0,Session Started,0.273,0
4.0,4.0,1847.01,0.0,0.0,1.0,Session Started,0.153,0
3.0,5.0,1159.27,0.0,0.0,1.0,Session Started,0.07,0
6.0,3.0,1194.79,0.0,0.0,1.0,Session Started,0.26,1
2.0,2.0,1152.19,0.0,0.0,1.0,Session Started,0.227,0
13.0,6.0,1237.63,0.0,0.0,1.0,Session Started,0.303,1
1.0,3.0,657.5,0.0,0.0,1.0,Session Started,0.143,0
8.0,3.0,1470.0,0.0,0.0,1.0,Session Started,0.307,0
4.0,7.0,1356.46,0.0,0.0,1.0,Session Started,0.093,0
2.0,2.0,986.1,0.0,0.0,1.0,Session Started,0.227,0
7.0,2.0,2046.81,0.0,0.0,1.0,Session Started,0.343,1
0.0,7.0,2190.56,0.0,0.0,1.0,Session Started,0.0,0
8.0,2.0,1158.27,0.0,0.0,1.0,Session Started,0.367,0
4.0,5.0,1611.13,0.0,0.0,1.0,Session Started,0.093,0
1.0,1.0,10166.96,0.0,0.0,1.0,Session Started,0.263,1
0.0,1.0,9861.04,1.0,0.0,0.0,Cancellation Page Viewed,0.9,1
7.0,2.0,778.0,0.0,0.0,1.0,Session Started,0.343,0
2.0,1.0,869.96,0.0,0.0,1.0,Session Started,0.287,0
9.0,12.0,774.7,0.0,0.0,1.0,Session Started,0.21,0
8.0,1.0,4211.79,0.0,0.0,1.0,Session Started,0.427,0
7.0,3.0,1314.45,0.0,0.0,1.0,Session Started,0.283,0
2.0,1.0,2190.18,0.0,0.0,1.0,Session Started,0.287,1
7.0,12.0,8933.59,0.0,0.0,1.0,Session Started,0.163,0
11.0,2.0,1792.97,0.0,0.0,1.0,Session Started,0.437,1
0.0,1.0,3181.15,0.0,0.0,1.0,Session Started,0.24,1
2.0,1.0,2741.71,0.0,0.0,1.0,Session Started,0.287,0
2.0,2.0,1129.38,0.0,0.0,1.0,Session Started,0.227,1
3.0,14.0,4218.9,0.0,0.0,1.0,Session Started,0.07,0
7.0,13.0,916.2,0.0,0.0,1.0,Session Started,0.163,0
3.0,2.0,5281.17,0.0,0.0,1.0,Session Started,0.25,0
4.0,2.0,1130.07,0.0,0.0,1.0,Session Started,0.273,0
2.0,1.0,1233.52,0.0,0.0,1.0,Session Started,0.287,1
1.0,2.0,756.88,1.0,0.0,0.0,Cancellation Page Viewed,0.9,1
2.0,2.0,863.15,0.0,1.0,0.0,Downgrade Clicked,0.75,0
9.0,1.0,1285.1,0.0,0.0,1.0,Session Started,0.45,0
4.0,2.0,258.51,0.0,0.0,1.0,Session Started,0.273,0
3.0,7.0,1500.17,0.0,0.0,1.0,Session Started,0.07,0
8.0,1.0,1204.26,0.0,1.0,0.0,Downgrade Clicked,0.75,0
0.0,1.0,3401.63,0.0,0.0,1.0,Session Started,0.24,0
2.0,1.0,2536.1,0.0,0.0,1.0,Session Started,0.287,0
2.0,1.0,1026.48,0.0,0.0,1.0,Session Started,0.287,0
14.0,1.0,1252.83,0.0,0.0,1.0,Session Started,0.567,1
7.0,2.0,1498.63,0.0,0.0,1.0,Session Started,0.343,1
5.0,1.0,5935.85,0.0,0.0,1.0,Session Started,0.357,1
0.0,3.0,936.51,0.0,0.0,1.0,Session Started,0.12,0
1.0,7.0,1016.57,0.0,0.0,1.0,Session Started,0.023,0
5.0,8.0,732.99,0.0,0.0,1.0,Session Started,0.117,0
3.0,2.0,552.45,0.0,0.0,1.0,Session Started,0.25,0
10.0,1.0,2311.39,0.0,0.0,1.0,Session Started,0.473,1
8.0,1.0,2126.69,0.0,0.0,1.0,Session Started,0.427,0
3.0,1.0,5045.29,0.0,0.0,1.0,Session Started,0.31,0
7.0,11.0,4159.4,0.0,0.0,1.0,Session Started,0.163,0
13.0,11.0,12304.17,0.0,0.0,1.0,Session Started,0.303,0
3.0,2.0,1704.29,0.0,0.0,1.0,Session Started,0.25,1
5.0,1.0,1467.88,0.0,0.0,1.0,Session Started,0.357,1
10.0,2.0,638.95,0.0,0.0,1.0,Session Started,0.413,1
2.0,1.0,3156.64,0.0,0.0,1.0,Session Started,0.287,0
9.0,13.0,1987.89,0.0,0.0,1.0,Session Started,0.21,0
1.0,1.0,3044.26,0.0,0.0,1.0,Session Started,0.263,1
5.0,2.0,726.84,0.0,0.0,1.0,Session Started,0.297,1
8.0,2.0,2395.35,0.0,0.0,1.0,Session Started,0.367,0
5.0,1.0,2130.6,0.0,1.0,0.0,Downgrade Clicked,0.75,0
3.0,2.0,2020.76,0.0,0.0,1.0,Session Started,0.25,0
5.0,6.0,1046.69,0.0,0.0,1.0,Session Started,0.117,0
1.0,1.0,4681.9,0.0,0.0,1.0,Session Started,0.263,1
2.0,2.0,9323.06,0.0,0.0,1.0,Session Started,0.227,0
2.0,2.0,743.76,1.0,0.0,0.0,Cancellation Page Viewed,0.9,0
4.0,1.0,3217.48,1.0,0.0,0.0,Cancellation Page Viewed,0.9,1
3.0,1.0,180.86,0.0,0.0,1.0,Session Started,0.31,0
2.0,1.0,3086.79,0.0,1.0,0.0,Downgrade Clicked,0.75,0
9.0,1.0,405.0,0.0,0.0,1.0,Session Started,0.45,1
3.0,2.0,1188.0,1.0,0.0,0.0,Cancellation Page Viewed,0.9,1
3.0,5.0,632.44,0.0,0.0,1.0,Session Started,0.07,0
3.0,3.0,1521.59,0.0,0.0,1.0,Session Started,0.19,0
1.0,9.0,3537.0,0.0,0.0,1.0,Session Started,0.023,0
7.0,2.0,409.18,0.0,0.0,1.0,Session Started,0.343,0
3.0,3.0,1356.17,0.0,0.0,1.0,Session Started,0.19,0
0.0,2.0,1199.07,0.0,0.0,1.0,Session Started,0.18,0
12.0,1.0,6405.03,0.0,0.0,1.0,Session Started,0.52,0
8.0,1.0,2553.98,0.0,0.0,1.0,Session Started,0.427,1
7.0,2.0,705.02,0.0,0.0,1.0,Session Started,0.343,0
9.0,4.0,1240.12,0.0,0.0,1.0,Session Started,0.27,1
9.0,2.0,6278.48,0.0,0.0,1.0,Session Started,0.39,0
2.0,1.0,3201.88,0.0,0.0,1.0,Session Started,0.287,1
5.0,15.0,867.32,0.0,0.0,1.0,Session Started,0.117,0
5.0,1.0,1460.22,0.0,0.0,1.0,Session Started,0.357,1
2.0,10.0,1498.04,0.0,0.0,1.0,Session Started,0.047,0
2.0,4.0,1175.69,0.0,0.0,1.0,Session Started,0.107,0
1.0,5.0,460.28,0.0,0.0,1.0,Session Started,0.023,0
6.0,4.0,1051.43,0.0,0.0,1.0,Session Started,0.2,0
8.0,1.0,5493.71,0.0,0.0,1.0,Session Started,0.427,0
8.0,2.0,1332.86,0.0,0.0,1.0,Session Started,0.367,0
2.0,3.0,1664.69,0.0,0.0,1.0,Session Started,0.167,0
1.0,3.0,2023.17,0.0,0.0,1.0,Session Started,0.143,0
3.0,1.0,10662.77,0.0,0.0,1.0,Session Started,0.31,1
4.0,1.0,1820.92,0.0,1.0,0.0,Downgrade Clicked,0.75,1
10.0,2.0,4337.95,0.0,0.0,1.0,Session Started,0.413,1
9.0,2.0,1120.42,0.0,0.0,1.0,Session Started,0.39,1
10.0,2.0,1469.21,0.0,0.0,1.0,Session Started,0.413,0
8.0,5.0,1826.29,0.0,0.0,1.0,Session Started,0.187,1
12.0,3.0,973.3,0.0,0.0,1.0,Session Started,0.4,0
3.0,2.0,1536.14,0.0,0.0,1.0,Session Started,0.25,0
0.0,1.0,3679.16,0.0,0.0,1.0,Session Started,0.24,0
0.0,2.0,953.09,0.0,0.0,1.0,Session Started,0.18,0
3.0,2.0,1808.17,1.0,0.0,0.0,Cancellation Page Viewed,0.9,1
2.0,1.0,3187.48,0.0,0.0,1.0,Session Started,0.287,0
1.0,1.0,934.89,0.0,0.0,1.0,Session Started,0.263,0
11.0,2.0,4343.05,0.0,0.0,1.0,Session Started,0.437,0
1.0,1.0,1916.6,0.0,0.0,1.0,Session Started,0.263,1
12.0,2.0,1584.31,0.0,0.0,1.0,Session Started,0.46,1
8.0,1.0,362.67,0.0,0.0,1.0,Session Started,0.427,0
5.0,1.0,1340.92,0.0,0.0,1.0,Session Started,0.357,0
7.0,1.0,2433.96,0.0,0.0,1.0,Session Started,0.403,0
2.0,2.0,7304.72,0.0,0.0,1.0,Session Started,0.227,1
5.0,2.0,2847.83,0.0,0.0,1.0,Session Started,0.297,1
1.0,2.0,4451.4,0.0,0.0,1.0,Session Started,0.203,1
10.0,1.0,687.26,0.0,1.0,0.0,Downgrade Clicked,0.75,1
2.0,11.0,1633.6,0.0,0.0,1.0,Session Started,0.047,0
2.0,2.0,4801.08,0.0,0.0,1.0,Session Started,0.227,1
7.0,2.0,888.75,0.0,0.0,1.0,Session Started,0.343,1
6.0,2.0,3913.46,0.0,0.0,1.0,Session Started,0.32,0
3.0,4.0,3250.79,0.0,0.0,1.0,Session Started,0.13,0
5.0,7.0,2252.46,0.0,0.0,1.0,Session Started,0.117,0
1.0,2.0,1389.97,0.0,0.0,1.0,Session Started,0.203,1
7.0,2.0,821.36,0.0,0.0,1.0,Session Started,0.343,0
2.0,1.0,7482.36,0.0,0.0,1.0,Session Started,0.287,0
2.0,2.0,2997.37,0.0,0.0,1.0,Session Started,0.227,1
1.0,2.0,2374.38,0.0,1.0,0.0,Downgrade Clicked,0.75,1
2.0,1.0,1299.48,0.0,0.0,1.0,Session Started,0.287,0
2.0,10.0,1863.66,0.0,0.0,1.0,Session Started,0.047,0
3.0,6.0,2062.71,0.0,0.0,1.0,Session Started,0.07,0
1.0,1.0,2489.66,0.0,0.0,1.0,Session Started,0.263,0
1.0,16.0,3253.45,0.0,0.0,1.0,Session Started,0.023,1
4.0,1.0,966.83,0.0,0.0,1.0,Session Started,0.333,1
1.0,2.0,559.32,0.0,0.0,1.0,Session Started,0.203,0
7.0,6.0,1934.15,0.0,0.0,1.0,Session Started,0.163,0
11.0,1.0,446.85,0.0,0.0,1.0,Session Started,0.497,1
3.0,2.0,1395.59,0.0,0.0,1.0,Session Started,0.25,0
9.0,2.0,1203.09,0.0,0.0,1.0,Session Started,0.39,0
1.0,1.0,2679.54,0.0,0.0,1.0,Session Started,0.263,1
0.0,2.0,8831.48,0.0,0.0,1.0,Session Started,0.18,1
7.0,1.0,381.58,0.0,0.0,1.0,Session Started,0.403,1
8.0,2.0,11151.71,0.0,0.0,1.0,Session Started,0.367,0
8.0,1.0,1500.48,0.0,0.0,1.0,Session Started,0.427,0
0.0,1.0,2388.08,0.0,0.0,1.0,Session Started,0.24,0
8.0,3.0,582.97,0.0,0.0,1.0,Session Started,0.307,0
3.0,1.0,4013.81,0.0,0.0,1.0,Session Started,0.31,0
2.0,2.0,1869.04,0.0,0.0,1.0,Session Started,0.227,1
1.0,3.0,1721.28,0.0,0.0,1.0,Session Started,0.143,0
17.0,3.0,383.79,0.0,0.0,1.0,Session Started,0.517,1
0.0,1.0,1918.0,0.0,0.0,1.0,Session Started,0.24,1
8.0,6.0,3556.96,0.0,1.0,0.0,Downgrade Clicked,0.75,1
5.0,3.0,1496.64,0.0,0.0,1.0,Session Started,0.237,0
7.0,2.0,4625.59,0.0,0.0,1.0,Session Started,0.343,0
7.0,3.0,4475.24,0.0,0.0,1.0,Session Started,0.283,0
9.0,3.0,1082.6,0.0,1.0,0.0,Downgrade Clicked,0.75,0
1.0,2.0,6477.51,0.0,0.0,1.0,Session Started,0.203,1
0.0,2.0,1874.76,0.0,0.0,1.0,Session Started,0.18,0
4.0,3.0,1881.45,0.0,0.0,1.0,Session Started,0.213,0
2.0,16.0,1957.03,0.0,0.0,1.0,Session Started,0.047,0
1.0,2.0,1911.14,0.0,0.0,1.0,Session Started,0.203,0
1.0,4.0,220.5,0.0,0.0,1.0,Session Started,0.083,0
2.0,3.0,1558.68,0.0,0.0,1.0,Session Started,0.167,0
0.0,6.0,607.19,1.0,0.0,0.0,Cancellation Page Viewed,0.9,1
0.0,10.0,6641.34,0.0,1.0,0.0,Downgrade Clicked,0.75,1
10.0,1.0,6430.88,1.0,0.0,0.0,Cancellation Page Viewed,0.9,0
2.0,1.0,3574.39,0.0,0.0,1.0,Session Started,0.287,1
14.0,2.0,1494.02,0.0,0.0,1.0,Session Started,0.507,0
12.0,2.0,807.21,0.0,0.0,1.0,Session Started,0.46,0
1.0,2.0,1068.42,0.0,0.0,1.0,Session Started,0.203,0
7.0,4.0,8553.65,0.0,0.0,1.0,Session Started,0.223,1
4.0,8.0,1039.24,0.0,0.0,1.0,Session Started,0.093,0
7.0,2.0,274.66,0.0,1.0,0.0,Downgrade Clicked,0.75,1
1.0,3.0,4122.16,0.0,0.0,1.0,Session Started,0.143,1
1.0,1.0,6005.33,0.0,0.0,1.0,Session Started,0.263,0
0.0,2.0,6818.35,0.0,0.0,1.0,Session Started,0.18,1
4.0,1.0,4149.23,0.0,0.0,1.0,Session Started,0.333,0
14.0,2.0,4727.8,0.0,0.0,1.0,Session Started,0.507,1
7.0,2.0,1886.25,0.0,0.0,1.0,Session Started,0.343,1
7.0,3.0,343.42,0.0,0.0,1.0,Session Started,0.283,0
14.0,2.0,1848.82,0.0,0.0,1.0,Session Started,0.507,1
7.0,2.0,2972.8,0.0,1.0,0.0,Downgrade Clicked,0.75,1
0.0,1.0,1622.6,0.0,0.0,1.0,Session Started,0.24,1
9.0,1.0,1564.51,0.0,0.0,1.0,Session Started,0.45,0
3.0,12.0,836.06,0.0,0.0,1.0,Session Started,0.07,1
0.0,8.0,811.28,0.0,0.0,1.0,Session Started,0.0,0
3.0,1.0,7867.68,0.0,0.0,1.0,Session Started,0.31,0
10.0,1.0,8098.85,0.0,0.0,1.0,Session Started,0.473,0
2.0,2.0,1804.22,0.0,0.0,1.0,Session Started,0.227,0
3.0,2.0,2264.75,0.0,0.0,1.0,Session Started,0.25,0
1.0,2.0,824.94,0.0,0.0,1.0,Session Started,0.203,0
0.0,1.0,3023.17,0.0,0.0,1.0,Session Started,0.24,0
0.0,2.0,7388.79,0.0,0.0,1.0,Session Started,0.18,0
7.0,1.0,531.99,0.0,0.0,1.0,Session Started,0.403,0
9.0,1.0,2620.46,0.0,0.0,1.0,Session Started,0.45,0
1.0,1.0,2782.81,0.0,1.0,0.0,Downgrade Clicked,0.75,0
2.0,2.0,2757.52,0.0,0.0,1.0,Session Started,0.227,0
1.0,2.0,6729.49,0.0,0.0,1.0,Session Started,0.203,0
0.0,1.0,9217.09,0.0,1.0,0.0,Downgrade Clicked,0.75,1
4.0,2.0,1499.99,1.0,0.0,0.0,Cancellation Page Viewed,0.9,1
7.0,2.0,3098.08,0.0,0.0,1.0,Session Started,0.343,0
5.0,4.0,1934.08,0.0,0.0,1.0,Session Started,0.177,0
3.0,10.0,1090.41,0.0,1.0,0.0,Downgrade Clicked,0.75,1
4.0,1.0,2245.43,0.0,0.0,1.0,Session Started,0.333,0
1.0,7.0,3093.94,0.0,0.0,1.0,Session Started,0.023,0
1.0,3.0,2150.69,0.0,0.0,1.0,Session Started,0.143,0
10.0,2.0,893.42,0.0,1.0,0.0,Downgrade Clicked,0.75,1
8.0,2.0,1247.82,0.0,0.0,1.0,Session Started,0.367,1
10.0,2.0,1255.48,0.0,0.0,1.0,Session Started,0.413,0
10.0,1.0,921.54,0.0,0.0,1.0,Session Started,0.473,0
5.0,13.0,2323.5,0.0,0.0,1.0,Session Started,0.117,0
10.0,2.0,2526.25,0.0,0.0,1.0,Session Started,0.413,1
3.0,2.0,3958.47,0.0,0.0,1.0,Session Started,0.25,1
0.0,2.0,910.42,0.0,0.0,1.0,Session Started,0.18,0
0.0,1.0,1139.13,0.0,1.0,0.0,Downgrade Clicked,0.75,1
1.0,1.0,6270.78,0.0,0.0,1.0,Session Started,0.263,0
1.0,2.0,1585.1,0.0,0.0,1.0,Session Started,0.203,0
2.0,2.0,1852.15,0.0,0.0,1.0,Session Started,0.227,0
7.0,4.0,1571.71,0.0,0.0,1.0,Session Started,0.223,0
8.0,2.0,4475.73,1.0,0.0,0.0,Cancellation Page Viewed,0.9,1
4.0,2.0,4616.75,0.0,0.0,1.0,Session Started,0.273,1
1.0,5.0,4405.31,0.0,0.0,1.0,Session Started,0.023,0
7.0,1.0,1846.88,0.0,0.0,1.0,Session Started,0.403,1
2.0,2.0,899.69,0.0,0.0,1.0,Session Started,0.227,0
0.0,3.0,8435.21,0.0,0.0,1.0,Session Started,0.12,0
2.0,1.0,3586.91,0.0,0.0,1.0,Session Started,0.287,0
2.0,1.0,1254.73,0.0,0.0,1.0,Session Started,0.287,0
2.0,1.0,5647.99,0.0,0.0,1.0,Session Started,0.287,0
8.0,1.0,1177.93,0.0,0.0,1.0,Session Started,0.427,0
8.0,2.0,5589.04,0.0,0.0,1.0,Session Started,0.367,1
7.0,1.0,5899.53,0.0,0.0,1.0,Session Started,0.403,0
1.0,2.0,865.07,0.0,1.0,0.0,Downgrade Clicked,0.75,1
8.0,1.0,2879.6,0.0,0.0,1.0,Session Started,0.427,0
7.0,1.0,3380.41,0.0,0.0,1.0,Session Started,0.403,1
1.0,1.0,14646.07,0.0,0.0,1.0,Session Started,0.263,0
5.0,1.0,998.41,0.0,0.0,1.0,Session Started,0.357,0
3.0,14.0,5687.55,0.0,0.0,1.0,Session Started,0.07,0
3.0,1.0,1833.31,0.0,0.0,1.0,Session Started,0.31,0
1.0,1.0,669.75,0.0,0.0,1.0,Session Started,0.263,0
3.0,1.0,1642.56,0.0,0.0,1.0,Session Started,0.31,0
1.0,2.0,1811.61,0.0,0.0,1.0,Session Started,0.203,0
1.0,2.0,775.02,0.0,0.0,1.0,Session Started,0.203,0
1.0,4.0,2320.97,0.0,0.0,1.0,Session Started,0.083,0
11.0,2.0,3890.32,0.0,0.0,1.0,Session Started,0.437,0
2.0,2.0,2187.6,0.0,1.0,0.0,Downgrade Clicked,0.75,1
2.0,2.0,1172.07,0.0,0.0,1.0,Session Started,0.227,1
2.0,6.0,1605.55,0.0,0.0,1.0,Session Started,0.047,0
9.0,2.0,1801.48,0.0,0.0,1.0,Session Started,0.39,1
4.0,1.0,2151.36,0.0,0.0,1.0,Session Started,0.333,0
10.0,3.0,4393.43,0.0,0.0,1.0,Session Started,0.353,1
2.0,5.0,2247.45,0.0,0.0,1.0,Session Started,0.047,1
1.0,2.0,588.66,0.0,0.0,1.0,Session Started,0.203,0
4.0,14.0,1153.02,0.0,0.0,1.0,Session Started,0.093,0
2.0,7.0,2064.86,0.0,0.0,1.0,Session Started,0.047,0
8.0,1.0,4443.95,0.0,0.0,1.0,Session Started,0.427,1
9.0,4.0,5106.54,0.0,0.0,1.0,Session Started,0.27,1
3.0,2.0,7478.21,0.0,0.0,1.0,Session Started,0.25,1
12.0,2.0,2007.19,0.0,0.0,1.0,Session Started,0.46,1
4.0,2.0,3329.73,0.0,1.0,0.0,Downgrade Clicked,0.75,1
2.0,6.0,564.78,0.0,0.0,1.0,Session Started,0.047,0
3.0,2.0,2550.14,0.0,0.0,1.0,Session Started,0.25,1
0.0,2.0,764.93,1.0,0.0,0.0,Cancellation Page Viewed,0.9,0
8.0,1.0,1719.81,0.0,0.0,1.0,Session Started,0.427,0
1.0,2.0,20411.85,0.0,0.0,1.0,Session Started,0.203,0
2.0,8.0,2305.02,0.0,0.0,1.0,Session Started,0.047,0
4.0,3.0,905.92,1.0,0.0,0.0,Cancellation Page Viewed,0.9,1
0.0,1.0,2505.47,0.0,0.0,1.0,Session Started,0.24,0
0.0,7.0,1195.52,0.0,0.0,1.0,Session Started,0.0,0
7.0,5.0,838.32,0.0,0.0,1.0,Session Started,0.163,0
0.0,2.0,9725.55,0.0,0.0,1.0,Session Started,0.18,0
3.0,1.0,4244.8,0.0,0.0,1.0,Session Started,0.31,1
2.0,2.0,2383.75,0.0,0.0,1.0,Session Started,0.227,0
2.0,1.0,1321.52,0.0,1.0,0.0,Downgrade Clicked,0.75,1
1.0,1.0,1410.03,0.0,0.0,1.0,Session Started,0.263,1
8.0,2.0,6210.43,0.0,0.0,1.0,Session Started,0.367,0
11.0,8.0,2310.6,0.0,0.0,1.0,Session Started,0.257,1
1.0,2.0,153.51,0.0,0.0,1.0,Session Started,0.203,0
12.0,6.0,12540.9,0.0,0.0,1.0,Session Started,0.28,0
4.0,8.0,2093.2,0.0,0.0,1.0,Session Started,0.093,0
5.0,1.0,2379.62,0.0,0.0,1.0,Session Started,0.357,0
7.0,1.0,4312.86,0.0,0.0,1.0,Session Started,0.403,0
7.0,3.0,2623.65,0.0,0.0,1.0,Session Started,0.283,1
8.0,3.0,3286.33,0.0,0.0,1.0,Session Started,0.307,0
3.0,2.0,1288.23,0.0,1.0,0.0,Downgrade Clicked,0.75,1
4.0,2.0,675.98,0.0,0.0,1.0,Session Started,0.273,0
2.0,2.0,2262.41,0.0,1.0,0.0,Downgrade Clicked,0.75,1
1.0,3.0,5683.32,0.0,0.0,1.0,Session Started,0.143,0
6.0,3.0,1076.81,0.0,0.0,1.0,Session Started,0.26,1
0.0,1.0,1009.87,0.0,0.0,1.0,Session Started,0.24,0
2.0,1.0,4802.13,0.0,0.0,1.0,Session Started,0.287,0
1.0,1.0,1254.14,0.0,1.0,0.0,Downgrade Clicked,0.75,0
1.0,8.0,1301.86,0.0,0.0,1.0,Session Started,0.023,0
5.0,8.0,1341.42,0.0,1.0,0.0,Downgrade Clicked,0.75,0
5.0,4.0,1716.45,0.0,0.0,1.0,Session Started,0.177,0
3.0,1.0,513.42,0.0,0.0,1.0,Session Started,0.31,0
0.0,2.0,1174.42,0.0,0.0,1.0,Session Started,0.18,0
3.0,1.0,2173.94,1.0,0.0,0.0,Cancellation Page Viewed,0.9,0
2.0,2.0,2161.57,0.0,0.0,1.0,Session Started,0.227,0
7.0,1.0,4566.01,0.0,0.0,1.0,Session Started,0.403,0
4.0,5.0,7875.51,0.0,1.0,0.0,Downgrade Clicked,0.75,1
3.0,1.0,6063.16,0.0,0.0,1.0,Session Started,0.31,1
3.0,2.0,3758.3,0.0,0.0,1.0,Session Started,0.25,0
12.0,14.0,1605.21,0.0,1.0,0.0,Downgrade Clicked,0.75,0
8.0,2.0,1098.33,0.0,0.0,1.0,Session Started,0.367,1
3.0,1.0,1834.09,0.0,0.0,1.0,Session Started,0.31,0
3.0,8.0,2888.41,0.0,0.0,1.0,Session Started,0.07,0
0.0,2.0,3489.63,0.0,0.0,1.0,Session Started,0.18,1
11.0,2.0,2976.4,0.0,0.0,1.0,Session Started,0.437,1
2.0,2.0,1641.0,0.0,0.0,1.0,Session Started,0.227,0
2.0,7.0,3393.07,0.0,0.0,1.0,Session Started,0.047,1
18.0,2.0,4957.7,0.0,0.0,1.0,Session Started,0.6,0
7.0,2.0,3656.01,0.0,0.0,1.0,Session Started,0.343,0
0.0,2.0,1762.33,0.0,1.0,0.0,Downgrade Clicked,0.75,1
0.0,1.0,927.9,0.0,0.0,1.0,Session Started,0.24,0
0.0,4.0,910.46,0.0,0.0,1.0,Session Started,0.06,0
4.0,1.0,1048.41,0.0,1.0,0.0,Downgrade Clicked,0.75,1
0.0,2.0,2220.88,0.0,0.0,1.0,Session Started,0.18,0
10.0,2.0,2740.36,0.0,0.0,1.0,Session Started,0.413,0
10.0,1.0,583.11,1.0,0.0,0.0,Cancellation Page Viewed,0.9,1
4.0,2.0,1208.1,0.0,0.0,1.0,Session Started,0.273,0
5.0,2.0,2196.52,0.0,0.0,1.0,Session Started,0.297,0
2.0,1.0,880.29,0.0,0.0,1.0,Session Started,0.287,1
0.0,1.0,2558.36,0.0,0.0,1.0,Session Started,0.24,0
7.0,7.0,1413.83,0.0,0.0,1.0,Session Started,0.163,1
1.0,12.0,1013.6,0.0,0.0,1.0,Session Started,0.023,0
0.0,2.0,1886.66,0.0,1.0,0.0,Downgrade Clicked,0.75,1
2.0,2.0,2474.58,0.0,0.0,1.0,Session Started,0.227,0
0.0,1.0,917.06,0.0,0.0,1.0,Session Started,0.24,0
3.0,1.0,1489.07,0.0,0.0,1.0,Session Started,0.31,0
7.0,2.0,2628.43,0.0,0.0,1.0,Session Started,0.343,1
8.0,8.0,982.72,0.0,1.0,0.0,Downgrade Clicked,0.75,1
4.0,3.0,480.0,0.0,0.0,1.0,Session Started,0.213,1
8.0,2.0,528.87,0.0,0.0,1.0,Session Started,0.367,0
3.0,12.0,1294.09,0.0,0.0,1.0,Session Started,0.07,0
8.0,2.0,629.71,0.0,0.0,1.0,Session Started,0.367,0
3.0,1.0,1368.98,0.0,0.0,1.0,Session Started,0.31,0
2.0,2.0,6849.66,0.0,0.0,1.0,Session Started,0.227,0
11.0,1.0,600.11,0.0,0.0,1.0,Session Started,0.497,0
2.0,7.0,1442.19,0.0,0.0,1.0,Session Started,0.047,0
0.0,2.0,9955.13,0.0,0.0,1.0,Session Started,0.18,0
2.0,2.0,2506.15,0.0,0.0,1.0,Session Started,0.227,0
3.0,2.0,1347.25,0.0,0.0,1.0,Session Started,0.25,0
2.0,7.0,1594.78,0.0,0.0,1.0,Session Started,0.047,0
3.0,2.0,2549.09,0.0,0.0,1.0,Session Started,0.25,1
9.0,2.0,7020.7,0.0,0.0,1.0,Session Started,0.39,1
2.0,1.0,1182.42,0.0,0.0,1.0,Session Started,0.287,0
3.0,7.0,986.25,0.0,1.0,0.0,Downgrade Clicked,0.75,1
2.0,2.0,600.01,0.0,0.0,1.0,Session Started,0.227,0
8.0,1.0,1963.49,0.0,0.0,1.0,Session Started,0.427,0
1.0,7.0,587.25,0.0,0.0,1.0,Session Started,0.023,0
1.0,1.0,1247.6,0.0,0.0,1.0,Session Started,0.263,0
3.0,1.0,873.98,0.0,0.0,1.0,Session Started,0.31,1
7.0,2.0,4269.7,0.0,1.0,0.0,Downgrade Clicked,0.75,1
8.0,2.0,1203.85,0.0,0.0,1.0,Session Started,0.367,0
4.0,2.0,2483.8,0.0,0.0,1.0,Session Started,0.273,0
8.0,1.0,501.06,0.0,0.0,1.0,Session Started,0.427,0
3.0,1.0,2008.62,0.0,0.0,1.0,Session Started,0.31,0
0.0,1.0,690.54,0.0,0.0,1.0,Session Started,0.24,1
1.0,1.0,1286.24,1.0,0.0,0.0,Cancellation Page Viewed,0.9,1
0.0,10.0,10603.74,0.0,0.0,1.0,Session Started,0.0,0
2.0,2.0,3811.35,0.0,0.0,1.0,Session Started,0.227,0
3.0,2.0,1631.52,0.0,1.0,0.0,Downgrade Clicked,0.75,1
2.0,2.0,23368.72,0.0,0.0,1.0,Session Started,0.227,0
4.0,3.0,869.45,0.0,0.0,1.0,Session Started,0.213,0
3.0,1.0,4592.47,0.0,1.0,0.0,Downgrade Clicked,0.75,1
7.0,1.0,530.52,0.0,0.0,1.0,Session Started,0.403,1
6.0,2.0,1487.51,0.0,0.0,1.0,Session Started,0.32,1
2.0,2.0,615.09,0.0,0.0,1.0,Session Started,0.227,0
2.0,3.0,2221.24,0.0,1.0,0.0,Downgrade Clicked,0.75,0
4.0,7.0,1890.84,0.0,0.0,1.0,Session Started,0.093,0
4.0,5.0,1413.56,0.0,0.0,1.0,Session Started,0.093,0
2.0,1.0,4331.4,0.0,0.0,1.0,Session Started,0.287,0
2.0,1.0,1148.62,0.0,1.0,0.0,Downgrade Clicked,0.75,0
7.0,1.0,2348.38,0.0,0.0,1.0,Session Started,0.403,0
5.0,4.0,3485.77,0.0,0.0,1.0,Session Started,0.177,0
1.0,8.0,551.93,0.0,1.0,0.0,Downgrade Clicked,0.75,1
3.0,8.0,993.53,0.0,0.0,1.0,Session Started,0.07,0
9.0,1.0,1887.65,0.0,0.0,1.0,Session Started,0.45,0
0.0,5.0,2993.27,0.0,0.0,1.0,Session Started,0.0,0
8.0,2.0,5636.34,0.0,0.0,1.0,Session Started,0.367,1
1.0,5.0,1521.26,0.0,0.0,1.0,Session Started,0.023,0
3.0,2.0,1403.64,0.0,0.0,1.0,Session Started,0.25,1
3.0,1.0,899.58,0.0,0.0,1.0,Session Started,0.31,0
0.0,1.0,2354.27,0.0,0.0,1.0,Session Started,0.24,0
10.0,10.0,1425.54,0.0,0.0,1.0,Session Started,0.233,0
3.0,2.0,1452.11,0.0,0.0,1.0,Session Started,0.25,0
11.0,2.0,1677.21,0.0,1.0,0.0,Downgrade Clicked,0.75,1
2.0,2.0,2811.02,0.0,0.0,1.0,Session Started,0.227,1
9.0,2.0,1151.72,0.0,0.0,1.0,Session Started,0.39,1
10.0,9.0,974.84,0.0,0.0,1.0,Session Started,0.233,0
4.0,1.0,2553.91,0.0,0.0,1.0,Session Started,0.333,0
1.0,1.0,160.68,0.0,0.0,1.0,Session Started,0.263,0
7.0,4.0,1115.5,0.0,0.0,1.0,Session Started,0.223,1
4.0,2.0,719.78,0.0,1.0,0.0,Downgrade Clicked,0.75,1
11.0,1.0,4734.38,0.0,0.0,1.0,Session Started,0.497,1
3.0,1.0,1270.61,0.0,0.0,1.0,Session Started,0.31,1
2.0,1.0,1154.51,0.0,0.0,1.0,Session Started,0.287,0
1.0,1.0,1739.06,0.0,0.0,1.0,Session Started,0.263,1
7.0,1.0,1122.94,0.0,0.0,1.0,Session Started,0.403,1
13.0,1.0,1310.13,0.0,0.0,1.0,Session Started,0.543,0
0.0,3.0,1954.11,0.0,0.0,1.0,Session Started,0.12,0
7.0,6.0,1289.96,0.0,0.0,1.0,Session Started,0.163,0
10.0,7.0,1282.58,0.0,0.0,1.0,Session Started,0.233,0
0.0,2.0,805.83,0.0,0.0,1.0,Session Started,0.18,1
1.0,1.0,718.36,0.0,0.0,1.0,Session Started,0.263,0
7.0,16.0,1897.91,0.0,0.0,1.0,Session Started,0.163,0
5.0,3.0,2310.64,0.0,0.0,1.0,Session Started,0.237,1
0.0,2.0,576.79,0.0,0.0,1.0,Session Started,0.18,0
8.0,1.0,3320.77,0.0,0.0,1.0,Session Started,0.427,0
3.0,1.0,3331.7,0.0,1.0,0.0,Downgrade Clicked,0.75,1
9.0,2.0,3943.21,0.0,0.0,1.0,Session Started,0.39,1
9.0,2.0,2298.27,0.0,0.0,1.0,Session Started,0.39,1
8.0,1.0,3009.91,0.0,1.0,0.0,Downgrade Clicked,0.75,1
3.0,11.0,10383.99,0.0,0.0,1.0,Session Started,0.07,1
2.0,2.0,1420.53,0.0,0.0,1.0,Session Started,0.227,0
3.0,2.0,783.25,0.0,0.0,1.0,Session Started,0.25,1
1.0,1.0,529.93,0.0,0.0,1.0,Session Started,0.263,0
6.0,3.0,7365.33,0.0,0.0,1.0,Session Started,0.26,1
1.0,3.0,7443.0,0.0,0.0,1.0,Session Started,0.143,0
3.0,1.0,862.92,0.0,0.0,1.0,Session Started,0.31,0
0.0,2.0,1010.44,0.0,0.0,1.0,Session Started,0.18,0
2.0,2.0,1395.22,1.0,0.0,0.0,Cancellation Page Viewed,0.9,1
2.0,5.0,4814.59,0.0,0.0,1.0,Session Started,0.047,0
5.0,1.0,645.59,1.0,0.0,0.0,Cancellation Page Viewed,0.9,1
8.0,7.0,374.92,0.0,0.0,1.0,Session Started,0.187,0
0.0,2.0,10239.54,0.0,0.0,1.0,Session Started,0.18,0
8.0,1.0,2321.34,0.0,1.0,0.0,Downgrade Clicked,0.75,1
9.0,1.0,2600.69,0.0,0.0,1.0,Session Started,0.45,0
2.0,1.0,1534.43,0.0,0.0,1.0,Session Started,0.287,0
6.0,1.0,2624.45,0.0,0.0,1.0,Session Started,0.38,0
3.0,2.0,538.42,0.0,0.0,1.0,Session Started,0.25,0
1.0,3.0,922.66,0.0,0.0,1.0,Session Started,0.143,0
4.0,1.0,1966.73,1.0,0.0,0.0,Cancellation Page Viewed,0.9,1
0.0,15.0,293.91,0.0,0.0,1.0,Session Started,0.0,0
9.0,1.0,1419.39,0.0,0.0,1.0,Session Started,0.45,1
10.0,2.0,1351.09,0.0,0.0,1.0,Session Started,0.413,1
8.0,8.0,1419.2,0.0,0.0,1.0,Session Started,0.187,0
4.0,5.0,1163.44,0.0,0.0,1.0,Session Started,0.093,0
4.0,2.0,815.08,0.0,0.0,1.0,Session Started,0.273,0
14.0,3.0,420.89,0.0,0.0,1.0,Session Started,0.447,0
2.0,1.0,2030.01,0.0,0.0,1.0,Session Started,0.287,0
0.0,1.0,1422.12,0.0,0.0,1.0,Session Started,0.24,0
4.0,2.0,601.71,0.0,0.0,1.0,Session Started,0.273,0
2.0,1.0,1900.79,0.0,0.0,1.0,Session Started,0.287,0
2.0,2.0,1428.01,0.0,0.0,1.0,Session Started,0.227,0
0.0,1.0,1250.35,0.0,0.0,1.0,Session Started,0.24,1
4.0,8.0,321.98,0.0,0.0,1.0,Session Started,0.093,0
2.0,7.0,3121.95,0.0,0.0,1.0,Session Started,0.047,0
1.0,5.0,674.22,0.0,0.0,1.0,Session Started,0.023,0
0.0,3.0,1901.91,0.0,0.0,1.0,Session Started,0.12,1
3.0,1.0,947.08,1.0,0.0,0.0,Cancellation Page Viewed,0.9,1
9.0,1.0,1324.8,0.0,1.0,0.0,Downgrade Clicked,0.75,1
2.0,2.0,4545.23,0.0,0.0,1.0,Session Started,0.227,0
7.0,2.0,2766.38,0.0,1.0,0.0,Downgrade Clicked,0.75,1
8.0,2.0,4465.03,0.0,0.0,1.0,Session Started,0.367,0
2.0,2.0,2355.03,0.0,0.0,1.0,Session Started,0.227,1
8.0,2.0,2482.24,0.0,0.0,1.0,Session Started,0.367,1
7.0,1.0,434.89,0.0,0.0,1.0,Session Started,0.403,1
4.0,1.0,1402.46,0.0,0.0,1.0,Session Started,0.333,1
0.0,2.0,1510.31,0.0,1.0,0.0,Downgrade Clicked,0.75,1
0.0,2.0,4812.31,0.0,0.0,1.0,Session Started,0.18,0
15.0,10.0,1205.94,0.0,0.0,1.0,Session Started,0.35,0
8.0,2.0,2234.76,0.0,0.0,1.0,Session Started,0.367,1
10.0,3.0,2165.93,0.0,0.0,1.0,Session Started,0.353,1
9.0,4.0,4564.85,0.0,0.0,1.0,Session Started,0.27,0
0.0,1.0,1624.58,0.0,0.0,1.0,Session Started,0.24,0
8.0,2.0,3505.99,0.0,0.0,1.0,Session Started,0.367,0
3.0,2.0,462.25,0.0,0.0,1.0,Session Started,0.25,0
8.0,2.0,497.1,0.0,0.0,1.0,Session Started,0.367,0
0.0,1.0,291.0,0.0,0.0,1.0,Session Started,0.24,1
2.0,7.0,3390.69,0.0,0.0,1.0,Session Started,0.047,0
7.0,10.0,3099.31,0.0,0.0,1.0,Session Started,0.163,0
8.0,1.0,3705.09,0.0,0.0,1.0,Session Started,0.427,1
5.0,1.0,1051.64,0.0,0.0,1.0,Session Started,0.357,0
2.0,1.0,1151.89,0.0,0.0,1.0,Session Started,0.287,0
2.0,4.0,1641.17,0.0,0.0,1.0,Session Started,0.107,0
12.0,2.0,5738.54,0.0,1.0,0.0,Downgrade Clicked,0.75,0
3.0,1.0,7009.79,0.0,0.0,1.0,Session Started,0.31,1
3.0,5.0,3411.98,0.0,0.0,1.0,Session Started,0.07,0
4.0,2.0,2356.22,1.0,0.0,0.0,Cancellation Page Viewed,0.9,1
3.0,2.0,5262.21,0.0,0.0,1.0,Session Started,0.25,0
4.0,2.0,1473.4,0.0,1.0,0.0,Downgrade Clicked,0.75,0
3.0,2.0,1322.46,0.0,0.0,1.0,Session Started,0.25,0
8.0,2.0,1630.73,0.0,1.0,0.0,Downgrade Clicked,0.75,0
9.0,1.0,826.36,0.0,0.0,1.0,Session Started,0.45,1
10.0,2.0,1571.82,0.0,0.0,1.0,Session Started,0.413,0
4.0,8.0,739.57,0.0,0.0,1.0,Session Started,0.093,0
3.0,2.0,4105.19,0.0,0.0,1.0,Session Started,0.25,0
7.0,8.0,2793.22,0.0,0.0,1.0,Session Started,0.163,0
8.0,2.0,5674.0,0.0,0.0,1.0,Session Started,0.367,0
4.0,3.0,491.06,0.0,0.0,1.0,Session Started,0.213,0
7.0,1.0,8278.01,1.0,0.0,0.0,Cancellation Page Viewed,0.9,1
7.0,4.0,513.9,0.0,0.0,1.0,Session Started,0.223,0
7.0,1.0,693.22,0.0,0.0,1.0,Session Started,0.403,1
7.0,1.0,1100.31,0.0,0.0,1.0,Session Started,0.403,0
2.0,1.0,5147.04,0.0,0.0,1.0,Session Started,0.287,0
3.0,1.0,2165.61,1.0,0.0,0.0,Cancellation Page Viewed,0.9,1
4.0,9.0,1487.63,0.0,0.0,1.0,Session Started,0.093,0
0.0,16.0,959.01,0.0,0.0,1.0,Session Started,0.0,0
8.0,3.0,601.39,0.0,0.0,1.0,Session Started,0.307,1
5.0,1.0,4474.29,0.0,0.0,1.0,Session Started,0.357,1
1.0,7.0,3425.19,0.0,0.0,1.0,Session Started,0.023,0
8.0,3.0,5334.55,0.0,0.0,1.0,Session Started,0.307,0
7.0,2.0,2483.58,0.0,0.0,1.0,Session Started,0.343,0
8.0,2.0,218.4,0.0,0.0,1.0,Session Started,0.367,0
3.0,2.0,668.03,0.0,0.0,1.0,Session Started,0.25,0
8.0,1.0,2622.54,0.0,0.0,1.0,Session Started,0.427,1
3.0,2.0,1345.1,0.0,0.0,1.0,Session Started,0.25,1
4.0,3.0,1156.24,0.0,0.0,1.0,Session Started,0.213,1
0.0,1.0,748.01,0.0,0.0,1.0,Session Started,0.24,1
5.0,2.0,3858.65,0.0,0.0,1.0,Session Started,0.297,1
7.0,2.0,2604.39,0.0,0.0,1.0,Session Started,0.343,0
4.0,3.0,2699.85,0.0,0.0,1.0,Session Started,0.213,0
3.0,11.0,1089.11,0.0,0.0,1.0,Session Started,0.07,0
8.0,6.0,2081.89,0.0,0.0,1.0,Session Started,0.187,1
7.0,2.0,620.04,0.0,0.0,1.0,Session Started,0.343,0
2.0,2.0,1629.68,0.0,0.0,1.0,Session Started,0.227,0
11.0,2.0,239.29,0.0,0.0,1.0,Session Started,0.437,0
7.0,2.0,515.69,0.0,0.0,1.0,Session Started,0.343,0
14.0,1.0,1397.1,0.0,0.0,1.0,Session Started,0.567,1
12.0,2.0,12089.52,0.0,0.0,1.0,Session Started,0.46,0
10.0,3.0,428.12,0.0,0.0,1.0,Session Started,0.353,0
7.0,2.0,668.57,0.0,0.0,1.0,Session Started,0.343,1
5.0,7.0,2150.42,0.0,0.0,1.0,Session Started,0.117,0
1.0,2.0,7446.79,0.0,0.0,1.0,Session Started,0.203,0
4.0,2.0,2125.45,0.0,0.0,1.0,Session Started,0.273,0
8.0,1.0,3170.72,0.0,0.0,1.0,Session Started,0.427,0
3.0,1.0,1380.11,0.0,0.0,1.0,Session Started,0.31,0
9.0,2.0,1201.71,0.0,0.0,1.0,Session Started,0.39,1
1.0,2.0,1930.91,0.0,0.0,1.0,Session Started,0.203,0
3.0,1.0,1067.81,0.0,0.0,1.0,Session Started,0.31,1
3.0,1.0,3227.35,0.0,0.0,1.0,Session Started,0.31,0
3.0,1.0,500.19,0.0,0.0,1.0,Session Started,0.31,1
1.0,4.0,3684.87,0.0,0.0,1.0,Session Started,0.083,0
1.0,3.0,1865.81,0.0,0.0,1.0,Session Started,0.143,0
8.0,2.0,1522.67,0.0,0.0,1.0,Session Started,0.367,1
3.0,1.0,485.71,1.0,0.0,0.0,Cancellation Page Viewed,0.9,1
0.0,1.0,825.65,0.0,0.0,1.0,Session Started,0.24,0
0.0,1.0,4716.97,0.0,0.0,1.0,Session Started,0.24,0
3.0,2.0,1530.15,0.0,0.0,1.0,Session Started,0.25,0
1.0,1.0,2259.09,0.0,1.0,0.0,Downgrade Clicked,0.75,1
7.0,2.0,894.6,0.0,0.0,1.0,Session Started,0.343,0
8.0,11.0,1766.5,0.0,0.0,1.0,Session Started,0.187,0
2.0,2.0,603.22,0.0,0.0,1.0,Session Started,0.227,0
4.0,5.0,1958.44,0.0,0.0,1.0,Session Started,0.093,0
1.0,1.0,2432.11,0.0,0.0,1.0,Session Started,0.263,1
2.0,1.0,2336.69,0.0,0.0,1.0,Session Started,0.287,0
9.0,9.0,877.55,0.0,0.0,1.0,Session Started,0.21,0
4.0,2.0,1375.21,0.0,0.0,1.0,Session Started,0.273,0
9.0,2.0,2778.75,0.0,0.0,1.0,Session Started,0.39,0
2.0,12.0,1526.68,0.0,0.0,1.0,Session Started,0.047,0
2.0,2.0,1436.77,0.0,0.0,1.0,Session Started,0.227,1
3.0,1.0,8289.74,0.0,0.0,1.0,Session Started,0.31,0
3.0,2.0,844.89,0.0,1.0,0.0,Downgrade Clicked,0.75,0
18.0,1.0,4291.26,0.0,0.0,1.0,Session Started,0.66,1
1.0,1.0,717.85,0.0,1.0,0.0,Downgrade Clicked,0.75,1
8.0,1.0,3052.83,0.0,0.0,1.0,Session Started,0.427,1
9.0,7.0,3186.0,0.0,0.0,1.0,Session Started,0.21,0
4.0,2.0,1201.96,0.0,0.0,1.0,Session Started,0.273,1
2.0,1.0,682.67,0.0,0.0,1.0,Session Started,0.287,0
3.0,1.0,373.77,0.0,0.0,1.0,Session Started,0.31,0
2.0,2.0,1105.34,0.0,0.0,1.0,Session Started,0.227,0
8.0,8.0,2754.46,0.0,0.0,1.0,Session Started,0.187,0
3.0,1.0,763.49,0.0,0.0,1.0,Session Started,0.31,0
10.0,1.0,1953.85,0.0,0.0,1.0,Session Started,0.473,0
5.0,6.0,554.94,0.0,0.0,1.0,Session Started,0.117,0
3.0,7.0,1499.5,0.0,0.0,1.0,Session Started,0.07,0
7.0,8.0,722.25,0.0,0.0,1.0,Session Started,0.163,1
3.0,1.0,1698.7,0.0,0.0,1.0,Session Started,0.31,1
9.0,1.0,1210.92,0.0,0.0,1.0,Session Started,0.45,0
1.0,2.0,697.64,0.0,0.0,1.0,Session Started,0.203,0
13.0,1.0,1067.31,0.0,0.0,1.0,Session Started,0.543,1
8.0,7.0,856.35,0.0,1.0,0.0,Downgrade Clicked,0.75,1
9.0,1.0,631.98,0.0,0.0,1.0,Session Started,0.45,0
3.0,2.0,4299.25,0.0,0.0,1.0,Session Started,0.25,0
8.0,7.0,1355.41,0.0,0.0,1.0,Session Started,0.187,0
2.0,12.0,310.51,0.0,0.0,1.0,Session Started,0.047,0
8.0,2.0,1098.14,0.0,0.0,1.0,Session Started,0.367,0
1.0,9.0,3758.48,0.0,0.0,1.0,Session Started,0.023,0
2.0,1.0,983.3,0.0,0.0,1.0,Session Started,0.287,0
3.0,2.0,5992.09,1.0,0.0,0.0,Cancellation Page Viewed,0.9,1
2.0,1.0,911.12,0.0,0.0,1.0,Session Started,0.287,0
3.0,13.0,2704.65,0.0,1.0,0.0,Downgrade Clicked,0.75,1
8.0,7.0,4143.56,0.0,0.0,1.0,Session Started,0.187,0
2.0,1.0,2591.92,0.0,0.0,1.0,Session Started,0.287,0
7.0,1.0,602.09,0.0,0.0,1.0,Session Started,0.403,0
0.0,2.0,850.67,0.0,0.0,1.0,Session Started,0.18,1
8.0,1.0,4610.34,1.0,0.0,0.0,Cancellation Page Viewed,0.9,1
8.0,6.0,949.86,0.0,0.0,1.0,Session Started,0.187,0
3.0,1.0,3946.33,0.0,0.0,1.0,Session Started,0.31,0
7.0,4.0,1281.48,0.0,0.0,1.0,Session Started,0.223,0
10.0,2.0,2024.65,0.0,0.0,1.0,Session Started,0.413,0
8.0,2.0,596.52,0.0,0.0,1.0,Session Started,0.367,0
3.0,1.0,1111.41,0.0,0.0,1.0,Session Started,0.31,1
3.0,16.0,897.63,0.0,0.0,1.0,Session Started,0.07,0
8.0,2.0,2165.66,0.0,0.0,1.0,Session Started,0.367,1
2.0,2.0,1948.0,0.0,0.0,1.0,Session Started,0.227,0
8.0,2.0,2617.88,0.0,0.0,1.0,Session Started,0.367,1
2.0,7.0,1221.19,0.0,0.0,1.0,Session Started,0.047,0
8.0,5.0,859.04,0.0,0.0,1.0,Session Started,0.187,1
0.0,5.0,2092.64,0.0,0.0,1.0,Session Started,0.0,1
0.0,2.0,793.4,0.0,0.0,1.0,Session Started,0.18,0
18.0,7.0,4284.41,0.0,0.0,1.0,Session Started,0.42,1
9.0,1.0,1649.76,0.0,0.0,1.0,Session Started,0.45,1
9.0,3.0,1392.83,0.0,0.0,1.0,Session Started,0.33,1
11.0,2.0,2616.89,0.0,0.0,1.0,Session Started,0.437,1
3.0,2.0,1700.89,0.0,1.0,0.0,Downgrade Clicked,0.75,1
2.0,16.0,479.89,0.0,0.0,1.0,Session Started,0.047,0
1.0,14.0,773.45,0.0,0.0,1.0,Session Started,0.023,0
3.0,2.0,4214.0,1.0,0.0,0.0,Cancellation Page Viewed,0.9,1
2.0,2.0,1933.54,0.0,0.0,1.0,Session Started,0.227,1
10.0,7.0,470.95,0.0,0.0,1.0,Session Started,0.233,1
0.0,14.0,2396.32,0.0,0.0,1.0,Session Started,0.0,0
1.0,4.0,1155.85,0.0,0.0,1.0,Session Started,0.083,0
2.0,1.0,898.21,0.0,1.0,0.0,Downgrade Clicked,0.75,1
1.0,1.0,723.5,0.0,0.0,1.0,Session Started,0.263,0
2.0,7.0,4023.65,1.0,0.0,0.0,Cancellation Page Viewed,0.9,1
6.0,3.0,375.25,0.0,0.0,1.0,Session Started,0.26,1
2.0,3.0,925.17,0.0,0.0,1.0,Session Started,0.167,1
5.0,2.0,1990.42,0.0,0.0,1.0,Session Started,0.297,0
9.0,2.0,6391.28,0.0,1.0,0.0,Downgrade Clicked,0.75,1
4.0,2.0,2816.04,0.0,1.0,0.0,Downgrade Clicked,0.75,1
7.0,4.0,918.9,0.0,0.0,1.0,Session Started,0.223,1
3.0,1.0,6145.55,0.0,0.0,1.0,Session Started,0.31,0
1.0,2.0,611.49,0.0,0.0,1.0,Session Started,0.203,0
2.0,3.0,2235.61,0.0,0.0,1.0,Session Started,0.167,0
12.0,6.0,2671.05,0.0,0.0,1.0,Session Started,0.28,0
5.0,1.0,893.47,1.0,0.0,0.0,Cancellation Page Viewed,0.9,1
2.0,3.0,3159.2,0.0,0.0,1.0,Session Started,0.167,0
3.0,1.0,1198.57,0.0,0.0,1.0,Session Started,0.31,0
8.0,1.0,3153.01,1.0,0.0,0.0,Cancellation Page Viewed,0.9,1
6.0,2.0,415.02,0.0,0.0,1.0,Session Started,0.32,0
4.0,1.0,2363.69,0.0,0.0,1.0,Session Started,0.333,0
9.0,9.0,1300.25,0.0,0.0,1.0,Session Started,0.21,0
7.0,7.0,4535.83,0.0,0.0,1.0,Session Started,0.163,0
5.0,1.0,1745.53,0.0,0.0,1.0,Session Started,0.357,0
1.0,5.0,4911.74,0.0,0.0,1.0,Session Started,0.023,0
1.0,2.0,2713.76,0.0,0.0,1.0,Session Started,0.203,0
12.0,2.0,1632.7,0.0,0.0,1.0,Session Started,0.46,0
4.0,7.0,3395.26,0.0,0.0,1.0,Session Started,0.093,0
3.0,2.0,3412.66,0.0,1.0,0.0,Downgrade Clicked,0.75,1
4.0,1.0,2637.34,0.0,0.0,1.0,Session Started,0.333,1
0.0,1.0,288.92,0.0,1.0,0.0,Downgrade Clicked,0.75,1
8.0,2.0,823.82,0.0,0.0,1.0,Session Started,0.367,0
2.0,9.0,5471.37,0.0,1.0,0.0,Downgrade Clicked,0.75,1
8.0,2.0,661.99,0.0,0.0,1.0,Session Started,0.367,0
4.0,2.0,3662.75,0.0,0.0,1.0,Session Started,0.273,0
2.0,1.0,3181.67,0.0,0.0,1.0,Session Started,0.287,0
0.0,8.0,1011.71,0.0,1.0,0.0,Downgrade Clicked,0.75,0
8.0,2.0,366.43,1.0,0.0,0.0,Cancellation Page Viewed,0.9,1
1.0,3.0,1146.96,0.0,0.0,1.0,Session Started,0.143,0
0.0,2.0,9532.02,0.0,0.0,1.0,Session Started,0.18,0
8.0,1.0,906.31,0.0,0.0,1.0,Session Started,0.427,1
2.0,1.0,957.76,0.0,0.0,1.0,Session Started,0.287,0
3.0,2.0,813.98,0.0,0.0,1.0,Session Started,0.25,0
2.0,1.0,4778.24,0.0,0.0,1.0,Session Started,0.287,0
9.0,2.0,1488.71,0.0,0.0,1.0,Session Started,0.39,1
2.0,5.0,1095.84,1.0,0.0,0.0,Cancellation Page Viewed,0.9,1
2.0,1.0,5601.44,0.0,0.0,1.0,Session Started,0.287,1
2.0,2.0,2874.39,0.0,0.0,1.0,Session Started,0.227,1
1.0,1.0,866.59,0.0,0.0,1.0,Session Started,0.263,0
2.0,1.0,679.35,0.0,0.0,1.0,Session Started,0.287,0
0.0,3.0,4566.65,0.0,0.0,1.0,Session Started,0.12,1
1.0,4.0,1832.49,0.0,0.0,1.0,Session Started,0.083,0
3.0,4.0,523.61,0.0,0.0,1.0,Session Started,0.13,0
9.0,1.0,434.2,0.0,0.0,1.0,Session Started,0.45,1
0.0,2.0,740.38,0.0,0.0,1.0,Session Started,0.18,0
2.0,2.0,670.76,0.0,0.0,1.0,Session Started,0.227,0
9.0,15.0,351.83,0.0,0.0,1.0,Session Started,0.21,1
9.0,2.0,750.24,0.0,0.0,1.0,Session Started,0.39,0
7.0,8.0,866.74,0.0,0.0,1.0,Session Started,0.163,0
2.0,1.0,1248.7,0.0,0.0,1.0,Session Started,0.287,0
3.0,2.0,7004.64,0.0,0.0,1.0,Session Started,0.25,0
2.0,3.0,1460.49,0.0,0.0,1.0,Session Started,0.167,1
1.0,2.0,1581.2,0.0,0.0,1.0,Session Started,0.203,0
3.0,2.0,2717.33,0.0,0.0,1.0,Session Started,0.25,0
4.0,2.0,1495.39,0.0,0.0,1.0,Session Started,0.273,1
3.0,15.0,2490.21,0.0,0.0,1.0,Session Started,0.07,0
5.0,1.0,2263.1,0.0,0.0,1.0,Session Started,0.357,0
2.0,8.0,1994.34,0.0,0.0,1.0,Session Started,0.047,1
2.0,2.0,16533.98,0.0,0.0,1.0,Session Started,0.227,0
8.0,2.0,3747.71,1.0,0.0,0.0,Cancellation Page Viewed,0.9,1
9.0,2.0,760.99,0.0,0.0,1.0,Session Started,0.39,1
2.0,1.0,2431.29,0.0,0.0,1.0,Session Started,0.287,1
4.0,11.0,959.69,0.0,0.0,1.0,Session Started,0.093,0
2.0,8.0,2583.76,0.0,0.0,1.0,Session Started,0.047,0
0.0,12.0,601.75,0.0,0.0,1.0,Session Started,0.0,0
7.0,16.0,745.29,0.0,1.0,0.0,Downgrade Clicked,0.75,1
1.0,2.0,2380.64,0.0,0.0,1.0,Session Started,0.203,0
3.0,2.0,4016.38,0.0,0.0,1.0,Session Started,0.25,1
3.0,6.0,2702.99,1.0,0.0,0.0,Cancellation Page Viewed,0.9,1
1.0,1.0,3580.63,0.0,0.0,1.0,Session Started,0.263,0
1.0,5.0,2438.3,0.0,0.0,1.0,Session Started,0.023,0
2.0,2.0,2075.58,0.0,0.0,1.0,Session Started,0.227,0
11.0,2.0,1208.39,0.0,0.0,1.0,Session Started,0.437,0
5.0,2.0,3464.77,0.0,0.0,1.0,Session Started,0.297,0
3.0,2.0,4104.76,0.0,0.0,1.0,Session Started,0.25,1
0.0,1.0,1719.02,1.0,0.0,0.0,Cancellation Page Viewed,0.9,1
4.0,2.0,1646.59,0.0,0.0,1.0,Session Started,0.273,0
0.0,2.0,6458.32,0.0,0.0,1.0,Session Started,0.18,0
4.0,1.0,1778.74,0.0,0.0,1.0,Session Started,0.333,0
7.0,1.0,1920.9,0.0,0.0,1.0,Session Started,0.403,0
3.0,2.0,2663.46,0.0,0.0,1.0,Session Started,0.25,1
2.0,1.0,1671.97,0.0,0.0,1.0,Session Started,0.287,0
0.0,5.0,937.98,0.0,0.0,1.0,Session Started,0.0,0
0.0,1.0,2446.4,0.0,0.0,1.0,Session Started,0.24,0
3.0,2.0,1752.85,1.0,0.0,0.0,Cancellation Page Viewed,0.9,1
9.0,1.0,7893.54,0.0,0.0,1.0,Session Started,0.45,0
2.0,2.0,3397.38,0.0,0.0,1.0,Session Started,0.227,0
4.0,2.0,1122.84,0.0,0.0,1.0,Session Started,0.273,1
7.0,2.0,3239.74,0.0,0.0,1.0,Session Started,0.343,1
0.0,2.0,2312.98,0.0,1.0,0.0,Downgrade Clicked,0.75,1
1.0,2.0,5154.07,0.0,1.0,0.0,Downgrade Clicked,0.75,1
2.0,1.0,1188.49,0.0,0.0,1.0,Session Started,0.287,0
6.0,2.0,2102.62,0.0,0.0,1.0,Session Started,0.32,0
3.0,2.0,1670.24,0.0,0.0,1.0,Session Started,0.25,0
7.0,2.0,1894.64,0.0,0.0,1.0,Session Started,0.343,1
9.0,2.0,890.55,0.0,0.0,1.0,Session Started,0.39,0
8.0,4.0,2866.16,0.0,0.0,1.0,Session Started,0.247,1
16.0,2.0,2525.95,0.0,1.0,0.0,Downgrade Clicked,0.75,1
7.0,1.0,5055.23,0.0,0.0,1.0,Session Started,0.403,1
8.0,1.0,1793.6,0.0,0.0,1.0,Session Started,0.427,0
8.0,1.0,1300.53,0.0,0.0,1.0,Session Started,0.427,0
7.0,2.0,3399.68,1.0,0.0,0.0,Cancellation Page Viewed,0.9,1
8.0,5.0,957.8,0.0,0.0,1.0,Session Started,0.187,0
10.0,3.0,4306.96,0.0,0.0,1.0,Session Started,0.353,0
3.0,2.0,4299.58,0.0,0.0,1.0,Session Started,0.25,0
5.0,1.0,4943.47,0.0,0.0,1.0,Session Started,0.357,0
3.0,6.0,2443.77,0.0,0.0,1.0,Session Started,0.07,1
8.0,1.0,1225.13,0.0,0.0,1.0,Session Started,0.427,1
3.0,2.0,1973.08,0.0,0.0,1.0,Session Started,0.25,1
8.0,6.0,2450.52,0.0,0.0,1.0,Session Started,0.187,0
8.0,2.0,1155.04,0.0,0.0,1.0,Session Started,0.367,0
12.0,1.0,5252.68,1.0,0.0,0.0,Cancellation Page Viewed,0.9,0
2.0,1.0,2875.75,0.0,0.0,1.0,Session Started,0.287,1
7.0,2.0,885.56,0.0,0.0,1.0,Session Started,0.343,0
8.0,1.0,8154.29,0.0,0.0,1.0,Session Started,0.427,0
10.0,2.0,1954.54,0.0,0.0,1.0,Session Started,0.413,0
9.0,2.0,753.49,0.0,0.0,1.0,Session Started,0.39,0
4.0,2.0,930.57,0.0,0.0,1.0,Session Started,0.273,0
4.0,1.0,5944.53,0.0,0.0,1.0,Session Started,0.333,0
1.0,5.0,7785.26,0.0,0.0,1.0,Session Started,0.023,0
13.0,2.0,4054.52,0.0,0.0,1.0,Session Started,0.483,1
2.0,3.0,5194.97,0.0,0.0,1.0,Session Started,0.167,1
7.0,2.0,4785.24,0.0,0.0,1.0,Session Started,0.343,0
8.0,1.0,2822.94,0.0,0.0,1.0,Session Started,0.427,1
3.0,2.0,2352.5,0.0,0.0,1.0,Session Started,0.25,0
2.0,2.0,2784.69,0.0,1.0,0.0,Downgrade Clicked,0.75,1
1.0,2.0,3257.82,0.0,0.0,1.0,Session Started,0.203,0
9.0,5.0,998.97,0.0,0.0,1.0,Session Started,0.21,1
3.0,8.0,3247.26,0.0,0.0,1.0,Session Started,0.07,0
0.0,4.0,5807.43,0.0,0.0,1.0,Session Started,0.06,0
7.0,2.0,1532.88,0.0,1.0,0.0,Downgrade Clicked,0.75,1
2.0,2.0,1407.26,0.0,0.0,1.0,Session Started,0.227,0
9.0,2.0,2647.15,0.0,0.0,1.0,Session Started,0.39,0
2.0,1.0,1075.21,0.0,0.0,1.0,Session Started,0.287,0
1.0,5.0,630.52,0.0,0.0,1.0,Session Started,0.023,0
0.0,6.0,4528.63,0.0,1.0,0.0,Downgrade Clicked,0.75,0
3.0,1.0,1260.47,0.0,1.0,0.0,Downgrade Clicked,0.75,1
3.0,7.0,1834.92,0.0,0.0,1.0,Session Started,0.07,0
7.0,6.0,1109.76,0.0,0.0,1.0,Session Started,0.163,0
3.0,2.0,5021.1,0.0,0.0,1.0,Session Started,0.25,0
2.0,8.0,3577.93,0.0,0.0,1.0,Session Started,0.047,0
2.0,1.0,1491.31,0.0,0.0,1.0,Session Started,0.287,0
2.0,1.0,703.51,0.0,1.0,0.0,Downgrade Clicked,0.75,1
10.0,2.0,1369.85,0.0,0.0,1.0,Session Started,0.413,0
1.0,2.0,2852.99,0.0,0.0,1.0,Session Started,0.203,0
14.0,2.0,2102.56,0.0,0.0,1.0,Session Started,0.507,0
2.0,9.0,1972.94,1.0,0.0,0.0,Cancellation Page Viewed,0.9,1
0.0,1.0,2141.71,0.0,1.0,0.0,Downgrade Clicked,0.75,1
2.0,1.0,3317.73,0.0,0.0,1.0,Session Started,0.287,0
0.0,2.0,1748.5,0.0,0.0,1.0,Session Started,0.18,1
8.0,1.0,2591.55,0.0,0.0,1.0,Session Started,0.427,1
3.0,3.0,820.95,0.0,0.0,1.0,Session Started,0.19,0
2.0,2.0,13947.85,1.0,0.0,0.0,Cancellation Page Viewed,0.9,1
6.0,13.0,1440.74,0.0,1.0,0.0,Downgrade Clicked,0.75,1
5.0,2.0,2127.86,0.0,0.0,1.0,Session Started,0.297,0
10.0,1.0,2844.58,0.0,0.0,1.0,Session Started,0.473,1
12.0,1.0,1301.62,0.0,0.0,1.0,Session Started,0.52,0
7.0,1.0,1819.4,1.0,0.0,0.0,Cancellation Page Viewed,0.9,1
8.0,10.0,1801.8,0.0,0.0,1.0,Session Started,0.187,1
8.0,2.0,870.24,0.0,1.0,0.0,Downgrade Clicked,0.75,1
3.0,2.0,2567.97,0.0,0.0,1.0,Session Started,0.25,0
7.0,1.0,483.29,1.0,0.0,0.0,Cancellation Page Viewed,0.9,1
0.0,7.0,7347.88,0.0,0.0,1.0,Session Started,0.0,0
8.0,1.0,3409.69,0.0,0.0,1.0,Session Started,0.427,1
12.0,3.0,3014.83,0.0,0.0,1.0,Session Started,0.4,0
0.0,3.0,450.65,0.0,0.0,1.0,Session Started,0.12,0
8.0,1.0,959.08,0.0,0.0,1.0,Session Started,0.427,0
10.0,2.0,5494.35,0.0,1.0,0.0,Downgrade Clicked,0.75,1
2.0,1.0,50000.0,0.0,0.0,1.0,Session Started,0.287,0
3.0,2.0,4702.05,1.0,0.0,0.0,Cancellation Page Viewed,0.9,1
10.0,11.0,4144.57,0.0,0.0,1.0,Session Started,0.233,0
12.0,2.0,2751.71,0.0,0.0,1.0,Session Started,0.46,0
1.0,6.0,917.82,1.0,0.0,0.0,Cancellation Page Viewed,0.9,1
2.0,2.0,4008.37,0.0,0.0,1.0,Session Started,0.227,0
7.0,1.0,749.22,0.0,1.0,0.0,Downgrade Clicked,0.75,1
2.0,3.0,686.45,1.0,0.0,0.0,Cancellation Page Viewed,0.9,1
2.0,2.0,652.74,0.0,0.0,1.0,Session Started,0.227,1
0.0,1.0,3946.48,0.0,0.0,1.0,Session Started,0.24,0
1.0,2.0,1726.88,0.0,0.0,1.0,Session Started,0.203,0
4.0,2.0,1959.97,0.0,0.0,1.0,Session Started,0.273,0
6.0,3.0,1785.9,0.0,0.0,1.0,Session Started,0.26,0
5.0,1.0,734.67,0.0,0.0,1.0,Session Started,0.357,0
8.0,7.0,1057.24,0.0,0.0,1.0,Session Started,0.187,1
3.0,2.0,1100.65,0.0,0.0,1.0,Session Started,0.25,0
2.0,1.0,587.45,0.0,1.0,0.0,Downgrade Clicked,0.75,1
0.0,1.0,1207.89,0.0,0.0,1.0,Session Started,0.24,1
1.0,4.0,761.24,1.0,0.0,0.0,Cancellation Page Viewed,0.9,0
2.0,2.0,2870.21,0.0,0.0,1.0,Session Started,0.227,1
1.0,2.0,3067.99,0.0,0.0,1.0,Session Started,0.203,0
0.0,1.0,642.32,0.0,0.0,1.0,Session Started,0.24,0
1.0,2.0,1426.09,0.0,0.0,1.0,Session Started,0.203,0
6.0,4.0,7981.23,0.0,0.0,1.0,Session Started,0.2,0
5.0,2.0,825.01,0.0,0.0,1.0,Session Started,0.297,0
10.0,9.0,2543.54,0.0,0.0,1.0,Session Started,0.233,0
8.0,1.0,1967.3,0.0,0.0,1.0,Session Started,0.427,1
4.0,1.0,4334.28,0.0,0.0,1.0,Session Started,0.333,0
1.0,2.0,2290.15,0.0,0.0,1.0,Session Started,0.203,0
4.0,2.0,1280.45,0.0,0.0,1.0,Session Started,0.273,0
0.0,1.0,1907.24,0.0,0.0,1.0,Session Started,0.24,0
3.0,2.0,1929.65,0.0,0.0,1.0,Session Started,0.25,0
3.0,1.0,1680.16,0.0,0.0,1.0,Session Started,0.31,0
3.0,2.0,629.36,0.0,1.0,0.0,Downgrade Clicked,0.75,0
2.0,2.0,4887.67,0.0,0.0,1.0,Session Started,0.227,1
7.0,12.0,4243.51,0.0,0.0,1.0,Session Started,0.163,0
8.0,2.0,784.19,0.0,0.0,1.0,Session Started,0.367,0
8.0,2.0,1421.43,0.0,0.0,1.0,Session Started,0.367,1
5.0,2.0,1510.1,0.0,0.0,1.0,Session Started,0.297,0
4.0,1.0,716.79,0.0,0.0,1.0,Session Started,0.333,0
0.0,1.0,406.09,0.0,1.0,0.0,Downgrade Clicked,0.75,1
7.0,14.0,1057.36,0.0,0.0,1.0,Session Started,0.163,0
4.0,1.0,1359.51,0.0,0.0,1.0,Session Started,0.333,1
2.0,4.0,570.79,0.0,0.0,1.0,Session Started,0.107,0
2.0,1.0,2083.04,1.0,0.0,0.0,Cancellation Page Viewed,0.9,1
10.0,4.0,4583.81,0.0,0.0,1.0,Session Started,0.293,1
5.0,1.0,3546.42,0.0,0.0,1.0,Session Started,0.357,0
3.0,11.0,1633.78,0.0,0.0,1.0,Session Started,0.07,0
5.0,2.0,414.75,0.0,0.0,1.0,Session Started,0.297,0
3.0,1.0,3205.3,0.0,1.0,0.0,Downgrade Clicked,0.75,0
3.0,2.0,2032.69,0.0,0.0,1.0,Session Started,0.25,0
2.0,2.0,2538.89,0.0,0.0,1.0,Session Started,0.227,0
3.0,2.0,8509.02,0.0,0.0,1.0,Session Started,0.25,1
7.0,1.0,934.63,0.0,0.0,1.0,Session Started,0.403,0
0.0,3.0,181.3,0.0,0.0,1.0,Session Started,0.12,0
8.0,3.0,778.4,0.0,1.0,0.0,Downgrade Clicked,0.75,1
2.0,2.0,2667.34,0.0,0.0,1.0,Session Started,0.227,0
7.0,7.0,1847.41,0.0,0.0,1.0,Session Started,0.163,0
5.0,1.0,683.68,0.0,0.0,1.0,Session Started,0.357,0
6.0,1.0,580.7,0.0,0.0,1.0,Session Started,0.38,0
5.0,2.0,1361.46,0.0,0.0,1.0,Session Started,0.297,1
11.0,1.0,667.22,0.0,0.0,1.0,Session Started,0.497,1
3.0,1.0,2742.18,0.0,0.0,1.0,Session Started,0.31,1
7.0,2.0,1300.96,1.0,0.0,0.0,Cancellation Page Viewed,0.9,1
7.0,1.0,1094.78,0.0,0.0,1.0,Session Started,0.403,1
2.0,1.0,985.73,0.0,0.0,1.0,Session Started,0.287,1
2.0,3.0,2231.65,0.0,1.0,0.0,Downgrade Clicked,0.75,1
3.0,2.0,1870.74,0.0,0.0,1.0,Session Started,0.25,0
2.0,5.0,2125.08,0.0,0.0,1.0,Session Started,0.047,0
3.0,2.0,2088.3,0.0,0.0,1.0,Session Started,0.25,0
3.0,2.0,1706.57,0.0,0.0,1.0,Session Started,0.25,0
4.0,1.0,791.16,0.0,0.0,1.0,Session Started,0.333,0
2.0,4.0,1007.97,0.0,0.0,1.0,Session Started,0.107,0
8.0,1.0,1318.51,0.0,0.0,1.0,Session Started,0.427,0
3.0,1.0,9434.76,0.0,0.0,1.0,Session Started,0.31,1
7.0,5.0,614.57,0.0,0.0,1.0,Session Started,0.163,1
0.0,3.0,1293.13,0.0,0.0,1.0,Session Started,0.12,0
3.0,2.0,1955.92,0.0,0.0,1.0,Session Started,0.25,0
0.0,1.0,1418.47,0.0,0.0,1.0,Session Started,0.24,0
7.0,1.0,4269.17,0.0,0.0,1.0,Session Started,0.403,1
2.0,2.0,1412.62,0.0,0.0,1.0,Session Started,0.227,0
11.0,3.0,1498.72,0.0,0.0,1.0,Session Started,0.377,0
2.0,2.0,3469.28,0.0,0.0,1.0,Session Started,0.227,1
4.0,1.0,7696.87,0.0,0.0,1.0,Session Started,0.333,0
2.0,1.0,5574.73,0.0,0.0,1.0,Session Started,0.287,1
5.0,2.0,1620.8,0.0,1.0,0.0,Downgrade Clicked,0.75,0
3.0,2.0,1737.82,0.0,0.0,1.0,Session Started,0.25,1
3.0,1.0,1876.9,0.0,0.0,1.0,Session Started,0.31,1
1.0,1.0,2033.67,0.0,0.0,1.0,Session Started,0.263,1
1.0,1.0,917.93,0.0,0.0,1.0,Session Started,0.263,0
1.0,1.0,3824.85,0.0,0.0,1.0,Session Started,0.263,0
18.0,2.0,2133.01,0.0,0.0,1.0,Session Started,0.6,1
3.0,1.0,1744.31,0.0,0.0,1.0,Session Started,0.31,1
0.0,2.0,653.98,1.0,0.0,0.0,Cancellation Page Viewed,0.9,0
11.0,4.0,1900.42,0.0,0.0,1.0,Session Started,0.317,1
0.0,12.0,397.59,0.0,0.0,1.0,Session Started,0.0,0
3.0,9.0,1135.33,0.0,0.0,1.0,Session Started,0.07,0
7.0,1.0,1152.31,0.0,0.0,1.0,Session Started,0.403,1
10.0,1.0,2274.68,0.0,0.0,1.0,Session Started,0.473,0
7.0,2.0,8134.59,0.0,0.0,1.0,Session Started,0.343,1
3.0,3.0,2857.0,0.0,0.0,1.0,Session Started,0.19,0
13.0,1.0,5760.17,0.0,0.0,1.0,Session Started,0.543,1
0.0,2.0,3029.55,0.0,0.0,1.0,Session Started,0.18,1
14.0,1.0,4447.26,0.0,0.0,1.0,Session Started,0.567,0
8.0,1.0,7988.05,0.0,0.0,1.0,Session Started,0.427,0
10.0,3.0,1006.8,0.0,0.0,1.0,Session Started,0.353,0
2.0,2.0,955.58,0.0,0.0,1.0,Session Started,0.227,0
1.0,2.0,3087.29,0.0,1.0,0.0,Downgrade Clicked,0.75,1
6.0,8.0,1802.73,0.0,0.0,1.0,Session Started,0.14,0
3.0,1.0,2156.59,1.0,0.0,0.0,Cancellation Page Viewed,0.9,1
3.0,1.0,1481.88,0.0,0.0,1.0,Session Started,0.31,0
10.0,2.0,1122.14,0.0,0.0,1.0,Session Started,0.413,1
5.0,2.0,6611.8,0.0,0.0,1.0,Session Started,0.297,0
2.0,2.0,750.03,0.0,0.0,1.0,Session Started,0.227,1
3.0,1.0,3131.02,0.0,0.0,1.0,Session Started,0.31,0
1.0,11.0,2750.07,0.0,0.0,1.0,Session Started,0.023,0
1.0,1.0,511.21,0.0,0.0,1.0,Session Started,0.263,0
1.0,2.0,930.18,0.0,0.0,1.0,Session Started,0.203,0
8.0,2.0,1064.06,0.0,0.0,1.0,Session Started,0.367,0
7.0,9.0,2840.31,0.0,0.0,1.0,Session Started,0.163,0
4.0,2.0,1347.99,0.0,0.0,1.0,Session Started,0.273,0
3.0,10.0,1688.39,1.0,0.0,0.0,Cancellation Page Viewed,0.9,1
6.0,1.0,563.34,0.0,0.0,1.0,Session Started,0.38,1
8.0,2.0,11622.86,0.0,0.0,1.0,Session Started,0.367,0
9.0,5.0,1914.01,0.0,0.0,1.0,Session Started,0.21,0
4.0,2.0,2695.13,0.0,0.0,1.0,Session Started,0.273,0
8.0,2.0,1173.21,1.0,0.0,0.0,Cancellation Page Viewed,0.9,1
3.0,14.0,1072.66,0.0,0.0,1.0,Session Started,0.07,0
3.0,1.0,8351.09,0.0,0.0,1.0,Session Started,0.31,1
9.0,2.0,390.19,0.0,0.0,1.0,Session Started,0.39,1
3.0,7.0,2259.54,0.0,0.0,1.0,Session Started,0.07,0
3.0,7.0,685.94,0.0,0.0,1.0,Session Started,0.07,0
2.0,13.0,1307.67,0.0,0.0,1.0,Session Started,0.047,0
3.0,7.0,1085.21,0.0,0.0,1.0,Session Started,0.07,0
4.0,1.0,821.57,0.0,0.0,1.0,Session Started,0.333,0
6.0,8.0,1860.04,1.0,0.0,0.0,Cancellation Page Viewed,0.9,1
3.0,2.0,231.73,0.0,0.0,1.0,Session Started,0.25,0
2.0,2.0,1404.74,0.0,0.0,1.0,Session Started,0.227,0
9.0,2.0,1682.05,0.0,0.0,1.0,Session Started,0.39,0
2.0,5.0,609.46,0.0,0.0,1.0,Session Started,0.047,0
10.0,2.0,6066.73,0.0,0.0,1.0,Session Started,0.413,1
1.0,6.0,1123.76,0.0,0.0,1.0,Session Started,0.023,0
4.0,1.0,1495.2,0.0,0.0,1.0,Session Started,0.333,0
4.0,1.0,1125.77,0.0,0.0,1.0,Session Started,0.333,0
8.0,2.0,1693.83,0.0,0.0,1.0,Session Started,0.367,0
1.0,1.0,5148.78,0.0,0.0,1.0,Session Started,0.263,1
9.0,2.0,13074.42,0.0,0.0,1.0,Session Started,0.39,1
4.0,1.0,3282.99,0.0,0.0,1.0,Session Started,0.333,0
4.0,2.0,4317.34,0.0,0.0,1.0,Session Started,0.273,1
3.0,1.0,7137.67,1.0,0.0,0.0,Cancellation Page Viewed,0.9,1
0.0,1.0,2206.35,0.0,0.0,1.0,Session Started,0.24,1
3.0,2.0,6349.94,0.0,0.0,1.0,Session Started,0.25,1
2.0,1.0,3408.14,0.0,1.0,0.0,Downgrade Clicked,0.75,1
2.0,1.0,2028.78,0.0,0.0,1.0,Session Started,0.287,1
5.0,1.0,2392.93,1.0,0.0,0.0,Cancellation Page Viewed,0.9,1
3.0,1.0,421.1,1.0,0.0,0.0,Cancellation Page Viewed,0.9,1
1.0,2.0,2284.03,0.0,0.0,1.0,Session Started,0.203,0
0.0,1.0,525.84,1.0,0.0,0.0,Cancellation Page Viewed,0.9,1
1.0,2.0,492.64,0.0,0.0,1.0,Session Started,0.203,0
1.0,2.0,2109.7,0.0,0.0,1.0,Session Started,0.203,1
5.0,2.0,741.55,0.0,1.0,0.0,Downgrade Clicked,0.75,1
1.0,2.0,1797.78,0.0,0.0,1.0,Session Started,0.203,1
9.0,1.0,2019.79,0.0,0.0,1.0,Session Started,0.45,0
2.0,8.0,2093.18,0.0,0.0,1.0,Session Started,0.047,0
0.0,2.0,877.17,0.0,0.0,1.0,Session Started,0.18,1
9.0,1.0,3710.59,0.0,1.0,0.0,Downgrade Clicked,0.75,1
2.0,7.0,1683.47,0.0,0.0,1.0,Session Started,0.047,0
3.0,2.0,2573.08,0.0,0.0,1.0,Session Started,0.25,1
11.0,2.0,694.26,0.0,0.0,1.0,Session Started,0.437,1
11.0,7.0,1567.66,0.0,0.0,1.0,Session Started,0.257,0
7.0,1.0,4349.58,1.0,0.0,0.0,Cancellation Page Viewed,0.9,1
0.0,5.0,3929.01,0.0,0.0,1.0,Session Started,0.0,0
4.0,2.0,955.43,0.0,0.0,1.0,Session Started,0.273,1
15.0,2.0,1168.59,0.0,0.0,1.0,Session Started,0.53,0
11.0,1.0,819.79,0.0,0.0,1.0,Session Started,0.497,1
1.0,1.0,1069.42,0.0,0.0,1.0,Session Started,0.263,1
3.0,9.0,590.37,0.0,0.0,1.0,Session Started,0.07,0
2.0,1.0,1618.83,0.0,0.0,1.0,Session Started,0.287,1
1.0,1.0,3000.43,0.0,1.0,0.0,Downgrade Clicked,0.75,1
7.0,2.0,964.84,0.0,0.0,1.0,Session Started,0.343,0
2.0,3.0,1681.62,0.0,0.0,1.0,Session Started,0.167,0
2.0,1.0,1515.65,0.0,0.0,1.0,Session Started,0.287,0
0.0,5.0,4205.28,1.0,0.0,0.0,Cancellation Page Viewed,0.9,1
3.0,2.0,1108.46,0.0,0.0,1.0,Session Started,0.25,0
1.0,6.0,1141.19,0.0,0.0,1.0,Session Started,0.023,0
3.0,1.0,918.91,1.0,0.0,0.0,Cancellation Page Viewed,0.9,1
1.0,1.0,727.78,0.0,1.0,0.0,Downgrade Clicked,0.75,1
11.0,2.0,2761.0,0.0,0.0,1.0,Session Started,0.437,1
1.0,1.0,1622.8,0.0,0.0,1.0,Session Started,0.263,0
3.0,2.0,1889.09,0.0,0.0,1.0,Session Started,0.25,0
1.0,1.0,5012.61,0.0,0.0,1.0,Session Started,0.263,1
0.0,4.0,5248.33,0.0,0.0,1.0,Session Started,0.06,0
1.0,7.0,484.45,0.0,0.0,1.0,Session Started,0.023,0
0.0,5.0,3035.91,0.0,0.0,1.0,Session Started,0.0,0
1.0,11.0,2165.74,0.0,0.0,1.0,Session Started,0.023,0
3.0,7.0,1249.79,0.0,1.0,0.0,Downgrade Clicked,0.75,1
6.0,2.0,2349.94,0.0,0.0,1.0,Session Started,0.32,1
0.0,2.0,454.36,0.0,0.0,1.0,Session Started,0.18,0
3.0,7.0,5826.16,0.0,0.0,1.0,Session Started,0.07,0
4.0,8.0,2729.72,0.0,0.0,1.0,Session Started,0.093,0
2.0,12.0,904.92,0.0,0.0,1.0,Session Started,0.047,0
3.0,3.0,1131.92,0.0,0.0,1.0,Session Started,0.19,1
0.0,1.0,462.89,0.0,0.0,1.0,Session Started,0.24,0
2.0,9.0,1406.46,0.0,0.0,1.0,Session Started,0.047,0
3.0,9.0,1228.83,0.0,0.0,1.0,Session Started,0.07,0
15.0,2.0,626.35,0.0,0.0,1.0,Session Started,0.53,0
17.0,6.0,3365.6,0.0,0.0,1.0,Session Started,0.397,0
13.0,2.0,5021.27,0.0,0.0,1.0,Session Started,0.483,1
3.0,9.0,1768.9,0.0,0.0,1.0,Session Started,0.07,0
0.0,1.0,1415.85,0.0,0.0,1.0,Session Started,0.24,0
2.0,6.0,2560.58,0.0,0.0,1.0,Session Started,0.047,0
2.0,1.0,1779.86,0.0,0.0,1.0,Session Started,0.287,0
0.0,2.0,760.71,0.0,0.0,1.0,Session Started,0.18,1
1.0,1.0,1072.62,0.0,1.0,0.0,Downgrade Clicked,0.75,1
3.0,2.0,1426.32,0.0,0.0,1.0,Session Started,0.25,0
2.0,1.0,2205.15,0.0,0.0,1.0,Session Started,0.287,1
1.0,10.0,1821.6,0.0,0.0,1.0,Session Started,0.023,0
