tenure_months,day_of_month,invoice_amount,avg_ticket,gateway_error_code,card_brand,payment_history_score,failure_count_90d,hour_of_day,day_of_week,attempt_count,ltv_estimated,recovered
53,13,307.14,326.3,card_declined,elo,0.61,2,22,3,2,1352.29,1
14,3,141.6,149.31,insufficient_funds,amex,0.456,0,11,2,3,152.13,1
16,24,104.97,110.1,insufficient_funds,visa,0.768,5,13,0,1,128.69,1
10,25,119.87,102.69,insufficient_funds,visa,0.465,0,11,6,4,119.87,1
53,11,92.94,99.69,generic_decline,mastercard,0.902,2,18,3,4,413.15,0
52,16,36.11,36.11,card_declined,mastercard,0.805,3,16,1,1,146.57,1
14,24,154.2,155.32,insufficient_funds,elo,0.715,2,16,4,2,158.25,0
6,6,82.85,71.69,processing_error,elo,0.411,2,18,5,1,82.85,1
3,19,33.65,30.5,insufficient_funds,amex,0.586,1,21,1,1,33.65,1
0,14,162.8,182.87,insufficient_funds,visa,0.245,2,12,6,3,162.8,0
3,6,66.97,63.26,insufficient_funds,hipercard,0.66,1,19,3,2,66.97,0
38,25,119.64,115.83,card_declined,hipercard,0.669,1,16,1,3,335.01,0
6,10,87.48,79.32,insufficient_funds,visa,0.634,1,22,4,1,87.48,1
13,28,215.77,224.33,expired_card,visa,0.312,3,3,4,2,215.77,1
0,17,118.86,127.44,insufficient_funds,elo,0.602,1,11,6,2,118.86,1
7,16,44.59,50.23,card_declined,mastercard,0.521,1,10,6,1,44.59,0
19,14,130.12,132.54,processing_error,visa,0.626,0,6,4,4,185.02,1
13,13,133.95,124.93,insufficient_funds,visa,0.696,4,18,4,2,133.95,0
2,25,153.95,134.13,insufficient_funds,mastercard,0.445,2,20,1,2,153.95,0
1,20,245.32,228.11,expired_card,amex,0.6,0,16,4,1,245.32,0
33,24,56.56,58.57,insufficient_funds,elo,0.663,2,21,5,3,145.77,1
14,14,176.93,202.09,insufficient_funds,hipercard,0.663,3,17,6,2,205.91,0
0,8,21.12,18.45,expired_card,mastercard,0.642,2,17,1,1,21.12,1
11,4,87.87,84.93,insufficient_funds,elo,0.637,1,11,3,1,87.87,1
68,24,76.59,80.43,processing_error,visa,0.758,1,23,6,1,432.98,1
9,13,353.73,361.64,insufficient_funds,mastercard,0.685,1,15,4,3,353.73,1
0,16,85.07,88.94,insufficient_funds,amex,0.362,4,23,1,3,85.07,0
25,15,167.75,165.9,expired_card,elo,0.617,1,14,0,2,308.18,1
54,14,20.44,19.01,card_declined,mastercard,0.729,2,15,6,3,80.41,0
58,21,71.52,71.15,insufficient_funds,visa,0.847,2,18,4,2,325.55,0
17,18,46.09,44.45,insufficient_funds,visa,0.566,1,20,5,1,55.31,0
8,30,881.3,936.64,insufficient_funds,mastercard,0.512,3,11,0,1,881.3,0
2,5,54.06,48.73,insufficient_funds,visa,0.553,2,23,3,1,54.06,0
1,17,104.32,104.2,generic_decline,visa,0.472,0,3,6,1,104.32,0
26,2,109.38,124.44,insufficient_funds,elo,0.583,2,5,4,3,240.86,1
0,24,23.82,24.05,expired_card,visa,0.369,3,9,2,1,23.82,1
5,18,61.26,56.43,insufficient_funds,visa,0.46,2,16,1,1,61.26,0
29,14,140.04,158.35,insufficient_funds,visa,0.72,0,17,0,3,343.77,1
9,24,105.48,97.38,card_declined,visa,0.552,1,22,0,1,105.48,0
3,15,12.67,13.62,expired_card,visa,0.573,4,15,2,1,12.67,0
1,7,59.07,52.15,insufficient_funds,visa,0.501,1,20,3,2,59.07,1
38,15,242.06,267.63,insufficient_funds,mastercard,0.744,2,17,6,1,774.05,1
44,3,164.83,149.03,insufficient_funds,mastercard,0.72,4,14,6,1,504.55,0
54,27,288.41,279.25,insufficient_funds,mastercard,0.868,0,16,0,1,1181.23,1
61,23,40.73,46.42,card_declined,amex,0.844,1,11,1,4,224.17,1
2,24,304.98,312.24,insufficient_funds,mastercard,0.563,1,20,0,1,304.98,1
3,26,93.97,87.32,insufficient_funds,mastercard,0.388,2,16,2,1,93.97,0
3,24,402.13,341.89,insufficient_funds,mastercard,0.531,0,20,4,3,402.13,1
6,14,98.04,83.53,do_not_honor,mastercard,0.556,2,14,2,1,98.04,0
42,4,15.86,14.79,insufficient_funds,visa,0.478,2,10,5,2,47.62,1
2,12,207.85,209.52,expired_card,amex,0.628,0,15,0,1,207.85,0
6,28,65.92,65.62,insufficient_funds,mastercard,0.668,2,15,4,4,65.92,0
1,28,69.98,78.84,insufficient_funds,mastercard,0.451,1,13,6,2,69.98,1
64,24,26.89,29.02,insufficient_funds,mastercard,0.849,1,17,1,2,147.03,0
9,6,412.98,465.6,card_declined,elo,0.681,4,12,6,2,412.98,0
0,6,61.53,61.75,insufficient_funds,mastercard,0.496,3,16,5,1,61.53,0
48,26,396.04,389.7,generic_decline,mastercard,0.69,1,16,1,1,1449.68,0
4,5,66.64,67.96,insufficient_funds,mastercard,0.571,2,0,2,1,66.64,0
10,17,42.87,41.23,processing_error,elo,0.603,0,18,0,3,42.87,1
41,12,315.62,288.24,insufficient_funds,visa,0.781,2,14,4,1,904.39,0
59,9,91.58,100.83,insufficient_funds,hipercard,0.722,2,20,3,1,470.13,0
17,20,92.38,97.38,card_declined,elo,0.707,1,19,1,3,121.17,1
6,29,31.31,29.67,insufficient_funds,visa,0.417,1,20,3,1,31.31,1
1,24,65.1,64.05,insufficient_funds,visa,0.638,2,12,6,4,65.1,0
13,15,143.05,131.27,processing_error,amex,0.725,1,19,6,2,143.05,1
22,14,30.83,31.41,expired_card,visa,0.7,3,18,5,1,51.06,1
62,27,60.55,57.98,processing_error,visa,0.688,1,22,0,1,284.59,1
70,17,67.28,74.86,insufficient_funds,visa,0.656,1,17,2,1,414.85,1
0,16,103.69,104.57,expired_card,visa,0.534,1,9,4,1,103.69,1
1,21,363.83,354.2,expired_card,mastercard,0.529,0,16,1,2,363.83,1
58,7,74.88,80.49,expired_card,elo,0.927,1,17,6,3,368.29,1
0,3,52.93,59.36,expired_card,mastercard,0.656,2,22,4,1,52.93,0
50,25,1121.03,1227.78,card_declined,visa,0.726,1,12,1,1,4774.7,0
0,18,66.53,66.43,processing_error,mastercard,0.474,1,14,6,1,66.53,1
0,6,82.52,78.97,insufficient_funds,visa,0.501,2,20,4,1,82.52,1
11,9,71.13,74.59,insufficient_funds,mastercard,0.551,2,17,5,1,71.13,0
63,31,76.44,83.71,insufficient_funds,mastercard,0.837,0,15,4,1,417.5,1
20,19,104.74,119.78,insufficient_funds,hipercard,0.601,0,19,6,2,176.34,0
4,19,221.48,218.64,expired_card,elo,0.407,2,1,5,1,221.48,0
2,3,139.95,147.01,insufficient_funds,elo,0.494,1,14,6,1,139.95,1
0,29,254.47,238.68,insufficient_funds,mastercard,0.63,1,14,6,1,254.47,1
0,26,247.1,216.52,do_not_honor,mastercard,0.42,1,8,4,4,247.1,0
32,17,117.64,108.92,do_not_honor,mastercard,0.791,1,23,5,2,262.38,1
4,10,136.55,116.66,expired_card,elo,0.217,1,23,2,1,136.55,0
10,22,261.72,262.46,insufficient_funds,amex,0.507,0,17,0,1,261.72,1
9,25,36.43,35.04,insufficient_funds,hipercard,0.42,3,13,3,1,36.43,0
3,24,899.25,947.34,insufficient_funds,mastercard,0.168,0,17,0,2,899.25,1
2,30,62.0,64.14,insufficient_funds,mastercard,0.593,3,22,1,4,62.0,1
4,19,71.57,64.44,insufficient_funds,visa,0.565,2,22,3,1,71.57,0
6,10,33.31,35.05,card_declined,visa,0.67,0,13,1,3,33.31,0
0,16,34.2,30.99,insufficient_funds,elo,0.491,0,18,0,3,34.2,0
16,24,232.21,197.79,insufficient_funds,hipercard,0.685,3,10,1,2,232.21,1
2,8,734.37,837.96,expired_card,amex,0.607,0,18,3,2,734.37,1
0,7,59.06,50.68,insufficient_funds,amex,0.382,0,11,3,4,59.06,0
13,23,133.08,126.76,insufficient_funds,mastercard,0.682,1,20,1,2,133.08,1
9,14,118.86,123.76,insufficient_funds,elo,0.684,3,18,4,2,118.86,0
26,24,237.68,228.44,insufficient_funds,mastercard,0.421,3,0,1,2,442.16,0
60,5,701.54,676.54,insufficient_funds,mastercard,0.531,0,16,4,3,3213.56,1
0,11,377.47,402.69,insufficient_funds,visa,0.44,3,15,1,1,377.47,0
8,8,79.08,81.5,insufficient_funds,mastercard,0.694,1,23,0,3,79.08,1
5,22,156.35,157.21,processing_error,visa,0.644,1,16,2,3,156.35,1
14,24,170.77,190.56,processing_error,elo,0.564,1,9,5,1,194.16,1
33,15,96.02,84.73,insufficient_funds,hipercard,0.6,1,20,4,1,210.87,0
43,15,36.92,36.59,processing_error,elo,0.761,0,22,4,3,120.84,1
6,4,48.08,44.32,insufficient_funds,visa,0.66,1,16,0,3,48.08,0
0,22,271.05,233.39,insufficient_funds,mastercard,0.629,1,22,1,2,271.05,0
12,31,297.06,339.75,insufficient_funds,mastercard,0.651,3,13,4,2,297.06,1
2,24,81.29,87.0,insufficient_funds,elo,0.315,1,12,4,3,81.29,0
20,7,123.26,112.77,insufficient_funds,visa,0.591,2,22,2,1,166.02,1
5,19,283.14,274.85,generic_decline,mastercard,0.57,2,14,6,1,283.14,0
15,9,21.51,19.74,insufficient_funds,amex,0.55,5,23,6,3,21.59,0
17,2,65.75,69.4,insufficient_funds,visa,0.683,1,23,0,1,86.35,1
10,6,586.91,560.58,insufficient_funds,elo,0.616,2,16,1,1,586.91,0
5,4,127.52,143.58,do_not_honor,amex,0.622,0,20,6,3,127.52,0
5,6,35.85,32.7,insufficient_funds,elo,0.483,1,20,5,1,35.85,0
4,24,108.48,103.59,do_not_honor,hipercard,0.549,0,13,1,1,108.48,0
2,9,242.19,273.56,insufficient_funds,elo,0.513,0,15,6,1,242.19,0
37,24,10.18,11.35,card_declined,mastercard,0.743,0,22,4,1,31.9,1
16,28,114.32,107.23,insufficient_funds,mastercard,0.43,0,15,3,2,125.34,0
11,17,70.22,69.86,insufficient_funds,visa,0.379,2,13,4,4,70.22,1
4,15,22.73,25.35,insufficient_funds,visa,0.546,1,9,1,1,22.73,0
20,23,105.13,110.51,insufficient_funds,mastercard,0.574,3,14,2,4,162.7,0
1,4,86.59,90.16,insufficient_funds,visa,0.628,4,15,2,1,86.59,0
0,14,95.68,100.29,insufficient_funds,visa,0.569,1,15,2,3,95.68,0
23,16,71.74,80.8,expired_card,elo,0.547,1,19,0,3,137.57,1
4,25,39.45,39.65,expired_card,visa,0.633,2,23,2,1,39.45,0
1,24,26.85,24.29,insufficient_funds,visa,0.229,2,14,0,1,26.85,0
34,25,52.92,52.49,card_declined,mastercard,0.478,0,20,4,1,134.84,1
18,22,209.7,224.1,card_declined,visa,0.725,1,17,6,4,295.81,0
3,16,120.23,119.95,generic_decline,mastercard,0.699,1,21,4,1,120.23,1
4,25,91.92,86.77,insufficient_funds,visa,0.634,1,14,2,2,91.92,0
5,26,38.81,40.75,insufficient_funds,elo,0.668,6,15,3,1,38.81,0
18,15,70.12,69.07,generic_decline,mastercard,0.615,0,13,4,2,91.17,1
16,30,188.15,214.27,generic_decline,mastercard,0.725,3,18,6,2,250.46,1
12,26,153.06,146.27,do_not_honor,visa,0.282,1,12,6,1,153.06,0
9,16,63.98,68.15,expired_card,elo,0.471,2,14,4,3,63.98,1
38,3,9.61,9.77,expired_card,visa,0.649,0,16,2,1,28.26,0
15,7,53.67,46.87,do_not_honor,mastercard,0.448,2,20,1,3,53.67,1
9,24,63.66,63.08,insufficient_funds,visa,0.562,1,17,1,2,63.66,0
15,4,43.67,37.5,insufficient_funds,visa,0.705,1,16,0,4,43.67,1
9,15,67.72,73.61,generic_decline,visa,0.544,1,8,2,3,67.72,0
41,18,201.89,216.09,processing_error,visa,0.628,3,7,0,3,678.01,0
8,26,94.56,81.81,insufficient_funds,visa,0.595,1,13,4,1,94.56,1
2,25,235.46,235.44,insufficient_funds,visa,0.553,1,0,0,1,235.46,1
0,24,25.6,29.14,do_not_honor,amex,0.272,2,11,5,4,25.6,1
22,13,74.55,69.73,insufficient_funds,mastercard,0.591,2,23,1,1,113.35,1
70,5,17.46,19.58,card_declined,mastercard,0.629,0,11,5,1,108.51,1
1,20,66.92,59.92,insufficient_funds,visa,0.319,0,20,0,3,66.92,0
11,6,38.61,32.89,insufficient_funds,visa,0.432,1,18,0,3,38.61,0
47,17,305.07,307.86,card_declined,hipercard,0.88,2,9,5,4,1119.37,0
1,30,140.66,129.66,generic_decline,visa,0.643,0,11,4,2,140.66,1
0,17,240.78,268.17,insufficient_funds,elo,0.457,1,1,0,3,240.78,0
14,19,66.75,70.23,insufficient_funds,mastercard,0.582,3,1,6,1,71.56,1
63,20,39.51,41.73,insufficient_funds,mastercard,0.947,1,22,4,2,208.13,1
5,25,38.41,40.41,insufficient_funds,elo,0.66,3,23,3,4,38.41,0
44,14,123.74,130.38,do_not_honor,elo,0.664,3,22,4,4,441.41,0
3,16,488.02,524.2,insufficient_funds,amex,0.487,1,13,4,3,488.02,0
0,6,140.99,148.18,generic_decline,mastercard,0.628,2,8,0,2,140.99,0
6,18,70.07,77.1,do_not_honor,visa,0.649,3,20,6,1,70.07,1
0,9,82.66,84.1,insufficient_funds,mastercard,0.602,3,12,5,1,82.66,0
3,16,95.07,90.81,insufficient_funds,visa,0.415,1,10,3,1,95.07,1
31,24,591.5,585.62,generic_decline,visa,0.807,0,15,3,1,1364.09,0
62,1,292.43,287.19,insufficient_funds,mastercard,0.571,1,8,5,1,1409.62,0
1,17,123.14,116.95,do_not_honor,visa,0.612,4,0,0,2,123.14,0
6,6,107.76,105.03,insufficient_funds,amex,0.513,2,15,6,1,107.76,1
22,9,127.53,123.13,insufficient_funds,hipercard,0.448,3,17,6,1,200.15,0
3,2,151.63,133.94,insufficient_funds,visa,0.483,1,17,2,1,151.63,1
5,6,67.72,74.44,insufficient_funds,visa,0.543,3,0,3,2,67.72,0
7,31,46.18,49.73,card_declined,mastercard,0.458,1,8,4,3,46.18,0
5,31,244.53,232.61,expired_card,visa,0.664,2,10,5,1,244.53,0
7,22,99.68,112.99,insufficient_funds,visa,0.716,4,13,5,1,99.68,1
44,18,227.05,257.66,expired_card,amex,0.747,2,19,4,2,872.32,1
30,24,421.86,467.01,insufficient_funds,visa,0.531,4,0,5,2,1050.77,1
15,27,155.22,133.3,do_not_honor,visa,0.524,1,10,1,1,155.22,0
14,16,134.41,129.22,do_not_honor,mastercard,0.36,2,19,3,2,134.41,1
21,2,1312.67,1295.87,expired_card,visa,0.67,2,14,6,1,2006.98,0
27,22,117.48,125.19,generic_decline,elo,0.449,1,15,4,1,252.1,0
10,30,37.1,38.6,insufficient_funds,elo,0.407,2,8,5,3,37.1,0
13,8,76.14,80.21,insufficient_funds,visa,0.514,2,12,2,1,76.14,1
69,15,387.91,419.01,insufficient_funds,visa,0.692,1,13,3,3,2288.84,0
71,12,30.96,35.13,processing_error,amex,0.591,2,23,0,2,197.46,0
38,12,50.1,50.87,insufficient_funds,mastercard,0.751,0,16,4,3,147.13,0
24,22,261.19,292.85,do_not_honor,mastercard,0.572,1,9,3,1,521.27,0
2,12,76.79,84.04,insufficient_funds,visa,0.524,3,19,6,1,76.79,1
25,28,88.63,84.32,insufficient_funds,mastercard,0.77,2,22,3,1,156.64,1
67,24,253.63,277.5,expired_card,visa,0.772,1,2,3,3,1471.91,1
22,2,51.71,45.77,expired_card,mastercard,0.64,4,16,3,1,74.4,0
70,25,26.52,23.81,insufficient_funds,mastercard,0.854,2,14,6,2,131.95,1
0,24,28.46,32.66,processing_error,mastercard,0.417,3,17,3,3,28.46,0
6,16,163.89,160.38,expired_card,mastercard,0.561,2,9,2,1,163.89,0
0,16,123.05,121.6,insufficient_funds,elo,0.627,2,10,1,1,123.05,0
0,25,52.84,59.99,card_declined,elo,0.564,1,16,6,1,52.84,1
15,14,34.92,33.47,insufficient_funds,mastercard,0.718,2,15,4,1,36.61,1
1,5,76.86,70.79,processing_error,visa,0.424,5,18,0,1,76.86,0
44,10,263.54,230.16,insufficient_funds,elo,0.765,1,18,0,1,779.22,1
4,8,46.52,46.84,expired_card,elo,0.466,1,20,3,2,46.52,1
3,21,54.26,49.37,insufficient_funds,visa,0.686,0,19,4,1,54.26,0
1,6,33.95,29.52,insufficient_funds,amex,0.464,4,23,1,4,33.95,1
47,19,70.53,77.15,expired_card,hipercard,0.701,2,17,0,1,280.52,1
0,15,131.99,125.2,insufficient_funds,mastercard,0.596,3,20,4,2,131.99,0
40,25,639.9,655.14,expired_card,visa,0.722,3,22,0,1,2001.82,0
19,15,118.61,104.54,expired_card,mastercard,0.618,2,15,3,1,145.93,0
5,28,93.2,93.36,insufficient_funds,visa,0.479,1,9,6,1,93.2,0
71,27,210.39,218.71,insufficient_funds,visa,0.571,1,21,3,2,1229.33,1
57,6,181.43,178.7,card_declined,visa,0.576,4,9,0,4,802.14,0
1,21,58.51,55.66,insufficient_funds,elo,0.422,0,13,3,3,58.51,1
64,7,755.45,712.61,insufficient_funds,mastercard,0.831,1,20,0,1,3610.56,0
4,25,95.65,84.44,insufficient_funds,mastercard,0.395,2,11,5,1,95.65,0
30,19,120.59,106.69,insufficient_funds,visa,0.752,2,11,3,2,240.05,1
1,9,159.52,159.31,card_declined,mastercard,0.561,1,21,2,2,159.52,0
54,8,132.91,118.51,do_not_honor,mastercard,0.535,1,13,3,1,501.3,1
3,14,378.95,347.51,expired_card,mastercard,0.437,1,16,1,2,378.95,0
1,24,57.88,52.06,expired_card,visa,0.284,3,12,1,2,57.88,0
49,24,196.03,213.82,insufficient_funds,visa,0.772,0,14,2,2,813.44,1
21,2,113.14,111.43,card_declined,visa,0.729,2,20,4,1,172.58,0
7,9,234.01,237.7,processing_error,elo,0.419,2,21,3,1,234.01,0
0,14,80.76,82.77,insufficient_funds,mastercard,0.457,1,15,0,1,80.76,0
0,17,71.6,69.37,card_declined,elo,0.511,2,15,6,1,71.6,1
9,5,187.3,175.97,insufficient_funds,mastercard,0.607,1,18,1,1,187.3,1
1,11,134.34,129.6,insufficient_funds,visa,0.542,2,12,6,1,134.34,0
9,26,47.17,47.66,insufficient_funds,visa,0.562,1,19,2,2,47.17,1
5,15,323.02,309.32,insufficient_funds,visa,0.414,2,23,3,1,323.02,0
51,23,187.37,166.94,insufficient_funds,mastercard,0.667,1,10,3,1,663.38,1
1,15,91.51,102.87,insufficient_funds,elo,0.405,0,14,4,1,91.51,1
13,15,64.49,68.99,insufficient_funds,visa,0.531,1,9,1,2,65.15,0
55,19,135.08,117.5,insufficient_funds,mastercard,0.8,3,9,4,2,507.13,1
4,8,175.76,197.15,insufficient_funds,visa,0.693,1,16,2,1,175.76,1
10,8,23.72,21.38,insufficient_funds,visa,0.727,2,12,4,3,23.72,1
0,31,136.47,120.0,processing_error,mastercard,0.527,1,12,3,1,136.47,1
66,26,174.52,157.41,expired_card,visa,0.837,0,14,5,3,822.47,0
33,23,12.09,13.66,insufficient_funds,visa,0.604,2,18,6,1,34.0,1
2,5,116.36,106.63,insufficient_funds,elo,0.634,1,12,2,1,116.36,1
54,2,181.17,196.77,insufficient_funds,mastercard,0.8,2,16,1,2,832.34,1
5,6,163.76,170.79,insufficient_funds,visa,0.397,0,20,0,2,163.76,1
11,28,199.38,200.47,insufficient_funds,mastercard,0.581,1,8,2,1,199.38,1
3,24,73.07,70.12,insufficient_funds,visa,0.526,1,10,3,1,73.07,1
7,16,38.81,34.07,insufficient_funds,amex,0.515,0,16,4,2,38.81,1
32,29,19.76,21.01,card_declined,elo,0.768,2,12,4,1,50.61,0
1,5,257.91,249.77,insufficient_funds,visa,0.393,2,23,1,1,257.91,1
4,17,182.53,184.45,insufficient_funds,mastercard,0.66,3,8,3,1,182.53,0
2,6,275.99,238.88,insufficient_funds,visa,0.36,2,13,5,1,275.99,0
2,10,51.33,55.58,do_not_honor,elo,0.47,2,0,5,4,51.33,0
3,28,199.63,211.14,card_declined,visa,0.487,3,0,3,2,199.63,0
7,26,25.73,25.96,expired_card,mastercard,0.665,1,7,0,2,25.73,0
63,4,45.15,45.1,do_not_honor,visa,0.658,2,14,2,2,224.94,0
9,8,109.32,103.98,expired_card,elo,0.382,0,13,0,1,109.32,1
4,18,176.18,167.85,insufficient_funds,hipercard,0.627,3,14,4,1,176.18,0
41,2,434.36,378.13,card_declined,visa,0.633,1,14,2,1,1186.44,1
0,17,78.98,83.4,insufficient_funds,mastercard,0.51,2,8,1,2,78.98,1
42,17,45.3,39.12,expired_card,mastercard,0.7,3,17,1,2,125.97,0
0,9,43.28,36.81,insufficient_funds,mastercard,0.644,1,13,0,2,43.28,0
66,9,53.06,45.59,insufficient_funds,visa,0.852,2,16,5,2,238.21,1
52,7,702.99,640.45,insufficient_funds,mastercard,0.817,3,20,0,1,2599.52,0
24,28,191.47,195.5,insufficient_funds,elo,0.738,1,22,2,1,347.99,0
45,12,262.61,276.88,expired_card,hipercard,0.817,1,22,4,2,960.43,0
3,17,79.05,77.17,insufficient_funds,elo,0.638,2,14,5,3,79.05,0
1,9,97.61,94.93,insufficient_funds,mastercard,0.426,1,10,6,2,97.61,0
16,22,181.92,186.11,insufficient_funds,visa,0.497,0,16,1,1,217.54,1
20,4,62.37,64.18,processing_error,visa,0.446,4,22,0,3,94.49,1
51,3,75.46,83.27,processing_error,mastercard,0.658,3,20,4,2,330.89,1
24,23,53.68,58.82,card_declined,mastercard,0.647,1,15,3,2,104.7,0
14,23,65.69,72.07,insufficient_funds,elo,0.516,2,20,2,2,73.43,0
1,8,102.1,112.64,insufficient_funds,mastercard,0.497,4,10,4,2,102.1,0
7,12,47.11,52.48,insufficient_funds,visa,0.251,0,0,6,2,47.11,0
0,29,126.02,128.11,insufficient_funds,visa,0.394,2,22,1,1,126.02,0
5,4,125.86,129.45,insufficient_funds,mastercard,0.529,0,23,4,2,125.86,0
2,6,83.36,89.04,do_not_honor,visa,0.566,1,19,3,2,83.36,0
11,14,46.87,42.64,insufficient_funds,visa,0.594,4,13,4,1,46.87,1
12,9,107.3,102.81,insufficient_funds,visa,0.55,2,8,3,1,107.3,0
0,19,62.42,70.15,expired_card,mastercard,0.601,3,1,6,2,62.42,0
0,21,101.88,102.58,insufficient_funds,visa,0.681,0,0,1,1,101.88,1
62,16,259.27,224.41,insufficient_funds,hipercard,0.89,3,12,6,1,1101.48,1
49,18,32.12,31.21,card_declined,amex,0.86,2,12,4,3,118.73,0
7,14,673.92,605.34,processing_error,visa,0.323,2,12,6,2,673.92,0
51,24,91.65,87.7,card_declined,elo,0.832,0,22,5,2,348.5,1
12,2,140.93,142.83,do_not_honor,mastercard,0.554,3,10,4,2,140.93,0
48,10,50.09,50.17,insufficient_funds,amex,0.78,0,9,0,2,186.63,1
1,21,269.62,268.85,expired_card,mastercard,0.475,2,14,4,1,269.62,0
10,11,87.43,74.8,do_not_honor,visa,0.644,1,20,1,1,87.43,0
0,3,68.88,67.75,insufficient_funds,visa,0.604,2,15,2,3,68.88,1
2,11,58.63,50.34,processing_error,hipercard,0.618,0,18,2,3,58.63,0
16,22,77.01,74.81,do_not_honor,amex,0.471,1,17,6,1,87.44,0
0,4,141.74,147.99,expired_card,mastercard,0.493,1,10,6,2,141.74,0
39,23,113.97,101.18,insufficient_funds,mastercard,0.57,2,19,5,1,300.88,0
5,24,94.35,106.15,insufficient_funds,mastercard,0.561,1,9,0,3,94.35,0
13,19,51.96,53.99,card_declined,elo,0.626,0,18,2,1,51.96,1
3,8,49.36,45.18,do_not_honor,mastercard,0.594,0,22,0,1,49.36,0
0,24,64.91,62.85,insufficient_funds,visa,0.362,1,9,5,1,64.91,1
4,7,147.12,129.33,insufficient_funds,visa,0.428,2,9,0,2,147.12,1
3,27,176.04,150.8,insufficient_funds,mastercard,0.533,1,23,4,2,176.04,0
42,22,198.43,223.19,insufficient_funds,visa,0.851,2,23,3,2,718.67,0
59,2,97.62,102.75,card_declined,elo,0.932,1,15,1,4,479.09,0
14,24,137.43,148.96,insufficient_funds,hipercard,0.675,0,9,3,1,151.77,1
5,16,84.16,87.24,insufficient_funds,visa,0.664,2,17,1,2,84.16,0
4,15,20.8,23.34,expired_card,amex,0.454,0,16,1,1,20.8,1
17,14,80.69,90.27,insufficient_funds,elo,0.248,1,14,0,2,112.32,0
21,18,70.04,60.76,card_declined,mastercard,0.479,1,19,3,1,94.1,1
26,23,38.84,35.22,insufficient_funds,visa,0.521,1,11,6,4,68.17,0
8,27,59.05,57.2,insufficient_funds,mastercard,0.664,0,20,2,3,59.05,1
4,8,110.21,104.96,processing_error,hipercard,0.629,2,17,3,4,110.21,0
63,19,35.72,35.99,insufficient_funds,mastercard,0.89,0,9,2,2,179.5,1
3,21,51.99,48.35,insufficient_funds,mastercard,0.55,2,14,1,2,51.99,0
27,20,386.6,421.1,insufficient_funds,visa,0.646,1,16,3,1,847.99,1
31,16,23.54,20.06,expired_card,visa,0.749,1,15,1,1,46.73,1
0,12,83.07,90.33,insufficient_funds,mastercard,0.619,1,15,4,1,83.07,1
2,24,34.69,33.58,expired_card,mastercard,0.554,0,20,6,4,34.69,0
46,9,50.14,42.7,insufficient_funds,amex,0.727,1,16,2,2,151.68,0
0,6,82.0,90.54,do_not_honor,mastercard,0.462,1,11,4,1,82.0,0
2,17,40.66,40.01,expired_card,visa,0.432,0,16,1,2,40.66,0
36,8,162.75,173.72,processing_error,visa,0.686,0,12,3,2,474.26,0
3,2,324.61,361.46,card_declined,visa,0.651,6,10,3,4,324.61,0
15,2,206.45,177.61,processing_error,visa,0.638,1,23,5,2,206.45,1
0,21,242.88,225.55,insufficient_funds,visa,0.246,1,17,4,3,242.88,0
0,30,28.7,25.42,insufficient_funds,elo,0.296,1,13,1,3,28.7,0
19,15,78.77,69.27,do_not_honor,mastercard,0.746,4,12,5,2,96.7,1
63,5,148.06,167.85,do_not_honor,amex,0.895,3,14,5,1,837.15,1
4,25,211.93,231.36,do_not_honor,hipercard,0.416,2,20,3,1,211.93,0
0,8,464.01,445.18,generic_decline,visa,0.648,1,20,3,3,464.01,0
2,31,252.66,266.86,expired_card,elo,0.398,1,16,4,3,252.66,0
4,17,216.75,244.02,insufficient_funds,visa,0.327,5,20,2,1,216.75,0
10,7,1014.17,929.23,processing_error,visa,0.595,1,16,3,1,1014.17,1
7,16,106.48,90.96,insufficient_funds,visa,0.523,0,20,4,3,106.48,0
4,11,75.61,82.96,processing_error,visa,0.605,0,20,1,1,75.61,1
13,24,114.43,122.08,processing_error,mastercard,0.484,2,16,0,2,115.28,0
66,4,43.36,38.94,expired_card,elo,0.877,5,10,1,4,203.46,0
16,25,103.8,103.48,insufficient_funds,mastercard,0.573,1,19,2,2,120.96,1
66,24,21.08,18.93,expired_card,mastercard,0.705,2,21,6,1,98.91,0
47,26,61.07,62.95,do_not_honor,elo,0.691,0,16,6,4,228.88,0
31,27,88.23,92.14,insufficient_funds,elo,0.767,1,18,4,1,214.62,0
3,7,227.23,212.01,insufficient_funds,amex,0.301,5,15,0,3,227.23,1
1,16,262.27,284.37,card_declined,mastercard,0.197,3,0,0,1,262.27,0
58,25,41.53,41.2,processing_error,visa,0.68,1,20,0,1,188.51,1
12,12,618.03,656.29,expired_card,mastercard,0.44,2,15,2,1,618.03,1
65,2,111.52,116.2,expired_card,mastercard,0.931,3,23,4,2,597.95,1
8,9,120.98,119.19,insufficient_funds,visa,0.321,1,1,6,2,120.98,1
2,8,23.23,21.79,insufficient_funds,elo,0.461,0,22,1,2,23.23,0
0,26,56.35,51.35,do_not_honor,amex,0.622,2,9,0,1,56.35,0
0,15,248.38,266.71,insufficient_funds,hipercard,0.607,1,8,1,4,248.38,1
18,21,113.66,118.5,insufficient_funds,visa,0.597,0,14,3,1,156.42,1
49,29,107.57,100.5,insufficient_funds,visa,0.741,1,10,0,1,382.33,0
20,9,119.61,136.37,insufficient_funds,visa,0.509,0,17,5,1,200.77,1
10,24,27.12,29.64,insufficient_funds,elo,0.678,1,17,4,1,27.12,0
1,1,89.71,79.67,card_declined,mastercard,0.568,1,21,5,4,89.71,0
0,4,341.52,306.95,insufficient_funds,elo,0.529,0,21,6,1,341.52,1
2,6,256.65,260.04,expired_card,amex,0.629,4,12,4,1,256.65,0
7,10,87.46,77.03,insufficient_funds,visa,0.624,2,20,5,1,87.46,0
38,13,392.06,446.67,do_not_honor,visa,0.592,1,23,4,3,1291.87,0
8,15,31.94,33.26,insufficient_funds,elo,0.731,1,13,1,2,31.94,0
12,8,41.23,35.86,insufficient_funds,visa,0.506,2,13,1,1,41.23,1
6,3,511.76,503.08,insufficient_funds,mastercard,0.539,2,10,6,1,511.76,0
0,20,163.34,149.72,generic_decline,mastercard,0.5,2,23,2,2,163.34,0
4,1,75.62,75.4,card_declined,mastercard,0.629,1,23,3,4,75.62,0
58,24,93.06,86.0,expired_card,hipercard,0.701,2,18,1,2,393.5,0
9,28,47.74,52.49,insufficient_funds,visa,0.692,1,0,0,1,47.74,1
44,22,124.97,133.26,insufficient_funds,mastercard,0.483,1,16,2,1,451.16,0
5,18,116.48,130.69,generic_decline,hipercard,0.565,2,22,4,1,116.48,0
29,20,99.49,90.47,insufficient_funds,visa,0.724,3,8,6,2,196.41,1
3,20,34.89,33.69,card_declined,elo,0.596,2,14,1,1,34.89,0
35,28,123.67,135.0,processing_error,amex,0.666,2,8,2,1,357.66,1
63,29,61.07,58.76,expired_card,visa,0.812,3,22,6,1,293.07,0
37,14,40.71,39.23,insufficient_funds,visa,0.658,0,17,4,1,110.27,1
9,18,301.16,345.07,insufficient_funds,visa,0.628,4,17,1,1,301.16,0
0,24,671.67,726.25,insufficient_funds,visa,0.597,0,13,6,3,671.67,0
54,1,548.96,608.38,generic_decline,visa,0.83,2,14,0,2,2573.45,1
22,16,174.15,169.29,processing_error,visa,0.598,0,19,4,3,275.19,1
5,20,77.21,79.2,insufficient_funds,mastercard,0.448,2,8,6,1,77.21,1
28,22,91.83,90.47,do_not_honor,elo,0.58,0,18,0,1,189.28,1
32,12,140.15,138.06,insufficient_funds,visa,0.809,0,15,3,1,332.57,1
9,9,67.3,59.78,insufficient_funds,mastercard,0.661,1,14,2,1,67.3,1
10,6,315.42,347.79,insufficient_funds,visa,0.723,0,17,2,2,315.42,0
3,17,16.02,15.49,do_not_honor,mastercard,0.634,1,0,1,1,16.02,0
2,28,75.17,77.02,insufficient_funds,visa,0.462,2,16,6,3,75.17,0
1,27,199.14,220.47,insufficient_funds,visa,0.532,0,16,0,2,199.14,0
2,12,46.14,49.93,insufficient_funds,hipercard,0.508,1,9,0,1,46.14,1
16,8,78.97,71.82,insufficient_funds,elo,0.634,3,9,0,2,83.95,0
9,24,165.63,171.52,insufficient_funds,mastercard,0.475,0,14,0,2,165.63,0
5,23,376.56,376.08,insufficient_funds,elo,0.71,0,22,3,1,376.56,1
3,16,30.97,28.74,processing_error,mastercard,0.652,0,17,1,2,30.97,0
66,12,29.0,25.01,generic_decline,visa,0.899,1,16,6,2,130.68,0
62,4,42.18,43.82,insufficient_funds,mastercard,0.812,1,23,5,2,215.08,1
0,24,24.94,27.03,do_not_honor,elo,0.432,1,16,4,1,24.94,0
21,18,26.57,30.09,processing_error,hipercard,0.68,5,0,1,2,46.6,1
0,12,41.2,39.41,do_not_honor,mastercard,0.588,1,21,6,1,41.2,0
43,28,292.4,283.56,insufficient_funds,visa,0.64,2,23,0,4,936.5,1
21,20,74.08,66.59,processing_error,elo,0.529,0,23,6,2,103.13,1
5,28,100.51,115.12,expired_card,mastercard,0.537,3,11,1,3,100.51,0
1,15,41.83,46.22,insufficient_funds,visa,0.53,6,16,4,2,41.83,1
1,15,171.6,195.16,card_declined,mastercard,0.518,1,14,4,3,171.6,1
3,28,517.31,516.59,insufficient_funds,visa,0.532,2,15,3,2,517.31,1
7,29,44.43,40.56,processing_error,mastercard,0.474,1,13,2,2,44.43,0
4,29,452.37,462.3,expired_card,elo,0.382,2,1,1,2,452.37,0
55,25,135.11,129.93,insufficient_funds,visa,0.637,4,11,2,4,560.77,1
3,15,99.22,94.69,insufficient_funds,mastercard,0.474,1,8,6,1,99.22,0
4,6,139.47,122.0,do_not_honor,visa,0.547,1,15,1,1,139.47,0
11,12,138.28,120.57,insufficient_funds,visa,0.658,3,10,4,2,138.28,0
69,28,508.81,490.31,processing_error,elo,0.801,1,15,0,1,2678.32,1
57,12,155.17,175.01,card_declined,mastercard,0.923,0,10,1,3,785.58,0
15,24,158.07,168.65,insufficient_funds,elo,0.719,0,18,0,3,184.46,0
4,28,67.22,72.47,expired_card,mastercard,0.642,4,22,6,1,67.22,0
25,29,205.97,189.55,generic_decline,elo,0.317,1,16,4,4,352.12,0
24,28,41.78,44.72,do_not_honor,visa,0.743,0,8,4,2,79.6,1
33,17,107.69,104.66,insufficient_funds,mastercard,0.686,1,10,4,2,260.47,0
1,16,1266.0,1098.66,insufficient_funds,visa,0.608,2,20,0,1,1266.0,0
0,31,10.57,10.24,insufficient_funds,elo,0.383,3,14,3,2,10.57,0
5,7,120.24,106.94,card_declined,mastercard,0.686,0,18,6,1,120.24,0
15,6,124.42,137.62,insufficient_funds,visa,0.367,1,18,4,1,150.52,0
5,29,79.82,87.97,insufficient_funds,mastercard,0.636,1,11,4,2,79.82,0
24,21,81.51,76.31,insufficient_funds,elo,0.499,2,12,4,4,135.83,0
64,16,106.02,109.58,generic_decline,visa,0.778,1,19,1,1,555.21,1
29,4,78.14,74.95,insufficient_funds,mastercard,0.675,0,0,2,2,162.71,0
66,16,119.05,106.7,card_declined,elo,0.894,2,15,0,1,557.51,0
0,28,63.39,66.23,insufficient_funds,visa,0.514,2,9,4,1,63.39,1
20,18,589.27,635.25,expired_card,mastercard,0.618,1,16,1,1,935.23,1
0,13,78.14,84.58,expired_card,amex,0.646,3,15,2,1,78.14,0
51,17,162.13,145.07,do_not_honor,visa,0.827,2,16,0,4,576.47,0
3,26,53.95,54.15,card_declined,visa,0.341,0,13,6,2,53.95,0
9,27,223.92,191.94,insufficient_funds,mastercard,0.534,0,11,1,2,223.92,0
13,13,187.53,164.47,insufficient_funds,mastercard,0.617,0,15,2,2,187.53,1
58,18,141.86,124.03,insufficient_funds,elo,0.841,5,15,2,1,567.51,1
4,9,39.24,34.03,insufficient_funds,mastercard,0.662,1,15,1,1,39.24,0
15,15,50.1,47.6,generic_decline,mastercard,0.628,1,16,5,4,52.06,1
3,7,437.13,418.47,insufficient_funds,mastercard,0.431,1,15,1,2,437.13,0
0,16,49.61,52.55,do_not_honor,visa,0.409,2,13,1,1,49.61,0
0,17,172.73,163.91,insufficient_funds,mastercard,0.321,2,12,5,1,172.73,0
18,11,42.23,37.67,do_not_honor,visa,0.676,2,19,2,1,49.72,1
8,8,239.4,271.49,do_not_honor,hipercard,0.579,1,16,3,3,239.4,0
0,5,53.13,59.11,expired_card,visa,0.453,2,9,5,2,53.13,0
41,5,41.55,36.87,insufficient_funds,visa,0.723,0,11,2,1,115.68,1
51,22,51.92,49.78,do_not_honor,elo,0.496,3,15,2,3,197.81,1
28,7,59.77,53.82,do_not_honor,visa,0.391,1,1,1,1,112.6,1
3,4,140.03,159.32,insufficient_funds,mastercard,0.615,1,9,0,3,140.03,0
3,31,103.96,99.47,do_not_honor,amex,0.71,2,9,4,2,103.96,0
12,8,36.95,32.5,do_not_honor,elo,0.538,0,21,2,3,36.95,0
0,27,95.35,101.84,insufficient_funds,visa,0.474,2,14,0,3,95.35,0
51,18,35.4,37.65,insufficient_funds,visa,0.9,4,21,6,1,149.61,1
1,22,173.14,159.69,insufficient_funds,mastercard,0.467,1,14,2,1,173.14,1
48,17,203.76,192.85,insufficient_funds,mastercard,0.649,0,18,0,3,717.4,1
67,6,95.69,93.25,do_not_honor,visa,0.903,1,16,2,3,494.61,0
1,25,124.43,115.76,do_not_honor,visa,0.564,0,11,4,1,124.43,0
24,25,463.5,434.14,insufficient_funds,elo,0.657,2,22,1,2,772.77,1
2,11,84.98,92.67,expired_card,visa,0.568,1,22,0,1,84.98,0
0,24,42.25,45.44,expired_card,elo,0.527,2,19,6,2,42.25,0
1,17,163.51,172.96,insufficient_funds,visa,0.491,3,18,4,3,163.51,0
8,27,35.74,37.74,card_declined,mastercard,0.49,1,15,3,2,35.74,1
52,24,81.07,81.6,expired_card,mastercard,0.604,1,9,5,4,331.21,0
4,2,57.42,54.85,insufficient_funds,visa,0.449,2,14,1,1,57.42,1
13,26,52.4,55.87,insufficient_funds,mastercard,0.593,3,19,4,1,52.76,0
1,29,78.28,69.27,do_not_honor,visa,0.532,0,15,0,1,78.28,0
0,23,217.41,194.0,insufficient_funds,amex,0.617,0,23,1,1,217.41,1
25,4,261.01,231.75,insufficient_funds,elo,0.789,0,17,0,1,430.51,0
23,24,222.55,238.09,generic_decline,visa,0.647,2,10,1,1,405.38,0
17,19,131.79,135.41,do_not_honor,mastercard,0.474,1,8,5,2,168.49,0
55,11,77.75,76.59,card_declined,amex,0.608,2,11,2,1,330.56,0
0,26,12.04,11.95,insufficient_funds,mastercard,0.436,0,16,0,2,12.04,0
0,17,135.5,148.82,expired_card,visa,0.529,1,23,6,1,135.5,0
48,25,12.91,11.44,expired_card,elo,0.733,4,23,2,1,42.56,1
6,20,17.71,17.09,insufficient_funds,visa,0.364,0,20,1,2,17.71,1
4,9,84.67,91.28,insufficient_funds,mastercard,0.567,0,11,2,2,84.67,0
1,30,123.65,129.51,insufficient_funds,visa,0.532,1,23,0,3,123.65,0
1,17,65.48,64.21,insufficient_funds,mastercard,0.655,4,23,2,1,65.48,0
14,16,382.38,350.76,generic_decline,mastercard,0.61,2,17,2,2,382.38,0
7,13,147.36,167.1,card_declined,visa,0.354,0,0,6,3,147.36,0
0,5,78.32,76.16,insufficient_funds,amex,0.535,2,11,4,2,78.32,1
34,21,334.91,372.87,insufficient_funds,mastercard,0.819,3,15,4,1,957.86,1
17,14,392.56,425.28,expired_card,visa,0.73,2,12,6,1,529.18,0
15,28,154.12,170.84,insufficient_funds,elo,0.508,4,17,0,1,186.86,1
11,29,49.09,41.98,insufficient_funds,mastercard,0.656,0,16,3,1,49.09,1
2,24,59.96,59.55,do_not_honor,visa,0.58,1,23,4,1,59.96,0
4,8,27.04,25.09,do_not_honor,mastercard,0.496,1,14,3,2,27.04,0
6,22,94.13,87.75,do_not_honor,hipercard,0.569,0,1,1,1,94.13,0
1,1,38.46,35.8,insufficient_funds,visa,0.591,2,5,1,1,38.46,0
4,25,72.97,70.55,processing_error,amex,0.524,1,10,0,3,72.97,0
4,16,123.21,119.91,card_declined,mastercard,0.54,1,11,1,1,123.21,1
7,28,16.78,17.45,insufficient_funds,visa,0.451,2,18,3,1,16.78,1
14,12,31.81,29.9,insufficient_funds,elo,0.729,0,18,5,1,31.81,1
0,8,62.31,58.06,insufficient_funds,mastercard,0.524,2,21,4,3,62.31,1
2,31,93.29,89.39,insufficient_funds,elo,0.455,0,0,6,1,93.29,1
8,16,63.03,66.56,do_not_honor,mastercard,0.411,0,18,6,2,63.03,0
0,26,76.87,65.34,expired_card,visa,0.66,0,16,1,3,76.87,0
4,27,52.2,56.07,generic_decline,visa,0.538,0,12,4,1,52.2,0
2,16,26.97,25.67,expired_card,visa,0.372,2,17,4,1,26.97,0
2,15,60.79,62.18,insufficient_funds,mastercard,0.379,0,9,0,4,60.79,1
2,17,80.89,87.24,insufficient_funds,hipercard,0.413,0,0,3,1,80.89,0
51,25,74.19,74.43,insufficient_funds,elo,0.723,1,15,5,2,295.77,0
13,29,107.95,112.72,do_not_honor,elo,0.541,0,17,2,3,107.95,0
11,10,141.81,159.68,insufficient_funds,mastercard,0.57,2,16,2,3,141.81,0
19,23,179.11,153.85,insufficient_funds,visa,0.627,3,20,3,1,214.77,1
3,9,55.68,53.17,insufficient_funds,elo,0.504,3,11,0,3,55.68,0
4,18,24.11,27.2,processing_error,visa,0.656,4,13,0,1,24.11,1
2,24,302.46,333.08,insufficient_funds,visa,0.639,1,16,0,3,302.46,0
0,26,137.66,142.48,insufficient_funds,visa,0.351,0,14,2,3,137.66,0
1,15,41.86,38.46,card_declined,amex,0.626,4,20,2,2,41.86,0
19,12,125.1,118.74,insufficient_funds,elo,0.458,0,0,6,2,165.76,1
0,8,252.42,279.53,expired_card,visa,0.422,3,20,6,2,252.42,0
12,5,454.15,481.16,expired_card,amex,0.676,1,20,2,1,454.15,1
54,12,122.12,114.27,insufficient_funds,elo,0.802,3,18,6,1,483.36,0
7,26,250.56,222.92,insufficient_funds,mastercard,0.604,3,16,0,1,250.56,1
6,13,33.38,36.19,insufficient_funds,visa,0.324,2,11,1,1,33.38,1
4,10,94.68,96.85,insufficient_funds,visa,0.513,2,9,3,2,94.68,0
1,23,72.59,82.68,expired_card,visa,0.547,2,22,2,1,72.59,0
1,7,132.52,128.8,insufficient_funds,mastercard,0.619,2,23,3,1,132.52,1
0,8,408.96,390.44,insufficient_funds,mastercard,0.553,2,10,0,2,408.96,0
11,28,122.04,114.38,card_declined,visa,0.523,1,14,4,2,122.04,1
22,3,42.5,42.27,card_declined,visa,0.528,0,11,1,2,68.71,1
6,13,31.82,30.13,do_not_honor,mastercard,0.554,1,11,1,2,31.82,0
3,17,421.72,367.72,do_not_honor,elo,0.501,4,18,6,2,421.72,0
7,7,154.29,145.59,insufficient_funds,visa,0.589,3,23,6,2,154.29,1
21,9,145.54,133.27,insufficient_funds,elo,0.434,3,14,2,2,206.4,0
57,7,72.03,78.85,expired_card,hipercard,0.788,3,21,2,2,353.94,1
1,11,124.01,114.17,processing_error,elo,0.575,3,22,5,1,124.01,1
22,27,40.68,40.18,insufficient_funds,mastercard,0.705,2,18,4,3,65.31,0
0,14,137.88,145.03,generic_decline,elo,0.407,2,20,0,3,137.88,0
10,13,34.42,30.8,expired_card,amex,0.525,1,8,2,3,34.42,1
8,12,71.04,71.71,insufficient_funds,elo,0.624,0,20,3,4,71.04,1
2,29,55.22,60.97,processing_error,visa,0.459,0,9,3,2,55.22,1
6,4,5.41,5.55,insufficient_funds,visa,0.715,2,19,0,2,5.41,0
23,26,71.83,71.45,do_not_honor,visa,0.574,3,23,4,1,121.65,0
4,10,43.99,48.46,insufficient_funds,visa,0.481,3,12,4,3,43.99,0
0,29,81.09,91.97,card_declined,elo,0.587,4,15,5,1,81.09,0
71,10,97.9,107.33,expired_card,visa,0.901,1,15,4,2,603.28,1
1,3,470.06,457.14,insufficient_funds,elo,0.553,2,10,0,2,470.06,0
40,16,128.13,132.42,card_declined,mastercard,0.789,1,0,1,1,404.62,1
43,7,131.52,132.57,insufficient_funds,mastercard,0.754,2,20,3,1,437.83,0
5,23,151.81,142.85,insufficient_funds,visa,0.482,0,22,2,1,151.81,1
8,20,212.05,207.94,insufficient_funds,visa,0.652,0,12,4,2,212.05,1
8,21,146.34,160.8,processing_error,visa,0.433,4,18,0,3,146.34,0
7,6,125.54,118.03,do_not_honor,amex,0.688,3,17,1,1,125.54,0
1,22,183.86,205.35,insufficient_funds,visa,0.24,0,13,1,4,183.86,0
1,10,11.32,12.99,processing_error,visa,0.53,0,12,3,1,11.32,1
27,31,625.22,588.98,do_not_honor,visa,0.715,4,22,0,1,1186.06,0
2,23,401.24,355.83,insufficient_funds,mastercard,0.559,0,14,2,3,401.24,0
19,18,118.54,134.8,generic_decline,mastercard,0.747,2,23,5,4,188.18,0
0,26,27.86,25.11,insufficient_funds,hipercard,0.655,2,21,4,1,27.86,0
2,18,286.45,309.78,processing_error,visa,0.627,0,21,2,1,286.45,1
2,17,52.77,45.47,expired_card,visa,0.638,0,11,3,1,52.77,0
5,7,157.06,144.6,generic_decline,elo,0.64,3,14,0,1,157.06,1
26,20,31.27,29.02,insufficient_funds,visa,0.789,2,9,5,1,56.17,1
24,12,706.35,663.38,insufficient_funds,visa,0.519,1,14,1,2,1180.82,0
2,2,27.15,30.57,processing_error,amex,0.568,2,23,1,1,27.15,1
3,24,103.93,93.81,card_declined,mastercard,0.474,2,17,1,1,103.93,1
51,2,14.84,13.39,expired_card,mastercard,0.652,1,13,1,1,53.21,1
2,20,94.23,99.65,expired_card,hipercard,0.417,3,12,5,4,94.23,0
6,5,67.0,76.09,card_declined,visa,0.668,2,11,0,2,67.0,0
5,14,268.42,259.5,insufficient_funds,visa,0.499,0,9,3,1,268.42,0
22,26,66.99,72.48,insufficient_funds,visa,0.767,0,10,4,1,117.82,1
6,4,268.77,230.96,insufficient_funds,visa,0.576,1,14,0,3,268.77,0
21,20,39.36,43.19,insufficient_funds,mastercard,0.619,2,14,3,1,66.89,1
40,18,76.09,81.19,processing_error,elo,0.843,2,14,2,2,248.08,1
29,26,77.46,86.68,insufficient_funds,hipercard,0.792,2,10,4,2,188.18,0
5,6,151.81,158.07,insufficient_funds,elo,0.417,1,12,6,3,151.81,0
56,24,135.59,153.54,insufficient_funds,amex,0.814,4,15,0,2,675.92,1
43,15,185.67,179.53,do_not_honor,mastercard,0.694,2,8,1,1,592.92,1
1,14,123.89,132.53,insufficient_funds,visa,0.434,3,5,4,1,123.89,0
20,12,175.89,187.79,insufficient_funds,visa,0.594,2,20,6,1,276.47,1
5,12,44.03,40.97,processing_error,mastercard,0.358,1,10,6,2,44.03,1
7,16,138.07,155.49,insufficient_funds,visa,0.297,2,13,6,2,138.07,0
19,4,407.88,442.04,processing_error,visa,0.524,1,8,5,1,617.08,1
0,14,21.98,24.4,insufficient_funds,hipercard,0.524,3,10,0,2,21.98,0
19,20,150.93,144.71,card_declined,visa,0.664,1,21,5,3,202.01,0
63,16,178.32,196.58,insufficient_funds,elo,0.694,0,22,0,1,980.44,1
13,6,357.94,338.07,insufficient_funds,visa,0.556,1,14,3,1,357.94,1
3,12,186.3,212.26,insufficient_funds,mastercard,0.592,0,11,3,1,186.3,1
29,14,106.86,91.6,expired_card,mastercard,0.663,1,18,4,1,198.86,1
4,20,143.23,148.35,processing_error,visa,0.513,0,11,0,1,143.23,1
41,27,50.88,44.96,insufficient_funds,visa,0.52,0,18,4,1,141.07,0
7,17,69.25,73.79,expired_card,mastercard,0.404,1,18,0,1,69.25,0
38,20,29.84,28.62,insufficient_funds,mastercard,0.638,0,20,6,1,82.78,1
24,3,366.25,406.97,processing_error,visa,0.446,1,11,3,1,724.41,1
1,29,145.81,162.11,do_not_honor,visa,0.296,3,13,1,4,145.81,0
21,10,43.32,41.61,insufficient_funds,visa,0.71,1,11,1,2,64.44,1
29,12,124.39,135.96,insufficient_funds,visa,0.821,2,17,6,3,295.17,1
0,7,273.76,288.64,processing_error,amex,0.485,2,23,4,2,273.76,0
67,4,236.11,230.91,do_not_honor,visa,0.72,3,14,3,1,1224.79,1
0,24,42.88,40.86,expired_card,mastercard,0.512,1,13,4,3,42.88,1
4,8,6.04,5.52,insufficient_funds,mastercard,0.435,5,16,6,3,6.04,0
32,9,138.88,120.68,card_declined,elo,0.608,1,13,3,1,290.7,0
3,6,44.46,44.69,insufficient_funds,visa,0.566,3,9,6,1,44.46,0
1,30,169.9,171.94,generic_decline,mastercard,0.549,1,15,1,4,169.9,0
1,24,227.36,223.54,processing_error,mastercard,0.279,3,16,5,3,227.36,0
7,28,262.86,298.39,do_not_honor,visa,0.274,1,14,4,1,262.86,0
9,26,460.47,393.29,do_not_honor,visa,0.603,0,20,6,2,460.47,1
9,27,293.14,323.95,do_not_honor,elo,0.412,1,18,5,3,293.14,1
2,15,462.44,504.17,insufficient_funds,mastercard,0.524,0,15,6,1,462.44,1
0,6,332.76,358.59,do_not_honor,visa,0.464,1,23,4,1,332.76,0
64,10,359.55,362.24,insufficient_funds,mastercard,0.679,1,16,3,2,1835.35,1
3,9,94.26,85.5,insufficient_funds,visa,0.543,2,14,2,1,94.26,0
8,22,31.1,34.49,insufficient_funds,visa,0.648,3,14,2,1,31.1,1
0,1,886.61,951.67,insufficient_funds,visa,0.672,3,0,4,2,886.61,0
42,5,103.37,113.69,insufficient_funds,visa,0.763,3,18,0,3,366.08,1
3,21,291.16,268.08,insufficient_funds,mastercard,0.429,2,19,1,1,291.16,0
32,4,59.95,60.93,insufficient_funds,mastercard,0.793,2,11,2,1,146.77,1
8,2,230.13,224.33,insufficient_funds,visa,0.626,2,20,5,1,230.13,1
4,4,11.14,11.61,insufficient_funds,mastercard,0.575,3,18,0,1,11.14,1
0,21,67.88,73.02,card_declined,elo,0.499,0,6,1,1,67.88,0
8,5,89.57,80.8,expired_card,mastercard,0.689,0,12,5,1,89.57,0
18,5,147.43,133.01,card_declined,visa,0.503,1,23,3,3,175.57,1
1,7,253.33,218.64,processing_error,visa,0.434,1,0,2,2,253.33,0
1,23,36.98,33.18,card_declined,hipercard,0.57,0,22,0,1,36.98,0
14,6,175.68,161.99,insufficient_funds,visa,0.654,3,20,3,4,175.68,0
7,2,290.63,253.36,insufficient_funds,visa,0.576,0,19,4,1,290.63,1
19,27,785.46,751.46,insufficient_funds,mastercard,0.713,0,16,0,2,1049.02,0
1,26,183.11,192.73,insufficient_funds,elo,0.432,3,11,4,2,183.11,0
6,6,64.99,70.7,do_not_honor,amex,0.376,0,10,6,4,64.99,0
0,8,31.59,30.13,insufficient_funds,visa,0.612,6,6,3,3,31.59,1
18,6,496.35,434.38,generic_decline,hipercard,0.495,2,16,1,1,573.38,0
6,22,188.18,202.82,insufficient_funds,visa,0.356,1,22,5,2,188.18,0
0,8,95.86,92.73,card_declined,elo,0.666,2,10,0,2,95.86,0
8,28,23.19,21.46,insufficient_funds,visa,0.481,5,11,1,1,23.19,0
1,25,42.74,42.36,do_not_honor,hipercard,0.574,0,9,4,2,42.74,0
55,18,171.26,195.4,processing_error,amex,0.649,1,17,6,1,843.34,1
50,1,133.85,128.74,insufficient_funds,elo,0.908,0,19,1,1,500.66,1
7,26,17.35,19.74,insufficient_funds,mastercard,0.653,1,21,3,1,17.35,0
0,23,171.46,158.76,expired_card,visa,0.339,3,11,3,1,171.46,0
1,24,24.27,21.4,insufficient_funds,mastercard,0.617,6,18,4,1,24.27,1
21,3,325.44,291.97,insufficient_funds,visa,0.523,3,15,0,2,452.19,0
0,22,117.64,127.3,generic_decline,elo,0.454,1,23,0,3,117.64,0
30,24,64.76,65.49,expired_card,visa,0.679,1,18,4,3,147.35,0
2,29,235.56,241.35,insufficient_funds,visa,0.538,2,8,6,1,235.56,1
34,17,133.81,152.59,insufficient_funds,visa,0.64,0,13,6,1,391.99,1
3,16,317.14,317.6,insufficient_funds,elo,0.661,1,18,5,1,317.14,0
52,14,104.99,92.93,processing_error,mastercard,0.535,1,18,6,3,377.19,0
1,22,110.58,117.83,insufficient_funds,mastercard,0.58,2,14,1,3,110.58,0
3,28,75.87,69.22,insufficient_funds,visa,0.65,5,12,0,4,75.87,0
38,18,123.47,126.49,insufficient_funds,visa,0.856,1,11,1,4,365.84,1
5,7,441.73,488.69,generic_decline,mastercard,0.559,0,13,4,3,441.73,1
42,1,62.54,62.11,insufficient_funds,visa,0.671,3,8,3,1,199.99,0
39,19,173.81,164.13,card_declined,mastercard,0.811,1,14,6,2,488.08,1
4,26,44.71,45.72,insufficient_funds,mastercard,0.494,2,10,0,3,44.71,0
2,3,15.59,13.85,processing_error,hipercard,0.567,3,11,1,3,15.59,0
23,13,117.53,110.74,insufficient_funds,visa,0.492,3,11,0,1,188.55,0
8,28,135.83,136.0,do_not_honor,visa,0.673,2,10,1,2,135.83,0
1,16,88.65,82.11,generic_decline,amex,0.477,2,15,2,1,88.65,0
47,7,25.88,22.3,insufficient_funds,amex,0.629,2,18,2,1,81.08,0
2,12,128.09,131.36,insufficient_funds,mastercard,0.558,1,22,0,1,128.09,1
2,13,123.84,120.17,generic_decline,visa,0.585,1,16,3,4,123.84,0
4,4,44.38,42.92,insufficient_funds,mastercard,0.565,3,5,1,2,44.38,0
3,20,29.37,33.75,processing_error,mastercard,0.527,0,13,0,3,29.37,0
2,18,78.12,69.02,processing_error,visa,0.585,0,16,2,1,78.12,1
10,19,174.58,156.47,insufficient_funds,visa,0.348,0,18,6,1,174.58,1
3,18,141.53,157.51,insufficient_funds,mastercard,0.612,3,11,6,1,141.53,1
0,1,44.7,39.74,insufficient_funds,visa,0.442,0,19,1,1,44.7,1
1,6,110.39,124.22,expired_card,amex,0.513,2,19,1,2,110.39,0
65,6,214.96,226.05,insufficient_funds,visa,0.632,4,19,4,4,1163.22,0
2,4,34.49,34.78,card_declined,hipercard,0.592,3,18,6,1,34.49,0
9,23,103.39,96.52,expired_card,mastercard,0.515,0,11,3,3,103.39,1
7,4,321.31,307.76,processing_error,hipercard,0.477,1,16,3,3,321.31,1
49,20,31.5,34.58,insufficient_funds,elo,0.751,2,12,3,1,131.55,1
69,6,272.83,236.61,insufficient_funds,visa,0.83,0,22,4,3,1292.48,1
0,4,411.88,445.06,insufficient_funds,visa,0.542,4,5,6,4,411.88,0
2,6,80.24,88.13,insufficient_funds,visa,0.278,1,18,4,3,80.24,1
26,16,72.07,76.52,insufficient_funds,elo,0.507,1,22,0,1,148.11,1
54,19,244.72,212.01,do_not_honor,visa,0.882,1,13,6,2,896.8,1
5,24,82.85,88.88,insufficient_funds,elo,0.688,4,11,2,2,82.85,1
4,4,12.09,12.9,insufficient_funds,amex,0.649,1,9,0,3,12.09,0
4,18,89.54,76.46,card_declined,mastercard,0.451,2,16,3,2,89.54,0
36,24,148.45,165.92,card_declined,mastercard,0.765,0,10,6,4,452.96,1
61,10,188.64,167.83,insufficient_funds,amex,0.775,1,16,4,3,810.48,1
0,3,44.71,50.89,insufficient_funds,elo,0.628,3,16,0,1,44.71,0
9,5,76.92,67.02,insufficient_funds,visa,0.463,4,9,3,4,76.92,1
0,4,232.8,214.51,insufficient_funds,visa,0.386,2,18,5,2,232.8,0
17,26,92.68,97.97,insufficient_funds,mastercard,0.621,2,22,2,4,121.9,0
6,12,25.14,22.4,insufficient_funds,visa,0.609,4,22,1,2,25.14,0
1,16,293.48,265.74,expired_card,mastercard,0.666,3,9,6,3,293.48,0
0,24,80.82,68.97,do_not_honor,hipercard,0.599,2,20,0,4,80.82,0
3,12,257.68,282.92,insufficient_funds,mastercard,0.483,0,19,0,3,257.68,0
11,19,28.3,24.37,insufficient_funds,visa,0.505,0,23,4,3,28.3,1
1,3,87.79,91.28,do_not_honor,visa,0.597,2,11,1,1,87.79,0
8,15,153.73,157.53,expired_card,amex,0.601,1,16,6,1,153.73,1
49,4,90.47,90.78,card_declined,visa,0.778,1,16,5,3,345.35,1
31,8,34.18,32.9,do_not_honor,visa,0.623,2,21,3,2,76.63,1
0,9,11.73,11.02,expired_card,mastercard,0.437,3,8,3,2,11.73,0
56,22,378.24,430.09,card_declined,mastercard,0.829,2,16,5,1,1893.35,0
4,20,121.84,132.27,insufficient_funds,visa,0.574,3,15,4,1,121.84,0
3,23,275.58,310.53,do_not_honor,mastercard,0.626,1,23,4,2,275.58,0
3,2,223.04,238.69,card_declined,mastercard,0.473,1,20,4,2,223.04,0
11,31,166.1,182.49,insufficient_funds,visa,0.573,0,23,6,2,166.1,0
19,2,73.48,83.71,expired_card,mastercard,0.713,0,18,0,1,116.86,1
20,25,151.03,148.93,insufficient_funds,elo,0.789,3,11,1,1,219.26,1
20,23,348.95,391.55,expired_card,visa,0.596,1,18,1,1,576.45,0
5,18,105.23,90.81,insufficient_funds,hipercard,0.616,0,21,2,2,105.23,1
0,14,529.37,467.1,expired_card,visa,0.406,0,12,0,1,529.37,0
6,24,25.8,25.73,insufficient_funds,mastercard,0.514,2,16,4,2,25.8,1
4,23,23.45,23.13,expired_card,mastercard,0.551,2,8,2,1,23.45,0
0,5,235.12,230.76,expired_card,mastercard,0.394,1,9,1,4,235.12,1
69,24,47.23,47.76,insufficient_funds,visa,0.708,0,14,5,2,260.89,1
7,3,600.34,607.25,insufficient_funds,mastercard,0.612,1,16,3,3,600.34,0
10,16,320.65,356.3,insufficient_funds,hipercard,0.394,1,14,1,2,320.65,1
1,19,400.47,381.96,expired_card,mastercard,0.445,2,3,5,1,400.47,1
49,25,214.44,202.62,do_not_honor,visa,0.81,3,20,3,1,770.83,1
4,15,43.11,45.72,insufficient_funds,visa,0.543,1,12,2,1,43.11,0
2,7,22.39,23.39,expired_card,mastercard,0.625,0,22,4,4,22.39,0
9,16,368.95,405.46,do_not_honor,visa,0.387,0,11,6,4,368.95,0
3,8,25.8,24.32,card_declined,elo,0.507,3,18,4,4,25.8,1
2,16,399.52,340.36,insufficient_funds,hipercard,0.596,2,15,6,3,399.52,1
45,15,177.19,200.8,insufficient_funds,hipercard,0.599,0,0,6,1,696.53,1
61,24,91.35,78.86,do_not_honor,visa,0.842,2,17,5,2,380.83,1
66,8,144.76,152.58,insufficient_funds,mastercard,0.613,1,1,4,1,797.23,1
2,6,147.78,139.88,insufficient_funds,visa,0.342,1,5,3,1,147.78,0
8,15,81.66,79.79,expired_card,visa,0.479,1,18,2,2,81.66,0
1,2,346.83,382.0,insufficient_funds,mastercard,0.679,1,15,4,1,346.83,0
1,7,336.43,328.31,expired_card,visa,0.484,1,22,2,1,336.43,0
31,12,112.24,100.27,generic_decline,visa,0.562,2,15,3,1,233.56,1
0,16,57.36,61.74,generic_decline,elo,0.584,0,23,5,1,57.36,1
2,8,311.84,266.95,expired_card,elo,0.383,2,0,5,2,311.84,1
15,17,16.21,15.11,do_not_honor,amex,0.429,2,22,1,3,16.53,0
14,26,145.0,146.66,processing_error,visa,0.576,2,11,4,1,149.43,1
1,17,188.55,185.03,generic_decline,amex,0.369,2,10,6,1,188.55,0
0,9,46.83,48.52,do_not_honor,visa,0.35,3,15,6,2,46.83,0
4,2,232.16,223.9,do_not_honor,visa,0.512,0,17,0,3,232.16,0
71,5,95.48,92.35,insufficient_funds,mastercard,0.757,0,17,5,1,519.08,0
0,17,60.2,57.47,insufficient_funds,mastercard,0.666,0,13,6,3,60.2,0
38,21,229.99,256.71,insufficient_funds,mastercard,0.797,1,17,1,2,742.46,1
0,2,37.26,31.86,expired_card,elo,0.536,2,15,6,1,37.26,0
6,6,211.56,239.46,do_not_honor,visa,0.433,1,11,2,2,211.56,1
11,10,16.8,16.09,generic_decline,amex,0.454,0,2,4,1,16.8,1
10,10,125.99,120.88,do_not_honor,visa,0.544,1,17,0,1,125.99,1
47,29,101.63,108.52,processing_error,elo,0.896,1,17,0,2,394.58,1
30,6,60.52,58.49,expired_card,amex,0.422,1,15,2,1,131.6,1
2,2,138.17,143.01,insufficient_funds,mastercard,0.337,2,15,0,1,138.17,0
62,12,91.08,102.11,expired_card,amex,0.857,1,15,3,3,501.19,1
25,5,249.46,275.37,insufficient_funds,mastercard,0.331,0,9,1,1,511.54,1
1,4,160.77,161.51,processing_error,visa,0.4,1,18,1,1,160.77,0
11,13,146.13,155.63,expired_card,mastercard,0.517,1,21,4,2,146.13,0
28,10,126.68,122.59,insufficient_funds,mastercard,0.431,3,9,3,1,256.49,0
10,4,64.26,69.58,expired_card,visa,0.452,1,20,1,2,64.26,1
60,18,74.76,67.36,expired_card,mastercard,0.96,1,14,1,3,319.96,1
60,16,121.86,105.25,processing_error,visa,0.811,3,20,1,2,499.94,1
25,3,83.8,84.82,processing_error,visa,0.428,1,15,1,1,157.56,1
22,26,262.36,239.95,insufficient_funds,hipercard,0.755,2,11,6,4,390.05,0
7,9,106.21,113.5,processing_error,hipercard,0.646,0,14,4,3,106.21,1
55,29,136.51,120.18,insufficient_funds,mastercard,0.656,2,9,1,4,518.69,0
6,28,28.12,23.97,insufficient_funds,visa,0.315,0,0,6,3,28.12,1
12,14,225.94,237.85,insufficient_funds,visa,0.535,1,1,6,3,225.94,0
1,7,58.33,58.34,processing_error,visa,0.532,3,23,5,4,58.33,1
69,25,38.71,43.96,do_not_honor,visa,0.712,1,23,4,1,240.13,0
2,12,421.87,389.91,insufficient_funds,elo,0.535,1,3,5,4,421.87,0
12,6,181.65,161.12,card_declined,mastercard,0.507,4,10,3,1,181.65,0
38,17,232.84,199.53,do_not_honor,mastercard,0.73,0,15,1,4,577.09,1
66,16,146.37,143.92,generic_decline,visa,0.782,0,17,3,3,751.98,0
5,25,89.99,79.21,insufficient_funds,amex,0.598,1,10,4,2,89.99,0
0,23,76.25,82.56,insufficient_funds,visa,0.488,1,11,2,1,76.25,0
1,26,195.29,170.21,insufficient_funds,visa,0.445,1,16,1,1,195.29,0
2,23,267.31,301.05,do_not_honor,visa,0.56,0,4,0,1,267.31,1
1,19,92.0,93.13,insufficient_funds,visa,0.643,0,16,5,1,92.0,0
12,16,616.12,652.42,insufficient_funds,mastercard,0.728,0,22,4,4,616.12,0
1,31,82.03,72.95,generic_decline,mastercard,0.479,1,23,3,2,82.03,1
44,29,28.34,24.85,insufficient_funds,mastercard,0.732,2,16,1,4,84.13,0
3,25,21.18,20.25,expired_card,visa,0.695,1,14,3,2,21.18,0
6,24,21.83,21.96,generic_decline,hipercard,0.56,2,20,0,1,21.83,1
2,17,67.68,69.21,insufficient_funds,elo,0.551,2,22,0,1,67.68,1
0,8,79.54,75.48,insufficient_funds,amex,0.33,2,15,1,1,79.54,1
2,26,179.24,167.02,insufficient_funds,visa,0.382,4,21,0,1,179.24,0
42,1,95.3,109.06,expired_card,hipercard,0.472,4,14,0,2,351.17,1
10,7,206.76,192.66,insufficient_funds,elo,0.669,1,15,1,1,206.76,0
4,13,101.73,90.68,insufficient_funds,mastercard,0.362,0,16,6,1,101.73,1
2,17,98.93,94.76,insufficient_funds,visa,0.319,2,14,0,4,98.93,0
6,17,58.52,55.08,expired_card,visa,0.607,0,11,5,1,58.52,0
3,6,345.88,337.76,processing_error,elo,0.466,1,22,3,2,345.88,0
43,4,25.08,26.01,expired_card,visa,0.636,2,23,0,2,85.9,1
38,7,127.75,131.7,processing_error,mastercard,0.695,4,16,2,1,380.91,1
30,11,83.18,88.13,generic_decline,elo,0.622,2,20,4,2,198.29,0
4,1,195.75,175.59,card_declined,elo,0.416,2,11,0,1,195.75,1
26,21,95.96,82.89,expired_card,visa,0.486,2,18,0,1,160.44,1
60,8,98.5,107.09,insufficient_funds,amex,0.852,1,13,0,3,508.68,1
17,12,77.13,70.59,insufficient_funds,visa,0.638,1,10,4,2,87.84,1
15,11,336.98,318.34,insufficient_funds,elo,0.709,0,15,0,1,348.18,0
1,16,97.96,96.66,insufficient_funds,mastercard,0.472,1,1,4,1,97.96,0
3,26,562.3,598.79,generic_decline,visa,0.53,0,12,1,4,562.3,0
55,5,124.49,111.93,insufficient_funds,visa,0.85,4,11,3,4,483.09,1
25,11,99.66,111.69,insufficient_funds,elo,0.766,3,15,0,1,207.48,0
3,21,85.91,81.31,processing_error,mastercard,0.534,0,15,3,2,85.91,1
53,2,161.36,184.72,generic_decline,visa,0.823,0,18,5,1,765.54,1
2,25,57.96,54.23,processing_error,visa,0.486,0,9,5,1,57.96,1
4,29,111.26,118.79,insufficient_funds,mastercard,0.374,2,15,3,2,111.26,0
9,18,98.46,94.82,expired_card,visa,0.53,1,4,1,1,98.46,0
3,29,130.49,143.67,insufficient_funds,visa,0.598,1,20,4,1,130.49,0
37,13,133.4,131.9,expired_card,elo,0.571,0,22,3,2,370.77,0
16,13,139.7,155.23,card_declined,visa,0.343,2,23,1,1,181.45,1
12,4,106.35,114.45,processing_error,visa,0.458,2,16,6,1,106.35,0
3,2,393.9,404.07,insufficient_funds,mastercard,0.625,3,21,3,4,393.9,0
32,8,142.28,131.61,generic_decline,mastercard,0.697,2,15,6,2,317.03,0
14,15,989.6,918.31,insufficient_funds,mastercard,0.352,1,11,2,1,989.6,0
0,16,102.17,117.23,insufficient_funds,visa,0.578,1,21,2,1,102.17,1
71,7,229.11,258.35,processing_error,mastercard,0.926,3,4,2,1,1452.14,1
4,18,51.29,45.73,insufficient_funds,visa,0.309,1,16,2,3,51.29,0
1,6,339.24,309.12,insufficient_funds,mastercard,0.589,4,23,2,3,339.24,0
2,10,52.29,46.12,insufficient_funds,visa,0.439,1,12,4,2,52.29,1
31,6,146.55,133.42,insufficient_funds,visa,0.446,3,11,1,1,310.78,1
1,22,77.29,72.43,insufficient_funds,mastercard,0.606,0,9,1,2,77.29,1
41,16,146.05,160.84,card_declined,visa,0.831,0,15,6,3,504.66,1
39,23,79.35,69.71,insufficient_funds,hipercard,0.774,0,17,6,2,207.3,0
22,2,48.49,54.05,generic_decline,hipercard,0.744,0,16,3,1,87.86,1
4,14,76.8,87.67,processing_error,visa,0.575,1,13,0,2,76.8,0
5,29,384.44,359.27,processing_error,mastercard,0.666,0,14,0,1,384.44,1
24,2,148.04,146.1,do_not_honor,mastercard,0.501,2,21,4,4,260.06,0
46,13,31.11,31.38,card_declined,visa,0.574,2,23,5,3,111.47,0
71,2,258.64,235.8,insufficient_funds,visa,0.88,0,13,4,1,1325.39,1
0,5,44.28,47.36,do_not_honor,hipercard,0.262,2,17,6,1,44.28,1
4,15,189.19,193.73,insufficient_funds,visa,0.442,1,20,2,4,189.19,1
4,5,159.78,141.19,insufficient_funds,mastercard,0.677,2,17,6,4,159.78,0
15,16,168.99,189.07,expired_card,mastercard,0.735,3,22,4,2,206.8,1
2,28,507.04,476.95,insufficient_funds,visa,0.476,1,18,4,1,507.04,0
7,6,46.82,41.99,expired_card,mastercard,0.648,2,11,4,2,46.82,1
7,4,168.17,192.48,generic_decline,amex,0.473,2,17,0,1,168.17,0
9,25,299.25,263.6,card_declined,visa,0.509,3,16,6,2,299.25,0
2,15,55.2,47.91,insufficient_funds,visa,0.367,2,13,1,1,55.2,1
2,26,50.4,46.43,insufficient_funds,visa,0.556,1,8,0,2,50.4,0
0,10,75.74,71.63,insufficient_funds,elo,0.555,1,21,6,4,75.74,1
12,19,130.43,127.84,insufficient_funds,mastercard,0.707,0,20,1,2,130.43,1
2,28,27.92,29.47,expired_card,mastercard,0.47,3,1,6,4,27.92,0
2,6,159.53,153.1,processing_error,elo,0.534,2,19,5,2,159.53,0
3,24,27.98,28.48,expired_card,hipercard,0.389,1,17,4,2,27.98,1
45,19,308.36,262.64,expired_card,visa,0.77,4,14,6,3,911.03,0
0,24,154.28,148.95,insufficient_funds,elo,0.617,2,20,5,4,154.28,0
34,6,534.77,606.16,insufficient_funds,visa,0.729,2,21,4,3,1557.16,0
3,14,177.06,191.66,expired_card,visa,0.422,2,21,3,4,177.06,0
8,4,74.57,79.96,insufficient_funds,visa,0.425,0,8,4,1,74.57,0
13,29,48.08,45.26,insufficient_funds,visa,0.382,2,14,1,1,48.08,0
4,2,120.86,120.43,expired_card,amex,0.375,0,1,4,1,120.86,1
19,3,95.16,105.0,insufficient_funds,mastercard,0.718,1,19,0,4,146.58,1
53,27,280.35,312.32,insufficient_funds,mastercard,0.814,4,14,6,4,1294.35,0
29,9,42.84,45.55,insufficient_funds,visa,0.552,1,19,4,3,98.89,0
23,18,588.49,580.82,insufficient_funds,visa,0.727,0,20,0,3,988.93,1
2,9,303.32,264.48,card_declined,hipercard,0.483,0,7,6,1,303.32,1
1,19,81.58,72.26,insufficient_funds,elo,0.65,2,23,6,1,81.58,1
5,6,482.7,410.34,do_not_honor,mastercard,0.689,2,15,3,2,482.7,0
27,15,48.75,46.69,insufficient_funds,visa,0.579,2,23,0,2,94.02,1
1,16,117.33,100.55,insufficient_funds,visa,0.625,1,9,6,1,117.33,1
49,11,31.45,30.84,insufficient_funds,hipercard,0.799,0,13,6,1,117.32,1
58,8,504.07,518.82,generic_decline,visa,0.631,2,15,0,1,2373.89,1
6,5,22.62,23.27,expired_card,visa,0.479,0,23,3,1,22.62,0
5,22,27.19,27.64,card_declined,mastercard,0.516,0,9,6,4,27.19,0
1,6,55.62,51.05,do_not_honor,hipercard,0.51,3,16,5,1,55.62,0
10,9,316.4,318.22,insufficient_funds,visa,0.427,3,9,6,2,316.4,0
29,11,228.28,261.14,expired_card,elo,0.622,0,11,4,2,566.93,1
65,15,108.94,107.13,expired_card,visa,0.997,1,17,1,1,551.27,1
16,22,241.66,268.81,processing_error,mastercard,0.674,2,12,4,1,314.21,1
66,14,88.22,85.08,insufficient_funds,visa,0.651,1,12,2,1,444.54,1
52,26,142.26,147.51,generic_decline,amex,0.7,2,18,4,1,598.73,0
3,21,423.96,421.65,expired_card,elo,0.462,3,20,3,2,423.96,0
2,25,78.52,82.96,do_not_honor,hipercard,0.511,0,1,5,1,78.52,0
1,22,49.48,55.38,insufficient_funds,mastercard,0.498,1,11,4,4,49.48,1
46,5,148.45,145.82,insufficient_funds,amex,0.85,2,16,2,1,517.99,1
37,30,188.67,203.24,insufficient_funds,mastercard,0.849,0,22,1,1,571.3,1
37,24,107.83,120.2,do_not_honor,mastercard,0.68,3,14,4,2,337.88,0
4,17,238.34,259.04,insufficient_funds,visa,0.419,3,12,6,3,238.34,0
4,6,81.75,70.09,card_declined,elo,0.667,1,8,6,2,81.75,1
0,6,109.48,93.06,insufficient_funds,mastercard,0.578,1,11,6,1,109.48,0
0,18,136.34,152.0,insufficient_funds,mastercard,0.68,0,15,0,2,136.34,1
22,13,126.17,134.85,insufficient_funds,mastercard,0.573,4,12,4,3,219.21,0
66,20,409.72,466.03,processing_error,elo,0.817,0,16,4,1,2435.01,1
7,12,135.73,127.28,insufficient_funds,mastercard,0.365,1,13,1,2,135.73,1
6,16,74.62,81.07,processing_error,mastercard,0.58,3,11,1,3,74.62,0
43,6,156.24,170.37,processing_error,mastercard,0.746,4,17,4,2,562.67,1
0,5,239.5,265.17,generic_decline,mastercard,0.334,1,19,6,1,239.5,0
67,3,194.45,205.65,card_declined,mastercard,0.87,0,22,1,1,1090.8,0
0,25,185.1,165.02,expired_card,elo,0.335,2,16,4,3,185.1,0
0,17,25.83,27.23,expired_card,elo,0.528,1,23,2,2,25.83,1
69,28,10.68,11.01,insufficient_funds,mastercard,0.934,2,11,1,1,60.14,1
1,23,303.45,288.31,insufficient_funds,visa,0.646,0,16,1,1,303.45,1
5,24,144.35,131.73,processing_error,visa,0.568,2,15,5,1,144.35,0
2,16,95.89,106.97,insufficient_funds,elo,0.507,1,18,0,2,95.89,1
3,24,181.12,161.66,insufficient_funds,amex,0.452,1,11,4,2,181.12,1
14,28,541.55,528.91,expired_card,visa,0.528,1,9,1,1,541.55,0
3,22,343.11,355.75,processing_error,hipercard,0.638,3,15,1,1,343.11,1
1,4,229.78,262.3,insufficient_funds,visa,0.682,4,18,4,1,229.78,1
0,19,44.47,46.75,do_not_honor,amex,0.445,2,18,3,1,44.47,0
20,4,49.91,46.99,insufficient_funds,hipercard,0.632,1,18,0,1,69.18,1
34,3,11.73,10.18,insufficient_funds,mastercard,0.717,3,17,5,1,26.15,1
18,21,171.6,162.22,generic_decline,hipercard,0.679,3,10,2,1,214.13,0
1,25,261.7,245.43,insufficient_funds,mastercard,0.587,1,20,2,2,261.7,1
4,5,281.36,308.29,expired_card,visa,0.67,4,16,3,2,281.36,1
34,3,178.11,171.52,do_not_honor,elo,0.821,1,7,4,3,440.62,0
7,26,85.25,74.98,insufficient_funds,visa,0.506,3,11,6,1,85.25,0
1,4,59.21,65.78,insufficient_funds,visa,0.602,1,12,0,2,59.21,1
10,2,46.96,40.17,generic_decline,visa,0.521,6,9,4,3,46.96,0
0,22,84.54,71.94,expired_card,mastercard,0.502,2,9,0,4,84.54,0
3,25,41.01,40.7,generic_decline,elo,0.659,0,22,0,1,41.01,0
0,16,465.08,404.98,do_not_honor,elo,0.448,0,15,5,2,465.08,1
1,16,30.74,27.76,expired_card,amex,0.353,3,14,6,1,30.74,0
9,11,82.05,94.0,insufficient_funds,amex,0.406,2,20,1,1,82.05,0
26,7,17.5,19.31,insufficient_funds,mastercard,0.758,0,14,2,2,37.38,1
51,23,127.21,137.29,insufficient_funds,amex,0.885,0,13,3,3,545.56,1
1,25,97.54,102.54,insufficient_funds,visa,0.301,2,11,4,1,97.54,0
23,10,71.2,61.54,processing_error,elo,0.538,1,8,5,3,104.78,1
7,8,42.68,46.98,generic_decline,visa,0.578,1,10,2,2,42.68,1
1,8,97.96,97.11,generic_decline,visa,0.367,1,20,4,1,97.96,0
14,2,60.27,53.01,generic_decline,visa,0.472,1,16,0,1,60.27,0
15,9,86.56,81.39,insufficient_funds,visa,0.627,0,16,5,2,89.02,1
2,1,556.23,556.56,insufficient_funds,hipercard,0.551,2,14,4,3,556.23,0
33,24,113.9,97.28,insufficient_funds,mastercard,0.631,0,15,3,1,242.11,1
9,8,156.92,145.26,expired_card,amex,0.485,1,18,0,2,156.92,1
33,21,64.7,61.52,generic_decline,mastercard,0.712,1,14,0,1,153.11,1
7,17,48.7,48.17,do_not_honor,mastercard,0.595,1,13,0,1,48.7,1
6,25,95.78,81.47,do_not_honor,visa,0.59,3,11,1,1,95.78,0
0,29,903.83,921.57,insufficient_funds,hipercard,0.65,3,11,2,3,903.83,0
57,12,75.72,68.85,insufficient_funds,visa,0.829,0,16,2,2,309.05,1
58,4,134.76,138.69,insufficient_funds,mastercard,0.778,0,8,0,4,634.58,1
40,23,46.83,43.17,expired_card,hipercard,0.706,2,10,2,1,131.91,1
2,1,8.46,8.21,insufficient_funds,elo,0.339,1,16,3,4,8.46,0
0,7,48.46,50.26,processing_error,elo,0.583,0,20,0,1,48.46,1
3,2,810.12,848.17,insufficient_funds,visa,0.708,2,12,0,3,810.12,1
26,27,165.88,142.52,card_declined,mastercard,0.665,1,0,4,1,275.86,1
63,1,419.91,424.33,do_not_honor,visa,0.678,4,18,6,1,2116.35,0
1,16,71.77,78.59,insufficient_funds,visa,0.614,2,3,1,3,71.77,0
1,14,12.05,10.99,expired_card,visa,0.497,5,13,2,4,12.05,0
61,20,36.51,36.86,processing_error,elo,0.685,1,15,1,2,178.0,0
53,9,139.08,136.89,generic_decline,hipercard,0.939,1,19,0,3,567.31,0
21,26,120.72,133.39,insufficient_funds,elo,0.788,2,20,1,1,206.59,1
31,23,96.85,95.07,card_declined,elo,0.443,1,14,2,3,221.45,0
14,14,61.03,69.16,insufficient_funds,mastercard,0.673,3,22,3,1,70.47,0
5,12,225.24,235.54,insufficient_funds,visa,0.638,2,14,3,4,225.24,0
0,24,62.62,63.77,insufficient_funds,elo,0.614,0,15,2,1,62.62,0
0,24,128.49,120.47,expired_card,visa,0.375,0,14,2,3,128.49,0
3,13,116.27,119.64,insufficient_funds,mastercard,0.589,1,17,2,2,116.27,0
50,11,70.46,62.67,card_declined,amex,0.853,1,14,0,1,243.72,1
55,2,44.68,43.56,insufficient_funds,visa,0.699,2,22,1,1,188.0,1
19,3,66.87,62.55,insufficient_funds,visa,0.397,2,21,1,2,87.32,1
59,2,516.33,542.71,card_declined,visa,0.826,0,14,3,1,2530.46,1
31,1,262.59,283.39,insufficient_funds,elo,0.751,3,0,2,3,660.1,0
20,5,241.97,273.08,insufficient_funds,visa,0.519,2,16,1,3,402.03,0
22,25,48.61,44.56,insufficient_funds,mastercard,0.456,2,11,0,1,72.43,1
46,24,27.26,30.41,insufficient_funds,visa,0.64,1,13,4,2,108.02,1
1,25,258.89,285.76,insufficient_funds,elo,0.639,0,15,6,4,258.89,1
22,19,218.35,242.09,processing_error,amex,0.505,0,20,1,2,393.53,0
5,19,110.42,118.39,expired_card,visa,0.395,0,19,4,3,110.42,1
71,4,70.33,65.43,insufficient_funds,elo,0.713,1,16,0,1,367.77,1
48,22,26.63,29.65,insufficient_funds,visa,0.774,0,19,1,2,110.3,1
21,9,211.22,217.53,processing_error,visa,0.746,2,13,1,1,336.9,0
16,16,280.35,300.59,insufficient_funds,mastercard,0.714,1,15,3,1,351.36,0
5,29,53.47,48.74,insufficient_funds,visa,0.463,1,8,0,2,53.47,0
2,26,49.65,44.55,insufficient_funds,hipercard,0.366,1,5,2,4,49.65,1
6,7,294.37,274.66,card_declined,elo,0.175,1,10,6,2,294.37,0
7,23,55.27,55.46,card_declined,amex,0.49,1,19,0,4,55.27,1
2,4,474.73,462.86,insufficient_funds,visa,0.554,0,22,3,2,474.73,0
7,1,88.72,99.04,insufficient_funds,elo,0.609,1,17,0,3,88.72,0
71,2,69.34,59.21,processing_error,mastercard,0.704,1,3,3,3,332.81,1
3,6,101.74,88.92,insufficient_funds,visa,0.407,2,17,5,1,101.74,0
9,21,69.34,65.71,insufficient_funds,elo,0.651,3,12,1,3,69.34,1
7,12,265.82,239.32,processing_error,amex,0.559,0,22,2,3,265.82,1
2,1,214.71,208.7,insufficient_funds,amex,0.586,1,19,2,2,214.71,1
59,31,256.97,273.74,insufficient_funds,hipercard,0.837,2,14,5,2,1276.35,0
2,16,115.16,132.21,expired_card,visa,0.572,1,15,0,1,115.16,1
6,13,65.17,59.35,card_declined,amex,0.354,0,18,1,4,65.17,0
46,16,96.96,90.15,insufficient_funds,hipercard,0.821,1,22,0,1,320.23,1
15,16,66.97,72.37,insufficient_funds,mastercard,0.47,1,12,4,1,79.15,1
1,15,359.67,335.07,insufficient_funds,visa,0.669,2,20,3,1,359.67,1
19,18,238.11,252.66,insufficient_funds,mastercard,0.61,0,18,3,1,352.71,0
1,26,90.12,92.38,insufficient_funds,visa,0.503,2,11,1,1,90.12,1
15,9,42.92,47.49,insufficient_funds,visa,0.621,0,11,2,2,51.94,1
13,16,384.19,330.4,insufficient_funds,amex,0.668,1,11,6,1,384.19,1
0,1,110.37,126.25,insufficient_funds,hipercard,0.553,1,10,4,3,110.37,1
0,26,87.08,99.21,insufficient_funds,amex,0.454,2,13,5,1,87.08,0
13,10,387.21,331.73,expired_card,visa,0.621,1,9,4,1,387.21,1
1,8,62.14,62.13,expired_card,mastercard,0.324,2,11,3,1,62.14,0
2,31,73.63,71.45,generic_decline,mastercard,0.521,2,14,6,1,73.63,0
6,17,79.63,73.76,expired_card,mastercard,0.573,1,16,3,1,79.63,0
1,4,30.35,34.7,card_declined,mastercard,0.508,4,14,4,3,30.35,0
41,8,129.39,116.76,insufficient_funds,hipercard,0.793,0,13,0,3,366.35,0
11,12,49.66,46.14,card_declined,elo,0.509,3,9,1,1,49.66,0
21,31,58.88,50.19,insufficient_funds,elo,0.471,2,16,2,1,77.73,1
9,14,52.28,53.54,do_not_honor,visa,0.51,3,21,2,2,52.28,0
1,7,58.03,64.31,generic_decline,mastercard,0.379,1,17,1,2,58.03,1
5,17,46.4,48.1,insufficient_funds,mastercard,0.514,4,16,1,4,46.4,0
1,13,121.75,127.29,do_not_honor,mastercard,0.439,2,14,4,4,121.75,0
19,2,85.13,74.05,card_declined,amex,0.524,1,16,4,1,103.37,1
7,26,102.01,108.58,card_declined,visa,0.412,0,18,0,3,102.01,0
10,1,790.98,769.39,insufficient_funds,visa,0.342,0,12,6,2,790.98,1
71,27,85.13,84.46,insufficient_funds,amex,0.716,1,23,4,4,474.74,1
4,24,167.3,171.57,processing_error,mastercard,0.215,2,0,1,2,167.3,0
3,3,185.09,211.49,insufficient_funds,mastercard,0.417,2,13,0,2,185.09,0
7,23,92.44,99.32,expired_card,amex,0.436,3,23,6,2,92.44,0
0,24,124.66,131.54,insufficient_funds,elo,0.421,2,20,2,1,124.66,1
2,18,99.56,97.53,insufficient_funds,elo,0.516,1,6,1,2,99.56,0
2,17,117.02,100.68,card_declined,visa,0.651,2,14,1,1,117.02,1
46,2,58.06,58.73,card_declined,mastercard,0.765,1,18,1,1,208.62,0
18,2,63.02,66.06,do_not_honor,mastercard,0.694,1,16,5,1,87.2,0
47,23,99.23,105.31,card_declined,mastercard,0.788,0,23,4,1,382.9,1
1,4,16.96,17.51,card_declined,mastercard,0.525,2,20,2,3,16.96,0
12,8,369.21,347.1,generic_decline,visa,0.747,0,18,1,2,369.21,0
20,16,666.4,610.63,expired_card,visa,0.593,0,17,6,1,898.98,1
23,6,113.72,99.74,expired_card,mastercard,0.685,0,23,4,2,169.82,0
4,24,176.54,187.28,do_not_honor,mastercard,0.246,2,15,4,2,176.54,0
1,24,255.37,291.44,card_declined,visa,0.551,1,0,1,1,255.37,1
0,25,30.14,30.37,card_declined,amex,0.39,1,19,6,1,30.14,0
24,2,222.96,234.54,expired_card,visa,0.466,1,16,4,1,417.48,1
39,14,66.93,70.8,expired_card,mastercard,0.79,3,21,1,2,210.54,0
9,25,747.89,671.93,expired_card,mastercard,0.423,1,15,6,1,747.89,1
47,12,82.7,75.05,card_declined,elo,0.617,0,10,2,3,272.88,1
1,22,219.01,199.84,expired_card,visa,0.639,3,17,0,1,219.01,0
7,18,83.42,94.25,insufficient_funds,visa,0.604,2,22,2,1,83.42,0
27,11,687.95,587.97,insufficient_funds,visa,0.681,1,8,5,1,1184.02,0
43,9,62.01,62.78,insufficient_funds,visa,0.895,2,10,2,1,207.34,0
28,20,275.16,265.02,insufficient_funds,visa,0.727,2,11,3,1,554.48,1
16,5,170.56,178.71,insufficient_funds,mastercard,0.575,2,9,3,3,208.89,1
9,26,139.99,128.25,insufficient_funds,mastercard,0.512,2,16,6,2,139.99,0
2,17,119.8,136.37,insufficient_funds,visa,0.406,1,8,0,1,119.8,0
0,4,54.05,51.31,processing_error,mastercard,0.557,0,23,1,3,54.05,0
3,22,9.83,11.09,expired_card,visa,0.486,1,10,5,2,9.83,0
1,14,253.86,260.65,processing_error,amex,0.635,0,5,0,2,253.86,1
70,6,63.32,61.7,insufficient_funds,mastercard,0.78,3,13,2,1,341.92,1
1,29,276.26,295.64,insufficient_funds,mastercard,0.411,0,15,6,1,276.26,0
8,22,133.6,135.73,insufficient_funds,visa,0.593,1,20,0,2,133.6,0
3,18,283.89,253.11,insufficient_funds,mastercard,0.253,0,17,0,2,283.89,1
6,25,199.28,211.51,insufficient_funds,mastercard,0.331,0,23,1,3,199.28,0
12,17,10.95,11.21,expired_card,hipercard,0.658,3,14,4,2,10.95,1
61,14,168.78,172.1,insufficient_funds,visa,0.894,5,8,2,3,831.1,1
1,6,72.03,77.18,processing_error,mastercard,0.503,2,22,5,4,72.03,0
0,5,275.14,287.81,insufficient_funds,elo,0.383,1,16,0,1,275.14,0
0,14,165.27,158.64,insufficient_funds,mastercard,0.269,0,16,0,2,165.27,1
3,15,167.0,157.91,processing_error,mastercard,0.65,0,15,5,3,167.0,0
2,23,76.75,71.01,insufficient_funds,amex,0.541,2,10,2,1,76.75,0
0,14,43.46,44.44,insufficient_funds,visa,0.34,5,14,3,1,43.46,0
10,18,66.54,62.55,expired_card,visa,0.541,1,13,6,3,66.54,1
37,25,19.76,17.51,card_declined,amex,0.858,1,13,0,2,49.22,0
2,31,57.86,62.77,expired_card,visa,0.639,0,12,4,1,57.86,1
12,10,26.62,24.3,do_not_honor,elo,0.572,1,15,4,2,26.62,0
42,27,27.26,24.52,insufficient_funds,visa,0.411,3,19,2,1,78.95,1
0,24,108.4,119.75,insufficient_funds,visa,0.559,3,23,1,2,108.4,1
6,3,157.09,166.62,do_not_honor,visa,0.505,2,9,0,2,157.09,0
39,11,95.03,102.62,expired_card,amex,0.698,1,22,3,3,305.17,1
2,7,62.76,59.94,generic_decline,visa,0.508,3,13,1,1,62.76,0
7,20,42.13,43.61,processing_error,visa,0.459,0,16,1,1,42.13,1
50,17,73.75,83.31,insufficient_funds,visa,0.798,1,9,2,3,323.98,1
18,16,47.09,44.02,expired_card,visa,0.522,0,9,3,2,58.11,0
13,24,92.44,80.49,insufficient_funds,visa,0.64,0,20,6,2,92.44,1
28,11,25.3,22.8,insufficient_funds,amex,0.667,0,16,4,1,47.7,1
4,12,182.25,203.98,insufficient_funds,mastercard,0.556,0,11,3,1,182.25,0
2,26,59.07,55.2,insufficient_funds,visa,0.69,1,22,0,2,59.07,0
54,30,136.54,136.18,card_declined,visa,0.793,0,21,1,3,576.04,1
2,24,214.97,217.2,card_declined,visa,0.597,2,14,1,1,214.97,1
16,7,130.8,148.85,do_not_honor,visa,0.505,2,11,3,2,173.99,0
54,4,198.79,186.95,insufficient_funds,visa,0.735,1,13,4,1,790.8,1
18,6,15.59,15.69,insufficient_funds,amex,0.528,0,18,1,2,20.71,1
11,14,63.09,71.76,insufficient_funds,visa,0.622,5,13,3,3,63.09,0
36,7,260.41,237.08,expired_card,mastercard,0.739,0,15,4,1,647.23,0
5,27,153.66,158.17,insufficient_funds,mastercard,0.657,0,23,3,1,153.66,0
0,20,504.91,438.81,insufficient_funds,visa,0.283,1,23,6,2,504.91,0
3,13,444.26,412.67,expired_card,elo,0.571,1,15,1,2,444.26,0
18,8,127.55,111.07,insufficient_funds,elo,0.462,1,22,4,1,146.61,1
5,12,78.15,74.17,expired_card,visa,0.273,2,14,0,1,78.15,0
51,15,41.72,38.05,insufficient_funds,amex,0.785,3,15,0,1,151.2,1
1,22,64.05,69.78,insufficient_funds,visa,0.617,0,11,0,3,64.05,0
6,4,68.02,67.27,do_not_honor,visa,0.651,0,11,1,1,68.02,0
9,25,57.71,56.07,insufficient_funds,mastercard,0.732,2,18,0,2,57.71,1
7,4,43.23,45.72,insufficient_funds,elo,0.62,2,20,6,2,43.23,0
0,8,139.65,158.39,do_not_honor,visa,0.435,0,16,3,1,139.65,0
0,31,441.21,414.94,insufficient_funds,visa,0.484,0,17,4,3,441.21,0
25,6,223.95,194.84,insufficient_funds,amex,0.539,2,13,4,1,361.94,1
38,4,73.41,64.82,insufficient_funds,mastercard,0.616,0,22,6,4,187.47,1
2,19,240.61,266.39,expired_card,mastercard,0.48,1,18,0,2,240.61,0
9,13,133.0,146.8,expired_card,mastercard,0.462,0,22,0,2,133.0,0
11,4,94.28,93.58,expired_card,mastercard,0.616,0,20,4,2,94.28,0
0,1,89.19,79.76,do_not_honor,mastercard,0.423,0,15,5,1,89.19,0
0,3,81.84,82.49,insufficient_funds,visa,0.319,1,18,0,2,81.84,0
20,16,174.29,183.1,insufficient_funds,visa,0.76,3,9,3,1,269.56,0
2,7,110.66,105.09,generic_decline,mastercard,0.474,1,14,2,3,110.66,1
5,24,51.18,44.77,insufficient_funds,elo,0.683,3,17,6,4,51.18,1
22,26,49.02,46.4,generic_decline,elo,0.695,1,10,4,1,75.43,0
5,5,128.27,135.6,generic_decline,mastercard,0.515,1,20,6,3,128.27,0
2,11,143.05,163.58,generic_decline,mastercard,0.593,0,14,2,2,143.05,0
44,5,74.01,67.13,insufficient_funds,visa,0.72,4,22,0,1,227.27,1
8,9,35.76,40.21,expired_card,elo,0.39,0,21,4,1,35.76,1
0,7,296.97,293.11,processing_error,amex,0.404,0,12,4,2,296.97,1
5,24,245.92,257.96,insufficient_funds,elo,0.514,1,0,2,1,245.92,0
7,11,16.73,18.56,expired_card,amex,0.551,3,7,1,2,16.73,0
56,16,321.29,326.83,insufficient_funds,amex,0.746,4,8,0,1,1438.78,0
4,20,81.19,70.51,insufficient_funds,visa,0.551,2,12,4,3,81.19,0
50,25,115.72,107.59,do_not_honor,mastercard,0.514,1,0,1,3,418.41,1
4,9,268.67,293.08,generic_decline,mastercard,0.471,2,15,0,2,268.67,0
12,6,424.26,430.99,insufficient_funds,mastercard,0.679,0,16,4,2,424.26,1
5,30,238.23,226.01,insufficient_funds,elo,0.486,0,20,4,1,238.23,1
1,10,121.09,124.12,expired_card,visa,0.575,0,22,3,3,121.09,1
33,20,28.8,26.8,insufficient_funds,visa,0.797,0,0,4,3,66.7,1
16,20,16.16,14.9,expired_card,visa,0.748,0,23,2,2,17.42,1
33,16,213.25,234.26,card_declined,visa,0.599,1,16,3,1,583.01,1
2,7,321.99,312.34,insufficient_funds,mastercard,0.645,0,17,6,2,321.99,0
40,5,47.41,44.2,card_declined,visa,0.767,0,11,1,2,135.06,1
13,16,76.92,74.82,insufficient_funds,visa,0.559,1,15,0,4,76.92,1
3,16,59.58,67.1,insufficient_funds,mastercard,0.41,0,13,2,4,59.58,0
4,24,58.19,52.62,processing_error,mastercard,0.461,0,14,3,3,58.19,0
2,22,253.99,230.01,insufficient_funds,mastercard,0.635,0,14,5,1,253.99,1
60,27,118.67,113.46,insufficient_funds,visa,0.835,1,10,3,1,538.93,1
2,29,79.74,69.22,expired_card,hipercard,0.39,2,13,4,4,79.74,0
6,23,1035.95,903.84,insufficient_funds,visa,0.538,1,19,3,1,1035.95,0
1,3,27.34,23.33,insufficient_funds,mastercard,0.543,0,12,2,2,27.34,1
8,13,159.03,142.15,processing_error,amex,0.567,4,19,5,3,159.03,0
7,18,38.5,40.12,insufficient_funds,amex,0.518,1,15,0,1,38.5,1
46,18,84.99,77.25,insufficient_funds,mastercard,0.88,1,23,4,1,274.41,1
0,6,111.55,107.46,insufficient_funds,visa,0.555,0,14,4,4,111.55,1
24,17,206.99,219.76,card_declined,elo,0.638,2,23,6,3,391.17,1
14,11,77.51,66.62,insufficient_funds,mastercard,0.687,2,5,1,1,77.51,1
49,11,70.56,64.4,do_not_honor,elo,0.516,0,8,1,4,245.0,0
1,25,76.29,87.64,insufficient_funds,visa,0.408,1,12,1,2,76.29,0
7,14,37.45,38.54,processing_error,amex,0.584,0,22,1,1,37.45,1
2,16,171.41,179.64,processing_error,amex,0.6,2,19,5,1,171.41,1
0,17,125.5,126.1,card_declined,elo,0.348,0,12,4,3,125.5,0
0,17,143.88,163.99,card_declined,hipercard,0.441,3,0,3,2,143.88,0
4,7,91.89,82.08,insufficient_funds,mastercard,0.373,2,20,4,1,91.89,1
70,18,82.36,71.67,insufficient_funds,visa,0.961,0,21,0,2,397.17,0
14,11,277.74,304.08,insufficient_funds,mastercard,0.408,0,12,2,1,309.82,0
34,20,242.27,206.23,insufficient_funds,mastercard,0.718,2,0,2,1,529.78,1
7,5,343.49,349.83,insufficient_funds,mastercard,0.648,0,23,6,2,343.49,1
7,31,136.1,115.74,card_declined,visa,0.634,2,14,1,2,136.1,0
15,24,325.05,310.25,insufficient_funds,mastercard,0.73,1,11,1,2,339.34,0
43,13,67.54,70.6,generic_decline,visa,0.731,2,23,6,2,233.17,0
33,9,81.78,82.94,card_declined,elo,0.806,1,19,5,1,206.42,0
1,12,282.59,287.66,insufficient_funds,amex,0.593,1,10,4,1,282.59,0
0,22,206.77,185.51,insufficient_funds,visa,0.582,0,15,0,2,206.77,0
4,20,75.52,70.87,expired_card,elo,0.593,1,14,1,2,75.52,0
6,22,38.59,41.02,insufficient_funds,visa,0.608,0,14,1,2,38.59,0
37,26,81.55,69.89,insufficient_funds,mastercard,0.692,1,18,5,2,196.46,1
27,15,53.2,54.72,expired_card,amex,0.741,4,9,6,1,110.19,0
57,20,452.27,454.59,card_declined,visa,0.762,0,15,4,1,2040.54,1
70,14,192.01,183.02,insufficient_funds,visa,0.606,1,16,5,2,1014.24,0
2,19,49.5,47.05,insufficient_funds,hipercard,0.657,2,17,3,1,49.5,0
1,15,38.63,42.09,insufficient_funds,visa,0.541,2,9,0,1,38.63,0
7,24,48.96,47.23,insufficient_funds,visa,0.476,1,21,4,3,48.96,0
2,1,59.5,52.0,insufficient_funds,mastercard,0.47,1,16,6,2,59.5,0
13,7,84.29,95.97,card_declined,visa,0.515,1,23,6,1,90.63,0
16,9,263.08,233.91,expired_card,visa,0.644,2,14,1,3,273.41,0
6,28,41.42,45.12,insufficient_funds,elo,0.618,2,22,6,2,41.42,0
3,16,747.1,638.16,generic_decline,mastercard,0.675,2,8,2,3,747.1,0
36,12,42.29,40.57,expired_card,visa,0.64,1,23,3,2,110.76,0
14,13,27.96,28.09,insufficient_funds,mastercard,0.692,0,20,3,2,28.62,0
22,15,437.96,376.18,processing_error,visa,0.386,1,14,1,2,611.5,1
6,26,316.1,338.3,card_declined,mastercard,0.6,3,8,3,2,316.1,1
2,29,83.13,77.16,insufficient_funds,hipercard,0.538,2,20,3,2,83.13,0
1,25,137.16,138.85,insufficient_funds,elo,0.431,0,14,6,2,137.16,0
2,25,140.27,152.57,processing_error,mastercard,0.709,1,17,6,2,140.27,1
19,6,110.37,113.39,insufficient_funds,mastercard,0.332,1,15,1,3,158.29,1
41,8,30.9,30.49,insufficient_funds,elo,0.606,0,11,0,2,95.67,1
16,18,10.78,10.25,processing_error,mastercard,0.61,2,8,1,4,11.98,0
37,20,46.16,39.86,processing_error,visa,0.782,0,23,1,4,112.05,1
18,6,490.63,551.42,expired_card,mastercard,0.37,0,11,3,1,727.87,1
21,23,508.04,522.05,insufficient_funds,visa,0.607,0,15,2,2,808.52,1
66,6,77.46,80.52,insufficient_funds,hipercard,0.883,1,16,0,2,420.72,1
1,8,41.74,41.0,do_not_honor,mastercard,0.562,2,20,0,1,41.74,0
6,10,125.14,120.36,card_declined,visa,0.487,4,12,4,1,125.14,0
29,25,144.37,124.74,processing_error,visa,0.739,1,20,5,1,270.81,1
1,23,166.67,150.12,insufficient_funds,amex,0.677,2,9,5,1,166.67,1
15,16,10.36,10.13,do_not_honor,visa,0.684,4,20,0,3,11.08,0
8,25,1312.67,1210.95,insufficient_funds,elo,0.49,2,22,2,1,1312.67,0
21,24,267.3,230.77,insufficient_funds,elo,0.794,0,22,6,4,357.41,1
51,12,81.99,83.12,processing_error,amex,0.629,0,4,6,3,330.3,1
63,24,51.63,51.07,insufficient_funds,visa,0.903,1,15,6,2,254.71,0
20,6,234.96,229.42,expired_card,elo,0.464,0,22,6,4,337.76,0
0,16,151.78,164.72,expired_card,visa,0.323,4,20,4,1,151.78,0
0,4,106.09,109.26,do_not_honor,hipercard,0.489,3,22,6,1,106.09,0
55,14,146.87,124.9,insufficient_funds,visa,0.679,2,18,6,1,539.06,1
1,16,88.44,95.39,insufficient_funds,mastercard,0.486,2,21,3,1,88.44,0
2,3,139.68,138.95,expired_card,mastercard,0.586,5,7,0,3,139.68,0
0,15,186.35,187.29,processing_error,amex,0.486,1,10,1,2,186.35,1
15,20,132.6,148.1,do_not_honor,visa,0.674,3,19,4,4,161.98,1
29,18,126.57,111.73,insufficient_funds,visa,0.723,4,20,4,1,242.56,0
20,2,336.86,346.91,card_declined,elo,0.381,3,10,2,4,510.73,0
2,4,23.66,22.11,insufficient_funds,visa,0.387,1,20,0,2,23.66,0
12,12,48.12,41.43,insufficient_funds,visa,0.578,0,11,1,1,48.12,1
60,25,100.08,98.2,insufficient_funds,visa,0.905,1,18,6,2,466.45,1
57,26,51.11,47.79,insufficient_funds,amex,0.849,2,16,0,3,214.52,1
4,10,68.76,58.48,insufficient_funds,mastercard,0.455,6,20,5,1,68.76,0
42,22,306.83,306.18,insufficient_funds,mastercard,0.722,1,14,4,1,985.9,1
2,17,85.63,80.78,insufficient_funds,amex,0.398,0,11,0,1,85.63,0
6,30,19.25,18.87,do_not_honor,elo,0.682,0,20,2,2,19.25,0
53,4,67.11,57.28,insufficient_funds,mastercard,0.67,2,22,5,1,237.39,1
4,17,102.93,99.9,processing_error,visa,0.548,1,17,4,2,102.93,0
12,18,101.26,100.36,do_not_honor,mastercard,0.501,1,21,6,1,101.26,1
49,10,160.18,158.55,insufficient_funds,mastercard,0.629,1,0,6,1,603.17,1
5,2,148.98,158.68,card_declined,visa,0.518,0,16,5,2,148.98,0
4,2,86.41,99.15,insufficient_funds,amex,0.489,0,14,4,1,86.41,0
8,15,33.87,29.07,insufficient_funds,visa,0.475,2,18,0,1,33.87,1
9,21,66.06,64.0,card_declined,mastercard,0.381,1,13,5,1,66.06,0
37,22,56.22,62.24,expired_card,mastercard,0.53,2,0,4,1,174.95,1
57,6,75.88,78.74,insufficient_funds,amex,0.833,1,15,2,1,353.44,1
16,26,180.61,206.81,do_not_honor,visa,0.59,1,16,5,2,241.74,0
0,12,139.96,148.92,card_declined,visa,0.398,1,18,2,1,139.96,0
12,29,203.24,216.91,insufficient_funds,mastercard,0.592,2,21,4,1,203.24,1
10,4,69.49,60.65,insufficient_funds,hipercard,0.568,2,23,4,2,69.49,0
2,25,373.26,348.09,do_not_honor,mastercard,0.387,3,19,4,1,373.26,0
70,27,177.7,182.17,generic_decline,visa,0.729,1,13,2,1,1009.53,0
3,25,108.0,108.73,expired_card,hipercard,0.363,1,23,1,3,108.0,0
23,24,167.06,180.22,card_declined,mastercard,0.638,0,18,4,2,306.85,0
0,12,53.63,61.57,insufficient_funds,visa,0.301,2,22,2,1,53.63,0
7,22,15.02,13.7,insufficient_funds,visa,0.65,2,14,6,1,15.02,0
14,17,57.02,55.8,do_not_honor,mastercard,0.5,3,9,6,1,57.02,0
0,14,189.88,210.78,card_declined,mastercard,0.464,0,18,6,3,189.88,0
3,31,104.97,115.62,expired_card,visa,0.473,0,9,3,4,104.97,0
35,9,86.56,94.8,card_declined,mastercard,0.726,3,22,6,1,251.15,0
14,13,46.03,47.69,insufficient_funds,hipercard,0.492,1,17,0,2,48.59,0
2,27,17.2,19.74,insufficient_funds,elo,0.582,1,15,4,1,17.2,0
5,9,346.57,331.8,expired_card,mastercard,0.374,3,9,6,2,346.57,0
3,5,81.27,71.91,insufficient_funds,visa,0.543,4,12,0,4,81.27,0
1,10,66.74,59.38,insufficient_funds,visa,0.472,2,12,4,1,66.74,0
5,24,53.83,52.79,insufficient_funds,hipercard,0.487,1,4,3,1,53.83,0
6,26,297.91,325.16,insufficient_funds,mastercard,0.522,1,9,0,3,297.91,0
10,4,213.86,210.83,do_not_honor,visa,0.388,3,17,1,2,213.86,0
7,19,41.4,42.78,insufficient_funds,elo,0.42,2,3,0,2,41.4,1
18,17,275.03,263.32,insufficient_funds,visa,0.591,3,15,4,1,347.58,1
57,20,85.93,91.47,card_declined,visa,0.805,2,17,5,1,410.59,1
64,20,56.83,50.92,do_not_honor,visa,0.917,0,11,6,1,257.99,0
45,29,75.31,75.76,card_declined,amex,0.789,3,23,5,1,262.79,0
0,11,48.74,44.14,generic_decline,elo,0.485,0,15,5,1,48.74,0
2,9,30.24,29.96,card_declined,mastercard,0.556,0,19,2,1,30.24,0
68,17,194.77,190.71,card_declined,mastercard,0.964,3,11,0,3,1026.66,0
5,14,80.35,82.87,insufficient_funds,amex,0.567,1,1,2,1,80.35,1
18,15,169.13,169.61,insufficient_funds,visa,0.477,0,8,0,2,223.89,1
3,3,126.16,144.17,insufficient_funds,visa,0.698,1,12,5,4,126.16,0
18,5,159.12,178.23,card_declined,amex,0.465,2,13,2,4,235.26,1
38,28,15.88,14.9,expired_card,amex,0.441,3,10,5,2,43.09,1
9,3,45.26,40.12,card_declined,visa,0.646,1,13,6,1,45.26,0
0,18,162.09,140.93,expired_card,visa,0.518,3,9,2,2,162.09,1
38,23,31.5,28.65,card_declined,elo,0.771,0,22,1,2,82.86,0
1,1,136.15,124.8,insufficient_funds,visa,0.45,2,13,1,3,136.15,0
3,7,28.42,31.73,insufficient_funds,mastercard,0.416,1,19,4,2,28.42,1
5,12,99.19,111.83,expired_card,elo,0.5,0,22,1,3,99.19,0
2,16,408.53,375.5,insufficient_funds,mastercard,0.538,1,23,2,1,408.53,0
2,11,194.51,209.61,do_not_honor,mastercard,0.483,2,16,4,4,194.51,0
8,19,18.89,20.79,insufficient_funds,elo,0.474,0,13,2,2,18.89,0
0,7,207.68,200.05,insufficient_funds,amex,0.679,1,22,1,4,207.68,1
9,1,493.29,548.28,expired_card,elo,0.341,0,23,3,3,493.29,0
1,1,1172.61,1344.51,insufficient_funds,mastercard,0.558,0,19,2,2,1172.61,0
43,11,149.07,169.99,expired_card,hipercard,0.721,2,16,4,1,561.42,1
12,12,29.09,31.2,insufficient_funds,mastercard,0.455,1,10,2,1,29.09,0
0,28,143.81,138.27,insufficient_funds,visa,0.491,0,17,5,1,143.81,1
49,2,403.49,370.44,card_declined,visa,0.626,2,11,1,2,1409.27,1
8,16,82.78,95.02,insufficient_funds,visa,0.619,1,10,3,3,82.78,1
10,17,246.9,230.32,expired_card,visa,0.547,3,14,5,1,246.9,1
16,22,46.37,45.51,insufficient_funds,elo,0.52,0,14,1,4,53.2,0
70,19,136.07,126.44,expired_card,visa,0.81,2,15,1,2,700.69,0
0,1,10.71,10.7,insufficient_funds,mastercard,0.639,0,14,3,2,10.71,0
21,19,42.02,37.11,insufficient_funds,amex,0.457,3,3,3,4,57.47,1
21,10,97.22,106.23,card_declined,visa,0.664,0,15,6,2,164.52,0
67,24,70.78,70.89,expired_card,mastercard,0.844,1,13,5,1,376.01,1
21,6,30.79,30.05,do_not_honor,hipercard,0.622,0,16,1,1,46.54,1
0,22,62.71,60.14,processing_error,visa,0.566,0,14,0,2,62.71,1
4,19,131.0,134.14,expired_card,visa,0.565,3,14,1,4,131.0,0
69,20,90.54,98.14,insufficient_funds,visa,0.718,3,21,2,1,536.09,1
12,6,103.19,115.65,card_declined,mastercard,0.458,2,19,0,1,103.19,0
57,20,187.28,206.47,expired_card,mastercard,0.93,3,20,1,2,926.79,1
2,23,72.07,70.89,processing_error,hipercard,0.431,0,17,5,2,72.07,1
1,16,326.93,359.69,expired_card,mastercard,0.436,3,22,3,3,326.93,0
4,11,40.59,40.94,insufficient_funds,mastercard,0.623,1,17,0,4,40.59,0
62,6,541.88,564.34,processing_error,amex,0.979,2,1,0,2,2769.97,1
4,9,262.73,276.49,processing_error,visa,0.322,4,15,2,3,262.73,0
23,24,71.25,69.11,insufficient_funds,elo,0.457,1,16,0,4,117.67,0
5,13,75.6,75.28,card_declined,elo,0.569,3,22,1,1,75.6,0
7,22,117.45,124.24,expired_card,mastercard,0.617,2,16,1,2,117.45,1
23,23,166.37,156.78,expired_card,mastercard,0.754,1,11,3,2,266.94,1
13,20,258.45,277.59,do_not_honor,visa,0.605,0,15,3,3,262.13,1
12,20,29.71,28.41,insufficient_funds,elo,0.598,2,14,4,1,29.71,1
13,18,144.17,147.87,insufficient_funds,mastercard,0.386,2,16,2,3,144.17,1
47,16,14.91,16.42,insufficient_funds,elo,0.654,1,12,3,1,59.7,1
12,6,83.5,71.56,do_not_honor,amex,0.685,1,13,4,1,83.5,0
32,25,355.64,327.94,insufficient_funds,mastercard,0.654,0,23,1,2,789.97,0
56,29,27.75,28.26,card_declined,hipercard,0.765,1,15,1,1,124.41,1
9,15,23.61,20.82,processing_error,visa,0.663,3,21,4,3,23.61,1
0,28,118.93,108.43,processing_error,visa,0.611,0,23,1,3,118.93,0
2,31,335.24,360.29,insufficient_funds,visa,0.462,0,20,0,1,335.24,0
1,15,130.51,111.94,insufficient_funds,visa,0.478,2,14,0,1,130.51,0
1,23,18.0,18.59,generic_decline,mastercard,0.557,0,10,2,2,18.0,0
6,19,21.92,18.86,expired_card,visa,0.644,5,20,6,2,21.92,0
21,7,106.62,94.33,insufficient_funds,mastercard,0.595,2,17,3,1,146.09,1
5,2,34.29,33.16,insufficient_funds,hipercard,0.609,1,13,1,1,34.29,0
11,15,110.37,125.76,processing_error,elo,0.521,2,20,4,1,110.37,0
1,24,116.34,117.94,do_not_honor,mastercard,0.58,0,16,0,1,116.34,0
0,10,63.27,59.71,expired_card,hipercard,0.479,3,20,6,1,63.27,1
1,24,490.02,476.98,insufficient_funds,elo,0.414,3,15,6,3,490.02,0
13,20,165.16,168.57,card_declined,elo,0.657,1,17,4,3,165.16,0
8,21,286.76,297.03,insufficient_funds,visa,0.475,1,14,0,3,286.76,0
29,9,221.44,206.02,do_not_honor,mastercard,0.769,0,13,6,1,447.26,0
48,15,85.55,77.78,insufficient_funds,visa,0.513,2,19,0,2,289.34,0
6,6,82.24,82.12,insufficient_funds,visa,0.549,2,14,0,2,82.24,0
12,8,75.04,78.3,insufficient_funds,visa,0.604,4,14,4,2,75.04,0
13,4,179.01,196.01,insufficient_funds,elo,0.563,2,12,4,1,185.09,0
1,4,54.85,56.38,insufficient_funds,visa,0.536,0,20,1,1,54.85,0
1,6,452.48,478.6,card_declined,mastercard,0.573,2,21,4,1,452.48,0
28,17,50.39,50.15,insufficient_funds,mastercard,0.569,0,10,6,1,104.92,1
4,14,118.26,120.63,card_declined,visa,0.582,1,18,5,2,118.26,1
43,8,79.75,82.99,insufficient_funds,visa,0.798,0,11,1,1,274.09,1
42,26,65.49,60.31,insufficient_funds,amex,0.829,1,11,2,2,194.2,1
6,16,673.24,760.91,expired_card,amex,0.596,1,10,6,2,673.24,0
52,28,66.18,63.11,expired_card,amex,0.755,1,11,2,2,256.16,1
2,19,74.57,76.91,insufficient_funds,elo,0.573,4,14,5,2,74.57,0
49,1,54.19,55.18,processing_error,visa,0.883,1,12,0,4,209.92,0
15,27,101.38,112.13,insufficient_funds,visa,0.517,1,11,0,2,122.64,0
3,26,89.34,78.98,insufficient_funds,mastercard,0.572,1,17,0,2,89.34,1
2,19,36.17,40.34,insufficient_funds,amex,0.462,0,20,1,1,36.17,0
4,16,67.05,59.75,expired_card,visa,0.474,4,14,6,2,67.05,0
0,15,168.0,150.08,insufficient_funds,visa,0.527,2,0,0,2,168.0,1
19,15,243.39,269.84,insufficient_funds,elo,0.517,2,17,5,4,376.69,1
9,24,99.86,92.58,insufficient_funds,mastercard,0.732,2,21,4,2,99.86,0
12,16,103.01,106.46,insufficient_funds,mastercard,0.621,0,17,2,3,103.01,0
25,6,70.93,70.16,insufficient_funds,amex,0.638,2,21,3,2,130.33,1
10,2,62.56,70.71,expired_card,mastercard,0.548,2,0,3,1,62.56,0
5,4,43.19,46.84,expired_card,amex,0.641,2,11,1,2,43.19,1
14,8,24.52,23.31,insufficient_funds,visa,0.533,5,17,5,4,24.52,1
2,12,52.37,57.29,insufficient_funds,mastercard,0.506,1,14,0,1,52.37,0
0,26,218.21,200.26,insufficient_funds,visa,0.486,3,10,0,1,218.21,0
35,7,67.05,69.37,generic_decline,visa,0.476,0,22,4,1,183.78,1
39,10,71.88,77.31,card_declined,visa,0.717,2,14,1,3,229.9,0
21,7,70.65,74.96,insufficient_funds,visa,0.639,1,21,0,1,116.09,1
17,17,295.32,309.2,generic_decline,visa,0.631,4,23,4,4,384.74,0
67,18,42.85,47.09,insufficient_funds,mastercard,0.826,0,0,5,2,249.77,1
48,16,125.02,127.13,insufficient_funds,visa,0.495,1,23,4,2,472.92,1
47,29,91.98,103.8,generic_decline,visa,0.579,0,19,3,1,377.41,0
2,31,103.83,92.77,card_declined,mastercard,0.567,3,20,4,2,103.83,0
65,25,121.44,116.18,expired_card,visa,0.787,1,10,2,1,597.84,0
46,24,102.84,111.57,expired_card,visa,0.813,2,10,4,2,396.32,0
17,12,197.72,186.33,generic_decline,hipercard,0.68,2,15,2,1,231.85,0
0,17,95.24,93.61,insufficient_funds,mastercard,0.55,2,10,4,2,95.24,1
0,12,460.32,498.0,insufficient_funds,elo,0.274,1,18,6,1,460.32,0
16,24,101.69,102.87,insufficient_funds,visa,0.738,0,22,4,1,120.24,1
47,6,21.52,19.5,generic_decline,mastercard,0.725,0,23,3,2,70.9,1
0,7,172.33,155.52,insufficient_funds,visa,0.678,1,13,0,4,172.33,0
2,2,138.48,130.22,insufficient_funds,mastercard,0.321,0,16,0,4,138.48,1
3,18,100.62,94.67,insufficient_funds,elo,0.488,2,10,0,2,100.62,0
1,21,77.62,69.16,insufficient_funds,amex,0.573,1,13,3,1,77.62,1
15,1,14.94,16.44,card_declined,mastercard,0.559,2,12,1,1,17.98,1
0,16,17.34,16.21,insufficient_funds,visa,0.586,2,16,0,4,17.34,0
10,12,422.37,460.67,processing_error,elo,0.7,2,12,1,2,422.37,0
36,24,58.11,66.36,card_declined,mastercard,0.792,0,0,6,2,181.16,0
18,2,230.48,218.86,insufficient_funds,mastercard,0.373,0,12,1,1,288.9,1
65,2,23.53,26.85,processing_error,mastercard,0.619,0,9,3,4,138.17,0
5,19,38.57,35.0,insufficient_funds,mastercard,0.414,0,3,6,1,38.57,1
19,18,178.62,186.52,expired_card,visa,0.701,0,15,0,2,260.38,1
25,25,89.24,102.39,expired_card,mastercard,0.713,2,17,1,1,190.2,1
1,18,157.59,172.17,insufficient_funds,visa,0.382,1,22,3,1,157.59,1
4,28,96.57,88.74,insufficient_funds,mastercard,0.388,1,11,4,1,96.57,0
26,10,81.28,75.36,expired_card,mastercard,0.707,2,8,5,1,145.86,0
17,13,53.43,49.62,insufficient_funds,mastercard,0.475,1,19,4,1,61.74,1
1,30,33.84,38.34,expired_card,visa,0.519,3,16,0,1,33.84,0
15,4,339.82,313.87,insufficient_funds,mastercard,0.674,2,22,1,1,343.3,1
4,24,393.33,394.46,insufficient_funds,mastercard,0.674,0,15,3,1,393.33,1
6,1,38.85,37.1,generic_decline,visa,0.337,2,21,0,1,38.85,0
26,15,36.66,35.13,insufficient_funds,visa,0.479,1,7,0,1,68.0,1
14,5,71.77,69.79,generic_decline,visa,0.62,0,23,5,1,71.77,1
15,18,132.27,126.12,card_declined,visa,0.255,1,14,4,2,137.94,0
4,24,83.17,85.66,expired_card,mastercard,0.542,2,21,1,2,83.17,1
2,2,152.34,148.93,insufficient_funds,visa,0.588,1,2,3,1,152.34,0
3,6,93.56,91.9,do_not_honor,visa,0.688,0,10,6,2,93.56,0
9,11,88.29,88.45,do_not_honor,visa,0.493,2,16,3,4,88.29,0
10,8,833.75,797.78,card_declined,visa,0.67,2,0,4,1,833.75,1
42,12,61.31,65.99,card_declined,visa,0.774,0,16,4,1,212.49,0
51,29,419.54,419.98,insufficient_funds,hipercard,0.668,1,12,2,2,1668.9,0
3,4,353.42,354.4,insufficient_funds,mastercard,0.499,2,16,5,1,353.42,1
35,14,152.96,139.65,generic_decline,mastercard,0.833,3,19,0,2,369.98,0
1,15,17.66,15.17,insufficient_funds,visa,0.523,2,17,4,1,17.66,0
34,9,100.48,109.8,insufficient_funds,amex,0.698,1,19,2,1,282.06,1
69,9,61.88,68.48,insufficient_funds,mastercard,0.866,0,13,6,3,374.07,0
0,22,99.51,91.79,card_declined,mastercard,0.406,2,18,4,1,99.51,0
66,18,38.02,36.42,card_declined,elo,0.832,0,16,1,2,190.29,0
20,24,191.37,183.22,expired_card,visa,0.61,0,15,5,2,269.74,1
6,13,234.48,247.44,insufficient_funds,hipercard,0.476,1,17,2,4,234.48,0
1,18,276.37,250.44,insufficient_funds,visa,0.346,1,15,5,2,276.37,0
1,26,69.61,79.61,insufficient_funds,elo,0.428,2,15,0,3,69.61,1
67,25,38.14,33.13,generic_decline,hipercard,0.75,0,13,2,1,175.73,1
9,28,133.59,152.58,insufficient_funds,mastercard,0.592,4,17,3,1,133.59,0
17,8,465.13,404.96,generic_decline,amex,0.639,1,12,0,2,503.89,1
14,30,103.96,98.27,insufficient_funds,visa,0.593,0,0,3,2,103.96,0
49,24,146.08,135.15,do_not_honor,mastercard,0.82,1,7,6,1,514.15,0
5,24,79.34,73.62,expired_card,visa,0.545,3,22,0,2,79.34,0
1,20,62.5,71.78,processing_error,visa,0.483,0,21,2,2,62.5,0
32,30,175.41,173.22,expired_card,mastercard,0.576,1,23,5,2,417.27,0
6,14,88.96,78.81,card_declined,mastercard,0.622,4,15,0,3,88.96,1
9,23,139.89,160.13,card_declined,mastercard,0.603,0,12,0,1,139.89,0
3,22,153.43,141.59,insufficient_funds,visa,0.587,1,23,3,1,153.43,1
58,23,133.1,116.03,do_not_honor,visa,0.709,3,17,6,3,530.9,0
0,23,160.44,137.54,expired_card,visa,0.611,1,22,4,2,160.44,0
6,6,45.82,45.31,insufficient_funds,mastercard,0.557,1,13,5,3,45.82,0
10,11,43.4,48.85,insufficient_funds,visa,0.639,2,20,6,1,43.4,0
48,12,94.12,80.48,expired_card,mastercard,0.552,1,20,3,2,299.39,1
0,23,96.15,102.65,do_not_honor,hipercard,0.474,2,18,0,3,96.15,0
5,22,61.46,57.04,processing_error,hipercard,0.53,1,11,0,2,61.46,1
40,25,121.08,110.88,insufficient_funds,mastercard,0.827,1,21,4,1,338.8,0
10,24,219.02,232.41,card_declined,visa,0.616,0,15,4,2,219.02,0
4,18,280.69,301.56,insufficient_funds,mastercard,0.537,0,19,1,2,280.69,1
1,5,342.72,348.79,insufficient_funds,mastercard,0.407,1,16,4,4,342.72,0
2,19,30.4,27.68,processing_error,visa,0.312,1,9,1,2,30.4,0
1,26,34.79,29.64,insufficient_funds,hipercard,0.675,0,14,3,1,34.79,0
2,19,75.57,80.95,insufficient_funds,visa,0.384,0,14,2,2,75.57,0
13,27,104.97,108.11,insufficient_funds,visa,0.608,2,22,4,1,104.97,1
3,31,79.09,77.25,insufficient_funds,mastercard,0.594,0,21,4,2,79.09,0
25,12,59.83,54.69,insufficient_funds,amex,0.673,4,13,5,3,101.59,0
9,23,74.59,80.45,insufficient_funds,elo,0.259,0,17,1,2,74.59,1
1,16,150.16,130.83,insufficient_funds,visa,0.598,0,15,2,2,150.16,1
4,15,30.0,31.28,do_not_honor,elo,0.383,1,17,1,1,30.0,0
45,8,783.68,827.97,insufficient_funds,amex,0.877,0,14,3,1,2872.02,1
0,8,99.59,91.32,do_not_honor,elo,0.447,0,14,0,4,99.59,0
51,6,248.61,247.37,card_declined,visa,0.868,1,20,6,1,982.99,0
6,19,58.39,58.74,insufficient_funds,mastercard,0.64,0,23,2,3,58.39,1
5,5,162.81,167.27,insufficient_funds,elo,0.466,0,4,1,3,162.81,1
22,14,106.84,119.7,insufficient_funds,visa,0.538,1,0,2,1,194.58,0
9,16,209.24,212.15,processing_error,mastercard,0.699,2,16,1,3,209.24,0
8,14,81.94,71.3,card_declined,mastercard,0.623,0,19,4,1,81.94,0
33,25,387.86,369.82,insufficient_funds,mastercard,0.701,1,22,6,3,920.39,1
1,14,25.97,26.97,insufficient_funds,visa,0.392,2,12,3,1,25.97,0
30,3,227.18,215.81,insufficient_funds,visa,0.726,1,15,5,3,485.57,0
1,31,108.62,117.35,expired_card,mastercard,0.625,1,21,1,2,108.62,0
0,25,39.56,35.88,insufficient_funds,visa,0.551,0,13,2,2,39.56,1
57,20,553.59,494.3,expired_card,visa,0.892,1,7,6,2,2218.79,0
59,24,505.02,464.27,expired_card,mastercard,0.862,1,21,0,3,2164.72,1
3,4,15.49,17.24,card_declined,visa,0.674,3,12,3,1,15.49,0
8,24,114.37,120.58,insufficient_funds,mastercard,0.507,2,23,5,4,114.37,0
50,6,182.95,184.05,insufficient_funds,hipercard,0.65,0,11,4,3,715.75,1
1,16,144.72,136.05,insufficient_funds,mastercard,0.517,2,17,0,1,144.72,0
38,6,375.65,422.82,processing_error,visa,0.753,2,22,0,1,1222.89,1
35,23,312.3,348.72,insufficient_funds,visa,0.697,1,12,6,1,923.87,1
6,8,123.71,119.98,insufficient_funds,mastercard,0.364,2,14,2,2,123.71,0
15,8,738.89,794.91,insufficient_funds,mastercard,0.515,0,14,2,3,869.43,0
3,4,224.66,252.53,card_declined,amex,0.595,1,16,1,4,224.66,1
4,22,71.54,67.53,expired_card,mastercard,0.656,0,14,3,1,71.54,0
6,9,59.84,56.77,card_declined,visa,0.533,3,16,2,1,59.84,0
7,16,294.97,299.02,expired_card,visa,0.674,0,17,5,2,294.97,1
12,11,48.33,47.0,do_not_honor,mastercard,0.641,1,13,0,1,48.33,1
29,24,67.93,73.26,do_not_honor,visa,0.745,3,17,4,2,159.05,1
29,7,79.01,79.89,insufficient_funds,mastercard,0.634,0,11,6,1,173.44,1
18,28,134.07,122.48,insufficient_funds,visa,0.573,1,12,1,2,161.67,0
44,10,82.31,78.76,do_not_honor,mastercard,0.723,1,8,4,1,266.65,0
0,4,30.34,31.9,card_declined,mastercard,0.577,2,21,0,1,30.34,0
3,8,274.42,237.66,generic_decline,elo,0.383,5,14,3,1,274.42,0
9,3,68.25,65.02,insufficient_funds,visa,0.498,1,12,2,4,68.25,0
0,15,587.99,502.63,generic_decline,amex,0.508,3,18,4,3,587.99,0
9,8,128.05,140.38,insufficient_funds,mastercard,0.55,0,14,6,3,128.05,1
0,26,301.29,266.69,expired_card,elo,0.563,1,15,5,2,301.29,0
29,16,171.19,149.48,insufficient_funds,mastercard,0.661,1,14,1,1,324.52,1
27,7,314.37,341.4,insufficient_funds,elo,0.709,0,12,5,1,687.49,1
4,15,162.23,142.25,insufficient_funds,mastercard,0.669,1,23,0,2,162.23,1
56,6,120.46,127.12,insufficient_funds,visa,0.682,1,0,4,1,559.61,0
19,6,258.14,248.84,insufficient_funds,visa,0.647,1,13,0,2,347.37,1
5,9,889.53,975.38,generic_decline,hipercard,0.578,1,18,5,1,889.53,0
32,4,76.92,69.6,generic_decline,mastercard,0.549,3,15,6,1,167.66,0
5,6,198.05,173.36,do_not_honor,elo,0.597,1,15,4,2,198.05,1
4,28,97.29,89.36,generic_decline,amex,0.533,3,16,1,4,97.29,1
14,20,153.23,173.09,processing_error,visa,0.599,1,19,1,2,176.36,0
1,28,101.48,111.5,do_not_honor,amex,0.613,1,8,1,1,101.48,1
28,8,14.38,13.46,insufficient_funds,visa,0.686,2,7,1,2,28.16,1
64,25,81.82,74.61,insufficient_funds,visa,0.911,4,13,3,2,378.02,1
4,12,237.53,213.08,do_not_honor,mastercard,0.349,3,15,0,2,237.53,0
7,5,49.53,45.39,insufficient_funds,elo,0.496,1,20,5,3,49.53,1
1,24,221.51,201.91,card_declined,mastercard,0.267,1,0,3,1,221.51,1
1,2,115.07,128.47,expired_card,visa,0.592,2,17,3,1,115.07,1
0,13,82.46,70.59,insufficient_funds,mastercard,0.618,0,13,4,2,82.46,1
3,25,218.55,243.47,insufficient_funds,elo,0.604,1,15,0,1,218.55,1
0,18,179.0,154.37,card_declined,mastercard,0.567,3,16,3,1,179.0,0
17,16,142.02,155.95,expired_card,visa,0.694,5,11,2,2,194.05,1
70,12,241.01,235.64,insufficient_funds,visa,0.848,1,11,2,1,1305.84,1
6,3,117.07,102.22,expired_card,mastercard,0.499,1,20,3,1,117.07,0
10,31,22.68,24.71,insufficient_funds,visa,0.573,1,21,1,2,22.68,0
4,6,69.86,64.76,insufficient_funds,elo,0.525,1,12,0,4,69.86,1
36,8,19.68,21.91,card_declined,visa,0.68,4,17,2,4,59.81,0
13,7,175.27,188.53,insufficient_funds,mastercard,0.445,0,16,0,1,178.03,0
4,27,216.7,248.02,generic_decline,amex,0.345,1,17,0,2,216.7,0
14,24,225.63,248.09,insufficient_funds,mastercard,0.444,1,21,4,1,252.78,1
0,15,150.94,139.21,generic_decline,elo,0.535,2,17,4,2,150.94,0
2,29,230.95,224.66,processing_error,visa,0.424,2,21,0,2,230.95,0
4,2,24.09,25.51,do_not_honor,mastercard,0.646,0,15,3,1,24.09,1
39,26,88.84,83.94,card_declined,elo,0.718,1,7,6,2,249.62,0
56,2,27.81,28.2,expired_card,amex,0.743,1,10,6,4,124.14,0
3,12,71.1,65.5,expired_card,mastercard,0.331,1,17,2,1,71.1,0
0,2,410.8,430.88,expired_card,visa,0.619,0,14,6,3,410.8,1
1,31,258.15,245.92,insufficient_funds,visa,0.643,2,15,5,1,258.15,0
0,27,176.04,152.55,insufficient_funds,elo,0.512,0,19,0,2,176.04,1
32,17,83.18,94.85,insufficient_funds,mastercard,0.814,1,17,1,2,228.48,1
1,7,40.44,44.61,card_declined,visa,0.565,2,19,1,2,40.44,0
29,9,115.42,108.62,insufficient_funds,mastercard,0.826,0,3,0,3,235.81,1
19,15,262.18,233.05,expired_card,visa,0.372,0,22,3,1,325.33,1
1,10,140.68,150.61,insufficient_funds,visa,0.659,1,14,4,2,140.68,0
66,1,23.9,21.9,insufficient_funds,amex,0.822,2,18,0,1,114.43,0
5,20,107.27,110.66,expired_card,mastercard,0.628,2,14,3,4,107.27,1
14,18,17.86,19.36,do_not_honor,visa,0.679,2,11,1,2,19.73,0
49,27,199.69,186.06,insufficient_funds,amex,0.77,1,16,1,1,707.83,1
4,15,52.82,49.41,do_not_honor,hipercard,0.621,1,8,0,2,52.82,0
28,11,32.98,28.64,insufficient_funds,amex,0.717,1,4,0,2,59.92,1
4,16,202.14,191.22,insufficient_funds,elo,0.486,2,12,4,2,202.14,1
30,6,160.66,165.36,insufficient_funds,hipercard,0.751,1,14,1,4,372.06,0
1,19,120.16,107.75,insufficient_funds,visa,0.503,1,11,6,4,120.16,0
2,24,684.91,778.01,insufficient_funds,amex,0.582,1,23,6,2,684.91,1
3,5,171.82,183.28,insufficient_funds,visa,0.657,3,1,0,2,171.82,0
30,10,55.12,50.22,card_declined,visa,0.83,2,21,5,1,113.0,1
1,26,155.03,156.45,expired_card,visa,0.519,0,14,4,1,155.03,0
6,16,75.81,73.34,insufficient_funds,visa,0.429,2,19,2,3,75.81,0
5,16,301.17,290.54,do_not_honor,elo,0.569,1,22,1,1,301.17,0
5,22,125.46,127.72,card_declined,amex,0.673,0,16,3,1,125.46,1
26,17,136.99,120.89,insufficient_funds,visa,0.46,1,15,6,2,233.99,0
0,3,27.14,24.82,insufficient_funds,elo,0.407,5,17,0,1,27.14,1
4,24,103.22,92.37,insufficient_funds,elo,0.442,0,23,6,3,103.22,0
0,28,92.98,83.89,processing_error,visa,0.662,0,8,4,4,92.98,1
1,2,39.35,41.18,insufficient_funds,elo,0.523,2,16,0,1,39.35,1
5,4,80.29,92.24,insufficient_funds,visa,0.558,0,15,3,4,80.29,1
40,22,143.95,150.48,insufficient_funds,visa,0.463,1,20,0,2,459.8,0
0,18,97.37,111.53,insufficient_funds,mastercard,0.424,0,9,4,1,97.37,0
38,12,27.88,28.52,insufficient_funds,amex,0.856,2,17,0,2,82.49,1
64,16,76.68,71.7,expired_card,visa,0.814,0,13,2,4,363.28,0
15,22,64.5,71.7,generic_decline,visa,0.536,0,19,0,1,78.42,1
3,16,116.08,101.01,insufficient_funds,mastercard,0.575,2,7,6,1,116.08,0
11,5,105.46,92.88,insufficient_funds,elo,0.551,2,21,1,1,105.46,1
10,4,67.81,76.92,insufficient_funds,amex,0.59,0,0,3,1,67.81,0
2,14,65.5,68.45,insufficient_funds,mastercard,0.458,1,22,1,2,65.5,0
10,28,103.76,117.11,card_declined,elo,0.54,0,15,3,1,103.76,0
57,17,229.94,204.62,generic_decline,mastercard,0.754,2,22,0,2,918.49,1
8,12,125.2,135.28,card_declined,visa,0.715,0,0,4,4,125.2,0
37,27,346.03,318.5,insufficient_funds,mastercard,0.79,2,22,1,2,895.29,0
65,12,267.47,254.9,do_not_honor,visa,0.372,2,16,6,1,1311.67,0
26,16,369.41,413.63,processing_error,elo,0.773,1,7,3,1,800.6,1
54,4,329.69,320.91,insufficient_funds,visa,0.78,1,23,6,2,1357.45,1
15,23,391.81,411.86,do_not_honor,visa,0.478,1,12,0,2,450.47,1
28,22,35.1,39.18,card_declined,hipercard,0.531,1,10,1,2,81.97,1
3,24,173.73,193.06,processing_error,amex,0.523,2,7,3,4,173.73,0
1,10,288.48,245.98,insufficient_funds,mastercard,0.611,0,16,3,1,288.48,1
0,14,338.71,303.98,insufficient_funds,elo,0.494,0,18,5,2,338.71,0
4,6,49.29,55.48,processing_error,hipercard,0.434,2,13,0,4,49.29,0
41,29,175.27,178.55,insufficient_funds,visa,0.605,1,18,4,2,560.23,0
43,4,104.5,103.88,generic_decline,mastercard,0.52,2,21,3,2,343.08,1
11,19,504.29,438.52,insufficient_funds,visa,0.638,2,15,6,2,504.29,1
13,22,28.5,24.44,insufficient_funds,elo,0.468,0,23,5,1,28.5,1
20,5,49.36,56.07,card_declined,visa,0.398,1,9,1,1,82.55,0
19,12,19.57,19.42,expired_card,elo,0.512,0,19,0,1,27.11,1
14,2,111.15,120.7,insufficient_funds,visa,0.411,1,19,3,2,122.98,1
7,17,730.24,668.9,card_declined,mastercard,0.621,3,16,3,2,730.24,0
31,31,93.97,86.56,card_declined,elo,0.521,3,9,6,3,201.62,0
58,14,106.93,108.86,expired_card,visa,0.715,0,16,0,1,498.09,1
29,31,159.36,177.34,insufficient_funds,amex,0.755,0,10,3,2,385.0,1
4,4,88.16,82.57,expired_card,visa,0.511,0,8,6,1,88.16,0
3,12,135.31,128.36,expired_card,mastercard,0.416,2,16,0,1,135.31,0
67,27,138.49,140.59,processing_error,elo,0.814,3,17,0,3,745.71,1
14,26,46.12,39.76,expired_card,visa,0.475,1,20,0,1,46.12,0
65,10,89.91,86.64,insufficient_funds,mastercard,0.91,2,11,0,2,445.84,1
4,21,188.95,192.14,insufficient_funds,mastercard,0.484,1,22,1,3,188.95,0
4,26,223.02,189.89,insufficient_funds,mastercard,0.469,1,16,4,1,223.02,1
3,24,309.78,322.61,insufficient_funds,mastercard,0.446,0,17,3,1,309.78,1
12,19,131.68,113.94,expired_card,mastercard,0.66,0,10,0,3,131.68,0
59,5,134.08,142.93,processing_error,visa,0.782,3,20,2,1,666.43,1
27,3,190.34,207.57,generic_decline,visa,0.516,2,18,2,3,417.99,0
0,18,57.63,63.49,expired_card,hipercard,0.496,3,10,4,3,57.63,0
0,16,55.57,58.46,card_declined,mastercard,0.297,1,15,1,3,55.57,0
6,7,87.49,89.11,expired_card,visa,0.537,6,14,0,4,87.49,0
0,9,31.49,29.67,insufficient_funds,visa,0.622,2,23,0,2,31.49,0
9,12,140.31,137.14,expired_card,elo,0.571,2,23,0,1,140.31,1
1,16,248.22,217.47,insufficient_funds,mastercard,0.427,2,16,5,1,248.22,0
7,12,52.02,55.25,insufficient_funds,visa,0.656,0,14,0,3,52.02,1
2,12,143.87,123.35,do_not_honor,amex,0.675,5,15,1,2,143.87,0
59,4,55.9,54.45,expired_card,hipercard,0.891,1,12,2,2,253.88,1
0,26,39.62,39.69,insufficient_funds,amex,0.503,2,20,5,1,39.62,0
53,18,606.89,634.22,expired_card,mastercard,0.897,3,15,5,2,2628.4,0
3,5,40.13,38.24,generic_decline,visa,0.474,1,16,4,2,40.13,1
2,14,31.37,30.83,insufficient_funds,visa,0.575,1,4,4,3,31.37,0
16,13,118.29,121.39,generic_decline,visa,0.558,2,8,3,3,141.89,1
5,18,124.08,139.83,generic_decline,mastercard,0.691,3,11,6,1,124.08,0
19,18,176.81,185.93,expired_card,visa,0.659,1,15,0,1,259.55,0
30,19,578.3,535.7,insufficient_funds,mastercard,0.646,3,15,3,1,1205.32,1
28,22,49.01,54.12,insufficient_funds,mastercard,0.557,6,21,4,1,113.23,0
18,4,58.47,50.67,insufficient_funds,elo,0.755,1,20,4,4,66.88,1
61,9,408.1,380.22,insufficient_funds,visa,0.868,3,17,6,1,1836.15,1
3,1,225.12,198.66,processing_error,amex,0.571,1,1,4,1,225.12,0
5,15,198.96,195.8,generic_decline,mastercard,0.578,3,16,3,4,198.96,0
24,14,57.88,60.26,insufficient_funds,mastercard,0.726,2,23,1,2,107.26,1
0,23,265.74,268.21,insufficient_funds,hipercard,0.46,2,15,6,1,265.74,1
4,6,199.51,218.14,insufficient_funds,visa,0.555,0,16,1,1,199.51,0
16,19,115.67,118.01,insufficient_funds,amex,0.704,3,4,4,1,137.94,1
52,10,58.14,53.48,expired_card,elo,0.564,4,12,2,2,217.07,0
39,12,107.47,108.64,do_not_honor,hipercard,0.568,2,17,3,3,323.07,0
20,22,422.74,452.61,insufficient_funds,visa,0.691,1,21,2,2,666.34,0
45,3,36.99,37.02,insufficient_funds,visa,0.715,2,19,2,1,128.41,1
10,11,48.04,47.2,expired_card,visa,0.546,1,21,2,1,48.04,1
23,12,55.96,56.45,insufficient_funds,elo,0.511,3,20,5,2,96.11,0
27,22,67.86,68.84,do_not_honor,visa,0.684,0,17,3,1,138.63,0
19,6,96.39,90.91,do_not_honor,visa,0.548,1,16,3,2,126.91,1
64,28,229.04,253.38,insufficient_funds,hipercard,0.849,0,13,3,4,1283.79,0
2,31,147.27,134.36,expired_card,mastercard,0.673,0,20,2,2,147.27,1
55,25,103.18,88.72,processing_error,visa,0.928,1,14,5,2,382.91,1
4,9,125.02,134.08,insufficient_funds,elo,0.638,0,16,3,3,125.02,0
3,20,170.15,187.62,insufficient_funds,visa,0.513,3,23,3,1,170.15,1
0,3,21.95,22.89,generic_decline,mastercard,0.517,4,12,0,2,21.95,0
8,26,253.23,250.87,insufficient_funds,visa,0.283,1,14,1,3,253.23,0
58,16,46.91,53.6,expired_card,mastercard,0.842,0,8,5,3,245.25,0
2,6,65.92,63.36,insufficient_funds,visa,0.412,3,13,5,1,65.92,1
3,10,132.27,128.54,insufficient_funds,elo,0.643,2,22,2,1,132.27,1
53,24,91.42,93.92,processing_error,visa,0.74,0,12,1,1,389.23,1
7,26,150.65,147.51,card_declined,visa,0.655,4,21,5,3,150.65,0
64,16,110.87,112.71,expired_card,hipercard,0.88,1,16,6,2,571.06,0
2,15,75.59,86.17,insufficient_funds,elo,0.563,1,16,4,2,75.59,0
22,23,380.09,350.16,processing_error,mastercard,0.575,1,23,2,1,569.2,1
14,25,183.35,164.02,insufficient_funds,hipercard,0.466,1,15,3,1,183.35,1
18,24,127.84,124.91,expired_card,visa,0.454,3,13,6,1,164.88,1
49,12,180.83,181.05,insufficient_funds,mastercard,0.691,1,17,0,1,688.77,1
4,19,52.24,55.58,expired_card,amex,0.493,1,15,0,4,52.24,0
7,25,674.69,766.82,expired_card,mastercard,0.588,0,15,6,2,674.69,0
0,5,37.2,39.31,insufficient_funds,visa,0.408,2,22,3,2,37.2,0
10,12,108.09,123.89,insufficient_funds,elo,0.615,3,19,4,2,108.09,0
32,2,75.79,70.02,insufficient_funds,visa,0.771,2,14,0,2,168.67,1
40,13,73.28,66.88,card_declined,visa,0.557,0,10,4,4,204.36,1
33,24,65.29,61.5,expired_card,elo,0.79,1,8,3,4,153.06,0
7,6,49.25,53.49,do_not_honor,visa,0.468,0,11,2,1,49.25,0
32,16,280.9,254.48,insufficient_funds,visa,0.831,2,23,4,1,613.01,0
1,2,33.52,30.46,insufficient_funds,visa,0.353,2,9,6,1,33.52,0
4,27,234.18,227.98,insufficient_funds,visa,0.491,1,23,6,4,234.18,0
40,25,173.9,164.38,insufficient_funds,mastercard,0.686,2,17,0,3,502.27,1
0,16,69.69,72.75,expired_card,elo,0.382,0,15,0,4,69.69,1
0,22,156.89,175.25,insufficient_funds,mastercard,0.485,3,21,3,1,156.89,0
68,4,84.96,75.75,insufficient_funds,elo,0.868,1,13,4,2,407.79,1
5,25,36.76,37.28,insufficient_funds,visa,0.511,3,6,6,1,36.76,0
17,22,37.11,32.53,insufficient_funds,visa,0.519,2,10,4,1,40.48,0
0,4,174.97,160.35,card_declined,hipercard,0.38,4,20,5,3,174.97,1
44,30,167.09,157.52,insufficient_funds,mastercard,0.663,2,16,4,2,533.29,0
5,1,121.19,124.07,generic_decline,visa,0.52,1,15,2,2,121.19,1
53,19,69.04,70.18,insufficient_funds,hipercard,0.62,3,19,2,1,290.85,0
2,6,82.54,86.08,insufficient_funds,mastercard,0.596,1,15,4,1,82.54,1
55,22,73.2,80.2,insufficient_funds,mastercard,0.791,1,15,4,1,346.14,1
0,3,20.71,18.77,processing_error,visa,0.644,0,22,2,1,20.71,0
18,3,103.21,110.75,insufficient_funds,mastercard,0.511,1,16,1,1,146.19,1
14,15,155.48,163.27,generic_decline,visa,0.393,2,17,0,1,166.35,0
30,31,103.8,90.71,card_declined,mastercard,0.745,1,17,0,2,204.1,0
49,9,470.57,448.65,expired_card,elo,0.839,0,12,0,2,1706.8,0
51,18,40.05,34.38,expired_card,mastercard,0.504,2,23,4,1,136.62,0
2,16,54.33,47.65,insufficient_funds,visa,0.579,3,3,3,1,54.33,1
0,25,110.01,102.87,insufficient_funds,visa,0.343,1,13,6,3,110.01,0
39,9,121.38,112.03,do_not_honor,elo,0.783,3,13,0,1,333.15,0
5,17,18.06,20.23,processing_error,amex,0.628,1,23,6,1,18.06,1
60,28,166.96,186.68,insufficient_funds,visa,0.967,2,17,2,1,886.73,0
2,11,121.87,124.72,insufficient_funds,visa,0.396,2,14,5,1,121.87,1
0,14,14.88,15.93,insufficient_funds,mastercard,0.454,0,13,1,1,14.88,1
6,26,88.12,101.33,card_declined,elo,0.393,0,8,1,1,88.12,0
1,11,47.66,46.38,insufficient_funds,amex,0.529,4,1,0,1,47.66,0
71,12,65.35,65.79,expired_card,mastercard,0.826,3,10,2,1,369.79,0
62,9,29.78,31.13,insufficient_funds,visa,0.797,0,15,2,2,152.8,1
48,24,141.47,159.32,do_not_honor,elo,0.885,0,12,1,2,592.67,0
33,28,467.49,509.15,insufficient_funds,amex,0.516,0,23,6,1,1267.15,0
4,19,123.7,107.54,insufficient_funds,visa,0.33,1,12,5,1,123.7,0
33,19,14.36,15.28,generic_decline,mastercard,0.742,1,21,0,2,38.03,1
22,12,125.98,116.6,card_declined,visa,0.707,3,21,2,1,189.54,1
19,1,82.23,76.18,insufficient_funds,visa,0.681,2,11,1,4,106.35,1
50,6,36.76,37.28,do_not_honor,amex,0.805,2,11,6,1,144.98,0
26,5,133.82,141.7,insufficient_funds,visa,0.672,1,18,3,2,274.27,1
56,4,213.56,191.73,insufficient_funds,elo,0.897,3,23,6,1,844.04,1
33,20,53.98,50.98,insufficient_funds,visa,0.676,0,16,2,1,126.88,1
37,5,22.7,24.17,insufficient_funds,visa,0.787,1,14,4,1,67.94,1
34,4,16.37,14.66,card_declined,mastercard,0.636,2,1,0,1,37.66,0
2,12,54.11,59.79,expired_card,visa,0.473,4,20,0,1,54.11,0
33,8,85.14,84.02,insufficient_funds,mastercard,0.495,1,11,4,2,209.1,0
38,5,61.81,63.4,processing_error,visa,0.86,3,10,3,1,183.37,1
7,5,53.27,46.56,insufficient_funds,elo,0.449,2,11,6,1,53.27,1
13,8,161.88,183.95,insufficient_funds,hipercard,0.603,2,18,4,1,173.71,0
60,16,147.46,165.49,insufficient_funds,mastercard,0.935,0,14,1,2,786.08,1
5,24,116.71,105.86,card_declined,visa,0.436,2,20,3,1,116.71,0
9,25,201.88,211.76,insufficient_funds,elo,0.692,1,8,0,2,201.88,0
39,23,54.57,59.37,generic_decline,visa,0.701,1,18,4,2,176.55,0
13,19,36.97,32.78,do_not_honor,visa,0.439,1,21,0,1,36.97,0
0,27,61.46,62.89,processing_error,amex,0.632,1,21,2,2,61.46,1
21,16,57.81,63.89,card_declined,visa,0.521,3,10,0,1,98.95,0
7,19,15.8,15.83,expired_card,mastercard,0.472,1,17,4,1,15.8,1
2,13,60.21,67.86,do_not_honor,visa,0.507,0,23,4,1,60.21,0
12,10,260.82,225.44,expired_card,elo,0.659,4,20,0,4,260.82,0
19,11,199.1,224.14,insufficient_funds,mastercard,0.667,0,21,1,1,312.89,1
63,5,155.85,178.16,insufficient_funds,mastercard,0.929,1,22,1,3,888.57,1
0,24,109.87,98.53,processing_error,mastercard,0.693,1,9,6,2,109.87,0
34,2,354.06,346.73,insufficient_funds,visa,0.742,0,10,6,3,890.71,1
6,20,38.12,39.5,processing_error,visa,0.657,2,20,2,3,38.12,0
2,26,41.49,46.38,generic_decline,elo,0.596,3,20,5,1,41.49,0
1,16,265.37,238.26,insufficient_funds,amex,0.421,2,8,0,2,265.37,1
9,3,100.18,95.19,insufficient_funds,elo,0.492,0,21,0,1,100.18,0
11,14,53.85,58.66,insufficient_funds,elo,0.729,3,13,4,1,53.85,0
0,11,159.6,155.29,insufficient_funds,mastercard,0.473,0,22,6,4,159.6,0
5,30,66.22,68.3,expired_card,mastercard,0.665,1,7,0,1,66.22,1
3,21,46.45,47.29,insufficient_funds,mastercard,0.448,0,17,5,1,46.45,0
47,22,45.32,51.75,insufficient_funds,visa,0.75,3,23,0,2,188.16,1
8,16,130.06,116.07,expired_card,mastercard,0.6,2,16,2,2,130.06,0
2,22,117.36,133.15,insufficient_funds,visa,0.677,3,9,5,1,117.36,0
2,22,376.05,383.29,insufficient_funds,visa,0.329,2,8,3,2,376.05,0
0,3,75.54,84.7,insufficient_funds,elo,0.523,2,16,4,3,75.54,0
56,7,74.41,65.88,processing_error,visa,0.783,1,19,1,1,290.02,0
6,1,351.15,366.06,insufficient_funds,elo,0.655,2,20,4,3,351.15,0
16,16,234.62,258.56,insufficient_funds,hipercard,0.399,2,16,5,3,302.23,0
0,26,111.18,120.75,insufficient_funds,amex,0.405,2,13,1,3,111.18,0
54,18,24.43,20.84,card_declined,elo,0.92,1,8,1,3,88.15,1
0,16,47.52,46.84,card_declined,amex,0.527,4,18,0,2,47.52,0
27,28,38.32,33.9,insufficient_funds,visa,0.801,2,16,2,1,68.27,1
45,6,100.97,90.45,expired_card,elo,0.76,5,12,0,3,313.75,0
56,3,62.23,66.08,card_declined,mastercard,0.745,1,23,3,2,290.9,0
39,28,405.96,461.57,do_not_honor,hipercard,0.452,1,16,1,1,1372.59,0
65,27,24.2,25.17,expired_card,mastercard,0.538,1,20,6,1,129.52,1
13,21,34.84,30.68,card_declined,mastercard,0.611,1,17,6,1,34.84,1
5,8,121.47,112.14,insufficient_funds,elo,0.448,1,10,3,3,121.47,0
22,29,155.34,149.7,insufficient_funds,elo,0.713,4,22,6,1,243.35,0
47,24,9.82,8.72,do_not_honor,visa,0.831,0,16,6,2,31.71,0
2,20,20.92,23.1,insufficient_funds,mastercard,0.298,1,17,3,1,20.92,0
2,7,77.34,70.25,insufficient_funds,mastercard,0.63,0,16,2,1,77.34,1
2,16,326.02,289.79,card_declined,mastercard,0.297,1,20,6,2,326.02,0
1,25,522.85,558.25,do_not_honor,hipercard,0.368,3,23,1,4,522.85,0
15,26,67.64,60.07,insufficient_funds,mastercard,0.649,3,13,1,1,67.64,1
9,17,84.0,81.74,do_not_honor,amex,0.532,0,21,4,2,84.0,1
1,16,46.48,46.7,insufficient_funds,visa,0.451,2,9,0,1,46.48,1
46,22,171.55,149.95,do_not_honor,visa,0.689,3,14,0,1,532.66,0
31,16,380.01,386.37,do_not_honor,visa,0.734,3,22,3,1,899.97,1
1,13,298.31,296.53,card_declined,mastercard,0.586,3,16,0,1,298.31,0
7,4,95.26,100.07,do_not_honor,elo,0.584,2,3,5,1,95.26,0
13,4,46.41,42.5,generic_decline,mastercard,0.478,3,14,6,2,46.41,1
4,24,98.46,94.23,do_not_honor,mastercard,0.536,1,18,3,3,98.46,0
24,1,333.27,349.23,insufficient_funds,mastercard,0.495,2,13,0,1,621.63,0
17,2,68.49,58.95,insufficient_funds,hipercard,0.707,1,11,1,1,73.35,1
10,27,19.49,17.24,insufficient_funds,visa,0.535,0,20,3,1,19.49,1
62,22,70.99,66.38,insufficient_funds,visa,0.889,2,11,0,2,325.82,1
7,1,76.29,67.28,expired_card,mastercard,0.491,0,11,2,1,76.29,1
2,10,19.39,16.71,insufficient_funds,elo,0.317,2,18,1,4,19.39,1
0,24,120.12,137.68,generic_decline,visa,0.305,0,18,3,1,120.12,0
1,13,153.22,151.19,insufficient_funds,visa,0.574,2,0,6,2,153.22,0
1,15,510.07,515.22,insufficient_funds,mastercard,0.499,2,16,6,3,510.07,0
3,15,29.93,27.73,insufficient_funds,visa,0.642,1,7,0,2,29.93,1
2,6,187.04,159.42,insufficient_funds,visa,0.564,1,22,0,2,187.04,1
2,22,230.73,248.08,insufficient_funds,visa,0.553,2,19,4,2,230.73,1
45,4,155.09,165.5,expired_card,visa,0.564,1,19,0,3,574.08,1
1,16,39.97,45.64,insufficient_funds,mastercard,0.441,4,19,3,2,39.97,0
0,6,37.96,32.51,processing_error,elo,0.608,2,10,4,2,37.96,0
59,2,106.56,94.96,insufficient_funds,visa,0.809,1,9,2,1,442.76,1
18,5,105.9,112.64,card_declined,mastercard,0.554,1,15,2,4,148.68,0
0,26,59.47,56.44,card_declined,mastercard,0.227,0,18,2,4,59.47,0
48,6,307.9,267.61,insufficient_funds,visa,0.627,0,23,1,2,995.51,1
2,9,68.47,64.38,insufficient_funds,elo,0.608,3,12,2,2,68.47,1
17,5,18.18,15.93,processing_error,visa,0.643,0,22,5,2,19.82,1
2,23,80.11,88.22,card_declined,hipercard,0.537,5,8,5,1,80.11,0
10,14,149.76,166.69,insufficient_funds,mastercard,0.542,1,13,3,2,149.76,1
70,28,132.44,137.88,card_declined,visa,0.805,0,14,1,2,764.08,1
0,20,131.54,127.03,insufficient_funds,amex,0.586,1,13,2,2,131.54,0
7,16,368.53,398.25,insufficient_funds,mastercard,0.646,0,21,4,1,368.53,0
21,20,36.31,37.74,insufficient_funds,visa,0.748,3,14,3,1,58.45,1
68,2,67.09,72.97,card_declined,visa,0.703,1,20,0,1,392.82,1
2,28,385.63,386.89,insufficient_funds,mastercard,0.445,1,22,4,2,385.63,0
1,29,17.03,19.37,expired_card,elo,0.548,2,15,0,1,17.03,0
2,9,93.2,87.33,insufficient_funds,mastercard,0.395,2,14,6,3,93.2,0
3,19,291.21,300.31,insufficient_funds,amex,0.337,2,0,1,4,291.21,0
25,6,287.38,313.94,insufficient_funds,hipercard,0.61,0,19,0,2,583.19,1
11,17,175.7,196.46,insufficient_funds,visa,0.468,4,23,3,1,175.7,1
7,24,179.7,203.78,processing_error,amex,0.602,2,11,4,2,179.7,0
29,28,38.77,37.55,card_declined,visa,0.764,2,23,4,1,81.52,0
1,11,331.02,350.82,insufficient_funds,hipercard,0.535,2,23,1,1,331.02,1
4,21,33.66,31.54,insufficient_funds,visa,0.636,5,18,3,1,33.66,0
1,22,35.49,37.08,insufficient_funds,visa,0.504,2,17,4,1,35.49,1
26,7,137.96,124.89,do_not_honor,mastercard,0.568,1,21,5,4,241.73,1
61,19,63.08,61.59,insufficient_funds,visa,0.94,1,23,3,2,297.43,0
0,20,117.45,132.26,processing_error,elo,0.43,1,17,0,4,117.45,0
9,24,143.32,156.69,insufficient_funds,visa,0.392,1,0,2,1,143.32,1
6,31,474.33,473.83,expired_card,mastercard,0.563,2,19,4,1,474.33,0
16,2,143.69,128.47,expired_card,amex,0.616,1,12,0,1,150.17,0
43,6,56.43,54.71,expired_card,mastercard,0.735,1,15,6,2,180.69,1
58,5,178.27,158.95,insufficient_funds,mastercard,0.918,1,17,1,3,727.28,1
48,5,46.69,40.65,insufficient_funds,hipercard,0.778,1,14,0,4,151.22,1
16,15,219.98,246.81,insufficient_funds,visa,0.647,0,9,0,1,288.49,0
4,26,103.52,103.25,generic_decline,visa,0.572,1,16,1,1,103.52,1
30,15,139.52,122.33,insufficient_funds,visa,0.632,1,15,5,1,275.24,1
6,20,20.1,21.41,card_declined,visa,0.403,3,23,4,1,20.1,0
5,12,13.24,11.55,generic_decline,visa,0.603,2,8,0,2,13.24,0
0,10,25.76,24.96,expired_card,mastercard,0.39,2,21,6,2,25.76,0
11,25,460.89,423.6,insufficient_funds,visa,0.629,2,15,4,2,460.89,0
8,20,35.25,31.7,insufficient_funds,mastercard,0.649,3,11,3,4,35.25,1
40,12,187.34,189.23,card_declined,elo,0.86,1,12,0,3,578.2,0
45,27,55.27,58.91,do_not_honor,mastercard,0.782,2,0,6,2,204.34,0
6,16,78.98,78.68,generic_decline,mastercard,0.587,0,16,3,1,78.98,0
52,6,93.94,102.98,insufficient_funds,visa,0.892,1,22,0,3,417.98,1
3,15,420.97,473.68,do_not_honor,elo,0.513,1,19,3,1,420.97,1
0,20,164.29,179.43,insufficient_funds,mastercard,0.543,2,12,0,1,164.29,1
1,12,137.61,156.46,expired_card,elo,0.288,1,13,0,1,137.61,0
2,25,309.28,349.09,insufficient_funds,mastercard,0.626,2,12,1,1,309.28,1
60,16,55.7,61.26,insufficient_funds,mastercard,0.527,1,9,2,1,290.98,0
8,15,252.5,236.79,expired_card,visa,0.583,2,10,5,1,252.5,1
52,26,217.68,196.41,insufficient_funds,visa,0.771,2,18,4,2,797.21,0
3,15,215.49,230.17,generic_decline,mastercard,0.572,1,16,4,1,215.49,1
35,13,85.17,94.0,insufficient_funds,mastercard,0.402,1,12,0,4,249.03,1
7,4,66.28,72.7,do_not_honor,mastercard,0.315,0,12,1,2,66.28,0
42,12,45.14,47.08,insufficient_funds,elo,0.8,3,19,2,1,151.6,0
55,13,47.72,52.44,insufficient_funds,visa,0.916,2,8,6,3,226.33,1
7,6,43.29,45.98,insufficient_funds,amex,0.462,2,11,4,4,43.29,1
7,17,135.41,142.13,card_declined,amex,0.561,1,13,1,1,135.41,1
23,5,79.8,68.95,processing_error,visa,0.469,1,22,0,1,117.4,1
4,7,143.4,141.7,insufficient_funds,visa,0.692,0,20,0,3,143.4,1
61,17,150.77,129.69,insufficient_funds,mastercard,0.858,2,8,1,1,626.29,1
4,8,38.13,33.47,insufficient_funds,visa,0.656,2,16,4,3,38.13,0
6,19,37.13,37.59,expired_card,visa,0.695,1,21,0,1,37.13,1
3,21,79.78,68.95,expired_card,mastercard,0.671,0,16,0,1,79.78,1
39,9,49.1,55.19,processing_error,mastercard,0.779,0,15,3,2,164.12,1
47,4,44.72,44.05,insufficient_funds,visa,0.812,1,22,1,1,160.16,1
0,16,440.84,467.29,insufficient_funds,hipercard,0.631,1,19,1,3,440.84,1
1,4,25.04,22.39,insufficient_funds,visa,0.46,2,15,6,2,25.04,0
6,16,589.63,651.12,do_not_honor,visa,0.653,0,10,5,4,589.63,1
18,23,126.34,125.51,expired_card,visa,0.593,5,10,5,1,165.67,0
6,19,234.74,238.88,insufficient_funds,amex,0.38,0,11,0,1,234.74,0
19,15,211.4,220.82,processing_error,amex,0.713,1,16,6,1,308.26,1
3,28,169.09,171.11,expired_card,visa,0.44,2,16,3,2,169.09,0
7,4,427.78,435.89,insufficient_funds,elo,0.316,2,17,0,2,427.78,1
36,26,37.37,40.11,insufficient_funds,visa,0.572,2,10,1,1,109.5,1
1,24,85.07,92.89,processing_error,visa,0.594,1,16,0,1,85.07,0
5,13,45.82,43.16,card_declined,visa,0.336,2,17,1,1,45.82,0
1,5,21.67,24.41,insufficient_funds,elo,0.282,2,21,0,1,21.67,1
34,5,54.33,51.95,insufficient_funds,mastercard,0.53,0,12,1,1,133.45,1
8,28,515.83,480.6,insufficient_funds,mastercard,0.48,0,12,0,1,515.83,1
0,7,83.79,79.05,card_declined,visa,0.335,2,23,1,2,83.79,0
17,26,569.27,545.11,insufficient_funds,amex,0.727,4,7,2,3,678.28,0
63,16,623.43,589.19,insufficient_funds,hipercard,0.735,2,15,6,1,2938.59,1
64,15,1312.67,1448.04,insufficient_funds,visa,0.978,2,22,1,1,7336.74,1
1,19,531.15,540.89,generic_decline,mastercard,0.629,2,16,5,2,531.15,0
12,7,794.04,905.44,insufficient_funds,mastercard,0.663,3,16,5,3,794.04,1
6,14,130.48,114.19,insufficient_funds,hipercard,0.651,1,12,3,1,130.48,0
3,28,119.73,123.82,insufficient_funds,mastercard,0.569,1,19,2,3,119.73,1
5,7,127.02,111.63,card_declined,visa,0.514,1,23,2,1,127.02,0
1,28,97.75,96.54,do_not_honor,visa,0.438,0,15,6,2,97.75,0
39,31,111.65,107.72,generic_decline,mastercard,0.581,0,21,6,2,320.33,0
5,2,190.67,201.01,insufficient_funds,mastercard,0.292,0,1,4,2,190.67,1
52,16,64.63,69.39,insufficient_funds,visa,0.893,1,21,6,2,281.65,0
36,6,28.75,26.49,insufficient_funds,elo,0.637,0,23,5,2,72.32,1
29,19,135.02,122.61,processing_error,amex,0.593,1,21,4,4,266.18,1
0,31,52.82,51.54,expired_card,mastercard,0.477,3,8,1,4,52.82,0
2,27,57.91,53.43,insufficient_funds,mastercard,0.629,1,17,2,1,57.91,0
18,28,86.11,90.67,insufficient_funds,mastercard,0.275,0,8,1,1,119.68,1
0,7,70.23,70.6,insufficient_funds,mastercard,0.52,0,7,4,1,70.23,0
67,17,262.03,287.73,card_declined,visa,0.817,1,8,1,1,1526.17,0
2,7,84.29,96.46,insufficient_funds,mastercard,0.282,4,9,4,2,84.29,1
13,27,274.03,264.01,insufficient_funds,mastercard,0.522,1,16,1,1,274.03,1
0,6,117.38,131.89,insufficient_funds,hipercard,0.516,2,19,0,2,117.38,1
14,5,90.36,97.87,insufficient_funds,visa,0.655,4,10,6,2,99.72,1
28,1,112.5,100.66,insufficient_funds,visa,0.76,1,0,2,1,210.6,1
3,6,31.03,34.16,card_declined,mastercard,0.453,2,14,1,1,31.03,1
2,6,131.99,131.26,card_declined,elo,0.58,4,14,3,1,131.99,1
18,3,207.83,220.87,expired_card,mastercard,0.317,1,15,0,1,291.55,1
2,26,235.7,250.03,insufficient_funds,visa,0.295,2,16,0,1,235.7,1
0,24,29.41,32.82,do_not_honor,mastercard,0.4,2,23,0,1,29.41,1
3,8,25.36,27.35,do_not_honor,visa,0.327,1,12,6,1,25.36,0
5,24,60.68,66.59,expired_card,mastercard,0.471,1,16,5,1,60.68,1
20,14,334.42,316.45,expired_card,mastercard,0.626,1,21,5,1,465.88,1
66,24,118.95,135.83,processing_error,mastercard,0.971,2,14,3,2,709.71,0
1,10,49.12,51.5,card_declined,mastercard,0.364,2,0,3,2,49.12,1
53,17,26.89,29.1,insufficient_funds,visa,0.783,1,13,1,1,120.6,0
1,12,53.24,58.97,insufficient_funds,mastercard,0.148,0,18,3,1,53.24,1
49,6,50.14,44.48,insufficient_funds,hipercard,0.664,3,10,3,1,169.22,0
0,17,224.42,213.41,processing_error,mastercard,0.602,2,18,5,2,224.42,0
66,23,240.29,264.51,expired_card,elo,0.551,1,5,5,1,1382.06,0
51,23,38.47,43.34,generic_decline,mastercard,0.781,0,18,5,1,172.22,1
1,12,190.84,205.5,insufficient_funds,elo,0.461,0,15,6,2,190.84,1
8,16,174.25,173.33,insufficient_funds,visa,0.615,1,18,6,1,174.25,1
4,24,34.28,31.72,card_declined,hipercard,0.599,0,1,1,1,34.28,1
3,2,90.74,91.42,do_not_honor,visa,0.658,2,23,1,2,90.74,0
10,3,132.31,128.23,do_not_honor,visa,0.642,2,16,2,4,132.31,0
3,12,113.0,126.07,insufficient_funds,visa,0.649,1,18,0,1,113.0,1
4,7,21.39,21.82,generic_decline,mastercard,0.527,1,20,5,1,21.39,1
11,12,109.83,106.27,generic_decline,mastercard,0.454,0,4,2,1,109.83,1
2,4,172.02,171.94,generic_decline,mastercard,0.346,1,10,0,1,172.02,0
16,18,397.64,449.36,expired_card,visa,0.606,0,10,2,2,525.25,0
57,20,53.96,55.79,processing_error,mastercard,0.753,2,10,3,1,250.43,1
10,24,60.21,55.31,insufficient_funds,visa,0.363,1,8,2,1,60.21,0
7,19,81.2,81.2,insufficient_funds,elo,0.645,2,22,1,1,81.2,1
2,13,126.61,125.31,insufficient_funds,visa,0.353,2,13,2,1,126.61,0
61,28,106.55,100.49,insufficient_funds,mastercard,0.764,0,9,1,4,485.28,1
37,23,167.2,179.05,generic_decline,visa,0.801,0,18,2,3,503.3,0
59,16,35.98,33.48,expired_card,visa,0.652,1,14,4,1,156.11,1
21,6,139.06,138.75,insufficient_funds,elo,0.755,1,11,6,2,214.89,1
3,19,50.56,49.67,processing_error,hipercard,0.6,1,22,0,2,50.56,0
0,18,86.06,85.2,expired_card,mastercard,0.526,0,21,6,2,86.06,0
0,21,445.69,454.62,insufficient_funds,mastercard,0.345,1,16,2,4,445.69,0
25,24,28.23,29.78,expired_card,visa,0.621,0,15,5,1,55.32,1
0,28,76.26,68.09,insufficient_funds,mastercard,0.44,2,8,4,2,76.26,0
43,28,31.5,29.5,expired_card,mastercard,0.685,0,15,5,1,97.43,0
12,19,111.99,121.16,processing_error,elo,0.38,1,14,0,1,111.99,1
1,29,248.03,278.37,insufficient_funds,mastercard,0.367,3,15,0,2,248.03,0
28,27,113.65,98.13,insufficient_funds,mastercard,0.684,1,14,0,1,205.31,1
58,1,88.12,76.84,expired_card,hipercard,0.734,2,16,1,1,351.59,1
6,19,318.12,359.52,do_not_honor,visa,0.284,3,16,4,2,318.12,0
3,6,131.1,117.25,insufficient_funds,mastercard,0.641,3,8,3,1,131.1,1
0,9,202.44,231.55,processing_error,mastercard,0.554,3,11,4,2,202.44,1
8,9,184.52,202.69,expired_card,visa,0.599,1,15,6,2,184.52,1
15,15,7.59,6.73,insufficient_funds,visa,0.683,4,22,0,2,7.59,1
12,1,91.31,80.42,insufficient_funds,mastercard,0.486,2,23,1,2,91.31,0
22,7,37.52,42.89,insufficient_funds,visa,0.694,3,16,1,1,69.72,0
1,2,46.79,43.35,insufficient_funds,amex,0.496,0,16,4,2,46.79,0
44,19,362.23,366.43,insufficient_funds,visa,0.862,3,16,0,1,1240.57,1
17,26,70.07,64.53,card_declined,visa,0.594,4,12,2,4,80.3,0
49,31,525.09,540.95,expired_card,mastercard,0.827,0,15,3,1,2057.94,1
12,15,27.99,30.85,expired_card,visa,0.466,0,16,0,1,27.99,0
42,8,37.33,39.09,insufficient_funds,visa,0.593,0,21,6,1,125.87,0
40,25,192.4,166.23,insufficient_funds,mastercard,0.668,0,13,6,3,507.92,1
25,4,72.18,74.24,do_not_honor,mastercard,0.509,1,11,5,2,137.91,1
3,30,128.43,134.63,do_not_honor,mastercard,0.412,4,9,3,2,128.43,0
17,22,88.47,80.53,card_declined,mastercard,0.625,2,13,3,1,100.2,0
20,16,86.12,92.89,insufficient_funds,mastercard,0.65,4,15,0,1,136.75,0
0,4,74.6,77.44,do_not_honor,elo,0.656,4,23,5,2,74.6,0
12,1,114.65,97.78,processing_error,visa,0.708,4,10,0,2,114.65,1
1,17,172.84,196.2,insufficient_funds,elo,0.257,2,4,4,2,172.84,0
11,13,410.14,403.44,insufficient_funds,visa,0.664,4,12,0,2,410.14,1
35,25,81.66,75.1,insufficient_funds,mastercard,0.801,1,17,5,3,198.96,0
68,19,68.91,60.36,card_declined,visa,0.722,3,23,3,1,324.94,1
13,14,61.45,59.14,expired_card,mastercard,0.681,3,18,0,1,61.45,0
62,7,360.69,339.89,insufficient_funds,visa,0.883,0,20,0,2,1668.29,1
2,15,180.48,169.54,insufficient_funds,visa,0.597,1,17,1,3,180.48,0
29,6,18.09,19.68,insufficient_funds,visa,0.49,1,23,6,3,42.72,0
2,20,17.4,18.16,expired_card,visa,0.576,2,16,0,2,17.4,0
0,18,46.76,41.61,insufficient_funds,visa,0.321,2,18,2,1,46.76,1
4,24,119.92,127.41,insufficient_funds,mastercard,0.66,2,23,1,1,119.92,0
36,15,94.89,101.25,expired_card,visa,0.783,2,16,4,4,276.41,1
14,9,154.42,155.08,generic_decline,mastercard,0.685,1,11,5,2,158.01,1
7,25,83.64,96.08,insufficient_funds,visa,0.517,2,23,6,1,83.64,0
50,21,338.23,316.26,expired_card,visa,0.855,0,16,2,2,1229.9,1
3,22,194.08,168.37,insufficient_funds,visa,0.526,0,20,2,1,194.08,1
3,16,104.72,89.92,insufficient_funds,mastercard,0.417,2,14,1,4,104.72,0
3,26,270.37,255.81,do_not_honor,mastercard,0.413,4,23,4,1,270.37,0
14,7,22.59,22.58,generic_decline,elo,0.577,2,20,6,3,23.01,1
35,13,90.63,79.16,insufficient_funds,visa,0.53,1,17,2,2,209.72,0
31,24,110.45,112.63,insufficient_funds,mastercard,0.771,1,20,4,2,262.35,1
6,4,166.87,186.94,insufficient_funds,mastercard,0.513,1,20,5,4,166.87,0
46,24,21.3,23.2,expired_card,elo,0.738,1,21,5,1,82.41,0
17,12,77.56,81.57,insufficient_funds,elo,0.606,2,16,4,1,101.5,1
53,4,139.51,146.28,insufficient_funds,visa,0.725,1,18,2,2,606.23,0
3,3,149.35,159.67,insufficient_funds,hipercard,0.681,0,23,3,4,149.35,1
0,25,280.35,279.86,card_declined,visa,0.518,2,16,0,1,280.35,0
12,24,192.26,186.6,do_not_honor,hipercard,0.656,1,0,6,1,192.26,0
4,9,92.61,87.24,insufficient_funds,visa,0.603,1,0,0,1,92.61,0
3,4,178.03,156.65,card_declined,mastercard,0.478,2,20,1,4,178.03,0
38,8,81.74,83.26,processing_error,mastercard,0.59,3,4,3,3,240.81,0
0,7,111.36,110.44,insufficient_funds,visa,0.543,4,18,3,4,111.36,0
43,23,198.03,175.39,do_not_honor,elo,0.802,1,22,0,3,579.25,0
2,7,93.89,87.36,expired_card,visa,0.317,0,16,3,1,93.89,1
2,7,134.82,146.44,expired_card,visa,0.357,1,11,4,1,134.82,1
1,2,229.6,212.77,card_declined,visa,0.566,1,22,3,2,229.6,0
8,18,184.01,179.91,insufficient_funds,hipercard,0.67,5,15,3,3,184.01,0
31,21,292.39,262.68,insufficient_funds,hipercard,0.567,1,10,0,1,611.86,0
43,20,773.37,696.77,insufficient_funds,mastercard,0.861,0,14,6,1,2301.18,1
3,17,182.51,196.55,card_declined,mastercard,0.498,2,20,6,3,182.51,0
0,29,64.89,56.45,do_not_honor,visa,0.638,0,16,4,1,64.89,0
24,15,154.02,144.09,insufficient_funds,mastercard,0.345,3,16,3,2,256.48,1
0,26,148.24,169.62,insufficient_funds,hipercard,0.603,3,3,4,1,148.24,1
0,19,168.58,167.36,insufficient_funds,elo,0.508,2,14,6,2,168.58,0
0,4,368.86,380.61,do_not_honor,mastercard,0.548,3,18,1,2,368.86,0
59,24,21.9,22.82,insufficient_funds,visa,0.866,1,10,3,1,106.4,1
26,17,375.08,340.89,do_not_honor,elo,0.657,2,23,2,1,659.81,1
30,20,505.79,485.96,insufficient_funds,hipercard,0.541,1,0,0,2,1093.41,1
0,6,161.91,157.09,insufficient_funds,hipercard,0.422,1,12,2,4,161.91,0
2,14,165.4,152.04,insufficient_funds,mastercard,0.52,1,1,6,1,165.4,0
4,26,78.87,72.58,insufficient_funds,visa,0.671,1,11,0,1,78.87,1
22,7,98.3,101.48,insufficient_funds,hipercard,0.656,1,13,1,3,164.96,1
6,1,181.71,160.37,do_not_honor,mastercard,0.666,3,15,4,1,181.71,0
4,8,171.6,152.51,expired_card,visa,0.596,0,21,1,1,171.6,0
65,16,185.42,189.5,insufficient_funds,visa,0.649,0,13,1,1,975.14,1
63,25,170.56,167.97,expired_card,mastercard,0.549,2,11,6,2,837.75,1
4,19,217.12,224.41,insufficient_funds,elo,0.694,2,11,2,1,217.12,0
0,28,196.6,168.7,card_declined,hipercard,0.687,0,8,1,2,196.6,0
12,15,39.35,41.77,processing_error,hipercard,0.441,2,9,3,1,39.35,0
7,12,204.73,226.22,generic_decline,mastercard,0.463,2,12,0,2,204.73,0
50,7,509.48,513.17,expired_card,hipercard,0.792,3,11,1,2,1995.66,1
23,7,95.46,105.22,insufficient_funds,visa,0.554,1,8,3,1,179.15,0
26,23,370.33,359.18,insufficient_funds,visa,0.767,0,23,1,2,695.21,1
1,3,43.27,37.8,insufficient_funds,visa,0.406,3,8,6,1,43.27,1
3,8,95.2,91.7,insufficient_funds,elo,0.502,1,19,1,3,95.2,0
1,26,55.3,54.41,insufficient_funds,amex,0.364,2,12,1,4,55.3,1
14,17,332.81,369.31,insufficient_funds,elo,0.236,1,16,4,2,376.29,0
1,2,419.74,398.93,generic_decline,hipercard,0.659,0,0,6,1,419.74,0
3,22,89.5,84.54,do_not_honor,mastercard,0.499,1,0,0,1,89.5,1
2,16,276.62,308.82,insufficient_funds,elo,0.669,3,13,3,3,276.62,0
19,25,423.54,391.9,generic_decline,visa,0.512,2,18,4,1,547.08,1
8,21,94.93,98.99,processing_error,elo,0.473,0,23,6,1,94.93,0
12,1,109.69,103.99,insufficient_funds,elo,0.671,3,15,0,4,109.69,1
0,6,187.55,212.95,do_not_honor,mastercard,0.506,0,18,6,2,187.55,0
23,8,46.25,41.94,generic_decline,visa,0.746,2,16,0,2,71.41,0
2,22,107.79,115.03,expired_card,visa,0.331,1,23,5,4,107.79,0
34,16,655.79,665.64,processing_error,amex,0.746,3,16,0,2,1709.96,1
49,23,62.69,71.69,insufficient_funds,mastercard,0.801,1,12,4,2,272.73,1
24,16,208.69,239.62,expired_card,mastercard,0.732,3,18,2,1,426.52,1
3,10,155.66,169.38,card_declined,hipercard,0.66,0,21,2,2,155.66,0
37,4,84.51,74.46,expired_card,visa,0.837,1,21,2,2,209.3,0
4,6,119.02,117.91,insufficient_funds,visa,0.664,3,20,4,1,119.02,1
31,13,463.71,513.03,expired_card,elo,0.516,3,8,2,3,1195.0,0
70,17,159.84,166.48,processing_error,visa,0.55,1,15,6,1,922.58,1
47,28,183.63,204.51,processing_error,mastercard,0.722,1,14,1,1,743.59,1
1,8,405.23,441.62,insufficient_funds,elo,0.419,0,23,0,4,405.23,0
47,20,75.59,71.35,insufficient_funds,mastercard,0.827,3,9,1,1,259.43,0
40,5,38.57,35.04,insufficient_funds,visa,0.756,2,15,6,2,107.07,1
30,22,470.23,445.2,expired_card,visa,0.733,4,19,4,2,1001.7,1
12,1,110.35,116.84,insufficient_funds,amex,0.623,1,7,4,2,110.35,1
20,20,216.2,214.97,do_not_honor,mastercard,0.56,1,22,6,1,316.48,1
0,6,49.66,42.86,expired_card,amex,0.371,3,18,2,1,49.66,0
28,6,138.04,148.08,insufficient_funds,mastercard,0.77,3,9,1,1,309.82,1
27,17,36.89,31.85,card_declined,visa,0.688,2,18,0,3,64.14,1
10,12,103.44,100.63,insufficient_funds,visa,0.525,1,17,1,1,103.44,0
1,15,54.97,54.35,insufficient_funds,mastercard,0.506,0,9,3,2,54.97,0
3,10,44.83,44.87,insufficient_funds,elo,0.485,0,23,0,1,44.83,1
19,29,74.67,66.59,expired_card,mastercard,0.538,1,15,5,2,92.96,0
10,9,12.75,13.7,do_not_honor,mastercard,0.399,2,16,3,1,12.75,0
55,17,34.89,38.55,insufficient_funds,elo,0.761,2,18,6,2,166.38,1
67,25,195.86,207.49,card_declined,visa,0.854,1,11,4,3,1100.56,1
56,20,133.12,151.13,insufficient_funds,amex,0.898,1,16,4,4,665.31,0
32,10,37.64,34.9,insufficient_funds,mastercard,0.686,1,13,4,2,84.07,1
7,17,159.03,142.84,expired_card,mastercard,0.562,2,22,4,4,159.03,0
27,3,44.8,38.98,processing_error,visa,0.673,1,22,2,4,78.5,0
14,17,185.62,197.96,generic_decline,visa,0.702,3,19,4,1,201.7,0
0,14,88.21,79.27,expired_card,elo,0.388,1,10,6,1,88.21,0
26,24,73.23,82.86,insufficient_funds,visa,0.469,1,15,4,1,160.38,1
7,25,90.15,92.81,insufficient_funds,amex,0.54,1,23,4,1,90.15,0
1,6,949.59,1036.23,insufficient_funds,mastercard,0.505,2,14,5,2,949.59,0
22,3,49.82,48.84,do_not_honor,mastercard,0.673,1,13,1,1,79.39,1
6,12,119.54,127.96,expired_card,visa,0.672,1,11,1,4,119.54,0
55,16,195.68,192.37,insufficient_funds,amex,0.729,0,8,3,2,830.26,1
0,12,41.57,42.05,insufficient_funds,hipercard,0.506,1,8,1,1,41.57,0
61,19,23.72,25.67,insufficient_funds,visa,0.935,2,10,4,3,123.96,0
2,16,57.31,52.81,card_declined,mastercard,0.55,1,14,4,2,57.31,0
5,28,191.91,214.05,insufficient_funds,amex,0.343,1,16,0,1,191.91,1
23,13,72.14,76.82,do_not_honor,visa,0.51,0,16,4,3,130.8,1
4,3,79.61,85.5,insufficient_funds,visa,0.645,3,14,0,1,79.61,0
1,9,219.52,202.28,processing_error,hipercard,0.404,2,22,0,1,219.52,1
39,18,47.76,41.89,insufficient_funds,mastercard,0.731,1,21,0,3,124.57,1
0,8,90.34,78.76,insufficient_funds,hipercard,0.587,2,14,1,2,90.34,0
10,8,25.47,26.59,insufficient_funds,visa,0.716,1,15,6,1,25.47,1
61,11,129.97,116.32,insufficient_funds,mastercard,0.722,1,22,3,1,561.73,1
2,23,119.85,137.8,generic_decline,mastercard,0.701,0,10,0,3,119.85,0
5,28,198.16,225.57,processing_error,mastercard,0.624,0,13,6,1,198.16,1
14,12,35.34,30.35,insufficient_funds,amex,0.524,0,17,2,2,35.34,0
59,6,82.43,88.0,expired_card,mastercard,0.684,1,15,3,1,410.31,0
2,14,31.4,29.15,expired_card,hipercard,0.452,2,16,4,3,31.4,0
1,12,78.55,74.8,expired_card,visa,0.587,0,3,5,1,78.55,0
22,31,364.55,336.15,insufficient_funds,hipercard,0.684,1,15,3,2,546.43,1
51,15,73.51,80.8,insufficient_funds,elo,0.88,2,23,4,4,321.08,1
36,21,29.05,32.48,insufficient_funds,visa,0.62,3,23,0,2,88.67,1
5,27,53.43,46.06,do_not_honor,mastercard,0.411,3,18,0,1,53.43,0
58,19,23.37,21.76,insufficient_funds,visa,0.803,1,22,1,1,99.56,1
0,8,30.92,30.44,card_declined,visa,0.404,2,19,3,4,30.92,0
3,18,177.41,178.57,do_not_honor,amex,0.466,1,10,6,2,177.41,0
54,13,27.05,23.7,insufficient_funds,hipercard,0.872,2,18,1,4,100.25,1
4,14,129.0,141.77,insufficient_funds,visa,0.487,3,23,6,1,129.0,1
7,30,100.01,113.03,insufficient_funds,visa,0.666,1,17,1,3,100.01,0
3,9,60.96,59.18,card_declined,visa,0.218,2,20,5,1,60.96,1
25,15,119.62,132.44,insufficient_funds,elo,0.697,1,18,1,1,246.03,1
61,5,42.5,44.75,insufficient_funds,mastercard,0.889,5,3,2,2,216.11,0
7,6,206.3,211.98,insufficient_funds,mastercard,0.713,1,0,4,3,206.3,1
1,18,52.57,57.6,card_declined,mastercard,0.369,3,19,6,2,52.57,0
1,23,69.35,68.79,card_declined,hipercard,0.449,2,13,1,1,69.35,0
66,19,62.4,63.29,insufficient_funds,visa,0.559,3,15,5,1,330.69,1
10,10,180.34,168.15,processing_error,visa,0.454,3,13,6,3,180.34,0
2,2,158.54,168.63,insufficient_funds,mastercard,0.5,3,10,2,1,158.54,1
47,15,9.52,8.55,insufficient_funds,hipercard,0.798,4,13,0,2,31.09,0
0,16,122.52,113.08,insufficient_funds,elo,0.564,3,15,3,3,122.52,0
0,24,20.75,20.63,card_declined,amex,0.417,2,12,1,2,20.75,0
0,19,72.18,69.7,expired_card,amex,0.582,1,23,0,1,72.18,0
7,26,88.79,81.85,insufficient_funds,visa,0.571,0,23,4,3,88.79,1
0,24,71.5,64.89,insufficient_funds,mastercard,0.571,4,9,2,3,71.5,0
1,12,152.52,169.03,insufficient_funds,amex,0.235,2,11,1,3,152.52,0
2,19,185.31,190.36,insufficient_funds,visa,0.607,2,9,6,2,185.31,0
38,23,49.17,47.36,insufficient_funds,mastercard,0.736,2,16,0,1,136.98,0
3,29,47.61,52.55,insufficient_funds,visa,0.419,2,16,2,2,47.61,1
1,14,94.67,103.9,insufficient_funds,elo,0.553,1,9,4,2,94.67,1
2,19,24.81,21.91,insufficient_funds,visa,0.655,2,17,4,1,24.81,1
52,12,63.99,65.28,insufficient_funds,visa,0.76,1,13,4,2,264.96,0
6,23,323.73,304.85,insufficient_funds,mastercard,0.472,1,15,5,3,323.73,0
0,27,25.65,25.96,expired_card,mastercard,0.618,1,19,2,1,25.65,0
18,28,72.26,76.99,insufficient_funds,visa,0.693,2,1,2,2,101.63,1
68,5,57.76,49.24,card_declined,visa,0.914,1,22,1,2,265.08,0
2,6,580.38,582.74,insufficient_funds,amex,0.604,4,9,1,2,580.38,0
3,23,60.62,56.83,insufficient_funds,hipercard,0.64,1,16,2,2,60.62,1
2,19,63.83,64.48,insufficient_funds,mastercard,0.519,2,23,2,2,63.83,1
14,27,39.13,34.55,insufficient_funds,visa,0.729,1,23,2,2,39.13,1
0,10,98.56,107.95,card_declined,elo,0.551,1,19,5,3,98.56,1
2,25,124.26,125.89,insufficient_funds,mastercard,0.563,0,17,2,3,124.26,1
3,21,44.5,40.64,insufficient_funds,mastercard,0.644,0,15,2,1,44.5,0
17,6,235.26,254.29,insufficient_funds,visa,0.596,2,10,2,2,316.41,1
48,4,124.36,107.12,insufficient_funds,visa,0.523,2,15,1,1,398.49,1
1,22,208.33,214.13,do_not_honor,visa,0.371,2,13,3,3,208.33,0
7,5,73.03,73.07,generic_decline,mastercard,0.432,1,22,6,3,73.03,0
3,24,121.32,104.56,insufficient_funds,visa,0.649,1,0,1,3,121.32,0
8,17,80.89,74.82,insufficient_funds,mastercard,0.53,1,17,3,2,80.89,1
1,15,356.83,311.56,insufficient_funds,mastercard,0.579,1,21,3,2,356.83,1
4,8,108.38,115.94,insufficient_funds,mastercard,0.524,1,4,4,3,108.38,0
6,30,98.51,104.59,insufficient_funds,mastercard,0.61,0,16,3,1,98.51,1
54,22,65.06,57.04,insufficient_funds,mastercard,0.704,3,16,1,2,241.28,1
0,24,61.81,54.56,insufficient_funds,visa,0.48,0,6,2,1,61.81,1
11,24,120.73,134.5,insufficient_funds,visa,0.69,1,18,1,2,120.73,0
9,17,202.44,184.27,insufficient_funds,mastercard,0.363,2,14,0,2,202.44,1
9,28,53.21,50.08,expired_card,mastercard,0.454,3,15,0,2,53.21,1
68,17,109.38,115.43,do_not_honor,mastercard,0.719,5,5,0,1,621.4,0
63,16,115.12,99.95,insufficient_funds,mastercard,0.836,1,14,0,4,498.5,0
26,8,134.39,152.44,card_declined,visa,0.462,0,8,0,2,295.06,1
0,9,21.45,18.38,insufficient_funds,visa,0.559,0,18,2,1,21.45,1
52,23,42.99,47.49,insufficient_funds,mastercard,0.693,1,20,0,3,192.76,0
20,11,29.05,27.84,expired_card,mastercard,0.647,0,10,3,2,40.99,1
3,23,100.65,90.08,insufficient_funds,mastercard,0.546,1,9,1,1,100.65,1
8,29,43.91,42.3,do_not_honor,visa,0.226,3,23,5,1,43.91,0
1,14,62.9,71.82,do_not_honor,elo,0.358,1,15,0,1,62.9,0
10,4,33.84,34.13,insufficient_funds,visa,0.72,2,19,4,1,33.84,0
3,20,68.32,59.29,insufficient_funds,mastercard,0.601,3,11,0,1,68.32,1
1,1,36.01,40.78,insufficient_funds,mastercard,0.424,1,10,6,2,36.01,0
0,24,191.65,171.16,do_not_honor,mastercard,0.176,0,13,4,3,191.65,0
33,16,149.62,129.63,insufficient_funds,elo,0.756,2,19,5,2,322.62,1
58,16,111.7,96.47,card_declined,visa,0.742,3,16,0,1,441.4,0
5,17,74.75,82.07,insufficient_funds,visa,0.445,4,21,4,4,74.75,0
69,16,16.0,14.33,expired_card,visa,0.855,1,0,0,1,78.28,1
47,10,65.06,58.79,insufficient_funds,hipercard,0.699,1,16,2,2,213.76,1
13,9,49.7,56.32,processing_error,amex,0.5,2,14,6,1,53.18,1
1,13,121.76,125.84,card_declined,elo,0.645,1,10,2,1,121.76,0
3,27,169.51,158.6,insufficient_funds,mastercard,0.525,0,13,3,3,169.51,0
7,5,130.42,133.8,insufficient_funds,visa,0.506,0,15,3,2,130.42,1
45,10,300.17,277.04,insufficient_funds,elo,0.684,0,14,1,2,960.98,1
62,6,59.0,58.9,expired_card,visa,0.708,1,22,0,1,289.1,1
2,14,56.87,54.05,processing_error,visa,0.561,2,14,6,3,56.87,1
7,5,245.76,254.8,insufficient_funds,elo,0.475,0,22,4,3,245.76,1
22,24,113.3,122.1,do_not_honor,visa,0.605,1,16,6,3,198.48,0
3,4,78.49,74.92,insufficient_funds,elo,0.674,2,20,4,1,78.49,0
53,20,504.04,450.2,do_not_honor,elo,0.906,1,16,0,1,1865.77,1
2,8,163.3,156.23,do_not_honor,elo,0.63,3,20,2,1,163.3,0
9,15,82.53,88.92,expired_card,mastercard,0.601,1,11,1,1,82.53,1
26,6,53.15,57.73,generic_decline,visa,0.804,0,8,6,1,111.74,1
0,23,317.58,344.79,insufficient_funds,mastercard,0.364,2,17,1,1,317.58,1
2,28,117.48,134.21,card_declined,elo,0.59,0,12,2,2,117.48,0
8,7,99.9,109.63,insufficient_funds,elo,0.557,0,15,6,2,99.9,1
2,29,178.24,203.3,insufficient_funds,amex,0.554,2,11,0,1,178.24,0
5,10,213.62,221.75,expired_card,hipercard,0.215,2,17,4,3,213.62,0
44,17,159.31,146.37,do_not_honor,mastercard,0.762,2,19,4,2,495.54,0
0,22,214.36,221.32,generic_decline,amex,0.46,2,15,2,1,214.36,0
57,6,145.96,132.73,expired_card,visa,0.703,1,14,0,1,595.79,0
1,14,160.02,140.11,do_not_honor,hipercard,0.657,3,17,5,2,160.02,1
63,3,51.03,47.99,processing_error,amex,0.836,2,21,0,3,239.35,0
28,22,488.11,468.02,card_declined,visa,0.469,3,13,5,1,979.2,1
34,13,32.67,34.72,insufficient_funds,mastercard,0.692,3,9,4,1,89.19,1
6,26,128.67,123.38,insufficient_funds,mastercard,0.69,0,16,1,1,128.67,0
34,8,29.81,25.37,insufficient_funds,elo,0.809,1,15,3,2,65.17,0
0,28,89.59,100.8,processing_error,visa,0.138,2,16,4,4,89.59,0
31,5,58.85,60.43,expired_card,mastercard,0.842,1,15,2,1,140.76,1
51,18,110.28,100.71,processing_error,mastercard,0.758,4,17,5,3,400.2,0
18,10,132.42,122.58,generic_decline,visa,0.697,0,23,6,3,161.81,1
21,6,41.8,37.09,expired_card,hipercard,0.625,1,11,4,3,57.44,0
5,4,95.23,106.84,processing_error,mastercard,0.482,0,11,0,2,95.23,1
63,20,337.11,309.83,expired_card,mastercard,0.798,2,23,2,4,1545.28,1
66,7,30.47,34.5,expired_card,amex,0.851,2,23,6,4,180.26,0
3,17,45.78,42.54,insufficient_funds,visa,0.449,2,15,2,1,45.78,1
56,30,209.98,228.83,generic_decline,visa,0.407,1,15,1,2,1007.36,1
34,10,104.72,89.34,processing_error,visa,0.64,0,16,0,1,229.5,1
0,2,111.8,111.24,card_declined,hipercard,0.552,0,16,5,3,111.8,0
6,5,242.38,232.87,insufficient_funds,amex,0.573,2,19,1,1,242.38,1
13,4,48.28,45.88,insufficient_funds,mastercard,0.335,2,16,2,4,48.28,1
3,15,61.63,70.73,do_not_honor,visa,0.614,1,19,3,4,61.63,0
42,23,55.23,58.89,do_not_honor,mastercard,0.783,1,20,6,1,189.63,1
21,9,71.74,66.48,generic_decline,mastercard,0.772,1,13,4,2,102.96,1
61,5,321.28,345.61,card_declined,mastercard,0.809,0,18,6,1,1669.01,0
62,19,21.57,19.17,card_declined,visa,0.9,1,16,1,1,94.09,1
57,9,33.84,38.16,insufficient_funds,visa,0.94,2,23,5,2,171.29,0
0,17,29.06,28.42,card_declined,amex,0.397,2,16,1,1,29.06,0
51,28,339.52,308.01,insufficient_funds,mastercard,0.879,0,20,1,1,1223.95,0
26,9,56.64,52.78,do_not_honor,visa,0.711,1,9,6,4,102.16,0
1,16,73.13,65.56,insufficient_funds,hipercard,0.533,2,17,3,2,73.13,0
1,24,23.29,26.3,do_not_honor,mastercard,0.541,1,9,2,2,23.29,1
1,21,77.43,72.92,insufficient_funds,elo,0.578,2,18,4,3,77.43,1
0,23,211.06,188.45,insufficient_funds,visa,0.385,1,13,5,2,211.06,0
17,24,122.38,133.87,expired_card,hipercard,0.521,1,17,2,2,166.58,0
60,16,88.82,81.18,card_declined,visa,0.867,1,14,5,1,385.6,1
0,16,24.34,21.38,processing_error,hipercard,0.507,1,20,4,1,24.34,0
5,22,73.05,76.74,card_declined,elo,0.359,2,9,5,1,73.05,0
5,22,111.38,94.92,expired_card,visa,0.483,2,11,6,2,111.38,1
13,20,40.5,44.54,insufficient_funds,visa,0.38,0,14,4,2,42.06,0
65,12,174.89,178.18,do_not_honor,elo,0.839,1,13,4,1,916.88,1
13,25,214.56,198.26,generic_decline,visa,0.397,2,8,0,3,214.56,1
0,7,61.12,60.64,processing_error,visa,0.348,2,14,5,1,61.12,1
32,5,186.26,172.98,insufficient_funds,mastercard,0.822,1,16,6,2,416.69,1
12,11,88.67,89.54,card_declined,visa,0.613,1,19,3,1,88.67,0
65,8,270.81,276.63,insufficient_funds,mastercard,0.934,2,10,2,4,1423.49,1
45,20,595.46,643.99,generic_decline,mastercard,0.757,3,12,4,1,2233.84,1
16,7,37.0,36.62,insufficient_funds,visa,0.555,2,15,1,1,42.8,1
8,20,193.63,210.28,insufficient_funds,visa,0.475,2,21,0,1,193.63,1
30,16,311.56,271.3,insufficient_funds,visa,0.32,5,14,6,2,610.43,0
30,5,41.27,46.49,card_declined,hipercard,0.467,0,19,0,2,104.6,0
0,8,58.65,53.12,expired_card,visa,0.403,0,22,4,1,58.65,1
3,16,58.06,63.92,card_declined,mastercard,0.419,4,10,1,3,58.06,0
63,23,86.87,86.73,insufficient_funds,mastercard,0.744,0,17,0,1,432.57,0
2,13,71.22,62.77,do_not_honor,elo,0.681,0,10,1,4,71.22,0
1,7,81.96,78.51,insufficient_funds,visa,0.279,0,20,5,1,81.96,1
0,9,205.78,231.61,insufficient_funds,visa,0.533,0,14,0,2,205.78,1
44,4,18.14,19.96,card_declined,mastercard,0.728,0,17,1,3,67.58,0
1,1,41.15,43.89,expired_card,mastercard,0.616,2,22,4,3,41.15,0
1,30,177.24,170.85,expired_card,elo,0.397,1,11,6,3,177.24,0
4,4,159.72,163.97,insufficient_funds,visa,0.668,0,17,4,1,159.72,0
0,4,38.17,35.1,card_declined,elo,0.283,1,16,3,2,38.17,0
4,26,160.71,167.84,insufficient_funds,visa,0.507,2,18,2,1,160.71,1
5,20,317.68,294.9,insufficient_funds,mastercard,0.483,0,8,4,2,317.68,0
3,14,93.58,102.82,insufficient_funds,mastercard,0.623,0,8,1,1,93.58,1
28,19,39.93,42.38,card_declined,visa,0.495,2,21,0,1,88.67,1
1,28,212.64,205.37,insufficient_funds,hipercard,0.6,1,12,4,3,212.64,0
36,4,451.68,473.29,insufficient_funds,mastercard,0.786,2,18,6,3,1292.08,1
34,8,44.49,42.16,insufficient_funds,visa,0.753,0,18,6,1,108.3,1
2,26,101.22,90.76,insufficient_funds,visa,0.606,3,10,2,1,101.22,0
1,24,257.44,236.99,insufficient_funds,elo,0.602,2,14,6,1,257.44,1
21,31,108.3,100.88,card_declined,elo,0.715,3,9,0,4,156.24,0
0,10,20.7,19.0,insufficient_funds,visa,0.338,3,9,0,1,20.7,0
7,28,144.94,152.7,insufficient_funds,visa,0.531,1,22,3,2,144.94,1
18,11,40.97,43.92,expired_card,mastercard,0.578,1,17,4,1,57.97,1
1,22,31.61,31.2,insufficient_funds,mastercard,0.315,0,13,1,2,31.61,1
1,26,21.07,24.15,card_declined,visa,0.62,2,16,3,4,21.07,0
6,6,281.42,314.43,expired_card,mastercard,0.557,1,17,0,1,281.42,0
3,6,46.57,40.8,card_declined,mastercard,0.568,1,0,6,2,46.57,1
1,17,131.43,129.87,expired_card,visa,0.638,0,13,3,2,131.43,0
39,25,163.48,183.51,insufficient_funds,visa,0.864,2,16,6,1,545.71,1
15,3,112.86,103.39,insufficient_funds,visa,0.317,5,13,3,3,113.08,0
8,25,127.21,122.57,insufficient_funds,visa,0.571,1,12,5,2,127.21,0
52,11,137.12,155.51,do_not_honor,hipercard,0.71,3,15,6,1,631.2,1
11,13,110.51,119.66,insufficient_funds,visa,0.6,0,19,3,1,110.51,1
57,11,49.76,54.72,insufficient_funds,visa,0.69,0,19,1,3,245.62,1
43,27,45.97,51.2,expired_card,amex,0.728,0,16,1,1,169.1,1
10,4,89.05,80.27,expired_card,hipercard,0.651,1,20,2,3,89.05,0
0,17,87.39,92.61,do_not_honor,elo,0.505,4,9,1,1,87.39,0
47,5,143.13,156.13,insufficient_funds,visa,0.75,2,10,6,3,567.68,1
7,28,260.08,238.74,do_not_honor,mastercard,0.479,2,19,3,1,260.08,0
5,24,132.67,114.5,card_declined,mastercard,0.43,0,12,4,3,132.67,0
3,7,47.56,42.97,card_declined,elo,0.593,0,10,0,4,47.56,0
8,9,14.08,15.1,insufficient_funds,visa,0.58,1,9,6,1,14.08,0
3,12,49.37,52.25,insufficient_funds,visa,0.477,1,15,0,3,49.37,1
59,13,29.61,33.09,insufficient_funds,visa,0.928,1,16,3,3,154.29,1
14,24,51.09,48.28,processing_error,mastercard,0.65,2,12,6,3,51.09,1
28,17,121.22,125.65,insufficient_funds,visa,0.714,0,13,0,1,262.89,0
0,14,105.36,90.4,insufficient_funds,mastercard,0.495,1,23,5,3,105.36,1
12,22,509.29,575.77,insufficient_funds,mastercard,0.717,2,12,4,4,509.29,0
60,15,150.13,152.58,do_not_honor,amex,0.779,2,14,3,1,724.76,0
41,4,532.89,572.6,insufficient_funds,amex,0.753,3,14,2,3,1796.61,0
29,4,184.5,172.53,insufficient_funds,mastercard,0.752,0,16,4,1,374.56,1
23,10,256.42,224.26,card_declined,visa,0.523,1,21,6,1,381.83,0
18,18,71.06,61.74,do_not_honor,amex,0.484,2,22,0,1,81.5,1
4,5,37.63,41.18,processing_error,visa,0.453,1,14,0,4,37.63,1
22,17,65.6,58.75,expired_card,visa,0.657,1,14,0,2,95.5,1
39,8,96.72,106.12,insufficient_funds,mastercard,0.867,2,16,6,4,315.57,1
1,21,55.95,52.01,insufficient_funds,mastercard,0.397,1,22,3,1,55.95,1
1,2,40.17,40.67,insufficient_funds,visa,0.523,1,8,3,2,40.17,0
7,15,141.55,131.44,insufficient_funds,visa,0.417,3,23,1,2,141.55,1
51,2,40.02,34.62,insufficient_funds,visa,0.833,2,20,1,1,137.57,1
17,11,25.03,25.35,insufficient_funds,mastercard,0.611,0,15,4,1,31.54,0
12,1,36.08,34.64,insufficient_funds,elo,0.624,5,17,0,1,36.08,1
46,15,79.38,77.83,card_declined,mastercard,0.741,3,23,3,2,276.47,0
5,24,40.54,41.78,insufficient_funds,mastercard,0.403,1,11,0,2,40.54,0
3,4,79.82,75.36,generic_decline,elo,0.456,1,23,4,1,79.82,1
13,23,166.63,169.82,processing_error,mastercard,0.513,0,10,1,1,166.63,1
0,17,162.83,170.54,insufficient_funds,mastercard,0.599,2,23,6,3,162.83,0
16,16,54.35,47.66,insufficient_funds,mastercard,0.39,3,0,6,1,55.71,1
0,18,30.7,29.32,generic_decline,elo,0.664,2,18,0,2,30.7,0
16,11,58.62,51.41,do_not_honor,elo,0.584,2,1,3,2,60.09,0
21,22,175.0,149.11,insufficient_funds,visa,0.596,2,15,1,1,230.93,1
7,24,215.35,186.36,insufficient_funds,amex,0.537,2,0,3,2,215.35,0
52,24,133.74,137.44,generic_decline,mastercard,0.686,1,4,3,3,557.85,1
41,8,284.19,248.75,expired_card,amex,0.812,4,20,4,2,780.49,0
1,20,454.16,504.37,card_declined,mastercard,0.638,2,22,4,2,454.16,0
6,5,63.63,68.58,insufficient_funds,mastercard,0.529,0,18,1,1,63.63,1
46,16,366.1,312.15,processing_error,visa,0.827,4,21,3,4,1108.83,1
1,1,77.55,79.25,expired_card,mastercard,0.414,1,10,6,3,77.55,0
10,6,241.85,206.32,insufficient_funds,mastercard,0.394,2,17,0,4,241.85,1
31,19,183.43,161.92,card_declined,amex,0.469,3,15,0,2,377.16,1
48,26,16.88,19.35,insufficient_funds,amex,0.691,1,21,1,2,71.98,1
4,2,41.43,40.9,insufficient_funds,mastercard,0.45,2,16,5,3,41.43,1
36,17,33.03,28.35,expired_card,amex,0.741,4,22,6,4,77.4,0
2,19,20.07,22.18,expired_card,amex,0.404,0,22,1,4,20.07,0
3,28,213.47,240.2,generic_decline,hipercard,0.647,1,13,1,1,213.47,1
62,20,614.06,622.97,expired_card,visa,0.651,3,19,5,3,3057.74,0
2,4,77.75,82.55,insufficient_funds,visa,0.618,1,22,4,1,77.75,1
55,5,208.75,226.29,insufficient_funds,hipercard,0.815,3,14,1,3,976.66,1
35,19,365.47,391.2,expired_card,mastercard,0.723,4,20,4,1,1036.41,0
7,7,117.62,117.43,insufficient_funds,mastercard,0.285,2,0,1,2,117.62,0
29,28,95.58,105.12,expired_card,mastercard,0.738,2,14,4,4,228.21,1
40,28,78.58,79.22,insufficient_funds,visa,0.779,0,17,0,2,242.06,0
26,28,157.58,146.21,insufficient_funds,visa,0.677,0,14,3,1,283.0,1
0,9,212.6,180.97,insufficient_funds,visa,0.58,2,22,3,4,212.6,0
6,22,147.32,141.07,insufficient_funds,mastercard,0.521,1,17,2,1,147.32,1
1,20,142.9,125.01,insufficient_funds,mastercard,0.668,2,16,3,4,142.9,0
19,2,93.4,81.16,expired_card,mastercard,0.507,2,21,6,1,113.3,1
6,8,23.75,23.53,insufficient_funds,visa,0.294,3,19,3,2,23.75,1
1,6,216.99,245.87,do_not_honor,visa,0.634,1,11,0,1,216.99,0
12,12,31.23,27.53,expired_card,mastercard,0.41,3,20,1,3,31.23,0
22,29,169.46,157.96,processing_error,visa,0.681,2,16,1,2,256.77,1
9,25,191.28,210.22,processing_error,amex,0.698,1,11,4,1,191.28,1
12,9,35.49,34.44,do_not_honor,mastercard,0.431,1,23,1,3,35.49,0
7,16,56.97,61.39,do_not_honor,visa,0.505,1,14,1,4,56.97,0
4,6,643.49,651.66,insufficient_funds,mastercard,0.62,2,2,6,4,643.49,1
14,9,91.09,93.93,insufficient_funds,mastercard,0.706,4,22,4,1,95.7,0
69,3,33.07,29.71,card_declined,visa,0.727,2,9,2,3,162.29,0
3,19,199.1,190.28,expired_card,elo,0.471,0,15,3,4,199.1,0
3,20,49.21,51.01,expired_card,visa,0.533,0,16,2,4,49.21,0
17,25,17.75,15.23,card_declined,visa,0.743,1,19,4,4,18.95,0
14,26,155.11,140.61,insufficient_funds,visa,0.527,1,8,6,3,155.11,0
6,5,43.3,41.83,insufficient_funds,mastercard,0.596,0,19,5,4,43.3,0
38,23,130.02,136.83,expired_card,mastercard,0.705,3,18,3,1,395.74,0
66,5,47.49,47.63,expired_card,elo,0.83,2,13,0,4,248.87,1
22,12,183.21,195.23,processing_error,mastercard,0.549,2,20,0,3,317.36,1
46,16,115.05,122.88,card_declined,visa,0.803,1,10,3,1,436.5,0
4,2,9.8,8.42,insufficient_funds,mastercard,0.547,2,23,0,2,9.8,0
1,5,137.24,153.78,insufficient_funds,mastercard,0.568,3,22,6,1,137.24,0
25,8,75.57,82.92,insufficient_funds,mastercard,0.611,0,18,3,2,154.04,1
4,4,344.08,320.45,insufficient_funds,mastercard,0.349,1,13,0,1,344.08,1
10,28,138.86,138.22,card_declined,mastercard,0.579,0,14,1,1,138.86,1
3,9,191.35,180.34,card_declined,elo,0.656,0,19,1,2,191.35,0
2,16,52.0,58.34,do_not_honor,mastercard,0.678,2,11,3,3,52.0,0
7,31,48.45,46.75,insufficient_funds,amex,0.512,2,13,2,2,48.45,0
2,17,95.55,92.57,insufficient_funds,elo,0.127,0,15,4,2,95.55,0
9,13,70.96,79.73,insufficient_funds,mastercard,0.585,5,20,2,2,70.96,1
7,28,320.84,330.53,insufficient_funds,visa,0.711,1,9,4,2,320.84,0
2,7,85.3,76.03,insufficient_funds,visa,0.492,3,9,2,2,85.3,0
0,6,32.93,34.17,insufficient_funds,visa,0.532,1,22,1,1,32.93,1
10,16,46.86,51.0,insufficient_funds,visa,0.468,1,23,0,4,46.86,0
25,14,230.36,219.15,insufficient_funds,visa,0.458,1,16,5,1,407.1,0
4,24,84.25,84.93,card_declined,mastercard,0.226,1,18,3,2,84.25,0
3,2,80.35,83.41,expired_card,visa,0.314,0,10,1,4,80.35,1
55,18,250.68,251.46,insufficient_funds,visa,0.904,2,21,2,1,1085.29,0
24,22,43.37,49.86,card_declined,mastercard,0.788,0,21,1,1,88.75,0
41,30,13.42,13.45,insufficient_funds,elo,0.71,3,10,1,3,42.2,0
1,5,45.82,47.79,insufficient_funds,visa,0.387,1,19,4,1,45.82,0
2,8,121.2,131.87,expired_card,amex,0.585,1,11,2,3,121.2,0
27,28,78.32,69.78,insufficient_funds,amex,0.564,0,15,2,1,140.52,1
0,19,24.44,21.1,card_declined,amex,0.613,2,13,2,1,24.44,0
2,2,241.04,275.24,insufficient_funds,mastercard,0.587,2,22,4,1,241.04,0
9,3,113.03,120.91,insufficient_funds,elo,0.243,3,15,5,1,113.03,0
8,24,138.1,133.68,insufficient_funds,visa,0.625,2,20,2,1,138.1,1
10,17,141.9,121.37,insufficient_funds,mastercard,0.623,3,17,3,3,141.9,1
51,17,30.84,27.75,insufficient_funds,visa,0.772,4,15,4,3,110.27,1
47,26,127.93,109.11,insufficient_funds,visa,0.682,1,18,1,1,396.72,0
18,8,218.87,212.07,insufficient_funds,hipercard,0.461,4,0,5,1,279.93,1
2,6,269.17,273.6,insufficient_funds,mastercard,0.598,1,16,0,1,269.17,0
3,18,185.51,166.62,expired_card,visa,0.464,2,10,1,3,185.51,0
0,26,154.19,160.66,processing_error,visa,0.664,3,20,6,4,154.19,0
56,8,20.89,23.74,do_not_honor,mastercard,0.842,2,21,4,1,104.51,0
5,21,96.46,110.65,card_declined,elo,0.334,1,19,2,1,96.46,0
1,5,41.79,45.97,do_not_honor,amex,0.63,3,23,4,3,41.79,0
51,6,305.32,300.18,expired_card,visa,0.885,4,9,2,1,1192.84,1
11,27,266.8,270.59,card_declined,visa,0.554,3,11,2,2,266.8,0
36,4,42.02,42.06,card_declined,visa,0.723,0,18,4,1,114.82,0
0,1,93.84,84.15,processing_error,mastercard,0.505,4,9,2,2,93.84,0
28,24,121.89,134.85,card_declined,mastercard,0.56,1,16,3,1,282.14,0
11,12,217.58,229.05,do_not_honor,elo,0.583,1,18,0,2,217.58,0
9,13,22.06,22.97,insufficient_funds,mastercard,0.46,0,11,5,2,22.06,1
21,24,13.73,12.58,generic_decline,visa,0.682,0,14,2,2,19.48,0
37,6,101.12,90.6,insufficient_funds,visa,0.761,2,20,3,4,254.67,1
68,19,10.32,11.47,insufficient_funds,visa,0.747,4,14,2,4,61.75,1
8,10,112.53,101.71,insufficient_funds,elo,0.529,0,18,4,1,112.53,0
1,4,165.42,144.27,expired_card,mastercard,0.592,0,23,3,1,165.42,1
2,21,293.07,304.11,insufficient_funds,hipercard,0.618,7,20,6,2,293.07,0
8,10,56.23,59.68,insufficient_funds,visa,0.543,2,20,6,1,56.23,1
8,26,112.8,99.93,insufficient_funds,hipercard,0.506,2,13,1,1,112.8,0
2,28,174.36,159.03,expired_card,visa,0.661,2,10,6,2,174.36,0
8,25,34.4,37.38,insufficient_funds,visa,0.644,2,19,2,1,34.4,1
3,10,220.41,248.82,expired_card,visa,0.503,0,15,2,1,220.41,0
7,7,124.72,123.84,expired_card,visa,0.5,1,18,4,2,124.72,0
6,26,57.09,62.09,card_declined,visa,0.621,0,13,3,3,57.09,1
9,15,110.83,104.83,expired_card,visa,0.659,1,11,4,1,110.83,1
1,22,86.37,91.64,insufficient_funds,mastercard,0.611,2,15,2,3,86.37,0
16,25,195.46,198.82,generic_decline,elo,0.658,2,9,4,2,232.4,0
16,9,70.97,78.28,do_not_honor,elo,0.739,2,16,3,1,91.5,0
10,4,119.6,129.5,insufficient_funds,elo,0.556,2,11,0,2,119.6,0
70,19,56.31,52.66,insufficient_funds,elo,0.693,1,9,3,2,291.82,0
23,18,42.49,38.02,expired_card,hipercard,0.483,0,15,4,2,64.73,1
0,8,113.84,124.35,do_not_honor,visa,0.405,1,16,1,2,113.84,0
0,17,44.07,37.89,processing_error,hipercard,0.616,2,20,4,1,44.07,1
18,24,199.05,209.74,do_not_honor,mastercard,0.646,1,12,6,1,276.86,0
30,11,165.42,164.22,generic_decline,mastercard,0.816,2,16,3,1,369.5,1
1,8,49.54,43.23,card_declined,mastercard,0.612,3,16,1,1,49.54,1
0,23,118.19,124.88,insufficient_funds,visa,0.584,1,10,1,1,118.19,0
4,24,49.34,49.09,insufficient_funds,visa,0.594,2,0,1,1,49.34,1
1,29,23.51,26.05,insufficient_funds,mastercard,0.628,1,17,1,4,23.51,0
17,5,57.51,52.48,insufficient_funds,elo,0.399,0,16,2,1,65.3,1
3,26,93.48,79.52,insufficient_funds,amex,0.698,4,23,0,1,93.48,0
60,24,155.33,138.11,insufficient_funds,visa,0.671,0,17,3,3,656.02,0
56,22,111.63,103.91,processing_error,visa,0.888,0,10,6,2,457.43,0
1,10,218.92,228.92,insufficient_funds,mastercard,0.574,0,19,2,4,218.92,0
6,1,40.89,39.21,processing_error,visa,0.643,2,0,3,1,40.89,1
16,16,69.95,61.94,do_not_honor,visa,0.496,3,18,3,2,72.4,0
13,9,421.19,482.04,insufficient_funds,visa,0.488,1,20,6,1,455.19,1
12,9,17.58,15.51,insufficient_funds,elo,0.571,1,10,1,1,17.58,0
23,28,65.43,62.59,insufficient_funds,visa,0.635,2,12,6,2,106.57,1
3,5,37.74,42.0,do_not_honor,visa,0.679,1,8,5,2,37.74,0
43,28,82.17,85.93,card_declined,visa,0.527,0,10,2,2,283.8,0
20,16,66.45,62.86,insufficient_funds,mastercard,0.467,3,11,5,1,92.54,0
45,25,166.88,190.43,card_declined,visa,0.75,2,12,6,4,660.55,0
60,9,122.66,122.7,processing_error,mastercard,0.807,3,15,6,1,582.82,1
65,19,30.65,26.13,insufficient_funds,amex,0.942,2,23,2,2,134.46,1
0,17,57.97,49.38,expired_card,visa,0.472,0,8,6,1,57.97,1
54,28,97.74,110.67,insufficient_funds,visa,0.838,1,13,4,2,468.13,1
26,6,188.52,176.14,insufficient_funds,visa,0.729,1,11,0,1,340.93,0
1,6,848.61,928.06,do_not_honor,hipercard,0.543,1,19,0,1,848.61,0
2,28,182.49,157.5,insufficient_funds,mastercard,0.668,1,23,2,3,182.49,0
21,4,39.77,35.56,processing_error,elo,0.598,0,14,4,1,55.07,1
6,19,89.93,99.56,card_declined,amex,0.653,0,22,6,1,89.93,1
3,2,114.8,131.82,insufficient_funds,hipercard,0.577,1,21,0,1,114.8,1
6,3,61.62,53.34,card_declined,amex,0.684,2,13,1,3,61.62,0
2,18,148.43,133.63,insufficient_funds,visa,0.386,0,8,4,2,148.43,0
2,17,13.0,13.87,insufficient_funds,mastercard,0.699,1,23,2,3,13.0,1
5,17,159.77,161.18,insufficient_funds,hipercard,0.33,3,20,4,1,159.77,0
51,15,64.02,62.21,do_not_honor,mastercard,0.84,3,18,2,2,247.21,0
13,23,88.67,80.54,do_not_honor,elo,0.48,0,15,1,2,88.67,0
12,31,359.39,407.42,insufficient_funds,amex,0.586,2,11,0,3,359.39,0
21,9,31.87,28.74,insufficient_funds,mastercard,0.575,1,13,3,1,44.51,0
0,10,124.54,115.77,generic_decline,mastercard,0.472,4,15,1,1,124.54,0
8,10,197.88,187.45,expired_card,mastercard,0.704,3,17,0,1,197.88,1
17,24,113.72,101.39,insufficient_funds,visa,0.719,3,9,1,2,126.16,1
55,11,23.3,23.55,insufficient_funds,visa,0.576,0,18,6,1,101.64,1
1,20,324.39,308.95,insufficient_funds,mastercard,0.515,0,19,3,1,324.39,0
12,14,81.02,83.64,insufficient_funds,hipercard,0.61,2,23,1,3,81.02,1
0,18,61.18,58.75,expired_card,amex,0.485,2,20,4,1,61.18,0
4,25,74.19,65.65,card_declined,visa,0.48,1,23,5,1,74.19,0
11,16,69.61,77.39,card_declined,elo,0.721,4,7,5,2,69.61,0
21,15,33.96,34.06,insufficient_funds,visa,0.636,2,22,6,2,52.75,0
1,8,113.17,107.12,card_declined,mastercard,0.634,2,20,4,1,113.17,0
16,16,57.51,49.17,expired_card,hipercard,0.505,1,16,2,2,57.51,0
60,8,177.39,182.6,card_declined,hipercard,0.491,2,13,4,1,867.35,0
0,25,154.81,167.93,insufficient_funds,mastercard,0.635,1,9,0,1,154.81,0
0,12,414.26,432.91,insufficient_funds,mastercard,0.632,1,7,4,1,414.26,1
5,4,81.0,87.99,insufficient_funds,visa,0.188,3,14,1,3,81.0,0
4,8,47.89,42.93,insufficient_funds,elo,0.506,0,14,4,1,47.89,0
2,16,26.49,30.24,card_declined,visa,0.459,1,19,2,1,26.49,0
16,28,685.91,626.51,expired_card,visa,0.274,3,11,1,1,732.32,0
63,9,176.01,163.7,insufficient_funds,elo,0.781,2,12,5,4,816.45,0
4,8,52.84,53.04,expired_card,visa,0.64,2,10,6,2,52.84,0
1,13,439.85,374.56,card_declined,mastercard,0.553,1,23,3,2,439.85,0
8,29,326.06,320.43,card_declined,mastercard,0.677,2,9,5,3,326.06,0
11,25,29.43,26.74,card_declined,visa,0.687,2,16,5,2,29.43,0
8,5,50.05,53.79,processing_error,visa,0.649,1,13,1,2,50.05,0
20,18,86.91,93.63,card_declined,visa,0.211,1,16,4,1,137.84,0
12,24,37.78,39.09,insufficient_funds,visa,0.46,2,0,6,1,37.78,1
1,24,89.71,87.6,processing_error,mastercard,0.485,0,21,0,1,89.71,0
44,16,183.98,173.51,insufficient_funds,mastercard,0.775,2,14,4,1,587.43,0
66,23,28.86,31.7,expired_card,mastercard,0.9,0,12,2,1,165.63,1
0,17,126.81,127.08,generic_decline,elo,0.69,1,13,2,2,126.81,0
46,6,275.99,275.7,insufficient_funds,elo,0.594,0,23,0,1,979.35,1
13,2,139.48,123.3,insufficient_funds,mastercard,0.471,1,14,1,1,139.48,1
23,12,91.4,83.68,insufficient_funds,mastercard,0.549,1,15,5,3,142.48,0
21,2,54.0,51.74,generic_decline,mastercard,0.495,0,21,0,1,80.13,1
0,13,204.47,216.67,insufficient_funds,visa,0.553,0,23,1,2,204.47,0
52,25,34.36,37.92,processing_error,visa,0.731,1,23,6,1,153.91,1
1,25,121.28,139.21,insufficient_funds,visa,0.481,3,9,0,1,121.28,0
60,2,99.99,97.81,insufficient_funds,elo,0.932,1,16,4,1,464.6,1
42,3,265.68,261.95,insufficient_funds,mastercard,0.745,1,17,6,1,843.48,0
18,20,58.25,62.9,processing_error,hipercard,0.526,0,20,6,2,83.03,1
1,16,62.82,59.45,insufficient_funds,visa,0.499,0,15,5,1,62.82,0
60,5,32.44,32.83,do_not_honor,visa,0.64,5,15,6,3,155.94,0
2,24,144.15,151.81,expired_card,visa,0.438,1,14,1,1,144.15,0
70,7,67.08,61.77,do_not_honor,elo,0.858,1,19,6,2,342.31,0
6,3,45.45,42.44,insufficient_funds,mastercard,0.443,3,17,3,1,45.45,0
0,23,49.46,47.33,expired_card,mastercard,0.144,2,23,0,2,49.46,0
42,18,157.51,161.18,insufficient_funds,mastercard,0.574,1,16,6,1,519.0,1
58,13,36.69,34.16,insufficient_funds,visa,0.745,1,22,0,1,156.3,1
2,21,39.71,36.23,expired_card,elo,0.285,4,23,1,4,39.71,0
40,27,216.73,193.94,insufficient_funds,elo,0.802,0,3,0,2,592.59,1
0,2,84.34,92.17,generic_decline,mastercard,0.609,1,3,2,4,84.34,0
3,19,228.41,254.86,insufficient_funds,visa,0.49,2,23,2,2,228.41,0
3,7,71.04,79.67,insufficient_funds,elo,0.622,4,17,1,4,71.04,0
3,15,97.65,107.07,expired_card,elo,0.483,2,12,5,4,97.65,0
2,14,112.31,100.09,insufficient_funds,amex,0.425,3,15,6,1,112.31,0
59,12,335.2,294.75,insufficient_funds,visa,0.785,1,15,1,1,1374.31,1
5,6,311.81,311.73,generic_decline,amex,0.544,3,8,3,4,311.81,0
2,24,272.28,274.03,insufficient_funds,amex,0.451,2,22,6,1,272.28,0
29,12,55.91,59.82,expired_card,visa,0.468,2,13,1,2,129.87,1
7,26,40.68,37.3,insufficient_funds,elo,0.603,1,16,1,1,40.68,0
26,12,192.14,216.98,insufficient_funds,visa,0.717,5,22,2,3,419.98,0
1,25,332.08,313.14,insufficient_funds,visa,0.397,1,22,1,1,332.08,0
11,17,274.6,281.01,processing_error,mastercard,0.57,3,10,0,2,274.6,1
64,12,98.89,109.7,expired_card,visa,0.766,1,10,6,2,555.81,0
13,22,186.59,187.9,insufficient_funds,visa,0.506,3,9,0,2,186.59,1
5,24,189.53,203.95,insufficient_funds,mastercard,0.55,2,11,2,2,189.53,0
35,15,111.58,119.92,do_not_honor,hipercard,0.835,5,13,0,1,317.7,0
2,14,115.96,126.05,insufficient_funds,visa,0.491,3,19,2,1,115.96,1
3,17,106.66,116.61,expired_card,visa,0.529,2,10,0,1,106.66,0
15,17,48.54,46.97,insufficient_funds,visa,0.415,3,11,0,3,51.37,1
2,14,53.14,50.96,insufficient_funds,visa,0.551,2,14,4,1,53.14,1
57,24,52.42,57.19,insufficient_funds,amex,0.834,3,0,2,2,256.71,1
4,13,23.61,24.17,insufficient_funds,mastercard,0.296,1,11,1,1,23.61,0
3,15,110.97,114.56,expired_card,mastercard,0.613,3,15,6,1,110.97,0
24,18,94.29,91.8,insufficient_funds,mastercard,0.369,0,16,6,2,163.4,0
0,31,192.34,175.12,processing_error,hipercard,0.552,2,17,4,1,192.34,0
25,8,299.55,295.68,insufficient_funds,mastercard,0.525,4,14,1,3,549.27,1
28,7,316.96,361.62,insufficient_funds,hipercard,0.831,2,16,6,3,756.59,1
0,6,344.61,322.99,insufficient_funds,mastercard,0.337,2,21,2,2,344.61,0
2,21,49.89,46.48,insufficient_funds,hipercard,0.469,5,19,3,1,49.89,0
2,15,27.4,24.37,insufficient_funds,mastercard,0.595,0,16,4,2,27.4,1
71,12,223.45,222.19,insufficient_funds,amex,0.893,0,20,4,1,1248.89,1
42,6,333.67,312.5,insufficient_funds,visa,0.807,1,12,2,4,1006.25,1
6,26,389.39,411.25,insufficient_funds,mastercard,0.319,1,23,3,2,389.39,1
1,14,150.39,133.93,insufficient_funds,mastercard,0.545,2,18,6,1,150.39,0
19,18,16.59,15.33,insufficient_funds,mastercard,0.407,2,18,3,2,21.4,0
1,4,135.26,117.48,insufficient_funds,mastercard,0.445,4,20,4,2,135.26,0
50,4,160.1,138.08,insufficient_funds,visa,0.84,1,0,1,1,536.98,1
6,3,297.26,325.27,insufficient_funds,amex,0.579,1,9,4,2,297.26,1
5,12,348.05,390.43,insufficient_funds,mastercard,0.498,1,16,1,2,348.05,1
5,15,219.3,236.66,insufficient_funds,visa,0.579,3,17,2,2,219.3,0
28,8,58.02,64.38,generic_decline,elo,0.75,3,22,2,4,134.7,1
1,11,39.18,34.32,insufficient_funds,elo,0.677,1,16,4,2,39.18,1
12,1,157.07,175.83,insufficient_funds,visa,0.67,3,12,0,2,157.07,1
46,12,48.35,47.86,processing_error,visa,0.8,1,15,0,3,170.01,1
13,4,362.41,391.62,insufficient_funds,mastercard,0.69,3,13,0,2,369.81,0
1,4,21.5,22.25,insufficient_funds,elo,0.472,2,18,2,1,21.5,0
8,1,161.74,154.46,do_not_honor,visa,0.462,2,17,1,2,161.74,0
23,22,129.83,120.67,expired_card,visa,0.757,3,10,5,1,205.46,1
71,28,81.35,72.03,expired_card,elo,0.811,1,14,5,2,404.87,0
9,19,42.98,41.85,insufficient_funds,visa,0.545,4,18,1,1,42.98,1
2,4,15.66,15.63,insufficient_funds,amex,0.41,1,23,4,2,15.66,1
1,31,60.97,69.81,insufficient_funds,elo,0.509,1,14,3,2,60.97,0
0,30,61.92,53.32,card_declined,amex,0.463,0,19,1,2,61.92,0
2,15,262.42,269.52,insufficient_funds,visa,0.591,2,14,4,4,262.42,0
5,4,48.76,49.13,expired_card,visa,0.662,2,14,4,4,48.76,1
10,22,146.14,125.22,do_not_honor,mastercard,0.58,0,17,5,4,146.14,0
14,29,31.02,29.44,generic_decline,visa,0.561,1,23,1,2,31.02,0
26,24,149.76,146.3,insufficient_funds,visa,0.824,1,13,0,2,283.17,1
48,19,13.39,13.37,expired_card,mastercard,0.874,0,15,6,1,49.74,1
3,18,628.7,578.43,card_declined,mastercard,0.615,1,5,6,1,628.7,0
19,30,86.24,74.19,processing_error,visa,0.697,2,17,1,1,103.57,1
7,3,8.17,7.66,do_not_honor,visa,0.261,0,14,0,1,8.17,1
14,5,51.67,56.88,card_declined,visa,0.381,7,9,4,1,57.95,0
3,25,44.91,49.06,card_declined,mastercard,0.677,1,17,2,1,44.91,0
39,5,54.59,49.36,insufficient_funds,visa,0.7,3,18,4,1,146.78,1
47,12,70.7,73.8,expired_card,mastercard,0.892,0,9,0,2,268.33,1
6,9,54.26,61.16,expired_card,elo,0.618,0,17,2,3,54.26,1
3,8,47.33,42.67,card_declined,elo,0.536,1,21,1,4,47.33,0
2,1,34.92,31.03,expired_card,amex,0.264,0,16,4,2,34.92,0
16,17,202.84,173.76,insufficient_funds,hipercard,0.49,0,20,4,4,203.11,0
0,13,284.11,256.19,insufficient_funds,visa,0.566,3,15,6,1,284.11,0
62,17,77.97,85.31,generic_decline,visa,0.874,0,11,2,2,418.73,1
66,9,96.23,105.29,insufficient_funds,elo,0.81,1,10,0,3,550.14,0
1,28,35.94,36.38,processing_error,elo,0.519,0,11,6,4,35.94,0
0,18,104.11,98.91,expired_card,visa,0.63,1,17,3,4,104.11,0
61,29,119.9,130.93,insufficient_funds,hipercard,0.739,3,12,6,3,632.28,1
1,11,80.44,73.08,insufficient_funds,amex,0.512,3,16,5,1,80.44,0
9,1,138.97,123.96,expired_card,amex,0.694,2,20,3,3,138.97,0
19,24,128.59,112.74,processing_error,visa,0.64,0,8,0,1,157.38,1
11,25,38.32,42.36,insufficient_funds,mastercard,0.389,2,9,1,3,38.32,1
10,2,282.08,300.26,do_not_honor,mastercard,0.446,1,19,4,1,282.08,1
65,19,81.28,84.32,card_declined,visa,0.804,0,1,4,2,433.9,1
9,20,433.03,462.58,insufficient_funds,visa,0.581,1,11,1,3,433.03,1
1,5,142.0,126.81,insufficient_funds,visa,0.603,2,14,4,1,142.0,0
31,17,562.94,543.48,insufficient_funds,amex,0.702,1,23,0,1,1265.93,1
8,8,277.66,303.83,insufficient_funds,mastercard,0.424,1,16,1,3,277.66,1
27,1,119.61,134.56,insufficient_funds,mastercard,0.412,2,9,0,2,270.97,0
30,26,51.42,51.62,insufficient_funds,visa,0.552,0,16,1,1,116.14,0
48,16,52.42,46.48,generic_decline,hipercard,0.543,1,14,0,1,172.91,0
0,24,156.94,179.47,expired_card,hipercard,0.461,2,6,4,1,156.94,0
0,23,111.0,107.5,processing_error,mastercard,0.577,1,15,6,3,111.0,1
12,31,57.93,54.78,expired_card,visa,0.643,3,17,6,3,57.93,0
1,14,204.88,181.52,expired_card,visa,0.566,3,23,2,1,204.88,1
8,14,101.17,86.38,do_not_honor,mastercard,0.427,2,19,5,2,101.17,0
55,9,205.96,212.37,insufficient_funds,elo,0.822,2,20,0,3,916.58,1
19,19,41.1,42.49,card_declined,hipercard,0.582,2,22,3,1,59.31,0
38,15,237.51,218.57,do_not_honor,visa,0.824,4,13,4,4,632.15,0
41,23,152.54,137.07,do_not_honor,visa,0.498,1,16,2,1,430.08,0
5,12,283.21,285.59,insufficient_funds,visa,0.494,3,23,0,4,283.21,0
16,4,232.91,228.4,do_not_honor,visa,0.693,2,16,1,1,266.97,0
9,26,90.64,85.3,insufficient_funds,mastercard,0.701,1,9,0,1,90.64,0
12,25,84.39,77.26,insufficient_funds,mastercard,0.683,0,23,5,2,84.39,1
53,12,476.4,527.75,insufficient_funds,amex,0.864,0,13,6,1,2187.16,1
48,21,75.51,86.47,insufficient_funds,visa,0.699,4,11,1,3,321.67,0
65,16,190.04,181.81,insufficient_funds,visa,0.666,2,17,5,2,935.56,1
47,24,69.66,73.8,insufficient_funds,mastercard,0.806,2,13,6,1,268.33,0
20,12,18.7,20.75,insufficient_funds,elo,0.667,4,14,1,1,30.55,1
70,16,32.86,28.2,processing_error,elo,0.913,3,11,4,2,156.28,1
23,2,140.19,157.35,do_not_honor,amex,0.679,0,3,1,4,267.91,0
4,6,182.22,182.17,do_not_honor,mastercard,0.364,2,8,0,3,182.22,1
11,24,140.6,142.99,expired_card,visa,0.642,0,12,3,1,140.6,0
2,12,270.52,273.76,do_not_honor,elo,0.541,3,14,1,1,270.52,1
27,2,138.37,127.7,insufficient_funds,hipercard,0.824,3,21,5,2,257.16,0
2,6,49.1,53.26,insufficient_funds,visa,0.531,0,11,6,1,49.1,1
11,13,165.72,177.27,insufficient_funds,visa,0.482,2,17,1,2,165.72,0
35,22,113.64,99.86,insufficient_funds,visa,0.831,2,22,0,1,264.56,0
0,12,58.62,59.72,expired_card,mastercard,0.412,0,14,1,3,58.62,0
6,23,148.73,169.12,insufficient_funds,mastercard,0.571,1,23,2,1,148.73,1
4,26,104.89,116.57,generic_decline,visa,0.514,4,17,1,1,104.89,1
17,11,57.11,59.27,insufficient_funds,visa,0.663,2,23,4,2,73.75,0
8,24,83.46,75.92,insufficient_funds,mastercard,0.709,1,12,2,1,83.46,1
4,4,343.12,327.39,insufficient_funds,mastercard,0.488,0,17,0,4,343.12,1
7,13,333.3,298.34,insufficient_funds,visa,0.361,3,10,4,1,333.3,1
4,4,115.53,126.69,generic_decline,mastercard,0.399,2,22,2,2,115.53,0
39,2,102.85,111.45,expired_card,visa,0.733,1,13,4,3,331.42,0
15,3,27.37,30.74,insufficient_funds,visa,0.353,0,10,5,4,33.62,1
1,4,450.21,391.24,expired_card,visa,0.572,2,16,0,4,450.21,0
24,25,245.42,279.63,insufficient_funds,visa,0.471,1,10,3,4,497.74,0
16,17,190.63,217.3,insufficient_funds,visa,0.546,0,12,6,2,254.0,1
4,28,12.96,13.64,insufficient_funds,visa,0.664,2,14,0,1,12.96,0
6,16,101.37,112.98,insufficient_funds,visa,0.641,1,9,4,1,101.37,1
37,19,87.31,85.7,expired_card,elo,0.759,1,3,1,2,240.9,0
0,6,179.28,169.24,processing_error,elo,0.405,1,14,2,2,179.28,0
2,16,65.48,58.69,insufficient_funds,visa,0.399,5,11,4,2,65.48,1
9,12,79.56,68.38,expired_card,mastercard,0.431,0,18,5,1,79.56,1
7,28,169.46,146.18,card_declined,visa,0.453,0,0,6,1,169.46,0
10,28,49.17,52.0,insufficient_funds,amex,0.365,2,17,5,2,49.17,1
23,6,58.7,55.82,insufficient_funds,visa,0.731,1,16,6,2,95.04,1
0,19,116.06,100.53,insufficient_funds,visa,0.539,2,16,0,2,116.06,0
14,19,320.98,283.64,insufficient_funds,mastercard,0.618,3,15,4,1,320.98,0
3,17,200.45,210.39,insufficient_funds,visa,0.675,0,16,4,2,200.45,1
1,4,254.09,287.53,insufficient_funds,visa,0.538,3,15,0,1,254.09,1
2,20,103.4,100.55,insufficient_funds,visa,0.638,2,15,2,1,103.4,1
23,24,368.88,399.61,card_declined,mastercard,0.556,1,13,2,1,680.39,1
10,11,20.82,23.78,insufficient_funds,visa,0.745,0,14,4,1,20.82,1
20,16,589.19,626.01,generic_decline,visa,0.603,3,8,3,1,921.63,1
7,4,661.04,705.26,insufficient_funds,amex,0.527,1,14,6,1,661.04,1
62,28,146.64,151.74,insufficient_funds,visa,0.912,3,15,0,2,744.79,1
50,4,204.73,234.07,expired_card,visa,0.584,0,20,3,1,910.27,1
59,6,94.5,88.82,expired_card,mastercard,0.973,0,15,0,2,414.14,1
2,9,81.15,88.04,generic_decline,visa,0.571,0,20,5,1,81.15,1
0,25,56.81,55.36,insufficient_funds,elo,0.392,3,20,2,1,56.81,1
42,22,93.58,83.91,insufficient_funds,visa,0.784,1,13,1,1,270.19,0
30,1,160.17,171.67,expired_card,visa,0.658,2,15,1,2,386.26,1
5,6,141.94,155.97,expired_card,elo,0.547,0,13,0,1,141.94,1
0,23,570.83,633.1,processing_error,elo,0.517,1,8,1,1,570.83,1
30,13,106.86,120.38,processing_error,elo,0.742,0,21,2,4,270.85,0
49,1,26.05,27.96,insufficient_funds,visa,0.693,1,20,0,2,106.37,1
3,29,421.17,424.66,card_declined,mastercard,0.591,2,8,3,3,421.17,0
3,5,33.04,37.39,card_declined,hipercard,0.208,2,17,1,1,33.04,0
0,16,59.47,54.29,expired_card,mastercard,0.506,1,21,3,2,59.47,0
8,8,124.44,108.66,insufficient_funds,hipercard,0.688,0,3,0,2,124.44,1
1,23,141.6,138.7,do_not_honor,mastercard,0.313,0,14,1,4,141.6,0
20,24,27.07,27.74,card_declined,elo,0.738,2,11,5,2,40.84,1
1,13,50.37,53.09,insufficient_funds,visa,0.649,2,15,6,1,50.37,1
0,20,26.23,28.71,insufficient_funds,amex,0.462,2,10,2,1,26.23,0
44,27,169.81,145.7,card_declined,amex,0.313,2,1,3,1,493.28,1
4,24,279.67,305.01,do_not_honor,elo,0.61,3,0,2,2,279.67,0
0,13,33.02,34.01,insufficient_funds,hipercard,0.599,1,23,2,1,33.02,0
11,14,236.71,268.88,do_not_honor,elo,0.585,0,7,1,4,236.71,0
1,26,223.46,213.26,insufficient_funds,mastercard,0.398,1,11,4,3,223.46,0
17,2,54.43,56.34,insufficient_funds,mastercard,0.552,0,17,1,1,70.1,1
19,1,16.8,18.14,card_declined,elo,0.515,2,17,2,4,25.32,0
9,6,37.74,37.93,insufficient_funds,elo,0.423,0,8,2,3,37.74,0
34,25,57.61,51.66,insufficient_funds,mastercard,0.451,1,16,4,1,132.71,1
0,5,384.47,332.54,card_declined,mastercard,0.514,2,15,5,4,384.47,0
4,9,88.0,77.74,insufficient_funds,amex,0.395,2,11,0,2,88.0,0
10,19,39.97,39.91,insufficient_funds,visa,0.533,1,20,3,1,39.97,1
11,6,111.47,116.14,insufficient_funds,elo,0.346,1,23,0,1,111.47,1
0,9,30.93,31.58,insufficient_funds,mastercard,0.463,1,12,0,3,30.93,1
2,15,154.36,164.22,insufficient_funds,elo,0.505,1,11,2,1,154.36,1
13,7,41.02,35.35,insufficient_funds,visa,0.575,0,14,0,2,41.02,1
56,31,46.66,41.57,do_not_honor,mastercard,0.666,0,22,6,4,183.0,0
0,6,136.45,147.14,expired_card,visa,0.604,0,20,4,3,136.45,1
5,25,462.72,501.75,card_declined,mastercard,0.351,3,19,4,2,462.72,0
1,15,688.62,730.41,insufficient_funds,elo,0.63,1,22,0,1,688.62,1
48,4,38.81,41.67,insufficient_funds,mastercard,0.587,2,11,5,2,155.01,1
6,4,57.54,65.54,do_not_honor,mastercard,0.495,1,21,1,2,57.54,0
61,16,154.52,175.11,expired_card,visa,0.837,2,22,1,1,845.64,1
55,12,276.06,288.03,processing_error,mastercard,0.675,1,18,6,3,1243.13,1
9,7,14.3,13.52,insufficient_funds,amex,0.365,3,14,4,1,14.3,1
0,29,105.63,90.23,expired_card,elo,0.519,2,22,4,1,105.63,0
47,15,63.41,65.91,insufficient_funds,visa,0.836,1,2,6,1,239.65,1
20,28,17.7,17.34,insufficient_funds,mastercard,0.637,2,12,2,2,25.53,1
61,6,29.8,26.64,processing_error,elo,0.838,0,8,1,1,128.65,1
29,6,59.03,53.99,insufficient_funds,mastercard,0.67,1,14,1,4,117.21,1
14,18,102.99,116.48,insufficient_funds,mastercard,0.485,2,19,1,2,118.68,0
1,8,239.34,208.19,insufficient_funds,amex,0.674,1,14,5,4,239.34,0
10,6,133.91,145.46,expired_card,amex,0.675,2,16,1,1,133.91,0
10,4,226.81,254.17,processing_error,visa,0.556,2,14,0,1,226.81,0
12,3,100.1,105.76,insufficient_funds,mastercard,0.617,0,1,5,3,100.1,0
10,23,52.26,45.38,generic_decline,mastercard,0.588,1,7,6,3,52.26,0
23,9,83.03,91.64,insufficient_funds,amex,0.635,3,4,5,1,156.03,1
48,30,181.31,189.65,do_not_honor,visa,0.892,1,20,1,2,705.5,0
3,6,244.6,228.24,card_declined,visa,0.549,0,8,1,3,244.6,0
9,12,85.72,89.05,do_not_honor,mastercard,0.649,1,13,5,1,85.72,0
4,12,42.82,38.15,card_declined,mastercard,0.623,2,16,4,1,42.82,0
26,16,131.71,139.91,insufficient_funds,visa,0.695,2,16,1,1,270.8,1
31,26,149.45,167.52,insufficient_funds,hipercard,0.526,2,17,6,3,390.21,1
4,25,292.2,294.1,processing_error,visa,0.555,2,16,3,1,292.2,1
0,1,53.49,60.74,processing_error,visa,0.552,2,15,3,1,53.49,0
5,13,54.01,53.01,expired_card,visa,0.55,2,18,2,2,54.01,0
9,25,191.35,211.88,card_declined,visa,0.512,0,12,1,1,191.35,0
8,1,68.07,73.66,insufficient_funds,visa,0.487,1,15,3,2,68.07,1
0,16,65.56,57.47,insufficient_funds,visa,0.512,1,14,2,1,65.56,0
63,8,297.81,334.68,insufficient_funds,visa,0.868,2,13,0,2,1669.22,0
71,13,28.92,32.48,expired_card,mastercard,0.527,0,23,0,1,182.56,0
9,14,607.24,580.17,card_declined,mastercard,0.639,0,22,6,2,607.24,1
40,12,56.72,61.71,expired_card,mastercard,0.52,5,18,6,4,188.56,0
13,26,211.1,193.66,expired_card,hipercard,0.46,1,19,0,2,211.1,1
9,16,88.74,76.24,insufficient_funds,hipercard,0.549,1,22,1,1,88.74,1
40,27,124.39,113.49,insufficient_funds,mastercard,0.631,3,13,4,2,346.77,0
37,23,77.4,77.03,insufficient_funds,visa,0.594,2,16,4,3,216.53,1
29,12,209.2,181.45,insufficient_funds,mastercard,0.558,1,13,2,3,393.92,0
14,16,71.8,64.48,expired_card,visa,0.494,2,22,1,1,71.8,0
53,12,58.76,66.7,card_declined,elo,0.933,2,17,6,1,276.43,1
4,25,489.41,488.51,do_not_honor,mastercard,0.528,1,16,0,1,489.41,0
29,6,100.33,110.06,insufficient_funds,visa,0.699,0,15,5,2,238.94,1
9,28,53.63,48.91,processing_error,mastercard,0.36,0,16,2,1,53.63,1
9,17,26.01,22.8,expired_card,amex,0.581,0,12,0,2,26.01,0
25,18,512.65,555.8,insufficient_funds,mastercard,0.382,2,16,5,3,1032.48,0
1,16,59.87,57.15,card_declined,elo,0.504,2,11,6,1,59.87,0
47,17,610.29,602.93,generic_decline,elo,0.759,0,11,5,2,2192.24,0
3,20,139.31,159.88,insufficient_funds,mastercard,0.362,2,10,4,1,139.31,1
1,20,110.98,104.87,expired_card,visa,0.542,2,10,4,1,110.98,0
0,7,113.67,112.75,insufficient_funds,mastercard,0.463,0,15,1,1,113.67,0
21,17,699.82,728.12,insufficient_funds,visa,0.655,1,6,1,4,1127.68,0
16,12,13.94,12.22,insufficient_funds,mastercard,0.549,2,13,5,1,14.28,1
3,19,118.25,125.93,insufficient_funds,visa,0.395,2,15,3,2,118.25,0
4,17,77.23,76.11,card_declined,amex,0.332,1,9,2,4,77.23,0
58,6,80.89,73.0,insufficient_funds,elo,0.564,0,13,4,2,334.02,1
0,23,111.61,109.28,card_declined,visa,0.481,3,16,2,1,111.61,1
10,15,77.16,76.25,do_not_honor,elo,0.655,3,22,6,1,77.16,1
8,17,115.53,120.41,processing_error,elo,0.624,0,13,1,1,115.53,0
3,20,95.72,108.27,insufficient_funds,elo,0.56,2,0,0,1,95.72,1
29,20,30.43,32.85,insufficient_funds,visa,0.34,0,18,1,1,71.32,0
32,23,137.16,132.32,insufficient_funds,mastercard,0.697,1,23,6,2,318.74,0
2,6,184.65,210.67,insufficient_funds,mastercard,0.302,3,23,1,2,184.65,0
23,4,60.39,65.66,insufficient_funds,visa,0.543,1,15,6,1,111.8,0
1,20,513.71,440.96,expired_card,mastercard,0.524,1,10,0,1,513.71,0
8,7,320.15,283.33,expired_card,visa,0.617,3,18,0,1,320.15,0
3,4,206.87,189.37,insufficient_funds,amex,0.642,2,20,5,1,206.87,1
18,4,204.65,179.08,insufficient_funds,hipercard,0.668,0,16,2,2,236.39,1
0,10,100.4,99.96,do_not_honor,visa,0.369,1,13,4,1,100.4,0
6,31,269.42,256.55,generic_decline,visa,0.708,1,13,3,2,269.42,0
0,5,394.53,450.5,expired_card,visa,0.602,4,15,4,1,394.53,0
3,9,200.37,198.73,expired_card,amex,0.39,3,11,3,1,200.37,0
5,28,58.9,53.81,expired_card,visa,0.322,0,14,4,3,58.9,0
6,29,94.36,107.69,insufficient_funds,elo,0.482,1,20,3,2,94.36,0
1,7,162.71,163.39,do_not_honor,elo,0.637,2,16,2,1,162.71,0
38,26,205.73,179.38,insufficient_funds,visa,0.534,3,11,4,1,518.81,1
5,5,91.25,79.78,card_declined,elo,0.552,0,18,0,3,91.25,1
0,24,59.08,62.19,insufficient_funds,mastercard,0.568,2,13,1,1,59.08,0
12,1,399.28,398.66,card_declined,visa,0.644,2,10,1,2,399.28,0
52,13,37.71,39.12,card_declined,amex,0.922,2,5,5,2,158.78,0
4,8,42.36,46.8,card_declined,mastercard,0.514,2,21,4,3,42.36,0
2,22,30.07,31.71,insufficient_funds,visa,0.708,0,16,0,2,30.07,0
0,1,42.28,46.87,expired_card,mastercard,0.544,3,1,5,2,42.28,0
21,15,296.02,317.57,expired_card,mastercard,0.403,1,15,1,1,491.84,0
27,22,304.95,320.9,card_declined,mastercard,0.527,0,12,0,3,646.21,0
16,2,91.53,81.5,insufficient_funds,visa,0.589,1,12,0,1,95.26,0
60,27,151.91,151.13,insufficient_funds,mastercard,0.933,3,22,3,1,717.87,1
24,12,96.84,94.9,card_declined,visa,0.691,1,23,1,1,168.92,1
7,6,33.91,34.32,insufficient_funds,mastercard,0.482,2,19,4,2,33.91,1
1,7,701.17,678.27,expired_card,visa,0.535,2,11,5,1,701.17,1
4,11,331.48,343.46,insufficient_funds,mastercard,0.507,3,8,2,2,331.48,0
2,6,133.92,129.6,card_declined,elo,0.595,2,6,6,2,133.92,0
0,16,45.7,46.49,insufficient_funds,visa,0.677,2,4,1,1,45.7,1
12,19,80.05,77.53,processing_error,visa,0.456,1,23,4,2,80.05,0
19,14,52.84,59.21,insufficient_funds,elo,0.643,1,10,6,2,82.66,0
4,14,106.6,102.55,insufficient_funds,visa,0.571,0,19,3,1,106.6,1
6,24,128.73,137.65,insufficient_funds,visa,0.363,0,13,5,2,128.73,0
2,9,72.2,74.66,do_not_honor,mastercard,0.528,1,20,4,2,72.2,0
0,19,26.85,25.93,insufficient_funds,mastercard,0.579,3,20,0,2,26.85,0
3,26,649.57,709.52,insufficient_funds,visa,0.482,0,12,6,1,649.57,1
5,7,120.71,136.19,insufficient_funds,elo,0.393,1,13,1,2,120.71,1
0,19,146.64,158.1,processing_error,visa,0.569,2,15,5,2,146.64,0
29,28,67.17,76.21,insufficient_funds,elo,0.464,1,5,0,1,165.45,0
2,16,24.41,23.94,expired_card,elo,0.635,1,0,3,1,24.41,0
49,30,90.78,102.05,insufficient_funds,visa,0.672,0,20,3,1,388.23,1
5,10,73.35,81.63,insufficient_funds,elo,0.54,2,15,4,2,73.35,0
1,17,183.59,198.04,insufficient_funds,mastercard,0.343,1,15,4,1,183.59,1
69,10,218.61,240.59,expired_card,hipercard,0.804,0,17,0,3,1314.22,0
20,1,192.86,206.18,insufficient_funds,elo,0.704,1,13,1,2,303.54,1
28,31,235.16,236.03,generic_decline,visa,0.755,0,19,4,2,493.83,1
5,8,485.22,492.85,insufficient_funds,mastercard,0.678,1,0,2,1,485.22,1
0,30,138.2,134.79,expired_card,mastercard,0.251,1,9,2,1,138.2,0
28,20,259.52,272.31,insufficient_funds,elo,0.55,3,22,0,1,569.73,1
61,27,151.58,143.61,insufficient_funds,mastercard,0.697,1,22,3,1,693.52,1
54,29,18.08,19.38,processing_error,elo,0.807,2,8,1,1,81.98,1
2,17,85.21,85.34,card_declined,visa,0.495,1,16,0,2,85.21,0
22,31,45.22,43.23,expired_card,hipercard,0.526,1,19,3,2,70.27,1
63,24,120.06,107.35,card_declined,visa,0.758,0,12,2,4,535.41,1
4,16,48.41,44.86,insufficient_funds,visa,0.6,1,0,4,2,48.41,1
41,20,167.41,174.45,do_not_honor,visa,0.778,0,18,1,1,547.36,0
6,6,233.66,224.54,insufficient_funds,amex,0.563,2,20,0,2,233.66,1
33,1,284.73,244.85,do_not_honor,elo,0.663,2,19,2,1,609.37,0
6,8,411.9,390.86,card_declined,mastercard,0.532,3,10,6,3,411.9,0
3,14,22.06,21.18,insufficient_funds,amex,0.442,1,16,1,1,22.06,1
1,7,33.69,31.0,expired_card,visa,0.582,1,11,1,2,33.69,1
0,16,1312.67,1228.52,generic_decline,visa,0.494,1,17,5,3,1312.67,0
3,20,239.65,254.38,insufficient_funds,visa,0.41,2,15,4,1,239.65,0
57,20,119.32,128.14,insufficient_funds,mastercard,0.712,1,16,2,1,575.19,1
8,26,100.57,114.42,expired_card,mastercard,0.581,0,13,5,2,100.57,1
12,29,92.93,82.28,insufficient_funds,visa,0.638,1,16,4,1,92.93,1
5,26,17.54,16.55,insufficient_funds,visa,0.451,0,16,1,4,17.54,1
45,19,49.22,42.97,card_declined,visa,0.851,1,10,4,1,149.05,1
11,6,88.5,91.51,do_not_honor,visa,0.559,2,0,1,1,88.5,1
5,28,51.75,44.24,expired_card,mastercard,0.658,1,18,3,4,51.75,0
64,6,58.13,52.99,generic_decline,mastercard,0.832,1,11,2,2,268.48,1
7,5,948.92,973.68,insufficient_funds,visa,0.388,2,16,3,3,948.92,0
37,10,78.17,74.86,insufficient_funds,visa,0.666,0,0,6,2,210.43,1
19,17,125.14,126.81,insufficient_funds,mastercard,0.246,0,12,5,3,177.02,0
41,21,121.25,126.35,insufficient_funds,elo,0.728,3,3,4,1,396.44,0
38,1,165.01,181.79,expired_card,mastercard,0.854,0,12,0,4,525.78,0
10,24,63.97,61.91,insufficient_funds,mastercard,0.657,1,19,0,1,63.97,0
29,6,295.92,276.29,insufficient_funds,hipercard,0.431,3,17,4,2,599.82,1
11,9,144.95,146.64,card_declined,elo,0.641,0,10,6,2,144.95,1
1,10,31.16,27.14,expired_card,visa,0.614,1,9,0,1,31.16,1
4,11,88.85,76.64,expired_card,amex,0.564,1,9,6,3,88.85,1
13,24,83.89,82.69,expired_card,mastercard,0.657,1,21,3,1,83.89,0
1,2,80.53,73.72,generic_decline,mastercard,0.58,0,12,2,3,80.53,1
13,6,153.67,130.95,card_declined,mastercard,0.584,0,23,4,1,153.67,0
25,1,171.78,181.02,do_not_honor,mastercard,0.6,2,16,6,2,336.27,0
38,24,154.68,169.35,generic_decline,amex,0.657,0,23,1,1,489.8,0
2,30,132.09,118.14,do_not_honor,visa,0.526,1,11,6,2,132.09,0
71,20,105.47,107.49,insufficient_funds,mastercard,0.882,2,23,0,2,604.18,1
55,18,14.46,16.56,expired_card,visa,0.633,3,22,5,1,71.47,0
2,27,195.08,181.55,insufficient_funds,elo,0.455,1,10,4,3,195.08,0
11,8,150.84,161.28,insufficient_funds,visa,0.568,0,23,3,4,150.84,1
44,3,40.76,36.63,expired_card,mastercard,0.639,2,13,3,4,124.01,0
20,16,125.42,141.68,insufficient_funds,amex,0.518,4,9,6,3,208.58,0
1,8,173.81,147.76,expired_card,visa,0.545,1,14,5,1,173.81,0
3,15,276.67,259.63,processing_error,visa,0.389,0,8,6,4,276.67,1
10,15,153.81,175.79,insufficient_funds,mastercard,0.456,2,17,0,2,153.81,0
68,10,130.07,136.73,generic_decline,mastercard,0.864,1,17,2,1,736.06,0
9,15,226.65,207.06,card_declined,visa,0.497,2,13,1,2,226.65,0
0,12,74.45,80.96,processing_error,visa,0.373,1,13,1,2,74.45,1
26,4,140.95,157.78,insufficient_funds,visa,0.712,1,2,6,1,305.39,0
2,26,56.3,56.09,generic_decline,visa,0.42,1,18,3,1,56.3,0
4,22,262.09,235.04,insufficient_funds,elo,0.521,1,11,5,2,262.09,1
3,2,23.39,21.7,processing_error,visa,0.386,1,15,0,1,23.39,1
13,4,201.93,228.77,insufficient_funds,mastercard,0.63,0,15,3,1,216.03,1
35,4,99.3,89.2,insufficient_funds,visa,0.616,1,20,6,3,236.32,0
0,2,230.43,217.43,insufficient_funds,hipercard,0.671,2,17,2,2,230.43,1
5,2,48.86,43.66,card_declined,elo,0.534,2,23,3,1,48.86,0
48,5,105.88,93.35,do_not_honor,mastercard,0.601,1,17,1,2,347.26,1
25,25,103.16,103.84,expired_card,elo,0.765,5,13,4,1,192.9,0
0,25,143.71,139.26,card_declined,visa,0.444,3,22,0,2,143.71,0
7,24,38.55,33.3,insufficient_funds,visa,0.501,2,16,3,1,38.55,1
1,18,172.01,153.7,generic_decline,mastercard,0.622,6,10,0,1,172.01,0
3,23,18.97,16.34,insufficient_funds,mastercard,0.6,1,16,2,1,18.97,1
16,23,54.01,46.31,do_not_honor,visa,0.733,1,9,3,3,54.13,0
64,26,24.39,22.04,processing_error,mastercard,0.708,7,13,2,1,111.67,0
1,23,204.0,218.91,insufficient_funds,elo,0.45,4,1,0,2,204.0,0
5,23,139.47,119.17,insufficient_funds,amex,0.607,0,8,3,4,139.47,0
4,24,146.57,137.97,card_declined,amex,0.483,2,11,1,1,146.57,0
71,17,361.78,368.81,do_not_honor,mastercard,0.912,1,17,2,1,2073.02,1
4,7,73.83,79.23,card_declined,mastercard,0.343,2,15,0,4,73.83,1
2,4,167.99,176.96,do_not_honor,mastercard,0.607,0,14,0,1,167.99,0
2,13,103.65,118.84,generic_decline,visa,0.287,2,16,4,1,103.65,0
5,4,90.54,84.45,insufficient_funds,elo,0.579,1,10,6,1,90.54,0
7,6,312.02,265.23,expired_card,visa,0.47,3,18,6,2,312.02,1
42,1,621.25,535.19,expired_card,amex,0.679,3,16,0,1,1723.31,0
5,9,66.63,58.58,insufficient_funds,visa,0.427,1,9,3,2,66.63,1
10,29,205.0,234.23,processing_error,visa,0.718,1,16,6,1,205.0,1
10,12,129.78,132.51,insufficient_funds,visa,0.573,0,9,2,2,129.78,1
22,8,131.17,142.95,card_declined,elo,0.611,2,18,5,4,232.37,0
41,13,121.75,139.47,expired_card,visa,0.728,2,11,0,3,437.61,1
4,9,72.71,80.22,processing_error,mastercard,0.411,3,4,6,2,72.71,0
4,20,4.05,3.94,insufficient_funds,visa,0.476,2,10,4,1,4.05,0
0,19,382.13,425.22,expired_card,mastercard,0.511,4,15,4,3,382.13,0
6,2,52.73,51.68,insufficient_funds,mastercard,0.574,3,18,3,1,52.73,1
7,16,78.87,69.74,processing_error,hipercard,0.702,3,14,6,3,78.87,1
46,2,80.38,81.54,insufficient_funds,visa,0.766,0,14,1,1,289.65,0
18,20,48.72,54.8,expired_card,visa,0.751,2,15,1,1,72.34,1
10,28,121.0,131.33,processing_error,visa,0.623,1,21,3,2,121.0,0
4,27,93.98,91.21,insufficient_funds,mastercard,0.648,1,20,6,2,93.98,0
1,6,51.72,57.23,insufficient_funds,elo,0.402,1,22,6,4,51.72,0
10,23,111.61,110.41,insufficient_funds,visa,0.517,3,20,0,1,111.61,0
8,24,94.92,100.18,expired_card,hipercard,0.376,2,15,0,1,94.92,0
0,26,222.87,211.71,insufficient_funds,visa,0.555,2,16,5,1,222.87,1
2,8,29.72,27.0,insufficient_funds,elo,0.498,1,16,4,2,29.72,0
3,15,47.8,45.13,insufficient_funds,mastercard,0.388,1,23,4,3,47.8,0
12,7,186.17,207.12,insufficient_funds,amex,0.575,2,19,4,1,186.17,1
29,1,55.37,63.51,insufficient_funds,mastercard,0.62,2,16,0,2,137.88,0
3,20,43.81,40.71,expired_card,mastercard,0.69,4,17,2,1,43.81,1
2,14,57.86,52.05,expired_card,visa,0.385,3,23,3,2,57.86,0
68,8,89.36,77.86,expired_card,visa,0.757,1,10,4,1,419.15,0
5,25,89.66,96.49,insufficient_funds,elo,0.565,1,23,3,2,89.66,0
0,16,81.12,81.8,do_not_honor,visa,0.635,1,13,4,3,81.12,0
8,31,39.2,39.86,insufficient_funds,elo,0.342,4,13,3,4,39.2,0
0,24,194.26,167.76,processing_error,visa,0.454,1,11,4,2,194.26,0
13,26,317.5,277.6,expired_card,visa,0.503,1,13,0,1,317.5,1
42,24,17.91,20.14,insufficient_funds,mastercard,0.845,1,15,4,2,64.85,1
55,4,24.59,25.16,card_declined,visa,0.827,3,10,3,2,108.59,1
4,3,238.23,218.16,insufficient_funds,mastercard,0.428,1,10,2,2,238.23,1
3,28,394.2,359.6,generic_decline,amex,0.6,0,12,4,2,394.2,0
2,5,14.75,13.6,expired_card,visa,0.488,4,0,0,1,14.75,1
18,12,201.69,175.29,insufficient_funds,visa,0.789,1,17,5,2,231.38,1
55,18,418.77,362.21,insufficient_funds,visa,0.694,3,11,6,2,1563.29,1
27,6,45.44,48.44,card_declined,mastercard,0.747,0,22,0,2,97.55,0
0,7,397.67,369.49,insufficient_funds,elo,0.387,1,14,2,2,397.67,1
26,15,83.45,80.56,insufficient_funds,amex,0.725,0,15,6,2,155.93,1
7,12,129.27,130.72,do_not_honor,visa,0.6,1,22,0,1,129.27,0
0,20,51.6,48.81,insufficient_funds,visa,0.61,2,0,1,1,51.6,1
2,3,237.84,236.33,insufficient_funds,visa,0.642,0,18,5,1,237.84,1
4,16,205.13,227.59,insufficient_funds,visa,0.542,2,15,2,2,205.13,0
20,6,452.35,417.62,expired_card,mastercard,0.701,2,17,2,1,614.83,1
4,18,351.46,382.17,expired_card,amex,0.653,6,23,2,1,351.46,0
3,4,96.96,90.09,expired_card,visa,0.417,3,9,6,2,96.96,0
47,6,1312.67,1189.39,generic_decline,elo,0.723,0,18,0,2,4324.59,1
0,24,324.51,282.91,insufficient_funds,mastercard,0.425,0,18,2,1,324.51,0
10,7,157.99,166.72,insufficient_funds,amex,0.609,2,15,2,3,157.99,1
0,23,40.31,39.24,insufficient_funds,amex,0.487,2,10,6,1,40.31,0
5,8,25.11,27.15,insufficient_funds,amex,0.626,1,10,1,1,25.11,1
70,7,27.08,24.1,insufficient_funds,mastercard,0.757,1,14,6,1,133.55,1
55,9,42.65,43.97,insufficient_funds,visa,0.647,1,18,2,2,189.77,1
1,26,332.24,283.7,processing_error,visa,0.527,0,16,2,1,332.24,1
0,13,150.67,138.64,insufficient_funds,visa,0.628,1,8,4,1,150.67,0
8,8,56.69,58.55,do_not_honor,mastercard,0.333,2,5,3,1,56.69,1
25,16,86.64,75.1,do_not_honor,hipercard,0.52,1,14,1,3,139.51,1
67,12,77.75,74.89,insufficient_funds,mastercard,0.984,3,9,5,1,397.23,0
13,24,198.96,202.64,do_not_honor,mastercard,0.471,1,9,1,1,198.96,1
5,31,44.78,47.84,card_declined,visa,0.557,1,18,5,2,44.78,0
20,16,133.36,141.59,insufficient_funds,mastercard,0.606,3,15,6,1,208.45,0
2,15,127.61,114.14,expired_card,visa,0.442,1,17,3,4,127.61,1
1,11,45.99,40.13,insufficient_funds,visa,0.549,0,13,1,2,45.99,0
16,30,400.62,385.76,insufficient_funds,visa,0.702,1,8,0,2,450.91,1
6,15,75.18,69.33,processing_error,amex,0.443,2,7,5,4,75.18,1
15,6,40.47,38.11,expired_card,visa,0.582,2,0,1,2,41.68,0
1,29,208.52,198.67,insufficient_funds,hipercard,0.45,5,21,3,1,208.52,0
4,29,102.6,99.44,expired_card,mastercard,0.557,3,23,5,2,102.6,1
4,14,140.5,141.28,generic_decline,mastercard,0.491,1,9,0,2,140.5,0
30,11,34.13,29.11,insufficient_funds,elo,0.662,2,23,2,4,65.5,1
0,21,201.15,188.96,insufficient_funds,amex,0.506,0,12,4,2,201.15,1
32,25,673.28,625.69,insufficient_funds,visa,0.76,1,17,3,2,1507.22,1
26,16,31.84,29.32,generic_decline,visa,0.611,1,14,2,1,56.75,1
6,11,133.89,145.48,expired_card,visa,0.525,1,17,2,1,133.89,0
26,9,48.66,45.03,insufficient_funds,mastercard,0.561,1,21,0,1,87.16,1
4,10,1065.9,954.29,expired_card,visa,0.652,2,21,4,1,1065.9,0
64,4,294.0,325.03,insufficient_funds,mastercard,0.84,4,22,0,3,1646.82,0
22,24,125.59,121.18,insufficient_funds,visa,0.516,2,12,3,3,196.98,0
2,4,32.84,29.73,do_not_honor,hipercard,0.565,0,20,0,1,32.84,0
8,13,40.71,43.78,card_declined,elo,0.447,1,13,0,1,40.71,1
8,25,189.68,198.62,insufficient_funds,elo,0.707,2,10,3,4,189.68,0
8,13,29.14,33.03,generic_decline,mastercard,0.51,1,13,1,1,29.14,0
2,9,29.96,33.36,insufficient_funds,visa,0.54,2,13,3,1,29.96,0
10,28,98.52,104.26,insufficient_funds,visa,0.555,0,16,0,1,98.52,0
34,4,110.05,98.86,insufficient_funds,mastercard,0.702,1,17,6,2,253.96,0
66,26,137.0,136.31,insufficient_funds,amex,0.796,1,14,0,4,712.22,0
30,2,66.15,58.58,expired_card,visa,0.786,2,21,0,3,131.8,0
0,13,221.35,224.63,insufficient_funds,mastercard,0.578,2,5,4,1,221.35,0
53,19,45.46,51.14,insufficient_funds,elo,0.61,1,21,6,3,211.94,0
7,12,170.55,145.16,generic_decline,visa,0.535,2,19,0,1,170.55,1
1,16,118.23,131.57,insufficient_funds,amex,0.656,0,14,0,2,118.23,0
24,6,166.66,168.63,insufficient_funds,hipercard,0.742,1,17,3,3,300.16,0
21,17,279.32,250.1,insufficient_funds,visa,0.639,1,14,2,1,387.34,0
0,5,65.23,72.19,processing_error,mastercard,0.38,2,9,1,1,65.23,0
3,24,54.33,54.93,insufficient_funds,visa,0.491,4,23,0,2,54.33,1
11,17,21.82,21.48,insufficient_funds,mastercard,0.657,2,13,5,3,21.82,0
38,15,16.26,16.26,do_not_honor,amex,0.718,1,21,0,2,47.03,0
26,2,83.6,74.76,insufficient_funds,visa,0.73,2,20,4,4,144.7,1
1,16,88.84,78.52,do_not_honor,hipercard,0.535,4,19,5,2,88.84,0
19,17,37.25,39.06,expired_card,hipercard,0.545,1,2,0,1,54.53,1
57,8,45.09,50.24,processing_error,mastercard,0.915,3,21,4,3,225.51,1
6,20,378.3,400.37,insufficient_funds,visa,0.619,1,15,4,3,378.3,0
2,3,212.81,234.57,generic_decline,visa,0.573,3,22,3,2,212.81,0
25,6,31.87,35.17,insufficient_funds,mastercard,0.694,1,14,0,1,65.33,1
32,23,65.99,56.73,insufficient_funds,visa,0.697,1,17,6,1,136.66,1
13,5,140.2,151.6,card_declined,visa,0.513,1,13,6,1,143.16,1
45,8,56.03,60.6,insufficient_funds,visa,0.717,0,19,2,1,210.21,1
5,19,47.66,45.51,insufficient_funds,mastercard,0.599,2,23,2,1,47.66,0
4,23,72.38,70.42,expired_card,visa,0.25,1,13,3,2,72.38,0
0,2,257.56,276.53,insufficient_funds,visa,0.581,2,13,6,1,257.56,1
7,4,279.17,319.92,insufficient_funds,mastercard,0.374,1,19,6,1,279.17,1
42,14,50.86,58.3,insufficient_funds,visa,0.846,1,15,1,3,187.73,0
0,18,147.16,146.01,insufficient_funds,visa,0.4,1,12,3,2,147.16,0
4,15,97.19,105.63,expired_card,visa,0.542,2,23,2,1,97.19,0
5,19,39.92,39.51,card_declined,visa,0.581,0,7,1,1,39.92,0
5,24,75.08,83.32,insufficient_funds,visa,0.633,0,22,0,1,75.08,1
4,28,31.8,33.23,insufficient_funds,visa,0.679,2,5,1,2,31.8,1
0,11,274.66,310.64,insufficient_funds,mastercard,0.6,0,17,1,4,274.66,1
11,6,388.18,446.09,insufficient_funds,visa,0.554,3,13,4,2,388.18,1
4,8,67.88,64.42,insufficient_funds,visa,0.516,1,18,4,1,67.88,0
2,5,54.92,62.82,expired_card,elo,0.214,0,18,6,2,54.92,0
19,13,249.43,263.84,insufficient_funds,mastercard,0.567,1,12,4,1,368.31,1
6,26,287.93,265.31,card_declined,visa,0.431,2,13,0,4,287.93,0
48,11,36.32,30.91,insufficient_funds,hipercard,0.72,3,19,3,2,114.99,0
2,5,85.7,90.43,insufficient_funds,elo,0.475,2,0,0,2,85.7,0
13,16,92.76,85.03,insufficient_funds,mastercard,0.657,3,14,0,3,92.76,1
5,31,49.29,45.32,insufficient_funds,mastercard,0.519,1,10,6,3,49.29,0
66,6,137.73,139.89,card_declined,visa,0.815,4,15,1,2,730.93,0
3,24,52.49,45.1,card_declined,mastercard,0.436,3,11,3,1,52.49,0
30,25,60.49,58.97,generic_decline,mastercard,0.816,0,18,6,4,132.68,1
3,13,89.33,97.35,insufficient_funds,hipercard,0.545,2,20,4,1,89.33,0
53,19,26.04,22.35,insufficient_funds,hipercard,0.695,0,12,2,1,92.63,1
20,14,15.73,16.31,do_not_honor,visa,0.635,0,16,2,2,24.01,1
5,8,220.99,198.34,card_declined,hipercard,0.684,3,15,0,3,220.99,0
5,14,50.64,56.15,insufficient_funds,elo,0.205,1,11,5,1,50.64,1
3,4,651.19,629.83,insufficient_funds,mastercard,0.464,1,19,5,2,651.19,1
43,22,563.4,616.15,insufficient_funds,amex,0.554,1,12,6,2,2034.92,1
53,25,62.33,66.52,insufficient_funds,visa,0.67,0,16,5,4,275.68,0
4,10,780.69,869.18,expired_card,visa,0.428,2,21,3,3,780.69,0
32,17,224.81,225.95,insufficient_funds,amex,0.376,1,17,1,2,544.29,0
6,7,55.1,54.87,generic_decline,visa,0.611,1,14,6,1,55.1,0
67,4,9.86,8.49,insufficient_funds,elo,0.753,1,16,1,3,45.03,0
40,20,180.13,181.96,card_declined,elo,0.621,2,22,2,1,555.99,0
6,5,100.5,101.16,insufficient_funds,amex,0.485,1,17,4,3,100.5,0
16,24,143.39,147.97,expired_card,visa,0.559,1,16,5,2,172.96,1
18,8,79.77,70.94,do_not_honor,mastercard,0.69,1,14,5,1,93.64,1
3,25,35.39,35.81,insufficient_funds,visa,0.4,4,19,2,1,35.39,0
57,12,66.89,65.97,expired_card,amex,0.709,1,10,0,1,296.12,1
18,12,183.11,188.38,insufficient_funds,mastercard,0.458,2,18,3,1,248.66,0
1,23,71.35,74.79,insufficient_funds,mastercard,0.272,2,16,6,1,71.35,0
3,16,70.97,68.02,processing_error,amex,0.565,1,8,1,1,70.97,1
44,6,25.35,25.38,card_declined,mastercard,0.746,4,21,3,3,85.93,1
5,25,106.0,102.66,card_declined,mastercard,0.579,0,16,0,2,106.0,0
57,11,36.4,39.3,insufficient_funds,mastercard,0.891,1,17,4,1,176.41,0
2,4,221.04,240.7,processing_error,mastercard,0.431,1,16,4,1,221.04,0
26,13,50.92,47.76,expired_card,elo,0.758,1,22,4,2,92.44,0
59,17,75.17,69.75,insufficient_funds,elo,0.686,2,16,1,2,325.22,0
31,18,668.25,704.0,do_not_honor,visa,0.738,1,20,4,2,1639.83,1
1,25,74.45,80.57,insufficient_funds,visa,0.418,2,16,1,2,74.45,0
64,16,66.09,56.39,insufficient_funds,mastercard,0.867,1,20,2,2,285.71,1
2,7,164.45,160.87,processing_error,visa,0.578,3,20,5,3,164.45,0
4,8,20.02,18.87,insufficient_funds,elo,0.542,1,23,3,1,20.02,1
0,4,296.93,320.67,insufficient_funds,mastercard,0.35,0,17,6,2,296.93,0
4,23,236.35,211.08,insufficient_funds,visa,0.361,1,14,5,1,236.35,1
2,4,155.75,168.75,do_not_honor,mastercard,0.489,0,22,3,1,155.75,0
5,18,4.87,5.11,insufficient_funds,visa,0.301,1,17,2,3,4.87,0
71,18,77.63,85.62,insufficient_funds,elo,0.784,2,17,4,4,481.26,0
9,24,31.55,36.19,insufficient_funds,visa,0.634,1,19,4,1,31.55,1
4,3,265.32,263.45,insufficient_funds,visa,0.518,0,15,3,2,265.32,1
33,6,248.98,263.87,insufficient_funds,visa,0.676,1,18,0,2,656.71,0
22,27,137.97,146.66,do_not_honor,mastercard,0.612,1,23,1,4,238.4,1
2,17,33.57,37.04,card_declined,elo,0.477,1,18,3,2,33.57,0
53,15,368.63,370.63,do_not_honor,mastercard,0.741,2,19,6,2,1536.0,0
12,23,77.43,68.32,card_declined,visa,0.579,3,18,5,1,77.43,0
49,27,485.95,555.83,insufficient_funds,mastercard,0.728,3,17,5,1,2114.55,1
2,8,123.74,107.29,insufficient_funds,mastercard,0.634,1,17,1,3,123.74,0
13,27,153.33,174.6,expired_card,elo,0.554,2,23,0,1,164.88,0
1,4,64.94,60.17,insufficient_funds,visa,0.671,5,18,6,2,64.94,0
0,30,341.11,340.34,expired_card,elo,0.461,0,4,1,1,341.11,0
0,6,167.82,190.51,insufficient_funds,mastercard,0.636,2,11,4,1,167.82,1
0,8,352.17,370.83,card_declined,mastercard,0.465,0,12,4,1,352.17,0
13,4,114.45,117.39,insufficient_funds,mastercard,0.621,1,18,3,2,114.45,0
35,24,93.75,88.85,insufficient_funds,visa,0.688,2,10,0,2,235.39,1
1,30,165.85,155.52,generic_decline,visa,0.427,2,22,2,1,165.85,0
0,9,352.06,302.71,insufficient_funds,elo,0.486,1,10,6,2,352.06,1
3,10,241.19,247.44,insufficient_funds,mastercard,0.486,1,21,3,4,241.19,1
0,9,110.52,108.2,insufficient_funds,mastercard,0.414,5,22,6,2,110.52,0
27,5,18.78,17.23,insufficient_funds,mastercard,0.368,2,23,0,1,34.7,0
9,24,200.79,193.82,expired_card,visa,0.467,0,0,0,1,200.79,0
6,2,27.23,30.83,generic_decline,visa,0.644,3,15,4,1,27.23,0
1,29,100.84,111.38,do_not_honor,mastercard,0.45,1,20,1,2,100.84,0
6,28,88.2,86.36,card_declined,visa,0.677,3,22,3,3,88.2,0
4,4,27.74,31.73,card_declined,amex,0.477,1,16,2,3,27.74,0
1,16,136.09,134.54,insufficient_funds,visa,0.513,1,11,1,1,136.09,0
3,31,662.54,632.56,do_not_honor,mastercard,0.39,1,13,0,3,662.54,0
8,25,74.05,71.56,expired_card,visa,0.495,0,14,3,2,74.05,0
62,22,193.01,214.7,insufficient_funds,amex,0.909,1,20,0,3,1053.82,0
1,1,792.32,737.12,generic_decline,elo,0.433,3,22,4,1,792.32,0
1,3,210.33,192.79,insufficient_funds,visa,0.682,0,15,1,1,210.33,1
10,24,55.12,62.74,insufficient_funds,mastercard,0.484,0,23,0,4,55.12,0
13,12,120.66,129.14,card_declined,hipercard,0.726,1,18,5,1,121.95,0
4,20,149.83,161.69,insufficient_funds,mastercard,0.413,3,15,6,1,149.83,1
11,23,349.34,374.52,insufficient_funds,visa,0.577,1,9,0,4,349.34,0
5,14,287.39,303.16,insufficient_funds,elo,0.476,2,15,6,4,287.39,0
1,5,8.35,7.33,expired_card,visa,0.639,1,14,2,1,8.35,0
1,12,45.69,49.17,insufficient_funds,visa,0.441,2,9,0,1,45.69,0
3,26,91.85,84.93,insufficient_funds,elo,0.613,3,22,2,3,91.85,0
1,11,39.67,35.3,insufficient_funds,hipercard,0.425,2,9,3,1,39.67,1
1,2,3.65,4.18,insufficient_funds,visa,0.501,2,23,1,1,3.65,0
3,29,51.31,44.04,insufficient_funds,visa,0.575,0,0,5,1,51.31,1
4,21,97.44,83.75,insufficient_funds,visa,0.516,0,10,0,1,97.44,0
8,16,61.3,57.8,insufficient_funds,amex,0.581,0,18,6,1,61.3,0
42,25,40.32,44.48,insufficient_funds,amex,0.382,0,23,2,1,143.23,0
42,13,101.42,115.96,insufficient_funds,amex,0.556,1,7,6,1,373.39,1
0,30,132.58,117.41,insufficient_funds,visa,0.502,3,11,2,2,132.58,0
0,26,64.47,62.45,processing_error,visa,0.57,2,17,0,1,64.47,0
0,9,330.6,353.84,insufficient_funds,mastercard,0.314,4,23,2,1,330.6,0
6,12,102.89,107.38,insufficient_funds,visa,0.28,1,14,2,2,102.89,1
12,8,45.07,41.46,insufficient_funds,visa,0.616,0,16,2,1,45.07,1
20,20,36.0,34.16,expired_card,visa,0.556,0,13,4,1,50.29,1
4,19,80.9,83.19,insufficient_funds,elo,0.39,1,9,3,1,80.9,1
31,16,262.82,226.19,card_declined,mastercard,0.421,1,0,6,3,526.87,1
3,29,47.03,50.67,card_declined,elo,0.509,1,18,4,1,47.03,0
3,15,165.96,154.78,insufficient_funds,visa,0.533,4,22,3,2,165.96,0
13,24,106.31,116.78,insufficient_funds,elo,0.5,1,10,1,2,110.28,0
1,20,574.21,605.85,generic_decline,mastercard,0.622,0,16,4,1,574.21,0
2,16,138.25,144.28,insufficient_funds,visa,0.608,0,19,4,3,138.25,0
5,2,52.57,56.79,expired_card,mastercard,0.496,1,12,0,4,52.57,1
3,20,188.01,164.05,expired_card,elo,0.347,3,14,0,1,188.01,0
12,19,193.72,179.77,insufficient_funds,visa,0.64,1,22,1,4,193.72,0
24,4,68.7,69.15,processing_error,elo,0.322,1,13,3,1,123.09,1
28,24,34.76,37.65,insufficient_funds,mastercard,0.625,3,12,4,3,78.77,1
5,15,157.36,173.84,insufficient_funds,mastercard,0.426,1,8,2,2,157.36,1
51,10,103.42,99.76,expired_card,amex,0.803,1,17,1,2,396.42,1
47,25,25.41,27.65,do_not_honor,elo,0.589,2,15,0,4,100.53,0
65,11,122.55,112.27,insufficient_funds,mastercard,0.919,0,23,1,4,577.72,0
71,19,55.51,48.56,expired_card,visa,0.861,1,16,2,1,272.95,1
7,18,25.43,23.5,insufficient_funds,mastercard,0.242,2,11,3,1,25.43,0
50,2,71.49,80.14,expired_card,elo,0.819,4,6,6,1,311.66,1
1,14,305.52,309.56,insufficient_funds,hipercard,0.366,2,22,4,2,305.52,0
4,7,285.87,284.27,insufficient_funds,elo,0.263,3,19,3,2,285.87,0
0,6,226.65,243.2,generic_decline,elo,0.465,2,17,2,3,226.65,0
0,20,124.16,105.91,card_declined,mastercard,0.387,1,15,2,4,124.16,0
66,1,165.94,146.94,insufficient_funds,elo,0.519,1,3,4,2,767.76,1
12,29,106.7,93.88,generic_decline,visa,0.563,2,16,4,1,106.7,0
6,13,36.63,32.47,insufficient_funds,mastercard,0.443,2,9,1,3,36.63,0
3,9,43.73,43.12,card_declined,mastercard,0.624,2,19,5,2,43.73,0
54,28,57.0,53.25,card_declined,mastercard,0.883,0,22,5,1,225.25,1
2,16,339.42,368.51,processing_error,mastercard,0.487,2,22,6,2,339.42,1
12,18,254.38,280.25,insufficient_funds,hipercard,0.493,3,6,6,3,254.38,0
58,22,37.46,42.24,card_declined,amex,0.891,1,14,0,1,193.27,1
2,26,102.5,93.15,expired_card,elo,0.5,2,17,2,2,102.5,1
1,4,68.36,68.42,insufficient_funds,elo,0.497,2,15,0,1,68.36,0
57,3,85.17,73.64,do_not_honor,elo,0.602,5,18,5,1,330.55,0
5,31,60.72,55.98,insufficient_funds,mastercard,0.671,2,15,6,1,60.72,1
17,1,340.73,352.49,insufficient_funds,visa,0.714,4,9,3,4,438.61,0
59,22,96.12,93.88,expired_card,amex,0.651,3,10,1,2,437.73,1
53,18,118.44,125.22,insufficient_funds,visa,0.719,2,17,2,4,518.95,0
8,17,119.3,131.44,processing_error,elo,0.588,0,20,0,3,119.3,1
4,24,39.23,34.05,insufficient_funds,visa,0.26,1,0,0,1,39.23,0
26,31,107.64,121.8,insufficient_funds,mastercard,0.734,1,13,0,2,235.75,1
44,2,251.15,216.67,card_declined,visa,0.595,0,11,0,2,733.55,0
61,18,361.62,413.87,do_not_honor,elo,0.868,5,23,6,1,1998.65,1
28,22,35.26,36.72,card_declined,amex,0.765,0,13,0,1,76.83,1
35,10,25.37,21.89,insufficient_funds,visa,0.613,0,15,1,3,57.99,0
46,26,103.3,100.0,insufficient_funds,visa,0.778,1,19,1,2,355.22,0
8,15,261.83,242.84,card_declined,amex,0.716,2,9,2,4,261.83,1
0,6,134.54,146.59,do_not_honor,visa,0.675,2,12,1,2,134.54,0
0,25,178.88,164.15,expired_card,elo,0.592,0,22,1,1,178.88,1
6,28,29.2,32.06,expired_card,elo,0.242,2,17,6,1,29.2,1
6,4,58.81,55.5,insufficient_funds,elo,0.623,3,15,4,1,58.81,0
28,23,13.9,15.94,insufficient_funds,visa,0.686,2,17,1,1,33.35,1
0,7,86.13,80.2,insufficient_funds,elo,0.414,2,17,1,2,86.13,0
11,1,14.3,15.09,insufficient_funds,hipercard,0.501,2,11,2,1,14.3,0
6,8,319.32,348.08,insufficient_funds,visa,0.569,1,23,2,3,319.32,0
24,25,388.99,355.9,expired_card,elo,0.576,0,13,1,3,633.5,1
2,5,110.76,96.66,insufficient_funds,visa,0.439,1,14,2,1,110.76,1
10,4,25.5,25.89,insufficient_funds,hipercard,0.499,0,9,6,2,25.5,1
5,23,136.48,143.73,do_not_honor,visa,0.638,0,16,4,3,136.48,0
4,13,509.72,558.24,insufficient_funds,visa,0.624,1,17,0,1,509.72,0
0,5,149.16,138.99,card_declined,visa,0.441,1,15,5,3,149.16,0
15,7,280.06,311.34,processing_error,hipercard,0.406,0,19,2,1,340.53,1
12,24,63.52,71.44,processing_error,mastercard,0.257,2,13,4,1,63.52,1
3,19,45.08,48.86,processing_error,visa,0.517,0,17,2,2,45.08,1
0,24,91.79,78.23,processing_error,visa,0.485,4,11,5,3,91.79,0
0,4,17.65,15.46,insufficient_funds,amex,0.383,1,23,4,1,17.65,1
12,15,730.4,839.46,expired_card,visa,0.71,2,19,4,4,730.4,1
37,24,110.66,118.43,do_not_honor,mastercard,0.757,4,11,6,2,332.9,1
67,8,211.1,219.13,insufficient_funds,mastercard,0.962,1,8,5,1,1162.3,1
70,6,64.87,72.68,card_declined,elo,0.767,2,10,3,1,402.77,1
53,12,24.82,21.39,insufficient_funds,mastercard,0.698,3,9,4,1,88.65,1
6,11,346.87,373.65,expired_card,elo,0.64,1,18,2,1,346.87,0
1,6,36.01,37.68,insufficient_funds,visa,0.517,1,0,4,3,36.01,1
4,29,133.26,147.18,expired_card,mastercard,0.6,1,12,1,1,133.26,0
4,15,144.89,156.97,insufficient_funds,visa,0.454,1,14,3,1,144.89,0
3,18,104.39,103.92,insufficient_funds,mastercard,0.601,2,1,5,1,104.39,0
23,4,48.69,42.42,insufficient_funds,mastercard,0.594,1,11,3,2,72.23,1
3,18,85.58,96.09,card_declined,mastercard,0.495,2,20,4,1,85.58,0
43,17,42.03,45.35,do_not_honor,amex,0.837,0,21,1,3,149.77,0
5,28,200.58,191.94,insufficient_funds,amex,0.68,3,15,5,1,200.58,0
5,13,162.41,185.99,insufficient_funds,visa,0.64,3,18,3,2,162.41,1
4,24,95.91,90.48,card_declined,mastercard,0.454,0,21,2,1,95.91,0
12,9,59.0,56.71,expired_card,elo,0.592,3,8,0,1,59.0,1
3,17,635.45,725.94,insufficient_funds,hipercard,0.689,2,20,0,4,635.45,1
28,28,30.75,32.3,expired_card,visa,0.588,2,21,0,2,67.58,0
0,19,24.79,27.61,do_not_honor,mastercard,0.598,1,18,3,2,24.79,0
8,22,90.88,101.45,insufficient_funds,mastercard,0.435,1,14,0,1,90.88,0
37,26,77.72,78.57,insufficient_funds,visa,0.535,3,16,4,1,220.86,0
4,28,259.14,241.02,insufficient_funds,mastercard,0.42,2,10,0,1,259.14,1
1,6,173.53,191.62,generic_decline,visa,0.464,3,19,4,2,173.53,0
25,6,100.35,100.41,processing_error,visa,0.795,2,18,3,1,186.53,1
0,17,152.45,155.39,insufficient_funds,elo,0.571,5,17,1,1,152.45,0
36,31,150.01,151.87,generic_decline,visa,0.495,0,21,2,1,414.61,1
26,16,633.33,540.15,insufficient_funds,visa,0.731,1,8,2,4,1045.49,1
52,11,122.42,105.74,card_declined,mastercard,0.704,3,16,0,2,429.19,0
40,16,53.38,55.24,card_declined,mastercard,0.629,1,13,2,2,168.79,0
14,3,116.6,126.9,processing_error,mastercard,0.607,2,17,4,2,129.3,1
1,6,9.55,9.43,card_declined,hipercard,0.451,2,0,4,1,9.55,0
4,5,94.95,86.13,insufficient_funds,mastercard,0.588,1,12,6,1,94.95,0
0,2,258.09,250.86,insufficient_funds,visa,0.558,2,8,4,2,258.09,0
0,22,166.89,180.32,insufficient_funds,visa,0.389,2,14,3,3,166.89,0
4,10,127.44,112.48,do_not_honor,mastercard,0.633,5,22,1,4,127.44,0
51,6,174.01,177.15,insufficient_funds,visa,0.646,2,4,2,2,703.95,0
4,16,260.45,276.25,expired_card,amex,0.427,3,22,6,3,260.45,0
9,10,346.69,337.94,insufficient_funds,mastercard,0.496,1,18,6,2,346.69,1
5,12,145.46,149.88,insufficient_funds,mastercard,0.347,0,22,4,1,145.46,0
1,10,73.82,82.31,insufficient_funds,amex,0.672,3,20,0,2,73.82,0
15,1,12.52,11.44,expired_card,elo,0.52,1,14,0,2,12.52,0
10,21,233.06,207.55,insufficient_funds,elo,0.575,0,15,6,1,233.06,0
8,4,154.48,134.13,insufficient_funds,mastercard,0.664,2,0,5,3,154.48,0
60,7,111.94,119.54,insufficient_funds,visa,0.733,1,15,3,2,567.81,1
7,6,53.05,59.42,generic_decline,mastercard,0.439,0,15,2,2,53.05,1
25,11,230.38,243.54,expired_card,visa,0.673,0,19,1,2,452.41,1
55,6,77.78,88.9,expired_card,mastercard,0.679,1,16,3,2,383.69,1
61,11,94.81,100.73,do_not_honor,amex,0.923,1,12,4,2,486.44,1
10,8,93.01,87.11,expired_card,mastercard,0.62,1,11,0,1,93.01,1
30,2,145.77,135.08,expired_card,visa,0.636,1,20,3,3,303.93,1
51,26,35.24,37.0,expired_card,visa,0.85,3,15,2,1,147.03,0
0,9,161.11,169.61,insufficient_funds,amex,0.481,1,8,6,2,161.11,0
4,4,51.52,51.89,insufficient_funds,visa,0.643,3,20,4,2,51.52,1
44,16,53.15,53.58,do_not_honor,mastercard,0.757,2,14,6,4,181.4,1
2,4,214.6,209.23,insufficient_funds,elo,0.491,0,12,2,1,214.6,0
2,24,40.39,38.57,insufficient_funds,visa,0.161,2,9,0,1,40.39,1
0,2,214.25,222.87,processing_error,elo,0.415,0,10,5,1,214.25,0
5,15,106.96,114.9,insufficient_funds,visa,0.665,2,5,2,1,106.96,0
2,28,22.61,24.74,expired_card,elo,0.436,0,19,3,2,22.61,0
17,5,328.48,309.54,card_declined,visa,0.663,0,17,4,1,385.16,1
65,6,128.77,142.59,insufficient_funds,visa,0.662,1,23,4,2,733.74,0
1,18,138.73,130.52,insufficient_funds,visa,0.318,0,10,5,2,138.73,1
1,30,239.16,225.16,insufficient_funds,amex,0.405,0,13,1,2,239.16,0
9,12,370.24,404.23,card_declined,mastercard,0.712,1,17,0,3,370.24,1
2,19,116.86,133.32,do_not_honor,elo,0.503,4,16,2,1,116.86,0
10,5,169.14,191.07,processing_error,mastercard,0.563,1,16,3,2,169.14,1
23,19,135.93,120.07,insufficient_funds,elo,0.553,2,8,4,3,204.44,0
29,8,72.08,67.51,insufficient_funds,mastercard,0.519,2,0,5,3,146.56,0
23,18,23.95,25.82,expired_card,mastercard,0.568,2,19,3,1,43.96,1
0,4,118.31,129.18,card_declined,mastercard,0.562,0,18,5,1,118.31,0
0,16,332.72,333.15,insufficient_funds,visa,0.299,2,1,3,1,332.72,1
1,7,164.12,140.29,insufficient_funds,amex,0.671,1,21,1,1,164.12,1
48,21,37.87,37.89,insufficient_funds,amex,0.807,3,20,4,1,140.95,1
1,23,259.13,222.68,insufficient_funds,visa,0.614,3,11,3,2,259.13,0
9,25,74.25,69.38,card_declined,amex,0.592,3,16,3,1,74.25,1
18,31,15.24,15.96,generic_decline,visa,0.686,2,12,5,1,21.07,1
3,15,241.44,214.97,insufficient_funds,mastercard,0.64,2,21,0,3,241.44,0
4,20,42.21,44.9,insufficient_funds,elo,0.496,3,10,1,3,42.21,0
46,1,475.43,492.74,insufficient_funds,visa,0.759,1,21,4,1,1750.32,1
6,27,270.96,265.24,insufficient_funds,visa,0.36,1,18,1,2,270.96,0
7,18,79.84,76.78,insufficient_funds,elo,0.587,2,10,1,3,79.84,1
0,14,147.0,165.29,insufficient_funds,mastercard,0.545,3,21,6,1,147.0,0
12,14,841.82,855.25,insufficient_funds,mastercard,0.697,1,21,6,2,841.82,1
17,24,237.63,265.35,card_declined,elo,0.529,2,17,2,1,330.18,1
0,25,120.78,117.61,expired_card,visa,0.531,0,15,0,1,120.78,0
31,24,1272.62,1308.75,expired_card,visa,0.67,2,17,5,1,3048.48,1
4,16,108.51,123.31,expired_card,hipercard,0.625,3,18,5,2,108.51,0
6,12,163.9,145.42,insufficient_funds,mastercard,0.623,3,8,2,2,163.9,0
12,28,42.55,39.52,insufficient_funds,mastercard,0.602,2,14,4,1,42.55,1
8,19,22.08,24.84,insufficient_funds,visa,0.496,1,23,0,1,22.08,1
68,17,75.7,73.93,insufficient_funds,hipercard,0.835,1,20,2,4,397.99,0
14,18,101.14,94.22,insufficient_funds,visa,0.656,1,8,0,4,101.14,1
1,19,130.96,150.5,generic_decline,visa,0.639,6,21,6,1,130.96,0
47,22,27.69,24.39,generic_decline,visa,0.675,1,7,2,2,88.68,1
48,17,175.79,181.67,card_declined,elo,0.706,2,18,0,2,675.81,0
13,26,46.75,50.79,expired_card,visa,0.49,3,13,0,2,47.96,1
15,26,167.86,182.3,card_declined,visa,0.565,2,12,0,2,199.39,1
12,14,224.28,220.37,expired_card,mastercard,0.642,1,15,0,1,224.28,0
49,6,68.79,59.38,expired_card,mastercard,0.801,1,8,3,3,225.9,0
21,17,41.52,45.77,insufficient_funds,visa,0.428,2,23,1,2,70.89,1
9,19,385.15,420.13,generic_decline,mastercard,0.392,3,23,4,2,385.15,0
29,16,212.26,195.54,card_declined,visa,0.526,2,10,3,3,424.51,0
2,26,111.88,106.53,insufficient_funds,visa,0.633,4,23,6,1,111.88,0
64,4,360.25,361.61,insufficient_funds,visa,0.818,1,23,5,1,1832.16,1
20,9,105.25,93.07,processing_error,hipercard,0.705,3,9,4,1,137.02,1
5,26,56.33,61.75,do_not_honor,mastercard,0.676,4,0,1,2,56.33,0
0,28,40.15,45.23,insufficient_funds,visa,0.513,2,15,2,2,40.15,0
0,14,88.82,83.71,insufficient_funds,visa,0.566,0,13,6,3,88.82,0
6,6,194.01,218.69,insufficient_funds,visa,0.347,1,15,5,1,194.01,1
3,14,335.94,366.26,insufficient_funds,mastercard,0.648,2,16,3,1,335.94,0
9,15,99.81,106.63,insufficient_funds,elo,0.581,5,19,3,3,99.81,0
34,16,287.15,327.57,insufficient_funds,visa,0.687,2,17,2,4,841.49,1
42,8,80.81,76.56,insufficient_funds,amex,0.778,2,16,5,3,246.52,1
28,10,48.82,54.91,insufficient_funds,visa,0.631,0,15,6,1,114.88,0
3,20,30.63,26.94,processing_error,visa,0.504,1,23,4,3,30.63,0
5,19,62.35,61.94,expired_card,visa,0.261,1,12,6,1,62.35,0
14,20,31.67,32.16,insufficient_funds,visa,0.6,0,10,5,2,32.77,1
51,12,582.57,516.65,insufficient_funds,elo,0.531,1,13,5,1,2053.04,1
1,11,144.41,154.69,processing_error,mastercard,0.337,2,20,3,1,144.41,0
63,12,89.79,89.12,insufficient_funds,elo,0.848,3,12,3,1,444.49,0
66,29,451.26,445.24,expired_card,visa,0.712,3,17,2,1,2326.38,1
4,13,30.74,31.49,insufficient_funds,visa,0.364,4,14,3,2,30.74,1
64,18,86.54,77.06,insufficient_funds,mastercard,0.582,1,14,3,1,390.44,1
61,16,577.5,525.53,do_not_honor,mastercard,0.827,1,19,3,2,2537.87,0
7,26,86.01,77.77,insufficient_funds,visa,0.542,3,10,1,1,86.01,0
9,12,859.12,975.6,insufficient_funds,visa,0.485,1,17,2,1,859.12,1
15,14,196.42,212.52,insufficient_funds,hipercard,0.613,1,16,3,3,232.44,1
29,25,311.83,314.56,insufficient_funds,mastercard,0.769,0,20,3,3,682.9,1
44,6,319.96,335.27,card_declined,visa,0.606,1,22,0,2,1135.08,0
33,18,97.89,102.29,card_declined,elo,0.466,2,9,4,2,254.57,0
51,13,63.35,58.83,do_not_honor,visa,0.829,0,12,6,2,233.78,0
0,31,88.22,77.28,insufficient_funds,elo,0.241,1,9,1,2,88.22,0
26,22,40.68,41.35,insufficient_funds,hipercard,0.64,1,23,6,3,80.04,1
6,1,92.19,85.64,generic_decline,visa,0.581,2,17,1,3,92.19,0
66,25,97.37,108.28,insufficient_funds,hipercard,0.753,3,23,0,1,565.76,1
0,22,438.32,403.61,processing_error,visa,0.503,1,23,4,1,438.32,1
0,17,165.57,169.19,expired_card,visa,0.435,0,22,5,2,165.57,0
64,7,797.21,778.1,insufficient_funds,mastercard,0.817,1,12,5,1,3942.37,1
3,5,14.35,15.4,generic_decline,elo,0.489,1,15,0,1,14.35,0
30,19,33.16,37.64,insufficient_funds,visa,0.83,4,11,0,4,84.69,1
18,14,71.29,69.4,expired_card,visa,0.763,2,14,6,2,91.61,1
8,26,368.04,317.73,insufficient_funds,visa,0.715,2,14,1,2,368.04,1
42,8,88.68,92.97,expired_card,visa,0.538,1,22,1,1,299.36,0
10,19,26.54,23.59,expired_card,visa,0.676,1,18,5,1,26.54,1
22,8,78.62,69.29,insufficient_funds,visa,0.728,1,19,1,4,112.63,0
7,19,33.74,35.38,generic_decline,hipercard,0.407,0,19,3,1,33.74,1
64,2,28.34,24.96,insufficient_funds,elo,0.677,1,16,6,3,126.46,1
0,12,577.07,512.8,insufficient_funds,hipercard,0.601,1,13,4,1,577.07,1
0,6,71.53,70.22,insufficient_funds,visa,0.601,1,21,2,3,71.53,0
41,18,114.0,112.37,card_declined,visa,0.711,2,13,3,2,352.58,0
0,10,90.0,101.17,insufficient_funds,mastercard,0.598,1,16,1,2,90.0,1
2,24,78.18,72.93,expired_card,mastercard,0.315,0,10,5,3,78.18,1
16,4,46.32,44.94,card_declined,mastercard,0.607,1,16,3,1,52.53,1
59,17,74.18,78.8,card_declined,visa,0.699,3,15,5,1,367.42,0
22,18,131.89,144.83,generic_decline,elo,0.676,2,22,6,1,235.43,1
8,1,344.67,329.07,do_not_honor,mastercard,0.464,2,13,3,1,344.67,0
2,2,226.79,235.71,insufficient_funds,visa,0.54,2,13,0,4,226.79,0
65,10,33.1,34.33,card_declined,mastercard,0.878,2,9,6,1,176.66,0
1,18,235.22,221.33,insufficient_funds,visa,0.617,1,15,1,3,235.22,0
6,29,149.12,132.06,insufficient_funds,visa,0.554,2,20,1,3,149.12,0
0,4,56.12,59.19,insufficient_funds,hipercard,0.331,1,17,2,1,56.12,0
5,22,114.91,106.91,insufficient_funds,mastercard,0.416,0,8,6,1,114.91,1
3,21,162.51,153.65,insufficient_funds,visa,0.398,1,13,4,3,162.51,1
53,20,101.92,104.13,insufficient_funds,visa,0.668,2,13,4,2,431.55,1
23,16,149.75,134.51,expired_card,visa,0.628,0,17,0,3,229.02,1
7,29,45.41,41.89,generic_decline,amex,0.622,1,20,2,3,45.41,0
15,16,574.0,564.71,insufficient_funds,elo,0.477,3,23,1,1,617.65,0
2,25,17.61,19.61,insufficient_funds,mastercard,0.442,1,11,0,2,17.61,0
1,8,163.32,176.66,insufficient_funds,hipercard,0.559,2,10,4,1,163.32,0
1,24,135.39,127.98,insufficient_funds,visa,0.506,0,14,0,4,135.39,0
7,31,173.04,162.77,generic_decline,amex,0.51,1,18,6,1,173.04,1
22,27,52.1,59.72,insufficient_funds,mastercard,0.761,1,18,4,1,97.08,0
3,9,276.16,288.87,insufficient_funds,elo,0.363,2,21,3,1,276.16,1
67,25,88.81,93.75,insufficient_funds,amex,0.777,2,13,2,2,497.27,1
43,4,34.08,29.53,insufficient_funds,mastercard,0.722,3,21,2,3,97.53,1
0,20,36.96,32.58,expired_card,visa,0.466,2,18,1,1,36.96,1
17,11,109.2,102.47,generic_decline,visa,0.588,0,0,4,4,127.5,1
7,20,23.67,26.1,card_declined,visa,0.581,2,23,4,1,23.67,1
3,13,483.86,543.47,insufficient_funds,visa,0.516,0,11,1,3,483.86,1
16,1,248.18,225.18,card_declined,visa,0.185,0,8,6,1,263.21,0
14,7,495.31,527.14,do_not_honor,mastercard,0.673,1,15,2,1,537.1,0
1,2,451.03,501.65,insufficient_funds,visa,0.423,1,16,4,1,451.03,0
2,14,71.51,79.64,card_declined,amex,0.497,3,15,2,1,71.51,0
43,25,45.16,44.6,expired_card,visa,0.54,0,20,0,3,147.3,1
65,23,9.06,8.4,card_declined,visa,0.831,0,9,6,2,43.22,1
67,24,68.14,77.47,insufficient_funds,visa,0.9,1,20,5,4,410.91,1
10,24,469.11,437.67,card_declined,hipercard,0.454,1,15,1,1,469.11,0
11,12,46.85,43.37,processing_error,mastercard,0.458,1,8,2,1,46.85,0
4,16,81.12,73.96,card_declined,visa,0.613,1,23,5,1,81.12,0
4,16,59.73,60.31,insufficient_funds,visa,0.506,3,22,4,3,59.73,0
5,4,136.39,120.32,insufficient_funds,visa,0.528,1,13,4,1,136.39,0
62,18,306.38,312.88,card_declined,hipercard,0.833,1,15,5,2,1535.72,0
28,22,24.91,28.23,expired_card,mastercard,0.611,3,11,1,1,59.06,0
4,18,29.52,29.56,generic_decline,visa,0.61,1,15,5,2,29.52,0
64,23,366.12,417.23,insufficient_funds,visa,0.827,1,11,6,2,2113.97,0
52,4,187.46,210.28,insufficient_funds,visa,0.869,0,14,0,1,853.5,1
23,24,77.63,84.44,card_declined,mastercard,0.48,2,12,6,4,143.77,0
5,6,445.32,459.76,card_declined,mastercard,0.456,0,15,6,1,445.32,0
6,26,29.07,32.39,expired_card,elo,0.661,2,7,2,1,29.07,0
28,8,223.54,227.23,card_declined,visa,0.813,1,16,6,3,475.42,1
7,16,92.0,83.92,insufficient_funds,visa,0.512,1,11,0,4,92.0,1
5,16,167.54,188.91,insufficient_funds,mastercard,0.214,2,10,4,1,167.54,0
2,8,11.73,11.74,insufficient_funds,elo,0.374,0,13,2,1,11.73,1
6,12,77.54,87.03,insufficient_funds,mastercard,0.42,4,19,3,1,77.54,0
24,6,188.09,182.06,expired_card,elo,0.433,2,13,6,1,324.07,0
9,17,92.4,87.85,insufficient_funds,elo,0.72,4,19,4,1,92.4,0
0,27,298.12,321.91,do_not_honor,amex,0.533,2,23,6,4,298.12,0
66,10,289.38,301.05,insufficient_funds,visa,0.75,3,23,1,3,1572.99,1
3,16,41.72,40.97,card_declined,amex,0.562,1,11,4,3,41.72,0
0,26,203.23,226.31,expired_card,elo,0.461,4,22,1,4,203.23,0
52,15,40.47,40.67,insufficient_funds,mastercard,0.737,3,21,0,2,165.08,1
28,25,102.55,87.56,expired_card,mastercard,0.739,0,1,6,1,183.19,1
48,14,175.08,185.23,generic_decline,visa,0.822,1,23,3,1,689.06,1
1,14,46.54,40.44,generic_decline,mastercard,0.608,1,23,0,3,46.54,1
0,5,196.65,195.54,insufficient_funds,elo,0.397,1,19,3,2,196.65,1
1,4,62.4,56.64,expired_card,hipercard,0.366,1,17,4,2,62.4,0
39,18,58.36,53.84,insufficient_funds,mastercard,0.74,1,23,6,2,160.11,0
5,25,183.12,209.48,insufficient_funds,hipercard,0.541,1,10,1,2,183.12,1
63,5,46.52,41.13,insufficient_funds,visa,0.638,0,20,1,1,205.14,1
3,27,44.46,47.9,do_not_honor,hipercard,0.557,2,22,4,1,44.46,0
70,12,246.47,256.63,expired_card,mastercard,0.818,5,15,2,1,1422.16,1
43,14,107.64,97.79,insufficient_funds,mastercard,0.753,2,12,4,1,322.97,0
2,27,26.86,30.37,generic_decline,mastercard,0.56,0,15,1,1,26.86,1
29,27,209.03,190.31,card_declined,hipercard,0.68,0,23,4,1,413.16,1
11,16,68.12,68.44,insufficient_funds,visa,0.667,1,19,1,1,68.12,0
66,9,28.11,30.56,processing_error,mastercard,0.778,2,16,2,1,159.68,0
7,6,10.54,11.37,expired_card,amex,0.383,1,9,6,1,10.54,1
30,8,218.09,206.29,insufficient_funds,visa,0.658,4,18,1,1,464.15,0
0,24,45.54,50.18,insufficient_funds,mastercard,0.477,0,12,1,2,45.54,0
64,10,32.38,36.87,insufficient_funds,mastercard,0.664,1,23,4,2,186.81,1
5,21,172.5,171.16,insufficient_funds,elo,0.558,0,16,1,1,172.5,1
2,6,199.97,209.11,processing_error,amex,0.614,2,17,3,1,199.97,0
1,15,48.58,46.61,insufficient_funds,visa,0.609,1,23,3,1,48.58,1
3,12,219.88,210.25,insufficient_funds,mastercard,0.694,0,19,6,1,219.88,0
1,16,606.53,601.02,generic_decline,mastercard,0.667,3,15,0,1,606.53,1
5,17,323.32,293.94,generic_decline,mastercard,0.615,3,16,6,1,323.32,1
13,31,281.58,297.58,processing_error,visa,0.484,1,22,4,1,281.58,1
8,27,129.21,116.25,processing_error,visa,0.645,2,23,5,2,129.21,1
2,22,65.91,56.13,generic_decline,mastercard,0.591,0,15,2,1,65.91,0
14,5,93.01,91.32,processing_error,visa,0.672,0,13,0,1,93.04,1
9,28,144.59,126.22,insufficient_funds,elo,0.505,2,20,5,2,144.59,0
63,26,31.99,32.59,insufficient_funds,visa,0.7,1,10,2,1,162.54,1
2,26,49.35,49.65,insufficient_funds,hipercard,0.575,1,14,3,2,49.35,0
2,15,27.5,24.51,insufficient_funds,amex,0.303,0,0,2,4,27.5,1
7,6,120.46,111.28,insufficient_funds,mastercard,0.51,0,21,0,1,120.46,1
62,23,105.23,90.22,insufficient_funds,amex,0.934,3,4,1,3,442.83,1
4,12,54.74,56.28,insufficient_funds,hipercard,0.486,0,16,6,1,54.74,0
1,11,202.6,190.01,expired_card,elo,0.345,1,23,3,1,202.6,0
51,12,38.65,41.12,insufficient_funds,mastercard,0.785,2,13,3,1,163.4,1
23,17,52.96,55.02,insufficient_funds,mastercard,0.472,1,20,0,2,93.68,0
44,11,195.54,188.12,expired_card,elo,0.83,1,9,6,4,636.89,1
16,21,223.07,191.06,insufficient_funds,elo,0.548,0,9,6,2,223.33,0
3,19,48.21,45.61,insufficient_funds,mastercard,0.533,2,11,0,2,48.21,1
4,16,120.12,113.81,insufficient_funds,mastercard,0.423,1,20,4,2,120.12,1
61,2,48.94,46.48,card_declined,visa,0.858,1,17,6,1,224.46,0
6,28,82.03,93.19,do_not_honor,elo,0.45,0,21,6,3,82.03,0
1,13,111.07,99.89,insufficient_funds,amex,0.41,1,12,4,1,111.07,1
2,15,160.8,149.71,processing_error,visa,0.283,2,10,3,4,160.8,0
5,15,129.6,142.52,processing_error,visa,0.45,0,16,0,4,129.6,1
41,12,124.59,140.48,generic_decline,hipercard,0.752,1,1,3,1,440.78,1
0,20,37.5,37.14,processing_error,visa,0.519,3,15,6,1,37.5,0
64,1,138.01,139.67,expired_card,elo,0.798,4,23,0,1,707.66,1
11,26,159.48,138.09,insufficient_funds,mastercard,0.717,3,17,0,3,159.48,1
3,4,180.26,196.92,insufficient_funds,mastercard,0.451,0,15,5,1,180.26,0
2,31,51.59,53.05,insufficient_funds,visa,0.599,2,10,6,1,51.59,0
24,19,220.46,219.07,insufficient_funds,visa,0.791,1,15,0,2,389.94,1
18,3,30.33,28.53,generic_decline,mastercard,0.685,1,16,0,1,37.66,0
6,17,66.67,65.55,insufficient_funds,visa,0.6,2,15,2,2,66.67,0
38,11,76.53,81.93,expired_card,elo,0.717,1,16,6,1,236.96,0
1,29,31.85,27.84,generic_decline,hipercard,0.514,4,23,0,4,31.85,0
29,23,75.5,75.65,insufficient_funds,elo,0.704,2,10,0,4,164.23,0
2,16,119.0,102.39,insufficient_funds,mastercard,0.457,0,14,6,2,119.0,0
5,14,19.31,20.89,insufficient_funds,mastercard,0.549,0,9,2,1,19.31,1
4,31,68.84,62.87,insufficient_funds,visa,0.507,2,14,3,1,68.84,0
1,20,20.68,23.18,insufficient_funds,mastercard,0.344,3,8,2,1,20.68,0
0,16,599.38,595.08,insufficient_funds,mastercard,0.524,0,13,4,2,599.38,0
4,13,118.06,116.55,expired_card,amex,0.452,2,14,3,3,118.06,0
3,10,109.31,104.73,insufficient_funds,mastercard,0.489,1,19,0,1,109.31,1
65,22,120.13,120.72,card_declined,visa,0.897,1,22,1,4,621.21,1
8,17,167.23,159.1,insufficient_funds,mastercard,0.612,0,15,0,1,167.23,0
0,25,233.06,223.27,insufficient_funds,mastercard,0.565,1,20,0,3,233.06,0
3,17,24.37,22.14,insufficient_funds,amex,0.465,1,14,0,1,24.37,0
57,17,313.01,298.48,processing_error,visa,0.713,1,12,6,1,1339.8,1
59,15,295.62,323.26,expired_card,mastercard,0.551,0,9,1,2,1507.24,1
36,24,92.15,85.12,insufficient_funds,visa,0.589,1,14,6,3,232.38,1
1,13,87.96,96.44,expired_card,amex,0.37,1,19,6,4,87.96,0
36,25,6.21,6.88,insufficient_funds,mastercard,0.607,2,17,2,3,18.78,1
4,10,32.37,33.99,processing_error,elo,0.653,1,11,0,4,32.37,0
4,21,154.98,133.16,generic_decline,visa,0.443,2,19,6,1,154.98,0
42,26,283.98,289.18,insufficient_funds,hipercard,0.63,1,8,4,4,931.16,0
14,24,186.76,205.43,insufficient_funds,elo,0.553,2,10,1,2,209.31,0
0,11,91.39,87.71,insufficient_funds,visa,0.353,0,10,1,1,91.39,0
42,22,540.86,505.62,card_declined,mastercard,0.884,0,18,6,4,1628.1,0
15,6,238.72,225.93,insufficient_funds,visa,0.309,1,12,5,1,247.11,0
1,2,68.89,67.3,expired_card,elo,0.557,1,22,1,1,68.89,1
7,24,679.1,591.53,do_not_honor,elo,0.718,2,8,1,1,679.1,1
13,24,36.92,34.01,insufficient_funds,mastercard,0.641,2,23,5,2,36.92,0
31,1,26.44,27.61,processing_error,visa,0.585,2,0,6,1,64.31,0
2,28,67.24,66.68,insufficient_funds,amex,0.405,0,22,3,2,67.24,1
3,14,49.82,46.04,do_not_honor,amex,0.362,0,9,0,2,49.82,0
14,27,70.68,79.82,processing_error,mastercard,0.508,2,0,1,2,81.33,0
25,24,198.61,186.43,insufficient_funds,elo,0.502,1,12,4,4,346.32,0
7,27,94.84,84.29,insufficient_funds,visa,0.63,2,13,1,2,94.84,0
2,25,97.03,88.28,expired_card,visa,0.45,1,19,0,1,97.03,0
4,30,102.99,96.71,card_declined,hipercard,0.506,4,22,1,1,102.99,0
1,19,12.53,12.61,insufficient_funds,elo,0.465,1,14,4,2,12.53,1
1,7,25.44,22.13,do_not_honor,visa,0.588,4,11,3,1,25.44,0
20,12,69.42,76.81,card_declined,mastercard,0.602,1,12,6,1,113.08,0
11,23,46.23,51.47,generic_decline,visa,0.538,1,22,0,1,46.23,1
1,5,79.56,75.22,insufficient_funds,visa,0.459,0,5,6,1,79.56,1
2,28,340.25,368.35,insufficient_funds,hipercard,0.653,2,14,3,2,340.25,1
63,6,91.49,94.23,insufficient_funds,visa,0.686,1,11,6,2,469.97,1
53,26,30.2,33.33,insufficient_funds,visa,0.458,0,13,1,3,138.13,0
6,15,48.32,45.09,insufficient_funds,elo,0.673,1,12,1,2,48.32,1
0,25,446.71,461.48,insufficient_funds,visa,0.681,2,20,2,1,446.71,1
3,29,381.35,332.46,card_declined,visa,0.473,3,11,0,1,381.35,0
13,14,165.96,141.54,insufficient_funds,mastercard,0.333,2,22,1,3,165.96,1
8,22,24.4,27.14,insufficient_funds,visa,0.585,4,18,2,4,24.4,1
7,7,128.37,120.46,expired_card,mastercard,0.59,1,12,3,4,128.37,0
1,24,137.45,135.2,card_declined,mastercard,0.441,0,7,3,3,137.45,0
4,25,99.99,91.94,processing_error,hipercard,0.362,4,10,0,2,99.99,1
5,9,58.91,65.57,expired_card,amex,0.441,1,16,5,2,58.91,0
24,1,70.83,68.38,insufficient_funds,visa,0.735,1,21,1,1,121.72,1
1,14,55.38,50.05,expired_card,mastercard,0.628,1,14,4,3,55.38,1
13,6,35.35,36.5,expired_card,mastercard,0.746,1,14,1,1,35.35,1
1,25,328.92,299.86,insufficient_funds,visa,0.48,2,22,1,2,328.92,0
33,8,214.04,198.67,insufficient_funds,visa,0.672,3,14,3,2,494.44,0
3,28,75.89,79.82,do_not_honor,mastercard,0.545,0,10,0,2,75.89,0
57,30,133.65,152.06,insufficient_funds,mastercard,0.704,1,10,0,1,682.56,1
11,27,138.18,148.74,insufficient_funds,amex,0.452,1,21,6,2,138.18,1
25,18,783.35,695.02,insufficient_funds,visa,0.49,3,15,2,3,1291.1,1
18,8,212.19,200.26,do_not_honor,visa,0.661,4,20,5,2,264.34,0
13,24,205.19,223.43,insufficient_funds,amex,0.465,1,16,5,3,210.99,0
51,22,101.1,94.28,generic_decline,amex,0.834,1,11,0,1,374.65,1
17,30,66.45,71.24,processing_error,mastercard,0.675,1,11,2,3,88.64,0
2,12,333.84,331.01,card_declined,elo,0.564,1,9,4,3,333.84,0
9,2,174.48,194.6,insufficient_funds,elo,0.559,0,8,5,4,174.48,0
6,31,46.78,44.8,insufficient_funds,visa,0.617,1,17,6,2,46.78,1
40,25,146.29,165.36,processing_error,mastercard,0.577,2,20,0,1,505.27,1
8,7,205.67,199.96,generic_decline,elo,0.466,3,18,4,1,205.67,0
50,23,15.19,16.22,do_not_honor,visa,0.793,1,22,2,1,63.08,1
0,1,43.08,39.14,generic_decline,hipercard,0.402,2,22,2,3,43.08,0
30,17,134.91,136.16,expired_card,hipercard,0.549,2,23,0,1,306.36,1
5,12,17.69,16.68,insufficient_funds,mastercard,0.6,2,20,6,1,17.69,0
0,12,20.36,17.38,insufficient_funds,visa,0.333,0,15,4,3,20.36,0
2,8,76.87,75.42,insufficient_funds,amex,0.649,0,13,4,1,76.87,1
42,8,151.27,136.41,insufficient_funds,mastercard,0.66,4,8,6,3,439.24,0
0,15,157.61,179.29,insufficient_funds,visa,0.494,3,23,1,3,157.61,0
56,8,398.63,435.53,insufficient_funds,elo,0.849,3,12,4,1,1917.3,1
14,15,105.16,112.72,insufficient_funds,mastercard,0.532,2,10,2,1,114.85,1
1,17,70.2,69.22,insufficient_funds,visa,0.611,2,8,3,1,70.2,1
0,22,30.6,28.39,expired_card,visa,0.69,3,11,5,1,30.6,0
10,20,69.46,65.8,expired_card,amex,0.583,3,21,1,2,69.46,0
8,8,183.26,167.01,expired_card,hipercard,0.658,1,23,6,3,183.26,0
3,2,190.77,193.74,card_declined,mastercard,0.555,1,11,3,2,190.77,1
0,25,123.65,135.2,insufficient_funds,visa,0.594,0,21,3,1,123.65,1
56,26,158.92,144.02,insufficient_funds,visa,0.808,2,16,2,2,634.01,1
4,30,303.75,258.6,insufficient_funds,mastercard,0.457,2,12,0,1,303.75,0
30,29,104.51,92.77,insufficient_funds,visa,0.527,4,12,3,1,208.73,0
3,19,329.31,325.45,expired_card,mastercard,0.359,2,14,4,4,329.31,0
69,27,51.26,43.86,card_declined,visa,0.955,3,9,0,3,239.59,1
63,15,91.59,88.93,insufficient_funds,elo,0.542,1,17,1,3,443.54,1
9,24,63.77,56.33,do_not_honor,elo,0.669,0,1,5,2,63.77,1
2,29,197.66,174.4,insufficient_funds,elo,0.436,1,22,3,2,197.66,0
26,24,39.7,42.23,insufficient_funds,visa,0.586,1,19,3,2,81.74,1
1,13,73.45,84.46,do_not_honor,mastercard,0.442,2,13,2,2,73.45,0
32,12,18.74,17.02,card_declined,visa,0.596,3,15,0,1,41.0,1
0,9,165.73,152.29,expired_card,visa,0.598,1,14,3,1,165.73,0
52,12,295.87,277.8,expired_card,elo,0.766,0,23,1,1,1127.56,1
1,25,219.51,238.29,insufficient_funds,elo,0.529,2,15,4,2,219.51,0
51,22,201.19,201.55,card_declined,elo,0.871,1,23,2,1,800.91,1
13,8,206.03,210.4,expired_card,visa,0.369,2,20,3,2,206.03,1
69,22,181.99,184.53,insufficient_funds,mastercard,0.746,3,20,3,2,1008.0,0
7,12,168.71,190.85,insufficient_funds,visa,0.607,1,18,4,2,168.71,1
6,17,178.66,153.73,generic_decline,mastercard,0.676,4,18,5,2,178.66,0
52,12,54.6,49.0,insufficient_funds,visa,0.518,1,14,0,2,198.89,1
2,16,81.82,78.93,do_not_honor,elo,0.431,0,8,0,2,81.82,0
33,23,104.04,103.67,insufficient_funds,hipercard,0.712,1,15,0,4,258.01,0
2,23,72.54,64.14,insufficient_funds,visa,0.384,1,20,4,3,72.54,0
34,23,24.31,27.18,expired_card,amex,0.805,0,9,1,1,69.82,1
3,12,32.63,34.37,expired_card,elo,0.574,1,15,5,1,32.63,0
50,21,119.9,135.45,insufficient_funds,mastercard,0.644,1,11,2,2,526.75,0
1,7,218.55,247.45,insufficient_funds,mastercard,0.341,4,15,2,1,218.55,0
51,15,98.56,98.93,insufficient_funds,visa,0.764,1,11,3,1,393.12,1
50,17,1139.55,1260.23,card_declined,visa,0.765,0,18,4,2,4900.89,1
8,21,43.18,46.25,insufficient_funds,visa,0.622,2,17,0,1,43.18,1
33,27,145.13,139.06,expired_card,elo,0.556,2,14,2,3,346.09,1
5,9,307.78,322.31,insufficient_funds,visa,0.687,3,11,5,1,307.78,0
3,25,251.9,286.11,insufficient_funds,mastercard,0.34,0,12,4,2,251.9,1
1,10,174.91,188.76,insufficient_funds,amex,0.377,1,10,1,1,174.91,0
48,17,252.93,268.82,insufficient_funds,mastercard,0.606,2,23,6,3,1000.01,1
4,25,102.68,94.11,card_declined,visa,0.355,3,11,6,1,102.68,0
4,23,428.18,470.71,generic_decline,elo,0.684,0,14,2,1,428.18,0
59,26,305.59,295.47,insufficient_funds,visa,0.843,1,15,2,3,1377.67,0
1,24,45.85,47.56,insufficient_funds,elo,0.575,2,18,6,4,45.85,0
3,9,130.07,137.01,generic_decline,visa,0.615,0,19,1,1,130.07,0
16,31,24.73,24.84,insufficient_funds,visa,0.621,1,14,4,3,29.04,1
27,28,377.74,339.84,insufficient_funds,hipercard,0.542,1,16,4,2,684.35,1
65,14,119.29,126.36,expired_card,visa,0.891,2,22,4,2,650.23,1
5,2,323.93,299.37,insufficient_funds,visa,0.54,2,9,0,1,323.93,0
3,9,88.7,82.46,insufficient_funds,visa,0.578,1,15,1,1,88.7,1
4,25,18.79,16.69,do_not_honor,visa,0.464,1,10,2,2,18.79,0
0,28,1017.57,1054.18,expired_card,elo,0.412,1,4,3,1,1017.57,0
12,25,109.82,97.22,expired_card,visa,0.604,1,10,2,1,109.82,1
0,13,40.2,38.33,insufficient_funds,visa,0.653,0,11,4,1,40.2,0
13,2,270.48,302.09,insufficient_funds,amex,0.511,3,16,1,2,285.27,1
0,16,596.36,587.96,do_not_honor,visa,0.437,1,20,4,1,596.36,0
6,12,81.66,91.32,do_not_honor,visa,0.408,2,23,1,1,81.66,0
2,4,89.5,89.3,processing_error,visa,0.626,2,23,2,1,89.5,1
34,4,120.77,109.13,insufficient_funds,amex,0.795,0,22,2,1,280.34,1
22,5,36.43,39.26,processing_error,mastercard,0.508,2,16,3,1,63.82,0
14,6,52.93,50.6,insufficient_funds,mastercard,0.353,0,14,4,3,52.93,0
40,23,475.94,542.54,expired_card,mastercard,0.546,1,15,2,1,1657.76,0
1,12,86.92,80.72,card_declined,mastercard,0.613,2,23,4,2,86.92,0
11,14,46.45,50.94,insufficient_funds,elo,0.706,3,16,6,1,46.45,1
0,18,65.42,65.3,insufficient_funds,amex,0.614,1,19,1,4,65.42,0
12,29,253.51,279.53,card_declined,mastercard,0.53,1,7,3,1,253.51,1
0,24,16.9,15.29,do_not_honor,elo,0.414,3,23,1,2,16.9,0
3,19,122.56,127.47,insufficient_funds,visa,0.59,1,16,5,2,122.56,1
3,23,870.95,769.88,insufficient_funds,mastercard,0.421,1,17,1,4,870.95,0
44,22,593.83,648.26,expired_card,mastercard,0.765,1,20,6,1,2194.72,1
0,21,162.65,149.75,insufficient_funds,visa,0.631,3,8,0,2,162.65,0
0,16,314.76,307.92,insufficient_funds,visa,0.518,0,0,6,1,314.76,0
25,17,312.08,326.68,insufficient_funds,visa,0.793,3,23,5,2,606.85,1
0,15,87.41,86.84,insufficient_funds,visa,0.575,2,11,0,1,87.41,0
12,13,222.27,240.87,insufficient_funds,elo,0.636,0,9,4,1,222.27,0
4,8,478.76,505.79,generic_decline,visa,0.503,1,23,0,1,478.76,0
4,12,31.81,28.28,processing_error,mastercard,0.456,2,14,0,1,31.81,0
10,14,163.14,176.52,expired_card,visa,0.625,4,21,3,1,163.14,0
28,17,134.76,131.67,insufficient_funds,mastercard,0.314,1,22,3,1,275.48,1
1,16,107.13,110.27,card_declined,visa,0.546,3,10,1,4,107.13,0
53,4,99.03,90.61,insufficient_funds,visa,0.921,0,7,6,2,375.52,0
4,11,120.08,117.31,processing_error,mastercard,0.468,0,3,4,2,120.08,1
16,12,129.38,141.69,insufficient_funds,visa,0.634,2,12,4,3,165.62,1
0,22,264.03,297.79,card_declined,visa,0.366,1,10,4,1,264.03,0
3,11,149.26,168.9,insufficient_funds,mastercard,0.565,3,22,2,1,149.26,0
1,1,83.46,88.47,processing_error,hipercard,0.512,1,22,0,1,83.46,1
0,4,46.35,40.49,processing_error,mastercard,0.32,2,15,3,2,46.35,0
5,16,64.25,63.14,insufficient_funds,mastercard,0.51,3,13,5,4,64.25,0
42,6,123.27,111.92,generic_decline,mastercard,0.763,2,14,6,2,360.38,0
33,16,52.21,55.31,insufficient_funds,mastercard,0.364,4,21,0,1,137.65,1
0,17,226.47,203.46,insufficient_funds,mastercard,0.653,2,9,4,3,226.47,0
5,28,143.23,163.75,card_declined,mastercard,0.596,1,10,1,1,143.23,0
21,20,269.94,245.2,expired_card,mastercard,0.431,4,12,1,1,379.75,0
6,2,55.42,47.98,insufficient_funds,elo,0.633,1,16,0,1,55.42,1
23,12,46.72,51.54,insufficient_funds,visa,0.555,2,18,6,3,87.75,1
21,24,268.15,244.2,insufficient_funds,visa,0.58,1,23,4,3,378.2,0
0,8,109.71,94.04,insufficient_funds,mastercard,0.465,2,3,2,3,109.71,0
4,28,81.66,82.84,insufficient_funds,elo,0.595,1,13,5,4,81.66,0
5,16,181.82,207.41,insufficient_funds,elo,0.596,2,13,0,1,181.82,0
7,4,175.91,163.64,expired_card,visa,0.409,1,4,2,2,175.91,0
2,8,32.04,31.16,expired_card,mastercard,0.526,0,20,0,2,32.04,0
8,27,334.41,308.04,card_declined,hipercard,0.581,3,14,2,4,334.41,0
4,31,67.89,69.07,generic_decline,visa,0.552,1,17,1,4,67.89,0
29,26,442.54,419.01,insufficient_funds,mastercard,0.637,2,15,6,1,909.66,1
38,10,29.9,30.72,insufficient_funds,visa,0.696,1,14,1,3,88.85,1
55,24,129.59,128.74,insufficient_funds,elo,0.747,0,9,1,2,555.64,1
3,7,82.89,93.56,insufficient_funds,visa,0.664,1,22,0,1,82.89,1
15,12,16.91,17.77,expired_card,elo,0.455,1,9,3,1,19.44,0
7,22,175.4,185.01,insufficient_funds,visa,0.527,1,16,0,4,175.4,0
0,29,17.7,17.63,card_declined,visa,0.449,0,23,5,4,17.7,0
5,14,75.44,70.98,generic_decline,visa,0.339,0,12,2,2,75.44,0
30,16,260.69,246.14,insufficient_funds,visa,0.656,2,15,6,2,553.81,1
7,7,61.04,61.11,insufficient_funds,elo,0.433,2,19,0,2,61.04,1
26,13,43.8,39.75,card_declined,visa,0.387,1,12,2,3,76.94,0
9,2,199.01,177.06,card_declined,visa,0.401,1,11,6,1,199.01,1
2,26,78.32,75.32,insufficient_funds,amex,0.403,3,9,2,1,78.32,0
33,1,68.21,60.65,expired_card,visa,0.641,1,0,2,2,150.94,0
8,21,303.38,278.88,insufficient_funds,mastercard,0.461,5,12,0,1,303.38,1
2,8,34.66,35.02,expired_card,visa,0.572,1,18,4,2,34.66,0
1,15,64.98,70.64,card_declined,amex,0.625,0,8,1,4,64.98,0
13,9,211.04,193.61,insufficient_funds,mastercard,0.431,0,20,3,1,211.04,0
16,13,32.72,35.58,insufficient_funds,visa,0.701,2,14,6,2,41.59,1
1,17,473.16,404.39,expired_card,mastercard,0.51,4,16,3,3,473.16,0
2,19,80.62,92.64,expired_card,visa,0.333,1,13,0,2,80.62,0
23,28,212.56,213.64,do_not_honor,visa,0.594,2,18,3,1,363.75,0
2,11,212.17,210.64,insufficient_funds,mastercard,0.567,1,19,4,2,212.17,0
2,17,85.38,89.24,processing_error,mastercard,0.633,2,8,3,2,85.38,1
4,27,63.87,63.39,card_declined,mastercard,0.659,1,22,0,1,63.87,1
6,9,94.09,91.49,expired_card,visa,0.602,1,16,2,2,94.09,0
1,26,184.1,176.97,insufficient_funds,elo,0.625,1,17,3,3,184.1,1
26,29,40.7,46.53,insufficient_funds,visa,0.627,3,16,2,3,90.06,0
31,25,33.57,37.21,expired_card,mastercard,0.818,1,8,6,3,86.67,0
2,17,365.34,365.6,insufficient_funds,visa,0.406,1,15,6,2,365.34,0
10,22,50.89,56.03,insufficient_funds,mastercard,0.624,1,10,4,3,50.89,0
46,15,133.88,119.79,insufficient_funds,mastercard,0.295,4,16,6,1,425.52,1
2,18,81.68,82.4,do_not_honor,mastercard,0.521,4,22,6,2,81.68,0
30,30,84.96,83.69,card_declined,elo,0.59,1,15,2,1,188.3,1
4,8,348.28,329.98,processing_error,mastercard,0.582,2,11,2,1,348.28,1
0,24,90.63,102.01,generic_decline,amex,0.557,1,15,0,2,90.63,0
1,16,71.2,78.3,card_declined,hipercard,0.609,1,13,1,1,71.2,0
28,6,76.92,86.31,insufficient_funds,hipercard,0.679,4,22,0,4,180.58,1
20,19,62.5,65.04,insufficient_funds,visa,0.609,1,14,0,1,95.75,1
3,24,53.9,51.9,card_declined,visa,0.472,3,20,0,4,53.9,0
12,17,62.72,67.55,do_not_honor,elo,0.512,2,15,2,3,62.72,0
4,25,428.3,378.0,processing_error,visa,0.671,0,11,4,3,428.3,0
20,12,183.9,203.38,insufficient_funds,elo,0.642,2,18,6,1,299.42,1
69,27,71.93,61.76,card_declined,visa,0.848,2,0,1,1,337.36,0
22,19,233.79,256.11,insufficient_funds,elo,0.676,0,20,4,2,416.32,1
59,24,23.87,25.33,insufficient_funds,visa,0.59,2,22,3,4,118.1,1
47,8,331.76,290.8,insufficient_funds,amex,0.679,1,16,4,1,1057.34,1
5,14,308.86,276.15,insufficient_funds,mastercard,0.33,1,11,0,1,308.86,1
4,27,712.61,702.43,insufficient_funds,visa,0.496,1,10,5,3,712.61,0
5,2,240.08,225.67,card_declined,mastercard,0.566,1,19,2,2,240.08,0
18,13,144.14,160.02,insufficient_funds,mastercard,0.52,3,11,5,1,211.23,0
31,24,307.76,279.4,do_not_honor,amex,0.634,1,16,2,1,650.81,1
14,23,56.06,54.67,insufficient_funds,mastercard,0.708,0,21,6,3,56.06,1
63,25,68.8,63.86,insufficient_funds,mastercard,0.475,0,20,4,1,318.5,0
54,23,92.33,82.0,insufficient_funds,visa,0.519,2,0,6,1,346.86,0
3,28,329.76,305.99,insufficient_funds,elo,0.596,2,18,2,4,329.76,1
54,16,45.7,50.64,insufficient_funds,visa,0.731,0,0,1,3,214.21,0
1,19,41.59,44.28,insufficient_funds,hipercard,0.457,1,13,2,2,41.59,0
0,25,120.6,135.59,expired_card,mastercard,0.563,1,14,0,2,120.6,1
3,22,184.89,179.64,insufficient_funds,elo,0.519,1,15,1,1,184.89,0
62,4,52.34,48.26,expired_card,elo,0.913,3,17,2,1,236.88,1
3,12,177.32,152.12,insufficient_funds,visa,0.564,4,23,2,2,177.32,1
0,17,329.62,329.14,insufficient_funds,visa,0.601,4,10,0,1,329.62,0
51,23,283.94,244.73,insufficient_funds,visa,0.695,1,18,1,2,972.5,1
1,17,133.78,113.88,insufficient_funds,visa,0.299,2,10,4,2,133.78,0
6,24,90.19,93.02,processing_error,visa,0.559,3,13,6,4,90.19,0
2,25,456.76,410.83,insufficient_funds,elo,0.443,3,20,1,1,456.76,0
13,8,99.1,100.88,expired_card,mastercard,0.619,2,8,1,1,99.1,0
7,18,225.36,230.33,do_not_honor,mastercard,0.503,2,0,4,1,225.36,0
14,17,556.65,594.03,insufficient_funds,mastercard,0.553,1,14,4,4,605.25,0
60,7,205.28,198.08,do_not_honor,visa,0.956,3,15,6,2,940.88,1
2,16,40.31,42.79,card_declined,mastercard,0.555,0,14,0,3,40.31,0
24,17,32.52,31.21,card_declined,visa,0.641,2,16,6,2,55.55,0
4,24,75.04,65.99,do_not_honor,amex,0.598,1,19,1,1,75.04,0
0,15,183.58,173.12,insufficient_funds,elo,0.592,1,17,1,2,183.58,1
19,3,145.11,123.67,expired_card,visa,0.609,1,19,2,2,172.64,1
6,16,694.33,686.51,insufficient_funds,elo,0.688,2,16,6,4,694.33,0
5,25,143.86,154.23,expired_card,mastercard,0.713,1,15,0,1,143.86,0
13,17,73.08,79.32,insufficient_funds,visa,0.561,1,9,4,2,74.9,1
46,10,35.72,32.85,insufficient_funds,visa,0.908,2,23,5,1,116.69,1
7,28,278.94,245.94,generic_decline,visa,0.443,1,17,6,1,278.94,1
5,5,97.22,88.05,insufficient_funds,elo,0.419,0,11,5,3,97.22,0
19,10,25.65,29.37,insufficient_funds,elo,0.635,0,18,0,2,41.0,0
4,14,99.7,94.08,insufficient_funds,mastercard,0.638,0,16,5,1,99.7,1
7,23,40.36,39.5,expired_card,visa,0.681,2,14,5,2,40.36,0
17,25,66.97,58.44,insufficient_funds,visa,0.734,4,17,6,4,72.72,1
0,2,98.29,106.82,insufficient_funds,mastercard,0.388,0,11,1,2,98.29,1
10,24,43.74,43.06,generic_decline,visa,0.708,2,23,3,1,43.74,1
36,22,63.39,55.54,insufficient_funds,mastercard,0.791,1,15,2,1,151.62,1
38,27,50.47,50.06,insufficient_funds,visa,0.565,1,16,4,1,144.78,1
6,27,51.69,55.0,card_declined,visa,0.584,2,8,0,1,51.69,0
30,24,39.92,39.6,insufficient_funds,mastercard,0.559,2,22,0,1,89.1,1
36,6,63.66,72.61,insufficient_funds,visa,0.557,2,18,1,1,198.23,1
27,10,44.15,49.07,expired_card,mastercard,0.691,0,8,4,3,98.81,0
61,28,164.59,165.32,card_declined,elo,0.818,2,14,4,2,798.36,1
1,18,116.84,132.28,insufficient_funds,mastercard,0.387,3,12,1,1,116.84,0
44,16,282.5,308.89,processing_error,hipercard,0.635,1,15,3,1,1045.76,1
11,28,522.36,501.72,processing_error,mastercard,0.453,1,14,3,4,522.36,1
0,26,178.41,192.94,expired_card,elo,0.5,1,20,1,1,178.41,0
56,23,145.73,145.99,expired_card,mastercard,0.784,1,16,0,2,642.68,1
7,26,188.68,190.89,processing_error,elo,0.633,1,15,3,3,188.68,1
2,4,147.95,148.87,insufficient_funds,visa,0.596,2,10,0,3,147.95,0
5,24,102.21,111.52,insufficient_funds,mastercard,0.377,1,23,4,3,102.21,1
0,29,95.24,107.2,insufficient_funds,visa,0.545,1,13,1,2,95.24,1
1,2,39.44,37.3,insufficient_funds,mastercard,0.643,3,7,1,2,39.44,0
8,7,205.95,214.72,generic_decline,visa,0.6,1,12,0,2,205.95,0
69,24,95.07,98.73,insufficient_funds,hipercard,0.825,1,10,3,1,539.31,1
45,16,354.25,395.43,insufficient_funds,mastercard,0.89,0,14,0,2,1371.65,0
8,4,220.37,216.88,insufficient_funds,visa,0.535,2,20,2,1,220.37,0
0,8,56.06,50.85,expired_card,mastercard,0.57,0,14,4,2,56.06,1
60,10,295.84,269.49,processing_error,elo,0.848,3,15,6,2,1280.08,1
7,10,10.05,8.7,insufficient_funds,elo,0.457,4,20,3,2,10.05,0
31,26,542.95,477.91,processing_error,mastercard,0.763,3,15,1,3,1113.2,1
50,20,29.77,27.99,insufficient_funds,visa,0.603,0,19,4,2,108.85,0
14,23,151.75,133.66,do_not_honor,amex,0.572,0,15,1,3,151.75,0
60,1,142.89,158.8,processing_error,amex,0.754,4,13,1,4,754.3,1
5,14,265.23,254.25,insufficient_funds,amex,0.506,0,15,4,1,265.23,0
6,10,73.0,70.12,do_not_honor,mastercard,0.648,3,23,0,2,73.0,0
2,25,14.53,15.65,insufficient_funds,visa,0.636,1,9,2,1,14.53,1
3,29,73.09,68.73,insufficient_funds,hipercard,0.48,0,22,2,1,73.09,0
15,14,80.46,85.65,insufficient_funds,visa,0.644,0,17,0,2,93.68,0
35,30,15.83,17.36,insufficient_funds,visa,0.663,3,23,4,1,45.99,0
8,1,101.77,97.5,generic_decline,mastercard,0.496,1,11,5,1,101.77,1
0,10,37.59,37.34,card_declined,mastercard,0.457,0,14,1,2,37.59,0
8,24,173.99,164.71,expired_card,elo,0.419,0,9,2,3,173.99,0
0,12,78.56,76.75,do_not_honor,mastercard,0.253,2,5,2,1,78.56,0
2,28,558.05,571.57,insufficient_funds,visa,0.567,2,15,3,2,558.05,0
3,7,77.85,74.34,insufficient_funds,mastercard,0.488,2,8,5,2,77.85,0
15,24,143.27,141.73,processing_error,amex,0.727,3,17,0,1,155.02,1
18,6,80.89,80.8,insufficient_funds,amex,0.707,1,16,0,3,106.66,0
2,6,23.11,19.81,processing_error,visa,0.385,2,23,4,4,23.11,0
15,14,81.5,73.28,insufficient_funds,visa,0.572,0,22,2,2,81.5,1
46,28,190.88,193.25,insufficient_funds,visa,0.6,0,12,3,2,686.47,0
0,17,166.86,141.96,insufficient_funds,elo,0.581,1,22,4,1,166.86,1
30,19,75.33,79.94,insufficient_funds,mastercard,0.799,5,6,6,3,179.86,1
3,1,26.8,30.06,insufficient_funds,mastercard,0.571,1,19,5,1,26.8,0
67,2,173.27,186.5,insufficient_funds,visa,0.952,1,16,1,3,989.23,0
6,3,141.89,133.98,insufficient_funds,elo,0.627,3,13,1,3,141.89,0
30,25,206.77,203.66,card_declined,elo,0.688,3,20,3,2,458.24,0
1,7,76.62,80.08,insufficient_funds,mastercard,0.537,3,13,3,1,76.62,0
15,10,21.89,23.07,insufficient_funds,visa,0.461,1,16,0,2,25.23,1
1,18,157.05,179.55,insufficient_funds,mastercard,0.409,0,18,2,3,157.05,1
13,17,96.96,96.76,insufficient_funds,amex,0.678,2,12,6,1,96.96,1
0,13,336.51,311.22,insufficient_funds,mastercard,0.513,0,9,3,1,336.51,1
3,1,100.28,96.13,insufficient_funds,elo,0.543,3,18,6,1,100.28,1
2,15,93.88,105.78,insufficient_funds,visa,0.604,1,10,1,2,93.88,0
71,23,141.61,147.25,generic_decline,visa,0.805,0,11,3,1,827.67,1
33,7,57.52,63.81,insufficient_funds,visa,0.562,1,10,0,1,158.81,1
3,22,55.11,58.81,insufficient_funds,visa,0.409,4,19,4,3,55.11,0
0,1,89.61,102.12,card_declined,visa,0.528,1,13,1,2,89.61,0
1,27,43.16,43.18,insufficient_funds,mastercard,0.373,1,19,6,2,43.16,1
52,28,79.75,90.51,insufficient_funds,visa,0.666,6,16,0,1,367.37,1
14,1,547.47,610.85,insufficient_funds,elo,0.511,6,15,3,1,622.39,0
5,15,246.8,272.2,expired_card,visa,0.572,0,22,4,1,246.8,1
28,13,128.51,145.44,processing_error,visa,0.666,1,16,2,1,304.29,1
15,25,387.9,390.87,insufficient_funds,visa,0.356,0,11,6,1,427.51,1
2,16,46.98,50.4,do_not_honor,visa,0.424,0,23,1,1,46.98,1
5,18,893.06,907.89,expired_card,mastercard,0.585,1,13,0,1,893.06,0
3,6,64.93,70.31,card_declined,mastercard,0.641,5,15,4,1,64.93,0
58,3,579.62,625.48,insufficient_funds,mastercard,0.891,4,14,3,3,2861.92,0
5,21,577.36,622.12,do_not_honor,amex,0.383,1,19,4,3,577.36,0
0,19,20.59,20.15,insufficient_funds,visa,0.567,1,15,3,1,20.59,1
4,25,359.83,391.81,insufficient_funds,mastercard,0.631,1,13,4,3,359.83,1
14,25,75.96,84.54,expired_card,visa,0.4,3,17,3,4,86.14,0
10,19,59.02,61.43,generic_decline,visa,0.639,0,15,0,1,59.02,0
0,16,155.78,153.66,insufficient_funds,visa,0.221,0,0,0,2,155.78,0
2,27,39.93,44.16,insufficient_funds,elo,0.593,5,17,0,3,39.93,0
42,24,152.68,165.43,generic_decline,elo,0.589,3,10,6,3,532.68,1
1,26,42.38,41.99,processing_error,visa,0.444,1,23,6,1,42.38,1
1,31,114.4,117.14,expired_card,visa,0.465,2,19,2,2,114.4,0
54,13,320.09,337.93,insufficient_funds,amex,0.813,1,14,4,1,1429.44,1
55,22,137.79,145.57,insufficient_funds,elo,0.791,2,7,0,1,628.28,1
4,21,71.01,66.98,generic_decline,mastercard,0.651,2,13,4,2,71.01,0
58,6,158.12,148.29,insufficient_funds,mastercard,0.791,0,17,2,1,678.51,0
1,19,28.02,31.28,card_declined,visa,0.4,4,22,3,1,28.02,0
4,14,46.4,52.48,expired_card,elo,0.516,1,19,0,1,46.4,0
6,15,66.7,64.74,generic_decline,visa,0.536,1,20,2,4,66.7,1
64,6,196.64,221.03,expired_card,mastercard,0.804,1,9,1,1,1119.89,1
12,23,140.17,138.94,insufficient_funds,visa,0.55,1,11,0,3,140.17,1
45,22,157.24,141.54,processing_error,mastercard,0.745,0,20,2,3,490.97,1
0,16,95.4,102.07,generic_decline,mastercard,0.328,1,14,0,2,95.4,0
14,5,48.54,41.93,do_not_honor,visa,0.735,2,21,1,1,48.54,1
63,17,366.61,324.15,insufficient_funds,mastercard,0.961,4,3,1,3,1616.7,0
43,4,52.59,59.55,insufficient_funds,visa,0.869,3,17,2,2,196.67,1
0,11,141.83,142.58,card_declined,elo,0.531,0,15,1,2,141.83,0
70,12,88.48,82.28,expired_card,amex,0.618,1,20,6,2,455.97,1
17,26,161.18,160.23,insufficient_funds,visa,0.701,2,10,6,1,199.38,1
4,13,57.09,58.43,insufficient_funds,visa,0.502,0,10,1,4,57.09,0
55,18,249.01,259.39,insufficient_funds,amex,0.794,0,15,2,2,1119.52,1
18,26,332.53,317.39,insufficient_funds,elo,0.714,0,17,4,2,418.95,1
62,14,235.8,227.83,insufficient_funds,elo,0.709,2,10,1,2,1118.27,1
7,26,112.44,114.12,generic_decline,visa,0.639,4,22,4,1,112.44,1
29,5,66.41,68.93,card_declined,visa,0.722,3,21,2,2,149.65,1
3,12,1199.05,1350.62,insufficient_funds,hipercard,0.65,3,9,0,2,1199.05,0
0,4,40.51,39.2,expired_card,mastercard,0.534,1,21,1,1,40.51,1
2,17,213.83,237.87,insufficient_funds,visa,0.539,5,22,1,2,213.83,0
66,29,131.37,150.81,card_declined,elo,0.888,2,11,5,3,787.98,1
50,20,92.47,88.0,do_not_honor,mastercard,0.86,3,21,3,3,342.22,0
3,19,115.22,98.88,insufficient_funds,visa,0.441,2,16,1,3,115.22,0
0,9,62.13,64.08,generic_decline,hipercard,0.655,4,20,3,2,62.13,0
39,28,142.84,160.14,insufficient_funds,mastercard,0.601,0,17,2,2,476.22,1
3,15,129.52,112.17,card_declined,visa,0.521,4,12,2,1,129.52,0
63,8,1054.64,958.82,do_not_honor,visa,0.707,2,18,1,1,4782.11,0
11,31,253.06,266.43,card_declined,mastercard,0.601,1,18,4,2,253.06,0
38,14,154.57,168.93,insufficient_funds,mastercard,0.736,0,19,5,4,488.58,1
39,12,162.99,142.78,insufficient_funds,visa,0.847,1,19,3,2,424.59,1
7,2,500.93,480.45,insufficient_funds,mastercard,0.49,2,17,0,4,500.93,0
2,6,41.28,38.04,insufficient_funds,mastercard,0.562,1,14,1,1,41.28,0
1,24,83.1,94.69,insufficient_funds,mastercard,0.366,2,13,1,1,83.1,1
0,15,17.96,18.94,insufficient_funds,hipercard,0.596,1,22,6,3,17.96,0
20,29,160.57,159.4,expired_card,visa,0.544,0,20,4,2,234.67,0
62,3,207.65,230.22,insufficient_funds,amex,0.883,0,21,6,1,1130.0,1
37,18,40.37,40.83,insufficient_funds,visa,0.384,1,8,1,1,114.77,1
2,22,349.74,392.9,card_declined,visa,0.62,3,14,6,1,349.74,0
5,19,51.62,47.58,insufficient_funds,visa,0.295,1,13,5,1,51.62,0
61,16,72.11,61.88,expired_card,hipercard,0.724,3,22,6,4,298.83,0
13,17,108.7,106.38,card_declined,visa,0.671,2,13,1,1,108.7,0
62,21,402.83,367.09,expired_card,visa,0.85,2,23,6,1,1801.8,1
6,26,45.61,50.2,insufficient_funds,visa,0.396,1,20,4,2,45.61,0
1,11,126.61,127.86,card_declined,mastercard,0.651,2,22,4,4,126.61,1
7,15,194.55,182.22,expired_card,visa,0.454,3,9,1,1,194.55,1
5,19,161.96,175.25,insufficient_funds,visa,0.433,1,23,1,1,161.96,0
2,10,167.37,168.72,processing_error,mastercard,0.661,1,14,6,1,167.37,1
39,6,192.26,192.42,processing_error,amex,0.644,1,8,5,2,572.21,0
1,29,59.72,54.0,insufficient_funds,amex,0.397,4,17,6,1,59.72,1
1,6,437.75,502.78,insufficient_funds,hipercard,0.663,1,21,1,1,437.75,0
33,7,88.56,92.78,processing_error,visa,0.515,1,19,3,1,230.91,1
69,19,78.71,87.09,expired_card,visa,0.669,0,18,3,4,475.73,1
44,3,323.6,348.81,card_declined,visa,0.641,0,23,1,2,1180.92,1
4,2,55.83,55.88,insufficient_funds,amex,0.625,1,23,0,4,55.83,0
4,3,129.92,110.81,insufficient_funds,elo,0.591,0,20,1,3,129.92,0
6,4,51.43,54.0,expired_card,mastercard,0.658,1,20,1,4,51.43,0
0,14,916.2,806.46,processing_error,mastercard,0.688,1,13,2,1,916.2,0
5,25,759.89,865.09,insufficient_funds,mastercard,0.583,4,15,0,3,759.89,0
9,11,88.63,81.96,generic_decline,mastercard,0.55,2,16,3,4,88.63,0
45,14,155.12,148.95,card_declined,visa,0.636,3,15,3,2,516.67,0
1,18,98.2,99.72,processing_error,mastercard,0.62,2,20,3,3,98.2,1
4,9,71.72,71.78,processing_error,visa,0.679,0,23,3,4,71.72,1
64,14,108.71,113.77,insufficient_funds,visa,0.982,1,11,0,2,576.43,1
50,12,94.29,102.31,insufficient_funds,visa,0.835,1,20,6,1,397.87,1
0,11,25.32,27.28,insufficient_funds,hipercard,0.537,1,17,1,3,25.32,1
35,12,123.48,138.6,insufficient_funds,hipercard,0.736,1,19,2,1,367.19,1
14,1,94.14,93.29,insufficient_funds,elo,0.513,1,15,5,4,95.05,1
19,26,128.99,130.31,card_declined,elo,0.577,0,18,4,3,181.91,1
17,30,91.24,101.48,processing_error,visa,0.724,0,17,4,1,126.27,1
3,26,70.97,66.34,insufficient_funds,visa,0.268,0,17,5,2,70.97,0
1,1,212.64,196.43,insufficient_funds,visa,0.404,2,23,6,4,212.64,1
51,23,156.96,133.85,card_declined,visa,0.837,2,4,0,1,531.89,1
0,17,337.82,361.99,card_declined,elo,0.409,3,12,6,3,337.82,0
9,4,151.69,160.23,generic_decline,visa,0.486,3,17,6,1,151.69,0
19,28,82.01,76.52,insufficient_funds,hipercard,0.641,0,14,0,2,106.82,0
25,24,169.06,150.29,insufficient_funds,mastercard,0.633,2,15,1,4,279.18,1
44,5,16.83,14.52,do_not_honor,visa,0.716,0,14,4,2,49.16,1
24,29,633.4,631.09,insufficient_funds,elo,0.617,2,20,6,1,1123.34,0
3,4,124.73,113.26,processing_error,elo,0.504,0,6,3,2,124.73,0
2,15,680.52,740.42,insufficient_funds,mastercard,0.543,0,15,3,1,680.52,0
22,5,45.16,51.26,insufficient_funds,visa,0.638,3,18,0,3,83.33,1
1,5,36.22,39.23,expired_card,mastercard,0.509,3,14,4,3,36.22,1
8,29,135.28,149.55,card_declined,mastercard,0.622,2,7,3,3,135.28,0
40,17,134.89,154.75,insufficient_funds,elo,0.728,2,23,0,2,472.85,1
21,8,132.01,141.55,processing_error,visa,0.594,1,14,6,4,219.23,0
16,24,115.29,117.62,processing_error,amex,0.582,3,23,1,1,137.48,1
0,26,55.95,61.15,processing_error,visa,0.688,1,22,3,1,55.95,0
1,28,26.13,26.63,do_not_honor,hipercard,0.649,0,9,5,2,26.13,0
5,28,125.7,123.16,do_not_honor,visa,0.6,3,17,4,2,125.7,0
7,27,31.28,26.89,card_declined,elo,0.621,1,12,1,1,31.28,0
44,19,28.77,30.0,expired_card,visa,0.701,1,11,6,1,101.57,1
0,11,69.71,78.02,processing_error,elo,0.539,0,16,0,1,69.71,0
46,28,143.3,151.6,generic_decline,amex,0.351,2,16,5,1,538.52,1
64,4,571.42,554.99,expired_card,visa,0.631,1,22,2,1,2811.95,0
70,6,233.29,241.47,insufficient_funds,visa,0.55,1,18,0,3,1338.15,1
20,14,349.16,381.94,insufficient_funds,hipercard,0.648,0,19,1,2,562.3,1
3,9,174.7,188.55,processing_error,hipercard,0.681,2,20,0,2,174.7,1
5,18,135.41,135.05,generic_decline,elo,0.568,1,7,1,1,135.41,0
37,27,905.32,867.75,insufficient_funds,visa,0.862,3,14,6,4,2439.22,0
19,16,30.18,29.25,generic_decline,visa,0.768,3,17,1,1,40.83,0
70,17,67.72,76.01,insufficient_funds,mastercard,0.648,1,20,4,2,421.22,1
54,14,72.58,65.39,insufficient_funds,elo,0.852,0,20,1,1,276.6,1
13,22,216.19,239.73,do_not_honor,visa,0.684,3,22,1,2,226.38,1
53,4,40.97,37.22,generic_decline,visa,0.693,2,18,2,1,154.25,0
3,2,192.59,220.37,expired_card,amex,0.486,0,9,6,1,192.59,0
10,19,163.58,161.04,generic_decline,mastercard,0.627,2,12,1,3,163.58,1
71,16,201.32,215.42,processing_error,mastercard,0.536,4,17,4,1,1210.84,0
2,13,198.1,211.73,do_not_honor,hipercard,0.587,3,17,2,1,198.1,1
69,11,383.33,414.67,do_not_honor,mastercard,0.775,0,0,0,1,2265.13,1
3,2,93.57,101.69,insufficient_funds,visa,0.508,0,15,3,1,93.57,1
4,21,156.54,134.89,insufficient_funds,amex,0.449,0,23,2,1,156.54,1
2,14,50.81,47.35,insufficient_funds,hipercard,0.568,1,6,6,4,50.81,0
15,14,41.49,38.13,insufficient_funds,visa,0.653,3,14,6,2,41.7,0
0,26,468.76,496.69,insufficient_funds,visa,0.571,1,16,3,2,468.76,0
0,23,47.51,50.12,insufficient_funds,visa,0.38,2,23,1,3,47.51,0
42,7,172.79,162.27,insufficient_funds,visa,0.529,2,8,3,1,522.51,0
20,20,156.67,170.47,expired_card,visa,0.661,2,21,6,1,250.97,1
0,4,277.59,261.9,insufficient_funds,visa,0.471,1,13,4,1,277.59,0
0,6,22.41,21.35,insufficient_funds,mastercard,0.549,1,12,0,1,22.41,1
2,22,215.74,209.19,insufficient_funds,visa,0.622,1,12,0,1,215.74,0
2,4,92.84,99.65,insufficient_funds,amex,0.165,2,22,0,2,92.84,0
64,9,57.37,48.97,card_declined,mastercard,0.79,3,10,3,1,248.11,1
11,27,78.23,87.77,do_not_honor,visa,0.459,2,8,0,1,78.23,0
4,23,245.52,259.67,card_declined,elo,0.512,2,20,1,1,245.52,0
0,28,187.16,192.02,card_declined,mastercard,0.472,1,22,3,2,187.16,0
58,26,87.25,80.37,generic_decline,elo,0.854,2,12,3,1,367.74,1
1,10,35.54,38.58,card_declined,amex,0.616,2,23,5,1,35.54,1
64,19,37.83,42.06,insufficient_funds,elo,0.66,0,22,2,1,213.1,1
18,12,190.82,190.91,insufficient_funds,elo,0.643,2,9,5,2,252.0,0
6,22,31.42,29.46,expired_card,elo,0.482,0,10,0,1,31.42,0
3,11,88.01,84.86,expired_card,visa,0.173,5,14,3,1,88.01,0
2,1,1057.85,1031.27,processing_error,mastercard,0.665,0,18,2,1,1057.85,0
0,4,147.03,138.47,insufficient_funds,mastercard,0.36,3,0,6,3,147.03,0
14,24,189.0,201.03,generic_decline,hipercard,0.596,0,17,4,2,204.83,0
31,4,38.09,36.29,insufficient_funds,mastercard,0.491,0,21,4,1,84.53,1
8,18,32.86,36.03,do_not_honor,visa,0.552,2,15,6,3,32.86,0
2,26,198.21,196.05,expired_card,mastercard,0.385,2,8,1,3,198.21,0
15,23,76.06,79.0,insufficient_funds,mastercard,0.761,2,10,4,2,86.41,1
1,13,277.25,314.51,insufficient_funds,mastercard,0.569,1,17,6,2,277.25,0
1,6,111.0,109.2,insufficient_funds,mastercard,0.399,3,17,6,2,111.0,0
9,28,1312.67,1182.85,insufficient_funds,hipercard,0.553,4,9,2,3,1312.67,0
1,17,64.25,65.21,do_not_honor,visa,0.598,1,17,4,1,64.25,0
16,13,138.11,137.97,insufficient_funds,hipercard,0.66,2,13,1,2,161.27,1
15,28,48.28,52.37,insufficient_funds,elo,0.498,1,8,3,4,57.28,1
9,7,267.21,296.08,insufficient_funds,visa,0.474,0,16,2,3,267.21,1
37,14,157.99,168.07,expired_card,visa,0.709,2,18,0,1,472.44,0
51,4,45.49,51.92,insufficient_funds,amex,0.564,3,12,6,3,206.32,0
4,4,80.59,75.01,insufficient_funds,elo,0.606,2,20,6,1,80.59,0
7,13,361.34,333.07,do_not_honor,visa,0.646,1,7,6,4,361.34,0
22,22,324.77,304.43,insufficient_funds,mastercard,0.745,0,12,1,2,494.87,0
32,11,30.41,31.97,do_not_honor,visa,0.584,2,15,0,3,77.01,0
1,21,70.62,64.95,insufficient_funds,mastercard,0.667,1,15,4,2,70.62,0
57,24,538.71,472.19,expired_card,visa,0.549,0,17,1,2,2119.54,1
39,26,92.09,105.29,expired_card,visa,0.695,1,13,4,1,313.11,1
11,2,125.73,118.74,insufficient_funds,visa,0.486,0,10,3,1,125.73,1
8,24,265.99,243.84,expired_card,mastercard,0.696,2,23,3,2,265.99,1
34,5,32.72,31.33,insufficient_funds,visa,0.705,1,9,3,4,80.48,1
14,22,46.36,41.61,insufficient_funds,elo,0.565,0,0,0,1,46.36,1
24,12,80.13,68.97,do_not_honor,elo,0.577,2,16,1,1,122.77,0
40,22,311.47,293.28,generic_decline,mastercard,0.569,0,10,6,1,896.13,0
4,7,264.3,251.44,insufficient_funds,amex,0.515,2,18,2,2,264.3,1
3,19,202.47,221.36,card_declined,elo,0.541,1,18,1,1,202.47,0
7,4,94.41,92.59,insufficient_funds,visa,0.238,3,15,0,4,94.41,0
63,6,291.38,312.08,insufficient_funds,visa,0.874,1,13,2,1,1556.5,1
16,18,93.28,99.88,insufficient_funds,mastercard,0.353,0,18,1,2,116.75,1
39,11,178.51,193.99,expired_card,elo,0.802,1,16,3,4,576.88,1
1,22,240.18,270.34,card_declined,hipercard,0.381,2,12,4,1,240.18,0
3,21,482.28,482.08,insufficient_funds,visa,0.406,0,9,0,1,482.28,0
0,19,101.62,89.55,generic_decline,visa,0.321,2,9,4,2,101.62,0
1,23,77.41,66.7,card_declined,elo,0.454,3,16,0,1,77.41,0
0,24,337.53,305.83,insufficient_funds,amex,0.361,1,15,4,1,337.53,1
1,27,361.35,397.04,insufficient_funds,mastercard,0.599,1,18,0,1,361.35,1
8,3,65.93,67.4,expired_card,mastercard,0.712,1,4,2,2,65.93,1
4,17,40.03,35.71,insufficient_funds,amex,0.564,1,23,0,1,40.03,1
27,23,315.48,280.71,insufficient_funds,mastercard,0.492,1,16,3,3,565.28,0
38,7,24.85,27.77,insufficient_funds,elo,0.769,2,11,5,1,80.32,1
26,8,23.75,23.89,insufficient_funds,hipercard,0.554,1,11,3,4,46.24,1
4,8,84.18,75.89,expired_card,visa,0.626,2,22,6,3,84.18,1
31,17,107.06,119.8,expired_card,visa,0.677,1,8,0,3,279.05,0
0,12,38.12,40.64,card_declined,hipercard,0.577,1,9,2,2,38.12,0
52,20,119.04,118.25,generic_decline,mastercard,0.899,2,20,2,4,479.96,0
10,18,123.85,122.55,processing_error,visa,0.53,2,23,1,3,123.85,1
16,20,63.79,67.09,insufficient_funds,mastercard,0.376,3,15,2,1,78.42,1
26,8,595.1,566.23,expired_card,mastercard,0.608,2,8,3,3,1095.97,0
11,24,143.19,164.66,insufficient_funds,visa,0.637,0,18,1,4,143.19,0
1,20,266.36,289.1,generic_decline,elo,0.462,2,12,1,3,266.36,0
4,4,26.81,27.94,expired_card,visa,0.586,0,23,0,2,26.81,0
45,6,26.61,28.11,insufficient_funds,visa,0.73,2,22,1,4,97.51,0
1,9,147.09,168.98,card_declined,visa,0.577,1,22,4,2,147.09,0
0,28,507.79,433.26,insufficient_funds,mastercard,0.342,0,0,3,1,507.79,0
3,10,39.86,34.15,generic_decline,amex,0.655,4,23,1,1,39.86,0
4,1,111.03,120.52,insufficient_funds,mastercard,0.638,3,18,6,2,111.03,1
0,5,32.63,29.79,insufficient_funds,elo,0.674,4,4,4,1,32.63,0
4,2,51.63,54.5,generic_decline,visa,0.594,1,18,1,1,51.63,0
19,13,116.04,116.16,insufficient_funds,visa,0.704,0,22,0,1,162.16,1
0,24,63.11,59.68,insufficient_funds,mastercard,0.459,1,13,1,1,63.11,0
21,15,30.65,28.18,expired_card,elo,0.56,1,18,3,3,43.64,1
3,25,30.05,32.54,expired_card,mastercard,0.548,0,13,1,1,30.05,1
1,2,18.3,16.49,insufficient_funds,elo,0.495,2,17,1,3,18.3,0
7,15,149.27,133.99,insufficient_funds,visa,0.471,2,16,6,1,149.27,0
3,24,166.21,163.31,insufficient_funds,hipercard,0.44,1,9,6,1,166.21,1
13,20,165.47,146.57,insufficient_funds,elo,0.341,0,0,3,3,165.47,1
0,25,43.59,45.44,insufficient_funds,amex,0.53,2,20,5,3,43.59,0
7,8,238.89,274.15,insufficient_funds,visa,0.632,3,11,1,2,238.89,1
12,16,183.14,196.76,card_declined,visa,0.535,1,14,4,1,183.14,1
21,20,98.38,101.43,expired_card,mastercard,0.572,0,22,6,1,157.09,1
1,6,85.04,82.35,insufficient_funds,mastercard,0.516,3,21,5,1,85.04,1
58,24,54.92,62.96,insufficient_funds,elo,0.94,2,17,4,3,288.08,1
6,10,115.94,129.16,insufficient_funds,visa,0.386,2,12,5,2,115.94,0
4,4,411.17,450.72,insufficient_funds,mastercard,0.69,0,9,0,3,411.17,0
2,24,268.58,246.83,generic_decline,visa,0.33,1,10,2,2,268.58,0
11,22,77.85,69.06,insufficient_funds,mastercard,0.627,2,23,5,3,77.85,0
9,26,157.73,142.49,do_not_honor,visa,0.532,1,17,2,3,157.73,0
37,26,36.74,34.08,expired_card,amex,0.663,0,14,1,1,95.8,1
0,9,186.96,163.5,processing_error,visa,0.336,1,23,5,1,186.96,0
0,19,46.73,52.18,do_not_honor,mastercard,0.605,2,16,4,1,46.73,0
67,31,180.47,163.43,processing_error,visa,0.904,1,14,3,1,866.86,0
3,8,1312.67,1205.01,expired_card,visa,0.411,0,9,2,1,1312.67,0
12,15,58.91,65.77,insufficient_funds,mastercard,0.688,2,8,0,3,58.91,0
2,27,1311.24,1491.46,expired_card,visa,0.492,2,18,6,1,1311.24,0
14,4,151.14,138.52,insufficient_funds,mastercard,0.658,2,6,1,2,151.14,1
21,28,50.22,47.12,insufficient_funds,visa,0.593,2,8,4,4,72.98,0
8,16,48.22,52.56,do_not_honor,elo,0.376,2,23,1,1,48.22,0
1,26,798.86,911.56,expired_card,amex,0.169,2,16,1,2,798.86,0
8,19,151.46,158.26,insufficient_funds,elo,0.621,0,22,2,2,151.46,1
8,20,59.12,58.1,do_not_honor,visa,0.329,1,10,4,3,59.12,0
47,24,81.59,85.86,insufficient_funds,mastercard,0.752,1,23,1,4,312.18,1
27,3,143.32,155.37,do_not_honor,visa,0.631,2,18,0,4,312.88,0
4,19,96.99,85.72,card_declined,mastercard,0.533,1,13,3,1,96.99,1
14,28,132.91,130.33,insufficient_funds,elo,0.58,2,22,3,4,132.91,1
1,29,472.43,523.07,insufficient_funds,visa,0.476,0,9,4,3,472.43,0
2,29,35.89,38.1,generic_decline,visa,0.551,0,22,2,2,35.89,1
0,19,173.3,155.3,insufficient_funds,elo,0.392,2,18,2,2,173.3,1
24,19,91.62,98.63,generic_decline,mastercard,0.784,0,15,0,1,175.56,1
7,17,62.75,65.9,insufficient_funds,visa,0.644,3,22,1,3,62.75,0
5,18,253.36,235.47,insufficient_funds,hipercard,0.36,3,0,1,1,253.36,0
2,18,26.69,25.44,expired_card,visa,0.369,2,16,0,2,26.69,0
20,2,11.94,11.28,insufficient_funds,elo,0.634,0,15,6,2,16.61,1
26,4,119.33,136.99,insufficient_funds,visa,0.662,1,10,1,3,265.15,1
52,19,86.46,78.26,expired_card,hipercard,0.676,2,12,3,3,317.65,1
16,10,29.39,32.29,insufficient_funds,elo,0.68,2,10,2,2,37.74,1
12,9,21.39,21.59,insufficient_funds,visa,0.705,1,11,3,1,21.39,1
31,6,543.15,605.15,processing_error,hipercard,0.757,3,18,3,3,1409.58,1
9,24,147.48,168.8,insufficient_funds,visa,0.543,2,23,3,1,147.48,1
8,29,99.47,113.23,card_declined,amex,0.495,4,17,1,3,99.47,0
20,19,687.07,760.09,expired_card,mastercard,0.59,0,16,2,1,1119.02,1
60,28,242.33,236.05,expired_card,visa,0.956,1,15,1,1,1121.24,1
1,26,470.62,438.33,insufficient_funds,mastercard,0.586,2,9,2,1,470.62,0
44,7,34.27,32.41,do_not_honor,visa,0.561,2,19,2,2,109.73,0
3,5,33.15,34.67,insufficient_funds,mastercard,0.579,0,22,6,2,33.15,0
44,6,169.11,161.09,do_not_honor,mastercard,0.779,1,14,0,1,545.38,1
14,4,141.26,138.5,processing_error,mastercard,0.451,0,9,3,1,141.26,1
1,17,296.63,259.23,card_declined,elo,0.655,3,18,6,2,296.63,0
5,9,22.96,24.83,insufficient_funds,hipercard,0.609,4,19,6,1,22.96,1
0,27,182.62,161.33,insufficient_funds,mastercard,0.544,0,9,4,4,182.62,1
67,18,235.37,223.86,insufficient_funds,mastercard,0.747,2,11,2,3,1187.39,1
5,12,224.53,230.62,expired_card,visa,0.535,1,13,4,1,224.53,0
2,30,68.11,68.75,insufficient_funds,hipercard,0.409,0,13,6,3,68.11,0
0,29,154.95,173.22,insufficient_funds,amex,0.614,0,12,3,1,154.95,1
12,24,49.08,51.42,insufficient_funds,hipercard,0.628,1,16,2,1,49.08,1
5,24,75.35,81.88,insufficient_funds,elo,0.637,1,21,0,1,75.35,1
3,30,38.7,36.42,insufficient_funds,visa,0.528,0,16,3,3,38.7,1
41,18,49.82,44.32,insufficient_funds,visa,0.795,3,10,0,1,139.06,0
7,26,78.91,84.67,insufficient_funds,mastercard,0.606,3,9,1,1,78.91,1
2,3,63.2,56.63,insufficient_funds,visa,0.549,0,23,4,2,63.2,1
6,17,49.82,54.81,insufficient_funds,mastercard,0.585,1,0,1,1,49.82,1
5,16,30.81,34.9,expired_card,visa,0.521,1,23,1,1,30.81,0
16,2,558.05,521.71,do_not_honor,elo,0.46,1,15,3,4,609.82,0
38,4,62.66,67.57,insufficient_funds,mastercard,0.608,5,0,0,3,195.43,1
51,1,131.04,128.58,card_declined,visa,0.863,1,11,6,2,510.94,0
17,9,20.49,19.25,insufficient_funds,elo,0.444,1,17,6,1,23.95,0
0,2,326.49,319.75,expired_card,visa,0.409,1,11,6,2,326.49,0
25,14,113.4,118.39,insufficient_funds,visa,0.563,3,22,0,1,219.93,1
4,24,65.9,75.55,processing_error,mastercard,0.683,2,1,0,1,65.9,1
2,18,66.41,62.43,card_declined,visa,0.527,1,13,0,2,66.41,0
42,20,211.6,224.67,card_declined,visa,0.643,3,13,6,2,723.44,1
16,2,7.09,6.74,insufficient_funds,visa,0.419,2,18,6,2,7.88,0
16,25,47.01,43.5,processing_error,visa,0.742,1,23,0,2,50.85,1
2,5,87.94,91.42,insufficient_funds,visa,0.488,3,23,0,4,87.94,0
9,9,87.04,93.86,expired_card,mastercard,0.376,2,14,1,1,87.04,0
2,16,904.94,963.96,card_declined,elo,0.509,4,17,1,1,904.94,0
5,28,72.42,82.04,expired_card,visa,0.617,0,22,0,1,72.42,0
4,31,235.57,207.82,processing_error,visa,0.414,3,19,0,1,235.57,0
1,24,488.67,494.63,card_declined,visa,0.592,2,10,4,1,488.67,0
5,23,177.35,166.22,card_declined,visa,0.483,1,22,3,1,177.35,0
0,16,53.72,58.83,insufficient_funds,visa,0.361,2,15,2,1,53.72,0
0,20,31.23,27.13,insufficient_funds,mastercard,0.519,1,14,1,3,31.23,1
20,5,189.53,171.1,insufficient_funds,elo,0.761,0,7,3,1,251.9,1
71,8,421.44,455.83,expired_card,elo,0.8,0,21,4,4,2562.14,1
16,30,158.76,151.84,card_declined,amex,0.479,3,22,1,4,177.48,1
18,30,292.39,308.34,expired_card,amex,0.578,4,22,0,3,407.01,0
3,10,977.33,1123.49,card_declined,visa,0.519,2,10,6,2,977.33,0
1,8,205.66,203.18,insufficient_funds,visa,0.529,1,9,0,2,205.66,1
71,7,36.77,37.13,insufficient_funds,mastercard,0.81,1,11,5,2,208.7,1
49,15,102.28,116.86,do_not_honor,mastercard,0.809,0,11,3,1,444.57,1
3,7,330.15,354.55,insufficient_funds,mastercard,0.589,1,13,2,1,330.15,0
5,19,78.37,71.24,insufficient_funds,mastercard,0.495,1,16,1,1,78.37,0
4,3,372.38,406.37,card_declined,hipercard,0.462,1,23,4,3,372.38,1
21,4,92.11,92.55,insufficient_funds,mastercard,0.629,1,14,3,1,143.34,1
22,9,131.55,142.89,insufficient_funds,hipercard,0.774,2,11,0,4,232.28,1
10,24,71.58,73.7,card_declined,hipercard,0.566,2,11,5,2,71.58,0
3,10,112.63,103.42,insufficient_funds,mastercard,0.481,1,16,4,4,112.63,1
16,15,118.05,129.19,do_not_honor,visa,0.644,1,18,5,2,151.01,1
33,20,23.42,19.92,do_not_honor,visa,0.518,0,15,1,1,49.58,1
2,24,66.03,73.72,insufficient_funds,visa,0.364,1,20,1,2,66.03,0
47,10,32.69,35.81,generic_decline,amex,0.765,2,0,1,1,130.2,1
63,23,68.09,77.69,insufficient_funds,hipercard,0.826,1,17,0,1,387.48,1
18,9,48.23,41.51,insufficient_funds,visa,0.507,2,17,6,2,54.79,0
52,19,240.13,235.64,card_declined,visa,0.823,0,22,2,1,956.44,1
48,15,242.62,218.54,expired_card,elo,0.755,2,11,1,2,812.97,1
7,28,160.79,154.71,insufficient_funds,mastercard,0.542,0,14,3,2,160.79,0
21,30,31.7,30.37,insufficient_funds,elo,0.677,0,15,6,1,47.04,1
47,24,89.59,92.21,insufficient_funds,visa,0.742,0,16,2,1,335.27,0
59,28,29.54,28.99,insufficient_funds,visa,0.809,1,12,6,4,135.17,0
0,5,85.76,97.74,insufficient_funds,visa,0.293,2,16,6,1,85.76,1
5,20,173.73,162.15,do_not_honor,visa,0.553,2,10,1,1,173.73,0
2,6,235.97,230.22,processing_error,visa,0.59,2,14,3,1,235.97,1
5,9,148.77,157.73,insufficient_funds,visa,0.516,3,23,4,2,148.77,1
58,16,298.96,278.92,insufficient_funds,mastercard,0.761,2,10,1,2,1276.21,0
2,23,123.12,131.39,insufficient_funds,elo,0.542,2,9,6,1,123.12,0
3,22,79.43,84.4,insufficient_funds,visa,0.602,1,1,3,1,79.43,1
3,26,212.4,225.92,expired_card,amex,0.653,1,19,4,2,212.4,0
2,17,218.68,230.17,processing_error,visa,0.611,3,17,4,1,218.68,1
6,28,61.36,67.2,insufficient_funds,mastercard,0.584,1,11,1,2,61.36,1
14,26,136.87,157.19,do_not_honor,visa,0.427,3,14,3,1,160.16,1
3,25,75.26,65.22,processing_error,elo,0.529,4,10,6,1,75.26,0
0,7,16.41,16.4,insufficient_funds,visa,0.375,3,18,4,3,16.41,0
39,16,144.51,158.08,do_not_honor,mastercard,0.814,2,9,2,2,470.09,0
2,23,30.95,26.31,insufficient_funds,hipercard,0.365,3,19,3,1,30.95,0
64,30,130.84,132.61,do_not_honor,visa,0.715,3,13,4,1,671.89,1
8,1,24.99,26.19,expired_card,elo,0.421,2,15,2,2,24.99,1
2,10,51.58,46.81,insufficient_funds,elo,0.606,1,20,2,1,51.58,1
0,11,66.5,64.52,insufficient_funds,visa,0.247,2,16,2,1,66.5,0
1,9,284.26,308.94,expired_card,visa,0.524,1,14,6,2,284.26,0
9,24,60.85,52.94,processing_error,elo,0.675,0,14,4,2,60.85,0
4,2,37.62,33.5,processing_error,amex,0.528,2,16,0,1,37.62,1
32,12,135.1,147.99,insufficient_funds,visa,0.589,0,10,0,3,356.49,1
5,22,80.61,88.09,processing_error,elo,0.677,1,12,0,3,80.61,1
2,13,197.29,202.64,insufficient_funds,elo,0.409,2,16,6,2,197.29,0
17,5,39.79,38.79,insufficient_funds,mastercard,0.611,0,11,0,2,48.27,0
6,18,117.88,103.93,insufficient_funds,elo,0.526,1,17,2,1,117.88,1
2,16,876.66,958.57,processing_error,visa,0.493,2,12,4,1,876.66,1
8,30,79.03,72.91,expired_card,mastercard,0.576,2,17,5,3,79.03,1
6,23,115.38,129.68,insufficient_funds,hipercard,0.558,0,9,1,3,115.38,1
11,31,22.35,24.2,expired_card,elo,0.511,1,15,1,3,22.35,0
14,6,45.82,40.06,do_not_honor,visa,0.48,4,19,0,3,45.82,0
37,24,147.05,153.03,insufficient_funds,mastercard,0.725,4,13,0,3,430.16,1
62,17,72.92,82.12,insufficient_funds,visa,0.844,0,20,0,2,403.07,0
11,22,168.71,187.9,insufficient_funds,visa,0.587,1,13,4,1,168.71,0
2,15,142.58,147.43,insufficient_funds,visa,0.499,4,20,0,4,142.58,0
23,7,30.31,27.33,insufficient_funds,visa,0.763,1,21,4,3,46.53,0
6,2,240.88,253.9,card_declined,mastercard,0.644,3,4,5,1,240.88,1
13,25,32.41,34.03,insufficient_funds,visa,0.493,1,12,3,1,32.41,1
1,24,49.55,50.87,processing_error,elo,0.409,2,23,6,2,49.55,0
14,6,119.85,111.43,generic_decline,amex,0.591,0,8,2,3,119.85,1
3,19,393.23,440.45,insufficient_funds,mastercard,0.554,1,9,3,1,393.23,1
19,23,40.07,40.1,insufficient_funds,visa,0.617,2,0,0,2,55.98,1
1,17,111.45,104.67,insufficient_funds,hipercard,0.608,0,12,4,2,111.45,1
15,10,112.28,104.03,card_declined,visa,0.523,1,16,4,1,113.78,0
11,26,175.27,163.76,insufficient_funds,mastercard,0.698,0,11,1,2,175.27,1
1,19,279.83,276.56,expired_card,visa,0.683,0,23,4,1,279.83,0
0,22,68.27,62.76,processing_error,hipercard,0.422,1,15,2,1,68.27,1
2,20,240.14,241.39,card_declined,visa,0.61,1,17,6,1,240.14,0
20,22,318.66,289.22,insufficient_funds,hipercard,0.635,0,11,0,2,425.8,1
16,5,476.8,444.04,do_not_honor,hipercard,0.665,2,17,2,2,519.03,0
50,28,152.67,135.25,do_not_honor,hipercard,0.751,0,12,2,1,525.97,1
68,9,112.42,107.61,expired_card,elo,0.741,0,23,2,4,579.3,0
2,25,64.12,62.31,insufficient_funds,elo,0.607,0,20,1,1,64.12,1
8,26,26.75,25.98,card_declined,hipercard,0.587,1,0,1,1,26.75,1
4,19,76.36,81.51,do_not_honor,visa,0.565,3,14,2,2,76.36,0
17,18,108.01,107.47,expired_card,elo,0.68,1,14,0,2,133.73,0
3,4,88.69,93.83,card_declined,visa,0.473,4,16,0,4,88.69,0
17,14,166.23,142.95,insufficient_funds,visa,0.506,4,20,6,4,177.87,1
2,18,26.86,26.35,insufficient_funds,mastercard,0.484,3,22,3,2,26.86,0
64,3,83.16,72.93,processing_error,hipercard,0.888,1,16,5,3,369.51,0
44,4,574.99,568.45,do_not_honor,visa,0.863,2,18,2,1,1924.52,1
0,31,236.7,244.88,insufficient_funds,mastercard,0.541,3,12,6,1,236.7,1
9,11,168.98,184.02,insufficient_funds,mastercard,0.487,1,8,5,1,168.98,1
15,11,138.3,140.38,insufficient_funds,mastercard,0.586,1,0,6,1,153.54,0
8,8,70.65,68.1,insufficient_funds,visa,0.49,0,0,5,2,70.65,1
6,19,20.58,19.13,card_declined,mastercard,0.666,2,19,4,2,20.58,0
1,15,146.71,166.84,insufficient_funds,mastercard,0.472,1,11,3,1,146.71,1
3,24,11.11,10.1,card_declined,amex,0.584,0,18,5,3,11.11,0
57,16,73.2,63.15,expired_card,hipercard,0.835,0,8,1,4,283.46,0
5,1,97.43,86.49,card_declined,visa,0.673,1,20,0,2,97.43,1
2,15,65.7,75.51,insufficient_funds,visa,0.685,2,17,2,1,65.7,1
56,2,672.66,754.61,processing_error,mastercard,0.703,3,14,5,3,3321.96,1
44,25,494.21,467.56,insufficient_funds,mastercard,0.806,2,20,0,1,1582.95,1
13,4,244.65,208.24,insufficient_funds,elo,0.625,2,18,6,2,244.65,1
15,7,42.97,46.41,expired_card,elo,0.651,1,21,3,1,50.76,1
4,15,538.72,506.48,insufficient_funds,visa,0.656,2,18,5,1,538.72,1
13,6,169.39,145.11,insufficient_funds,amex,0.702,1,4,3,2,169.39,0
2,16,42.34,41.79,do_not_honor,visa,0.453,0,16,5,1,42.34,0
1,15,100.63,98.34,card_declined,hipercard,0.36,0,16,6,2,100.63,0
1,29,229.04,219.54,insufficient_funds,mastercard,0.636,1,20,5,3,229.04,0
67,4,57.42,60.06,card_declined,amex,0.812,1,10,6,2,318.57,0
3,17,110.75,118.26,insufficient_funds,visa,0.627,0,11,5,2,110.75,0
61,22,129.48,131.78,insufficient_funds,mastercard,0.744,4,8,2,1,636.39,0
2,4,36.76,31.4,insufficient_funds,visa,0.646,0,15,2,1,36.76,1
2,19,76.9,65.88,insufficient_funds,elo,0.51,1,0,3,3,76.9,0
20,26,39.31,43.81,insufficient_funds,hipercard,0.606,0,17,1,3,64.5,0
39,24,211.46,191.57,expired_card,elo,0.776,2,10,2,1,569.68,1
19,28,43.63,42.3,insufficient_funds,mastercard,0.455,1,10,0,2,59.05,1
64,22,126.67,111.6,insufficient_funds,visa,0.756,1,8,1,4,565.44,1
15,13,28.43,26.12,insufficient_funds,hipercard,0.457,2,15,4,3,28.57,0
13,28,35.71,35.55,insufficient_funds,visa,0.333,0,11,0,1,35.71,0
10,7,34.21,31.5,expired_card,mastercard,0.557,3,2,6,1,34.21,1
53,17,75.58,79.19,insufficient_funds,visa,0.875,1,11,0,2,328.19,0
0,24,114.74,110.17,expired_card,elo,0.651,1,19,1,1,114.74,0
58,26,135.15,146.85,insufficient_funds,visa,0.819,0,0,6,2,671.92,1
4,28,20.25,20.87,insufficient_funds,visa,0.411,2,11,6,1,20.25,0
37,4,84.15,77.94,card_declined,visa,0.834,2,11,0,1,219.09,1
31,23,50.18,54.82,card_declined,mastercard,0.665,3,12,6,1,127.69,0
14,6,157.1,177.46,card_declined,visa,0.215,0,11,5,2,180.81,1
11,24,77.07,68.29,insufficient_funds,amex,0.437,3,13,3,2,77.07,0
3,22,90.98,95.61,insufficient_funds,elo,0.645,2,20,6,3,90.98,0
6,6,50.43,52.41,expired_card,hipercard,0.574,2,17,3,1,50.43,1
9,25,452.33,475.36,generic_decline,visa,0.478,2,13,0,1,452.33,0
6,15,31.26,26.86,insufficient_funds,mastercard,0.455,1,18,1,3,31.26,0
62,17,68.53,58.83,expired_card,mastercard,0.592,6,13,1,1,288.76,0
3,29,107.55,100.93,insufficient_funds,amex,0.559,3,15,2,1,107.55,1
56,20,78.19,68.34,do_not_honor,visa,0.767,1,17,4,4,300.85,0
1,18,49.59,47.6,insufficient_funds,visa,0.664,0,16,1,1,49.59,0
8,1,19.55,21.73,insufficient_funds,visa,0.624,2,14,4,2,19.55,0
19,6,52.89,50.58,insufficient_funds,mastercard,0.477,1,12,3,3,70.61,0
2,1,41.69,40.35,card_declined,amex,0.482,1,17,3,1,41.69,0
32,11,434.44,404.14,card_declined,visa,0.631,2,14,4,1,973.53,1
0,11,730.79,713.6,card_declined,mastercard,0.631,0,16,5,4,730.79,1
3,16,93.44,101.78,card_declined,visa,0.5,1,14,2,1,93.44,0
0,21,28.07,30.86,insufficient_funds,visa,0.441,5,20,4,3,28.07,0
1,6,188.29,183.83,insufficient_funds,hipercard,0.575,2,23,0,2,188.29,1
40,18,40.89,39.62,do_not_honor,elo,0.841,3,23,5,2,121.06,1
20,28,60.01,54.52,insufficient_funds,hipercard,0.594,0,2,4,1,80.27,0
39,6,55.91,63.89,insufficient_funds,mastercard,0.759,0,15,6,2,189.99,1
1,20,62.66,59.11,insufficient_funds,elo,0.409,0,14,1,2,62.66,1
18,2,71.33,67.96,insufficient_funds,mastercard,0.563,1,8,0,3,89.71,1
2,16,30.44,29.8,insufficient_funds,mastercard,0.62,0,21,6,1,30.44,1
68,23,52.39,45.8,expired_card,visa,0.748,2,18,2,1,246.56,1
5,2,241.87,229.43,expired_card,visa,0.244,1,16,4,1,241.87,1
2,11,94.88,107.14,insufficient_funds,visa,0.486,3,22,6,2,94.88,0
4,26,109.26,95.31,insufficient_funds,elo,0.452,3,17,4,2,109.26,0
1,7,13.46,12.41,do_not_honor,elo,0.624,1,22,1,2,13.46,0
4,23,226.86,207.65,card_declined,mastercard,0.539,0,18,0,1,226.86,0
8,18,53.17,48.94,do_not_honor,visa,0.478,1,8,2,1,53.17,0
0,6,265.29,301.47,insufficient_funds,elo,0.378,0,0,4,1,265.29,1
3,23,112.11,119.12,do_not_honor,visa,0.353,1,22,6,1,112.11,0
5,16,59.33,66.8,do_not_honor,amex,0.636,1,16,0,2,59.33,0
32,4,22.02,24.38,insufficient_funds,visa,0.743,3,13,2,4,58.73,0
0,28,674.73,699.98,card_declined,elo,0.615,2,17,5,1,674.73,0
29,16,199.52,203.1,insufficient_funds,visa,0.816,1,14,6,1,440.92,0
42,23,210.41,210.98,expired_card,visa,0.784,3,12,5,2,679.36,0
38,7,491.8,519.76,processing_error,mastercard,0.796,1,13,5,2,1503.26,1
4,5,119.28,126.5,insufficient_funds,mastercard,0.558,0,17,1,2,119.28,0
35,23,324.97,334.67,insufficient_funds,visa,0.755,2,17,2,3,886.64,1
0,20,63.9,62.92,insufficient_funds,mastercard,0.619,1,22,3,1,63.9,1
6,8,188.22,198.12,card_declined,visa,0.396,1,20,0,1,188.22,0
19,23,55.85,50.1,card_declined,amex,0.544,0,19,2,3,69.94,1
5,16,62.48,63.45,insufficient_funds,mastercard,0.306,0,20,1,1,62.48,1
4,11,106.54,107.16,generic_decline,mastercard,0.687,2,0,1,1,106.54,1
23,24,31.71,32.04,insufficient_funds,mastercard,0.597,0,23,5,1,54.55,1
50,18,130.98,131.41,insufficient_funds,elo,0.778,2,23,4,2,511.04,0
34,16,74.09,79.65,insufficient_funds,visa,0.725,5,11,0,4,204.61,1
4,24,16.72,18.01,processing_error,elo,0.679,2,21,6,1,16.72,1
0,17,65.1,61.77,card_declined,amex,0.474,0,14,3,3,65.1,0
7,28,71.94,68.72,card_declined,mastercard,0.651,0,18,4,1,71.94,0
35,25,208.51,178.26,do_not_honor,visa,0.768,3,12,4,2,472.27,1
55,12,125.93,111.32,insufficient_funds,visa,0.608,1,23,0,1,480.45,1
8,15,353.61,328.4,insufficient_funds,hipercard,0.603,4,22,6,1,353.61,1
8,29,155.15,167.52,expired_card,visa,0.536,0,20,4,3,155.15,1
37,27,59.76,65.1,insufficient_funds,visa,0.773,2,6,1,2,182.99,1
25,6,92.81,85.79,expired_card,hipercard,0.543,1,7,0,3,159.37,1
6,8,71.75,79.71,insufficient_funds,amex,0.607,2,16,6,1,71.75,1
3,12,150.79,145.17,insufficient_funds,mastercard,0.548,0,22,6,2,150.79,1
2,26,103.08,112.3,insufficient_funds,visa,0.518,0,11,4,1,103.08,0
16,28,55.93,55.37,insufficient_funds,mastercard,0.416,1,9,3,3,64.72,0
0,24,98.5,104.78,generic_decline,elo,0.649,2,15,3,2,98.5,0
69,8,147.24,140.89,insufficient_funds,visa,0.824,1,22,3,2,769.61,1
52,26,39.98,34.83,do_not_honor,visa,0.65,3,23,5,1,141.37,0
5,2,129.54,119.98,insufficient_funds,amex,0.551,2,22,4,1,129.54,0
49,14,24.05,25.47,do_not_honor,elo,0.849,1,15,0,2,96.9,1
4,12,260.99,293.71,expired_card,mastercard,0.341,1,23,1,1,260.99,0
6,16,156.13,162.14,insufficient_funds,amex,0.513,0,23,4,1,156.13,0
5,17,415.59,449.12,insufficient_funds,mastercard,0.644,2,22,6,2,415.59,0
1,7,36.25,30.97,insufficient_funds,hipercard,0.353,0,14,4,2,36.25,1
64,6,267.53,288.4,processing_error,visa,0.894,0,11,3,1,1461.23,1
8,24,224.45,247.04,insufficient_funds,mastercard,0.634,5,19,5,3,224.45,1
6,3,83.14,80.96,insufficient_funds,mastercard,0.504,2,12,4,4,83.14,0
1,16,69.95,69.82,card_declined,mastercard,0.379,0,13,4,3,69.95,0
0,6,37.28,32.27,expired_card,visa,0.644,0,16,6,1,37.28,1
43,10,29.57,26.68,insufficient_funds,mastercard,0.565,3,21,4,3,88.11,1
41,9,50.15,43.48,insufficient_funds,mastercard,0.758,1,15,3,2,136.42,1
0,22,32.04,34.26,expired_card,visa,0.441,1,8,4,2,32.04,1
4,15,403.38,439.67,insufficient_funds,mastercard,0.537,2,16,6,1,403.38,1
20,9,25.74,22.72,expired_card,elo,0.606,1,8,4,1,33.45,0
6,25,111.57,125.68,insufficient_funds,mastercard,0.665,5,11,0,1,111.57,0
35,4,143.95,158.61,generic_decline,mastercard,0.834,0,9,0,4,420.21,0
64,24,134.29,137.36,expired_card,visa,0.89,0,16,5,1,695.96,1
56,8,145.18,166.01,expired_card,visa,0.865,1,11,3,4,730.81,0
45,28,226.58,252.58,processing_error,elo,0.813,4,17,6,3,876.14,1
29,1,65.78,60.31,generic_decline,elo,0.789,2,18,1,1,130.93,1
0,17,105.65,120.04,processing_error,mastercard,0.549,0,15,4,1,105.65,1
14,19,75.31,74.02,expired_card,mastercard,0.711,0,0,2,2,75.42,0
9,17,310.89,278.7,do_not_honor,visa,0.587,3,1,0,1,310.89,0
6,24,631.26,574.46,insufficient_funds,mastercard,0.464,0,15,2,2,631.26,0
3,4,33.85,35.72,card_declined,mastercard,0.519,1,11,1,1,33.85,0
5,13,16.09,18.44,card_declined,mastercard,0.324,0,15,3,1,16.09,0
21,26,162.06,159.4,expired_card,visa,0.52,2,16,6,2,246.87,0
29,26,252.96,258.51,do_not_honor,visa,0.793,1,15,6,2,561.22,0
64,16,556.01,522.69,card_declined,hipercard,0.661,3,16,3,3,2648.3,0
4,17,188.27,207.78,card_declined,mastercard,0.543,2,23,6,4,188.27,0
3,24,337.74,298.75,do_not_honor,amex,0.704,6,17,6,1,337.74,0
11,24,427.11,437.65,card_declined,mastercard,0.638,2,10,1,2,427.11,0
6,26,359.09,368.38,insufficient_funds,elo,0.434,2,10,0,1,359.09,1
2,25,213.82,181.82,insufficient_funds,visa,0.294,1,23,5,2,213.82,0
4,13,31.29,35.43,insufficient_funds,visa,0.709,0,23,3,1,31.29,1
19,19,97.03,110.84,insufficient_funds,mastercard,0.59,2,15,5,1,154.73,0
33,15,127.6,126.35,card_declined,mastercard,0.611,0,21,4,3,314.45,1
4,4,89.46,95.52,processing_error,visa,0.435,1,17,1,1,89.46,0
3,25,94.5,104.39,insufficient_funds,mastercard,0.633,1,4,2,1,94.5,1
1,18,393.3,348.08,do_not_honor,visa,0.547,2,20,2,3,393.3,0
1,2,49.9,43.68,card_declined,visa,0.509,1,14,4,1,49.9,0
3,20,198.78,210.07,generic_decline,hipercard,0.602,1,16,0,2,198.78,0
31,9,129.48,131.79,insufficient_funds,mastercard,0.515,1,22,2,1,306.98,0
20,3,45.63,48.09,insufficient_funds,visa,0.732,2,16,1,1,70.8,1
12,18,37.56,38.37,expired_card,visa,0.334,2,16,4,1,37.56,1
46,23,21.57,23.03,card_declined,amex,0.868,1,20,2,1,81.81,0
47,16,150.47,134.89,do_not_honor,hipercard,0.76,2,20,4,1,490.46,0
0,1,92.41,84.53,do_not_honor,visa,0.676,0,17,5,2,92.41,1
1,17,46.94,43.24,insufficient_funds,mastercard,0.378,1,3,5,1,46.94,1
2,1,18.46,18.0,insufficient_funds,mastercard,0.394,1,22,6,1,18.46,0
51,28,143.56,154.74,card_declined,visa,0.928,1,17,0,1,614.9,1
5,8,83.77,92.1,insufficient_funds,mastercard,0.464,1,16,0,3,83.77,0
9,26,51.85,50.31,generic_decline,visa,0.459,2,21,1,3,51.85,0
6,1,41.51,42.78,card_declined,visa,0.428,1,14,2,4,41.51,0
6,4,79.08,74.22,processing_error,mastercard,0.529,2,8,3,1,79.08,1
3,15,148.4,147.32,do_not_honor,visa,0.623,1,12,6,2,148.4,1
3,24,72.91,82.55,insufficient_funds,mastercard,0.537,0,22,6,1,72.91,1
13,28,34.01,31.66,insufficient_funds,visa,0.638,1,20,2,2,34.01,0
13,16,92.83,100.85,expired_card,mastercard,0.42,1,15,6,2,95.23,0
8,12,247.44,213.46,processing_error,hipercard,0.544,1,20,1,2,247.44,1
16,2,101.31,96.61,card_declined,mastercard,0.68,0,22,1,1,112.93,1
0,17,103.87,108.82,insufficient_funds,mastercard,0.246,2,20,4,1,103.87,0
38,12,73.19,79.25,expired_card,mastercard,0.729,2,23,2,2,229.21,0
11,27,44.35,45.58,insufficient_funds,amex,0.401,2,23,5,4,44.35,0
0,15,43.06,47.83,insufficient_funds,mastercard,0.691,1,16,6,1,43.06,1
34,24,22.34,24.49,generic_decline,visa,0.673,1,18,3,2,62.91,1
11,25,279.13,288.97,insufficient_funds,visa,0.721,0,23,6,3,279.13,0
7,4,147.41,140.69,insufficient_funds,mastercard,0.66,4,22,1,1,147.41,1
4,14,105.18,100.88,insufficient_funds,elo,0.619,5,15,0,1,105.18,1
0,26,127.1,131.49,do_not_honor,visa,0.545,2,11,3,1,127.1,0
21,14,132.16,138.37,insufficient_funds,mastercard,0.619,3,10,6,2,214.3,1
9,17,50.9,49.29,insufficient_funds,mastercard,0.299,0,9,4,1,50.9,0
4,26,73.22,70.97,insufficient_funds,mastercard,0.585,0,0,4,3,73.22,1
61,7,64.15,57.93,expired_card,mastercard,0.895,3,19,6,2,279.75,0
0,27,909.87,773.47,insufficient_funds,visa,0.535,1,16,5,2,909.87,0
27,13,241.93,239.14,processing_error,mastercard,0.744,3,15,3,2,481.57,1
3,18,113.47,124.73,processing_error,elo,0.563,2,0,5,1,113.47,0
64,10,328.92,355.22,expired_card,hipercard,0.883,6,15,2,1,1799.78,1
5,16,294.01,337.58,insufficient_funds,mastercard,0.595,2,0,3,1,294.01,0
6,2,28.68,30.14,insufficient_funds,visa,0.638,4,18,6,3,28.68,0
1,3,80.19,73.79,insufficient_funds,elo,0.407,0,23,2,1,80.19,1
45,13,96.34,101.47,insufficient_funds,elo,0.699,2,22,5,1,351.97,1
36,11,168.28,184.86,card_declined,mastercard,0.692,1,10,4,2,504.67,0
5,18,80.11,83.5,insufficient_funds,visa,0.541,0,17,1,2,80.11,1
0,2,89.56,89.07,insufficient_funds,visa,0.499,2,12,4,3,89.56,0
69,6,64.88,67.19,insufficient_funds,mastercard,0.73,0,16,2,1,367.03,1
7,6,248.18,212.87,insufficient_funds,mastercard,0.435,0,15,2,1,248.18,0
58,14,27.12,25.21,insufficient_funds,visa,0.873,2,12,4,2,115.35,1
51,8,66.87,60.0,insufficient_funds,mastercard,0.691,0,16,0,1,238.42,0
39,5,19.0,18.51,processing_error,hipercard,0.783,3,18,4,1,55.04,1
70,18,39.16,43.78,insufficient_funds,visa,0.759,3,18,0,2,242.61,1
2,23,129.56,117.43,insufficient_funds,mastercard,0.634,0,10,3,1,129.56,1
53,21,131.76,114.8,do_not_honor,hipercard,0.866,2,0,4,1,475.77,0
0,9,74.01,80.16,expired_card,hipercard,0.642,4,20,4,1,74.01,0
21,25,265.29,294.57,processing_error,visa,0.78,2,18,2,2,456.22,1
48,18,325.45,328.52,insufficient_funds,visa,0.778,2,15,2,1,1222.09,1
60,18,91.92,88.52,insufficient_funds,mastercard,0.818,1,17,1,3,420.47,0
9,7,122.1,119.56,insufficient_funds,visa,0.537,1,22,2,2,122.1,1
3,8,65.39,68.51,card_declined,mastercard,0.179,3,14,6,3,65.39,0
13,15,170.59,187.54,do_not_honor,mastercard,0.528,1,15,5,1,177.1,1
4,7,33.84,30.69,insufficient_funds,elo,0.553,0,16,0,2,33.84,1
55,21,481.85,540.0,insufficient_funds,mastercard,0.738,2,18,1,4,2330.62,0
36,10,269.09,281.8,insufficient_funds,amex,0.696,2,15,0,1,769.31,1
70,5,33.7,36.11,insufficient_funds,elo,0.924,2,18,2,4,200.11,1
2,5,48.5,42.49,insufficient_funds,mastercard,0.659,0,12,5,1,48.5,0
1,4,142.11,159.95,generic_decline,visa,0.506,1,9,3,1,142.11,0
5,14,72.38,72.99,insufficient_funds,elo,0.657,2,7,1,2,72.38,0
1,1,158.57,152.01,insufficient_funds,elo,0.406,2,8,2,4,158.57,0
0,17,71.03,68.88,card_declined,visa,0.483,2,0,0,3,71.03,0
44,9,378.76,355.24,insufficient_funds,visa,0.854,1,23,2,1,1202.68,1
5,17,98.47,88.51,generic_decline,mastercard,0.551,1,19,2,1,98.47,0
5,28,839.31,722.14,insufficient_funds,visa,0.515,2,16,1,2,839.31,0
17,26,166.96,155.16,do_not_honor,elo,0.578,0,12,1,3,193.07,1
9,17,29.48,29.45,insufficient_funds,visa,0.559,0,19,1,2,29.48,0
11,13,623.8,655.01,insufficient_funds,mastercard,0.44,1,23,0,2,623.8,0
1,22,259.4,277.56,expired_card,visa,0.245,0,14,0,1,259.4,0
1,28,137.01,140.94,do_not_honor,mastercard,0.522,3,14,6,2,137.01,0
57,16,173.61,153.61,insufficient_funds,elo,0.69,3,21,4,3,689.52,0
13,4,33.99,33.29,insufficient_funds,visa,0.629,1,14,4,3,33.99,0
26,24,19.68,20.67,insufficient_funds,visa,0.739,1,22,2,2,40.01,1
7,1,94.19,101.06,insufficient_funds,visa,0.693,1,10,0,1,94.19,1
4,24,332.67,315.16,processing_error,visa,0.647,3,22,3,1,332.67,1
18,4,138.92,156.78,do_not_honor,mastercard,0.55,2,9,2,2,206.95,0
3,4,446.15,485.69,card_declined,visa,0.461,1,19,1,1,446.15,0
6,24,316.09,349.44,insufficient_funds,mastercard,0.408,0,13,4,2,316.09,0
4,21,99.55,104.52,expired_card,mastercard,0.508,2,20,1,2,99.55,0
2,17,279.76,272.52,expired_card,amex,0.446,2,10,4,2,279.76,0
6,25,378.01,427.25,insufficient_funds,visa,0.662,4,17,0,2,378.01,1
6,25,91.03,101.99,insufficient_funds,amex,0.647,1,15,3,1,91.03,0
54,15,80.84,88.81,expired_card,hipercard,0.876,4,12,4,2,375.67,1
6,31,110.74,123.73,processing_error,mastercard,0.316,2,15,4,1,110.74,0
1,12,11.47,12.9,insufficient_funds,elo,0.423,3,23,6,4,11.47,0
2,6,125.4,134.67,processing_error,mastercard,0.587,3,19,2,1,125.4,1
15,25,185.37,168.71,card_declined,visa,0.652,1,6,2,4,185.37,1
11,13,111.14,112.43,do_not_honor,hipercard,0.446,0,23,4,3,111.14,0
9,26,132.76,137.38,generic_decline,hipercard,0.468,1,19,0,2,132.76,0
51,2,94.05,101.76,insufficient_funds,visa,0.747,4,11,3,3,404.37,0
8,4,16.58,16.56,insufficient_funds,visa,0.363,3,23,6,2,16.58,0
9,2,428.07,429.72,card_declined,visa,0.521,1,15,1,1,428.07,0
3,18,70.5,80.98,processing_error,mastercard,0.407,2,16,3,1,70.5,0
1,25,56.47,55.66,insufficient_funds,amex,0.604,3,11,0,3,56.47,1
0,13,326.59,290.34,expired_card,visa,0.542,1,23,6,2,326.59,0
57,4,233.17,247.84,do_not_honor,mastercard,0.735,1,13,5,3,1112.49,0
0,12,124.58,119.44,insufficient_funds,elo,0.477,2,17,5,3,124.58,0
2,11,193.61,179.0,insufficient_funds,visa,0.633,2,16,0,1,193.61,0
42,19,35.04,36.39,insufficient_funds,mastercard,0.574,2,18,3,3,117.18,1
19,20,90.97,103.37,insufficient_funds,mastercard,0.39,0,8,1,1,144.3,0
1,4,308.76,291.42,expired_card,visa,0.487,2,15,6,4,308.76,0
0,14,53.56,51.51,insufficient_funds,mastercard,0.3,1,11,6,1,53.56,0
48,19,40.27,39.85,processing_error,visa,0.592,2,9,4,1,148.24,1
3,8,104.82,110.73,insufficient_funds,mastercard,0.571,1,16,4,1,104.82,1
1,13,107.02,103.68,processing_error,visa,0.358,2,15,1,4,107.02,0
56,18,173.75,169.85,insufficient_funds,elo,0.773,2,15,0,2,747.72,1
48,13,28.74,30.47,processing_error,mastercard,0.499,1,14,5,1,113.35,1
36,2,10.15,11.63,insufficient_funds,hipercard,0.537,3,13,1,1,31.75,1
12,7,221.57,209.37,expired_card,elo,0.615,2,1,1,3,221.57,1
15,24,37.35,38.31,insufficient_funds,elo,0.625,1,16,1,1,41.9,1
64,8,56.86,61.88,expired_card,visa,0.846,1,22,2,3,313.53,0
4,24,14.06,12.85,insufficient_funds,mastercard,0.608,1,15,1,2,14.06,0
35,15,242.51,265.67,insufficient_funds,elo,0.756,0,12,1,1,703.84,0
7,15,133.43,127.62,card_declined,elo,0.517,2,13,0,2,133.43,1
67,24,128.76,113.73,insufficient_funds,mastercard,0.795,2,12,5,3,603.24,1
2,12,127.99,109.75,do_not_honor,visa,0.445,0,15,6,1,127.99,0
49,7,15.68,13.48,expired_card,visa,0.864,0,5,0,4,51.28,0
2,4,40.74,44.38,insufficient_funds,visa,0.517,1,11,3,1,40.74,1
35,20,65.44,68.87,generic_decline,visa,0.58,1,23,2,2,182.46,1
65,15,50.26,54.69,insufficient_funds,elo,0.902,5,15,2,2,281.43,1
3,24,76.8,82.63,processing_error,mastercard,0.698,2,4,4,1,76.8,0
0,15,121.64,117.3,insufficient_funds,mastercard,0.612,0,0,4,1,121.64,1
1,13,238.99,270.04,expired_card,visa,0.452,4,23,0,3,238.99,1
14,9,26.25,29.23,processing_error,elo,0.309,1,20,6,1,29.78,1
43,6,96.98,92.57,insufficient_funds,visa,0.67,4,12,0,2,305.73,1
3,25,183.91,198.97,card_declined,visa,0.39,1,13,2,1,183.91,1
14,4,43.01,47.13,insufficient_funds,elo,0.553,0,19,0,3,48.02,1
3,27,82.36,82.07,card_declined,mastercard,0.416,4,17,4,3,82.36,0
19,1,147.94,131.09,insufficient_funds,visa,0.708,0,18,2,1,183.0,1
14,16,98.73,93.81,insufficient_funds,visa,0.506,1,14,0,1,98.73,1
1,2,177.91,204.0,insufficient_funds,mastercard,0.552,2,21,2,1,177.91,1
5,24,106.33,113.22,expired_card,mastercard,0.641,1,18,1,1,106.33,1
18,6,74.1,80.21,generic_decline,visa,0.641,1,19,4,1,105.88,0
45,17,34.49,38.75,generic_decline,mastercard,0.701,2,10,4,1,134.41,1
8,28,121.75,110.89,card_declined,visa,0.687,2,13,3,1,121.75,0
23,19,106.83,121.84,processing_error,mastercard,0.752,2,14,5,1,207.45,0
60,6,40.47,40.69,do_not_honor,elo,0.846,5,13,0,2,193.28,0
10,24,163.93,175.96,expired_card,elo,0.649,2,11,4,1,163.93,0
0,14,301.48,285.04,insufficient_funds,visa,0.588,0,18,4,3,301.48,1
13,1,54.38,51.6,expired_card,visa,0.581,0,17,2,1,54.38,0
1,16,51.22,49.06,insufficient_funds,visa,0.53,2,16,5,1,51.22,0
0,24,49.58,47.32,processing_error,visa,0.589,2,17,0,1,49.58,1
6,14,22.0,19.11,insufficient_funds,visa,0.565,1,23,4,2,22.0,0
3,24,579.97,546.84,insufficient_funds,visa,0.542,0,7,1,3,579.97,0
60,22,65.61,68.51,processing_error,elo,0.779,0,18,0,2,325.42,1
10,15,45.6,51.1,insufficient_funds,elo,0.748,0,20,0,2,45.6,1
47,10,35.93,30.99,generic_decline,elo,0.738,2,14,1,1,112.68,0
2,23,69.25,59.21,generic_decline,visa,0.631,1,13,3,4,69.25,0
15,12,52.71,54.17,expired_card,elo,0.638,1,16,4,1,59.25,1
39,6,350.67,371.68,card_declined,mastercard,0.786,3,19,0,1,1105.28,1
2,10,32.24,33.29,insufficient_funds,mastercard,0.363,1,21,1,2,32.24,0
5,26,24.92,28.46,insufficient_funds,visa,0.349,2,18,0,3,24.92,0
4,9,159.58,146.6,do_not_honor,amex,0.693,1,17,5,4,159.58,0
6,7,88.87,88.37,insufficient_funds,visa,0.514,1,22,5,1,88.87,1
50,5,80.19,90.2,insufficient_funds,visa,0.643,2,16,1,1,350.78,0
0,2,160.7,166.36,insufficient_funds,visa,0.482,3,14,6,3,160.7,1
0,30,110.37,112.92,card_declined,visa,0.575,2,10,0,4,110.37,0
46,16,93.77,105.95,card_declined,hipercard,0.522,3,9,3,2,376.36,0
10,23,28.04,26.68,insufficient_funds,mastercard,0.446,2,14,4,1,28.04,1
0,24,22.21,19.93,insufficient_funds,amex,0.212,2,1,2,2,22.21,0
0,12,52.47,46.63,processing_error,hipercard,0.567,2,17,0,1,52.47,0
7,24,37.31,40.91,insufficient_funds,mastercard,0.639,1,22,5,2,37.31,0
0,29,124.16,137.46,insufficient_funds,elo,0.435,4,17,5,1,124.16,0
22,23,19.78,18.2,insufficient_funds,amex,0.315,3,23,1,2,29.59,1
0,22,65.71,64.86,card_declined,visa,0.298,1,22,0,4,65.71,0
1,14,83.82,85.95,insufficient_funds,visa,0.531,3,16,6,2,83.82,0
2,25,94.37,84.15,insufficient_funds,mastercard,0.357,2,9,0,1,94.37,0
7,4,139.32,153.9,expired_card,mastercard,0.501,0,10,1,1,139.32,0
11,23,73.14,71.36,insufficient_funds,elo,0.691,2,13,2,2,73.14,0
17,12,54.03,59.92,generic_decline,visa,0.561,0,10,2,3,74.56,0
48,17,295.26,318.3,do_not_honor,elo,0.821,2,14,3,3,1184.08,0
5,26,73.56,69.04,expired_card,mastercard,0.347,2,23,1,2,73.56,0
2,18,344.82,367.22,insufficient_funds,visa,0.548,2,23,2,4,344.82,0
59,1,73.23,78.52,insufficient_funds,mastercard,0.615,2,19,6,4,366.11,1
1,22,96.35,90.89,expired_card,amex,0.588,0,17,6,2,96.35,1
0,28,86.41,80.03,insufficient_funds,visa,0.6,2,21,0,3,86.41,0
4,19,120.04,131.69,expired_card,visa,0.689,1,23,5,2,120.04,0
10,26,67.32,70.91,insufficient_funds,mastercard,0.717,2,21,3,1,67.32,1
3,25,106.46,114.11,card_declined,mastercard,0.399,2,17,0,2,106.46,0
5,26,380.78,359.42,insufficient_funds,visa,0.23,0,15,5,2,380.78,0
3,11,248.17,264.71,insufficient_funds,amex,0.507,2,14,0,1,248.17,1
2,15,249.69,265.74,insufficient_funds,visa,0.543,4,15,1,1,249.69,1
18,25,29.68,28.2,insufficient_funds,visa,0.427,4,10,0,1,37.22,1
0,27,34.26,31.9,insufficient_funds,amex,0.631,1,12,5,2,34.26,0
38,5,118.61,116.17,insufficient_funds,mastercard,0.713,0,20,4,2,335.99,1
7,6,193.84,207.74,generic_decline,mastercard,0.473,2,17,5,1,193.84,0
4,11,61.64,55.97,insufficient_funds,visa,0.434,1,13,3,4,61.64,0
10,24,52.6,58.51,insufficient_funds,visa,0.418,4,16,2,1,52.6,0
33,26,337.16,312.41,expired_card,visa,0.52,0,14,3,1,777.51,0
10,17,179.77,198.09,insufficient_funds,amex,0.29,2,11,0,2,179.77,0
57,4,250.19,224.36,do_not_honor,visa,0.682,0,9,5,4,1007.1,1
1,9,66.04,70.78,insufficient_funds,visa,0.608,0,16,5,1,66.04,0
26,25,61.59,62.72,do_not_honor,elo,0.587,2,17,0,1,121.4,0
0,11,227.08,238.08,expired_card,amex,0.469,2,0,6,2,227.08,1
48,4,77.4,88.41,insufficient_funds,elo,0.757,4,3,2,1,328.89,1
32,9,56.81,49.18,insufficient_funds,visa,0.654,2,10,1,1,118.47,0
1,24,43.43,38.86,insufficient_funds,visa,0.45,2,19,0,2,43.43,1
7,16,62.07,54.23,expired_card,hipercard,0.296,2,19,6,4,62.07,0
8,6,212.67,213.92,insufficient_funds,elo,0.678,2,14,4,2,212.67,1
4,10,25.57,27.89,expired_card,elo,0.164,3,23,4,1,25.57,0
1,29,170.92,148.09,card_declined,mastercard,0.482,0,15,0,1,170.92,0
3,14,52.11,56.48,insufficient_funds,elo,0.563,0,17,5,2,52.11,0
13,14,81.09,79.46,expired_card,hipercard,0.552,1,16,3,2,81.09,0
0,5,85.84,97.21,do_not_honor,visa,0.553,1,22,2,1,85.84,1
12,9,80.34,77.51,insufficient_funds,visa,0.48,2,9,4,3,80.34,1
33,24,75.74,86.75,insufficient_funds,visa,0.789,0,6,0,1,215.9,1
6,24,65.87,66.99,insufficient_funds,elo,0.429,0,16,2,3,65.87,0
57,14,58.84,67.49,insufficient_funds,visa,0.76,2,17,0,3,302.95,1
1,26,315.69,328.18,insufficient_funds,visa,0.425,3,21,0,1,315.69,0
43,12,99.95,95.34,insufficient_funds,mastercard,0.84,3,15,6,4,314.87,0
25,26,87.4,95.36,card_declined,elo,0.671,1,10,1,1,177.14,0
0,2,55.13,54.91,insufficient_funds,mastercard,0.689,2,14,0,2,55.13,0
32,11,68.04,64.14,card_declined,hipercard,0.558,1,20,1,1,154.51,0
24,25,55.3,54.94,insufficient_funds,visa,0.479,1,12,2,2,97.79,1
40,27,192.92,214.44,insufficient_funds,mastercard,0.848,1,21,0,2,655.23,1
35,24,50.05,53.54,insufficient_funds,mastercard,0.756,3,9,4,4,141.84,0
3,20,13.29,11.99,insufficient_funds,mastercard,0.389,0,14,3,4,13.29,0
30,24,102.95,113.41,insufficient_funds,mastercard,0.693,0,18,2,1,255.17,1
30,22,76.27,74.7,insufficient_funds,mastercard,0.392,2,13,6,1,168.08,1
2,8,58.09,50.82,expired_card,elo,0.558,2,18,1,3,58.09,0
61,15,219.67,196.42,insufficient_funds,elo,0.748,4,23,0,2,948.54,1
61,20,8.62,7.5,insufficient_funds,hipercard,0.876,1,4,0,3,36.22,1
21,17,396.46,417.46,insufficient_funds,hipercard,0.689,1,1,5,2,646.54,1
71,26,249.45,231.31,insufficient_funds,mastercard,0.615,2,17,2,4,1300.15,0
52,15,55.95,49.17,insufficient_funds,elo,0.756,2,23,6,2,199.58,0
0,6,65.49,62.85,insufficient_funds,mastercard,0.631,1,15,0,2,65.49,0
43,7,153.0,169.84,expired_card,mastercard,0.537,0,15,3,1,560.92,0
15,25,156.69,162.74,expired_card,visa,0.517,2,11,1,1,178.0,1
3,1,55.66,55.43,do_not_honor,visa,0.472,1,14,6,4,55.66,0
11,26,23.25,24.88,processing_error,amex,0.659,1,0,3,2,23.25,1
7,2,639.06,557.75,insufficient_funds,mastercard,0.63,5,16,1,2,639.06,0
13,12,228.54,254.78,insufficient_funds,visa,0.638,2,20,0,3,240.59,1
2,24,112.36,101.5,do_not_honor,mastercard,0.662,2,20,3,4,112.36,0
66,13,114.27,97.86,insufficient_funds,visa,0.923,1,15,0,2,511.32,1
7,25,169.75,162.74,insufficient_funds,elo,0.424,0,14,0,3,169.75,0
2,4,188.8,163.79,card_declined,visa,0.593,3,18,0,1,188.8,1
1,16,15.32,13.79,expired_card,mastercard,0.474,2,23,3,1,15.32,0
23,17,71.57,76.7,insufficient_funds,elo,0.73,1,19,1,1,130.59,0
56,26,65.26,63.39,insufficient_funds,mastercard,0.786,1,15,2,1,279.06,0
51,4,84.69,72.16,insufficient_funds,visa,0.681,0,22,3,3,286.75,0
6,11,193.85,202.21,insufficient_funds,elo,0.614,5,23,0,2,193.85,0
61,20,19.93,21.17,insufficient_funds,elo,0.756,1,18,3,3,102.23,1
68,30,29.49,33.05,expired_card,visa,0.666,2,22,2,2,177.92,1
51,25,53.35,47.82,insufficient_funds,visa,0.836,2,23,3,1,190.02,0
50,25,112.11,124.12,insufficient_funds,mastercard,0.834,1,16,4,1,482.69,1
16,16,204.71,217.53,insufficient_funds,visa,0.676,6,12,4,1,254.27,1
5,17,416.34,424.29,generic_decline,visa,0.702,2,19,4,3,416.34,0
53,26,75.79,70.37,insufficient_funds,mastercard,0.656,1,10,0,1,291.63,0
56,26,204.41,201.82,insufficient_funds,mastercard,0.815,3,13,6,2,888.46,0
0,24,183.69,167.06,expired_card,elo,0.626,1,14,5,4,183.69,0
61,25,158.15,168.48,insufficient_funds,hipercard,0.646,1,21,6,2,813.62,0
20,26,95.66,101.5,insufficient_funds,elo,0.551,1,14,1,2,149.43,1
18,4,68.55,62.21,insufficient_funds,visa,0.527,2,17,3,4,82.12,0
24,9,37.94,35.12,generic_decline,visa,0.666,3,21,6,1,62.51,0
1,30,35.77,40.07,expired_card,visa,0.371,5,9,6,4,35.77,0
62,17,133.05,131.92,expired_card,mastercard,0.797,2,18,2,3,647.51,1
14,6,93.14,94.57,do_not_honor,mastercard,0.662,0,18,5,2,96.36,1
9,16,67.58,76.88,expired_card,hipercard,0.555,1,16,2,1,67.58,0
3,19,176.43,160.92,insufficient_funds,mastercard,0.307,1,22,0,1,176.43,0
43,25,81.8,84.92,insufficient_funds,visa,0.68,1,16,6,1,280.46,1
0,24,43.43,47.0,insufficient_funds,mastercard,0.374,1,10,1,1,43.43,0
1,2,77.14,72.96,insufficient_funds,visa,0.538,1,18,1,1,77.14,1
30,15,202.63,191.01,card_declined,visa,0.743,0,14,6,2,429.77,0
14,1,39.38,44.07,insufficient_funds,visa,0.396,1,23,4,4,44.9,1
0,26,117.72,103.57,insufficient_funds,visa,0.529,1,20,2,1,117.72,1
0,6,93.05,83.49,insufficient_funds,visa,0.62,1,9,5,1,93.05,1
2,19,49.73,48.4,insufficient_funds,mastercard,0.48,1,14,0,1,49.73,1
1,17,75.33,82.07,generic_decline,elo,0.403,1,10,3,1,75.33,0
21,19,24.2,23.87,insufficient_funds,amex,0.781,2,22,1,1,36.97,1
6,17,107.75,100.33,insufficient_funds,visa,0.609,1,1,3,1,107.75,0
4,22,29.08,28.38,expired_card,mastercard,0.564,1,14,1,3,29.08,0
2,19,253.42,249.27,processing_error,elo,0.447,3,11,4,3,253.42,0
3,4,90.08,96.22,insufficient_funds,hipercard,0.505,2,15,4,2,90.08,1
62,12,58.82,65.33,insufficient_funds,elo,0.887,1,20,4,1,320.66,0
24,17,274.05,259.35,card_declined,mastercard,0.756,2,0,4,4,461.64,0
0,10,39.09,41.54,insufficient_funds,amex,0.372,1,12,4,4,39.09,1
54,24,50.31,53.35,expired_card,elo,0.874,1,21,6,2,225.67,1
30,10,19.25,20.79,expired_card,visa,0.714,2,12,2,4,46.78,0
3,25,312.82,319.88,processing_error,visa,0.7,0,13,4,3,312.82,1
20,5,515.98,440.86,do_not_honor,hipercard,0.594,0,12,1,1,649.04,1
6,24,22.1,23.13,generic_decline,amex,0.577,2,18,6,2,22.1,0
0,6,47.36,48.96,insufficient_funds,mastercard,0.523,4,22,5,1,47.36,0
11,16,104.0,107.48,processing_error,mastercard,0.579,2,14,0,1,104.0,0
0,10,61.83,57.77,card_declined,visa,0.604,4,23,5,2,61.83,0
6,19,95.07,83.6,insufficient_funds,elo,0.425,4,10,3,2,95.07,0
20,7,88.05,79.84,do_not_honor,mastercard,0.355,2,22,2,2,117.54,1
2,24,140.39,128.44,do_not_honor,visa,0.54,2,13,0,4,140.39,1
18,17,41.63,37.55,card_declined,mastercard,0.466,2,10,4,1,49.57,1
8,29,115.99,107.1,insufficient_funds,mastercard,0.602,2,18,3,3,115.99,1
4,22,36.27,31.58,insufficient_funds,hipercard,0.529,1,11,5,2,36.27,1
59,18,67.8,63.11,do_not_honor,amex,0.876,1,9,2,1,294.26,1
43,25,20.9,24.02,generic_decline,visa,0.669,2,15,3,2,79.33,0
1,7,68.24,68.47,insufficient_funds,visa,0.581,0,10,2,1,68.24,0
0,19,58.77,56.03,insufficient_funds,visa,0.405,1,16,0,1,58.77,1
0,12,226.01,240.96,expired_card,visa,0.367,4,23,2,2,226.01,0
1,23,92.74,91.89,insufficient_funds,mastercard,0.419,2,0,6,3,92.74,0
71,1,108.99,93.61,expired_card,mastercard,0.967,1,14,0,2,526.17,1
1,14,95.82,97.18,generic_decline,visa,0.233,3,17,4,1,95.82,0
30,20,14.75,13.88,insufficient_funds,hipercard,0.586,0,15,2,1,31.23,1
0,15,16.59,16.94,card_declined,elo,0.654,1,16,1,2,16.59,0
1,7,73.65,66.43,expired_card,visa,0.581,2,0,4,1,73.65,0
9,15,125.19,124.53,insufficient_funds,elo,0.667,1,16,2,3,125.19,0
49,25,79.34,72.05,insufficient_funds,visa,0.805,2,18,6,1,274.1,0
1,6,45.37,42.63,expired_card,mastercard,0.675,3,17,3,4,45.37,0
6,12,78.96,83.39,card_declined,mastercard,0.512,2,4,2,1,78.96,1
52,31,73.1,67.13,expired_card,visa,0.747,3,9,6,1,272.47,1
4,27,195.27,190.42,do_not_honor,mastercard,0.466,1,18,1,1,195.27,0
23,2,185.8,162.01,insufficient_funds,hipercard,0.504,2,9,6,4,275.84,0
1,16,59.79,63.15,generic_decline,elo,0.485,1,13,5,2,59.79,1
62,3,93.51,94.6,expired_card,mastercard,0.858,2,15,3,2,464.33,0
10,28,124.93,136.69,insufficient_funds,elo,0.438,2,15,2,1,124.93,0
0,14,142.54,144.04,insufficient_funds,elo,0.571,0,6,0,1,142.54,0
13,13,424.28,487.19,insufficient_funds,amex,0.637,1,15,6,1,460.06,1
17,8,95.33,87.93,insufficient_funds,visa,0.545,2,14,4,1,109.41,0
27,17,276.05,296.1,do_not_honor,visa,0.669,2,12,3,1,596.27,0
6,5,34.88,34.17,card_declined,elo,0.374,4,16,4,1,34.88,0
61,24,55.48,53.42,insufficient_funds,hipercard,0.883,1,19,6,1,257.97,0
27,16,14.66,15.68,insufficient_funds,mastercard,0.783,5,23,1,1,31.58,1
6,17,111.81,127.09,insufficient_funds,hipercard,0.481,0,23,3,2,111.81,0
8,25,173.75,187.07,processing_error,mastercard,0.495,2,18,5,2,173.75,1
6,6,10.1,9.59,card_declined,visa,0.461,3,11,6,1,10.1,0
5,6,115.54,115.88,insufficient_funds,amex,0.638,2,21,4,2,115.54,1
25,14,167.19,153.0,insufficient_funds,elo,0.5,1,13,3,4,284.22,0
30,24,158.94,164.67,insufficient_funds,mastercard,0.721,1,10,2,2,370.51,0
4,2,33.79,32.8,insufficient_funds,elo,0.36,3,13,1,3,33.79,0
26,24,194.25,178.41,insufficient_funds,visa,0.76,3,6,4,3,345.32,1
8,16,98.56,84.4,insufficient_funds,mastercard,0.485,2,14,4,1,98.56,1
33,17,165.24,186.32,processing_error,mastercard,0.634,3,20,3,1,463.7,0
10,17,87.41,76.37,insufficient_funds,mastercard,0.472,0,0,6,1,87.41,0
2,2,137.12,130.1,generic_decline,mastercard,0.636,3,0,0,1,137.12,0
45,8,261.84,237.52,card_declined,visa,0.363,0,10,3,4,823.9,0
7,23,81.55,81.41,insufficient_funds,visa,0.579,0,10,4,3,81.55,1
1,13,125.81,114.3,insufficient_funds,visa,0.556,1,17,6,1,125.81,0
1,17,296.65,317.67,expired_card,mastercard,0.506,2,10,1,2,296.65,0
36,28,86.84,79.67,card_declined,mastercard,0.709,3,14,1,3,217.5,0
7,2,35.97,32.58,insufficient_funds,mastercard,0.288,1,17,3,2,35.97,1
6,15,178.2,163.06,do_not_honor,mastercard,0.691,1,11,4,1,178.2,1
25,12,349.67,328.43,card_declined,visa,0.648,3,10,1,1,610.1,0
4,4,307.12,320.19,expired_card,elo,0.607,1,22,3,1,307.12,0
32,28,184.48,168.41,insufficient_funds,elo,0.674,2,11,0,1,405.68,1
19,29,12.18,12.9,insufficient_funds,mastercard,0.502,2,22,6,1,18.01,1
0,10,55.57,54.41,insufficient_funds,visa,0.643,2,23,1,1,55.57,1
21,28,58.15,52.86,insufficient_funds,mastercard,0.409,0,22,1,2,81.87,1
8,2,101.72,93.79,processing_error,mastercard,0.534,1,15,2,1,101.72,0
8,30,437.94,441.53,insufficient_funds,elo,0.483,1,19,0,3,437.94,1
61,25,37.43,36.07,insufficient_funds,visa,0.72,1,11,6,2,174.19,1
46,7,716.34,719.29,processing_error,elo,0.654,1,7,4,1,2555.08,0
64,18,69.6,76.13,expired_card,hipercard,0.832,1,16,4,2,385.73,1
60,24,49.46,42.72,insufficient_funds,amex,0.914,0,8,1,2,202.92,1
62,10,207.1,200.49,expired_card,amex,0.985,0,20,2,3,984.07,1
66,12,222.17,216.53,card_declined,visa,0.968,0,15,1,4,1131.37,1
3,19,174.12,161.11,insufficient_funds,mastercard,0.514,2,7,0,1,174.12,1
20,5,49.35,48.49,insufficient_funds,visa,0.514,3,19,2,1,71.39,1
7,4,152.68,155.73,card_declined,mastercard,0.61,1,15,2,2,152.68,0
4,8,39.03,40.02,card_declined,elo,0.619,0,15,4,1,39.03,0
32,23,48.14,50.59,insufficient_funds,elo,0.708,2,16,2,1,121.87,1
4,12,89.85,78.44,insufficient_funds,hipercard,0.599,2,20,6,1,89.85,0
1,16,47.18,46.61,expired_card,hipercard,0.309,3,9,3,2,47.18,0
31,6,249.03,268.28,insufficient_funds,visa,0.779,4,9,2,2,624.91,1
4,6,58.49,57.7,generic_decline,amex,0.427,2,10,1,1,58.49,0
65,19,80.36,84.13,insufficient_funds,amex,0.728,2,13,4,1,432.92,1
36,4,44.72,45.93,card_declined,elo,0.508,3,19,5,2,125.39,0
4,20,245.7,243.1,generic_decline,visa,0.39,1,16,6,1,245.7,0
33,13,54.09,47.26,insufficient_funds,visa,0.555,3,7,0,1,117.62,0
32,20,269.58,280.35,expired_card,mastercard,0.821,1,20,0,2,675.33,0
46,12,252.54,255.15,insufficient_funds,visa,0.901,2,4,6,1,906.35,1
14,25,65.78,56.03,expired_card,visa,0.73,0,11,2,1,65.78,1
49,2,100.36,91.53,generic_decline,visa,0.806,1,22,4,3,348.21,1
12,26,64.17,55.73,generic_decline,mastercard,0.646,4,13,6,3,64.17,0
12,8,158.72,162.06,insufficient_funds,mastercard,0.655,3,13,0,3,158.72,0
3,2,82.24,70.28,processing_error,visa,0.383,0,10,1,2,82.24,1
2,17,67.46,74.39,processing_error,amex,0.128,2,10,5,1,67.46,0
36,7,101.84,115.51,insufficient_funds,visa,0.776,0,1,4,1,315.34,1
23,15,23.97,27.39,processing_error,visa,0.483,2,21,2,2,46.64,0
7,24,91.38,83.88,insufficient_funds,mastercard,0.664,1,19,6,2,91.38,1
25,24,174.07,173.82,generic_decline,mastercard,0.659,1,14,4,1,322.89,1
24,18,110.5,123.47,do_not_honor,visa,0.58,2,19,0,1,219.78,0
0,30,227.64,240.43,insufficient_funds,elo,0.263,1,12,0,3,227.64,1
1,15,69.91,65.69,insufficient_funds,visa,0.514,1,13,6,4,69.91,0
4,2,65.0,71.51,generic_decline,visa,0.386,0,22,6,1,65.0,1
18,25,36.23,37.03,insufficient_funds,mastercard,0.643,2,11,1,3,48.88,0
3,7,68.17,72.87,insufficient_funds,visa,0.349,1,21,1,1,68.17,0
38,6,560.43,639.35,insufficient_funds,hipercard,0.323,2,11,0,1,1849.14,1
13,3,124.86,143.5,insufficient_funds,mastercard,0.415,1,22,0,1,135.51,0
8,10,58.11,58.19,insufficient_funds,visa,0.446,0,11,1,3,58.11,1
2,10,39.99,35.87,insufficient_funds,elo,0.488,0,12,6,2,39.99,1
1,9,23.63,24.48,generic_decline,elo,0.562,3,16,0,2,23.63,0
11,18,46.75,48.77,processing_error,mastercard,0.536,0,11,0,3,46.75,1
16,23,191.86,196.01,processing_error,hipercard,0.534,2,0,6,2,229.11,1
3,28,66.89,65.33,insufficient_funds,mastercard,0.607,5,13,0,1,66.89,0
14,4,41.73,42.75,expired_card,visa,0.354,2,14,1,2,43.56,1
0,5,46.01,46.48,insufficient_funds,elo,0.385,1,0,3,1,46.01,0
24,18,174.05,197.27,card_declined,amex,0.699,2,20,1,2,351.14,1
28,4,90.94,100.15,do_not_honor,visa,0.621,1,12,2,3,209.54,1
45,12,55.99,54.2,insufficient_funds,visa,0.63,1,10,2,3,188.01,0
21,19,74.33,75.91,generic_decline,mastercard,0.796,2,17,3,1,117.57,0
5,24,693.59,707.33,do_not_honor,elo,0.605,4,22,0,2,693.59,0
54,7,288.82,289.75,insufficient_funds,visa,0.834,2,15,5,3,1225.64,1
37,20,360.32,312.55,generic_decline,hipercard,0.709,2,14,2,1,878.57,1
63,19,20.61,21.92,do_not_honor,visa,0.694,0,15,6,2,109.33,0
1,26,85.47,91.4,insufficient_funds,elo,0.498,2,10,5,1,85.47,1
5,10,55.13,54.87,insufficient_funds,amex,0.217,1,13,0,1,55.13,0
36,23,158.46,177.55,card_declined,visa,0.714,2,15,5,1,484.71,0
12,23,250.59,286.97,processing_error,mastercard,0.592,3,23,1,2,250.59,0
6,7,130.63,142.89,insufficient_funds,visa,0.703,4,14,0,1,130.63,0
3,19,45.03,50.81,insufficient_funds,mastercard,0.631,1,5,0,3,45.03,1
10,20,54.34,54.14,expired_card,mastercard,0.622,0,11,5,1,54.34,0
7,8,169.64,190.72,insufficient_funds,elo,0.601,2,22,2,3,169.64,0
38,15,185.31,209.49,insufficient_funds,mastercard,0.787,1,21,1,1,605.89,1
13,14,110.79,114.9,insufficient_funds,visa,0.522,3,17,5,2,110.79,1
13,24,109.69,98.2,processing_error,visa,0.68,1,16,6,4,109.69,0
15,1,102.2,91.54,insufficient_funds,visa,0.722,1,17,6,3,102.2,0
0,16,124.14,123.11,expired_card,mastercard,0.567,1,23,6,4,124.14,0
1,6,184.64,197.69,expired_card,amex,0.387,0,15,0,1,184.64,0
0,19,171.09,171.16,generic_decline,elo,0.632,0,20,2,2,171.09,1
6,21,99.82,108.8,generic_decline,visa,0.542,1,22,1,4,99.82,0
1,16,93.58,101.15,generic_decline,hipercard,0.558,0,11,4,1,93.58,0
2,17,90.46,82.42,expired_card,visa,0.528,1,14,6,3,90.46,0
0,10,48.87,43.49,insufficient_funds,hipercard,0.524,0,19,6,2,48.87,1
43,10,48.33,51.31,insufficient_funds,visa,0.696,1,11,4,1,169.46,0
10,23,158.47,149.93,insufficient_funds,visa,0.455,1,13,5,1,158.47,0
8,4,51.89,58.61,insufficient_funds,amex,0.386,0,13,6,4,51.89,0
12,24,201.43,223.7,insufficient_funds,mastercard,0.435,1,23,2,1,201.43,1
0,20,93.39,92.02,insufficient_funds,amex,0.573,0,18,3,2,93.39,0
0,26,202.44,207.33,insufficient_funds,elo,0.408,1,16,6,1,202.44,0
63,8,172.12,190.04,expired_card,visa,0.608,1,15,2,2,947.82,1
3,16,206.68,229.71,do_not_honor,visa,0.418,1,18,2,3,206.68,0
2,2,64.02,65.11,insufficient_funds,mastercard,0.59,1,22,5,3,64.02,0
6,27,140.56,160.46,insufficient_funds,mastercard,0.617,1,11,6,3,140.56,1
0,20,188.27,189.45,expired_card,mastercard,0.682,0,19,4,4,188.27,0
24,19,24.64,21.25,insufficient_funds,visa,0.653,1,11,2,3,37.83,1
2,23,443.2,451.54,do_not_honor,visa,0.489,3,20,2,2,443.2,0
23,9,731.61,792.41,insufficient_funds,mastercard,0.471,1,19,0,1,1349.19,0
66,18,226.76,259.75,insufficient_funds,visa,0.941,1,18,1,1,1357.19,1
12,24,199.99,176.31,card_declined,mastercard,0.487,0,12,1,1,199.99,0
4,4,164.91,161.97,insufficient_funds,visa,0.281,3,23,1,2,164.91,0
64,29,73.34,75.25,expired_card,amex,0.624,0,13,4,1,381.27,0
0,26,88.64,98.78,insufficient_funds,mastercard,0.683,1,22,4,1,88.64,1
2,29,230.23,245.14,insufficient_funds,visa,0.623,3,10,0,2,230.23,0
13,24,41.18,37.86,insufficient_funds,elo,0.666,2,14,0,1,41.18,1
4,9,38.1,42.21,card_declined,mastercard,0.487,2,0,2,4,38.1,0
1,17,68.68,72.06,insufficient_funds,mastercard,0.392,0,8,2,3,68.68,1
19,4,175.1,195.86,insufficient_funds,visa,0.728,0,15,5,1,273.42,1
59,23,45.29,49.83,expired_card,visa,0.639,0,20,0,3,232.34,0
3,5,80.01,71.11,expired_card,amex,0.372,1,18,1,2,80.01,1
19,26,88.91,101.19,insufficient_funds,visa,0.645,0,16,6,2,141.26,1
50,8,39.79,39.24,generic_decline,mastercard,0.751,1,0,2,3,152.6,0
10,6,11.19,12.81,expired_card,visa,0.552,2,21,1,4,11.19,1
3,3,39.27,35.58,do_not_honor,mastercard,0.567,2,13,3,2,39.27,0
1,22,123.24,134.08,insufficient_funds,mastercard,0.292,3,16,6,2,123.24,0
55,6,150.54,141.73,expired_card,visa,0.677,3,20,6,3,611.7,0
6,6,151.65,130.94,insufficient_funds,visa,0.475,2,5,3,1,151.65,0
1,6,167.99,192.89,insufficient_funds,mastercard,0.313,1,13,0,3,167.99,0
54,9,56.03,52.73,insufficient_funds,mastercard,0.712,1,23,0,2,223.05,1
66,28,46.33,40.5,insufficient_funds,amex,0.687,1,8,1,3,211.61,1
55,16,136.4,151.15,do_not_honor,mastercard,0.737,1,14,5,3,652.36,1
5,8,80.99,79.34,processing_error,amex,0.316,1,22,5,1,80.99,0
49,6,218.8,223.82,insufficient_funds,amex,0.775,3,9,6,1,851.48,1
60,1,137.16,157.11,insufficient_funds,visa,0.707,3,18,3,2,746.27,1
39,12,305.77,304.0,insufficient_funds,amex,0.607,0,18,3,1,904.02,1
1,4,64.64,56.25,expired_card,hipercard,0.555,1,11,1,1,64.64,0
3,2,252.32,266.79,insufficient_funds,mastercard,0.428,3,9,3,1,252.32,1
8,4,595.74,633.38,card_declined,mastercard,0.438,2,19,4,2,595.74,0
63,10,102.53,93.12,insufficient_funds,visa,0.767,1,11,0,1,464.44,1
10,23,152.31,154.39,card_declined,visa,0.557,2,20,6,3,152.31,0
14,3,42.77,41.09,do_not_honor,visa,0.513,1,22,4,1,42.77,1
1,21,216.28,187.08,insufficient_funds,visa,0.682,1,4,1,1,216.28,1
44,19,266.49,251.43,do_not_honor,mastercard,0.825,1,12,1,4,851.23,0
4,26,63.0,70.74,do_not_honor,mastercard,0.38,3,19,6,2,63.0,0
12,6,164.53,154.67,expired_card,visa,0.715,0,16,1,1,164.53,0
1,24,125.4,114.98,insufficient_funds,visa,0.581,0,16,3,3,125.4,0
11,26,138.32,156.62,expired_card,visa,0.667,5,15,2,3,138.32,1
62,30,201.08,193.98,insufficient_funds,hipercard,0.977,1,23,3,3,952.12,1
4,24,154.99,175.47,do_not_honor,elo,0.514,0,20,2,2,154.99,0
32,4,86.4,96.26,expired_card,visa,0.514,1,16,3,2,231.88,0
37,28,204.92,203.1,processing_error,elo,0.636,1,13,0,3,570.91,1
22,24,262.45,253.39,expired_card,elo,0.615,1,0,0,2,411.9,0
57,6,59.75,53.26,insufficient_funds,elo,0.658,2,18,5,1,239.07,1
11,6,97.59,88.53,insufficient_funds,amex,0.682,4,10,5,2,97.59,0
6,28,20.31,18.68,do_not_honor,mastercard,0.618,1,10,6,4,20.31,0
5,5,164.15,162.69,insufficient_funds,visa,0.505,0,9,4,2,164.15,1
4,24,289.71,278.59,insufficient_funds,amex,0.545,2,22,1,1,289.71,1
20,13,77.78,84.79,generic_decline,elo,0.676,3,16,6,4,124.83,0
13,23,110.05,103.34,insufficient_funds,visa,0.573,0,20,6,2,110.05,0
3,4,80.38,78.56,do_not_honor,mastercard,0.597,2,0,1,1,80.38,0
2,23,69.5,61.63,insufficient_funds,mastercard,0.648,2,15,2,3,69.5,1
1,16,120.14,111.89,processing_error,mastercard,0.473,1,17,3,2,120.14,1
3,27,48.7,52.83,expired_card,mastercard,0.479,4,22,2,1,48.7,1
1,6,79.31,84.24,insufficient_funds,visa,0.655,2,17,3,1,79.31,1
0,4,43.77,42.49,insufficient_funds,mastercard,0.559,0,9,6,3,43.77,1
7,6,164.96,168.79,insufficient_funds,visa,0.29,2,18,6,1,164.96,1
4,3,120.89,119.38,expired_card,visa,0.328,1,13,0,1,120.89,0
5,30,66.64,74.54,insufficient_funds,mastercard,0.415,2,11,4,1,66.64,0
28,4,101.02,97.83,insufficient_funds,visa,0.727,1,21,0,4,204.68,1
5,6,80.34,85.69,expired_card,mastercard,0.622,0,16,1,3,80.34,1
10,24,270.03,247.23,generic_decline,visa,0.39,1,15,2,2,270.03,0
13,8,66.07,64.76,insufficient_funds,mastercard,0.436,1,21,6,2,66.07,1
4,7,171.83,173.34,expired_card,visa,0.445,0,23,2,2,171.83,1
10,20,52.25,46.05,do_not_honor,visa,0.437,0,17,3,1,52.25,0
24,13,201.48,206.76,expired_card,elo,0.548,1,21,4,3,368.03,0
2,25,245.63,251.13,generic_decline,mastercard,0.633,0,14,2,4,245.63,0
43,19,256.15,229.93,expired_card,mastercard,0.491,3,22,4,2,759.38,0
10,9,361.08,415.1,card_declined,mastercard,0.51,2,18,3,1,361.08,1
0,18,126.75,111.25,processing_error,visa,0.462,0,22,1,1,126.75,0
4,26,293.56,328.37,insufficient_funds,visa,0.347,2,21,2,3,293.56,0
6,12,413.71,412.66,expired_card,visa,0.542,1,13,1,3,413.71,0
2,23,36.08,33.08,expired_card,elo,0.477,0,22,0,1,36.08,1
2,13,57.2,50.56,insufficient_funds,mastercard,0.533,4,16,2,2,57.2,0
6,17,25.89,27.44,insufficient_funds,elo,0.529,1,20,6,4,25.89,0
1,23,250.89,270.04,card_declined,amex,0.445,1,18,2,2,250.89,0
3,2,25.59,26.92,insufficient_funds,visa,0.564,1,22,6,1,25.59,0
64,15,20.11,19.63,insufficient_funds,amex,0.918,1,18,0,2,99.46,1
44,4,36.88,33.26,insufficient_funds,mastercard,0.491,1,19,3,3,112.6,1
27,23,20.87,22.68,insufficient_funds,mastercard,0.782,3,23,1,1,45.67,1
1,18,124.48,138.34,insufficient_funds,mastercard,0.648,1,22,2,3,124.48,1
27,10,37.3,36.09,insufficient_funds,mastercard,0.759,2,17,4,1,72.68,1
47,3,21.78,24.01,insufficient_funds,visa,0.774,0,19,1,3,87.3,1
31,28,94.18,98.01,insufficient_funds,visa,0.728,3,11,0,4,228.3,0
1,10,99.25,100.05,do_not_honor,visa,0.515,4,16,0,1,99.25,0
43,8,18.57,19.19,do_not_honor,visa,0.893,0,23,1,4,63.38,1
42,4,51.85,45.75,insufficient_funds,visa,0.575,1,10,4,1,147.32,1
3,17,91.48,81.2,insufficient_funds,visa,0.468,1,22,3,2,91.48,0
2,8,71.2,76.04,insufficient_funds,hipercard,0.451,1,19,6,1,71.2,0
4,25,72.95,83.23,insufficient_funds,visa,0.292,2,12,1,1,72.95,0
2,21,278.65,279.3,card_declined,hipercard,0.623,2,23,6,1,278.65,1
8,1,657.98,569.94,expired_card,mastercard,0.646,2,14,5,1,657.98,1
1,17,74.0,64.41,expired_card,visa,0.328,1,15,5,3,74.0,1
55,7,30.21,29.91,processing_error,visa,0.663,3,15,4,4,129.09,1
17,1,79.36,83.11,processing_error,visa,0.477,0,10,0,1,103.41,0
55,19,116.16,104.13,insufficient_funds,visa,0.701,2,17,5,2,449.42,1
0,6,93.23,80.17,expired_card,visa,0.515,4,16,1,1,93.23,1
12,27,168.15,179.73,insufficient_funds,elo,0.688,2,23,1,4,168.15,0
7,17,697.32,623.29,expired_card,visa,0.286,2,20,1,2,697.32,0
4,6,21.34,20.94,insufficient_funds,mastercard,0.532,2,15,2,2,21.34,1
47,30,62.3,66.68,insufficient_funds,mastercard,0.764,0,22,1,1,242.45,1
6,17,384.29,341.09,insufficient_funds,mastercard,0.353,1,22,5,2,384.29,0
19,6,61.48,60.42,insufficient_funds,hipercard,0.779,1,16,4,1,84.34,0
1,16,197.1,174.13,insufficient_funds,mastercard,0.54,1,23,4,3,197.1,0
2,29,171.2,163.37,card_declined,visa,0.586,3,16,4,2,171.2,0
7,14,293.28,329.57,insufficient_funds,hipercard,0.386,2,11,1,1,293.28,1
51,14,534.87,564.74,generic_decline,hipercard,0.756,1,16,3,1,2244.14,1
4,15,131.4,112.6,insufficient_funds,elo,0.618,3,15,4,3,131.4,1
2,9,20.73,18.46,generic_decline,elo,0.524,1,16,3,1,20.73,0
9,6,52.47,49.22,insufficient_funds,mastercard,0.592,1,10,3,2,52.47,1
56,17,681.48,762.35,insufficient_funds,mastercard,0.789,1,11,0,2,3356.03,0
9,27,27.83,29.89,insufficient_funds,visa,0.278,1,14,2,2,27.83,1
8,23,151.97,157.33,insufficient_funds,mastercard,0.623,2,19,3,1,151.97,1
8,4,10.47,9.38,insufficient_funds,elo,0.611,2,11,0,2,10.47,0
3,13,29.43,33.22,expired_card,visa,0.56,2,8,1,1,29.43,1
4,1,214.92,234.79,insufficient_funds,mastercard,0.463,1,12,3,2,214.92,1
36,10,100.92,93.03,insufficient_funds,elo,0.721,0,14,1,1,253.97,1
51,20,69.97,67.96,insufficient_funds,visa,0.683,1,6,3,1,270.06,1
13,9,47.42,46.4,card_declined,mastercard,0.723,1,14,1,2,47.42,0
0,25,16.59,17.03,insufficient_funds,elo,0.464,3,16,1,1,16.59,0
31,15,180.97,174.17,insufficient_funds,visa,0.662,4,20,5,3,405.7,1
3,20,76.01,69.4,insufficient_funds,visa,0.493,2,15,5,2,76.01,0
1,26,25.29,26.56,card_declined,visa,0.424,1,19,1,4,25.29,0
10,21,100.41,105.76,card_declined,visa,0.7,4,18,1,2,100.41,1
9,27,163.81,160.98,insufficient_funds,mastercard,0.605,1,16,2,1,163.81,1
2,24,81.79,81.46,expired_card,elo,0.462,1,16,1,2,81.79,0
3,17,108.36,93.75,insufficient_funds,visa,0.463,1,12,3,2,108.36,0
5,9,101.12,99.79,insufficient_funds,mastercard,0.582,2,9,6,1,101.12,1
7,9,52.17,56.87,card_declined,visa,0.551,3,16,4,1,52.17,0
22,26,102.58,105.4,card_declined,elo,0.703,0,12,1,3,171.33,0
37,2,187.82,211.52,insufficient_funds,visa,0.525,1,14,2,2,594.58,0
4,28,245.05,260.97,card_declined,elo,0.393,2,19,1,2,245.05,1
4,10,197.32,213.76,insufficient_funds,visa,0.636,1,18,4,2,197.32,0
36,23,53.66,52.99,card_declined,elo,0.746,0,9,2,3,144.66,1
3,11,172.01,155.16,card_declined,mastercard,0.633,1,9,6,1,172.01,1
1,29,147.8,166.08,card_declined,hipercard,0.424,2,21,4,1,147.8,0
24,2,52.04,54.53,insufficient_funds,mastercard,0.653,1,14,2,1,97.06,0
18,12,64.71,72.66,insufficient_funds,amex,0.547,2,10,2,2,95.91,0
4,26,178.78,185.08,insufficient_funds,mastercard,0.52,1,17,0,2,178.78,0
54,8,332.12,327.58,insufficient_funds,visa,0.902,0,23,3,1,1385.66,1
67,8,19.55,17.41,insufficient_funds,mastercard,0.682,1,17,6,3,92.35,1
38,27,419.59,406.71,card_declined,visa,0.815,3,17,4,2,1176.3,0
0,25,274.93,282.98,expired_card,elo,0.641,3,22,3,2,274.93,0
70,4,116.66,131.74,expired_card,visa,0.72,3,10,2,2,730.06,1
9,17,78.93,86.73,expired_card,elo,0.483,0,16,4,2,78.93,1
11,7,138.27,138.82,insufficient_funds,mastercard,0.466,0,11,6,4,138.27,1
21,7,55.33,54.47,insufficient_funds,mastercard,0.468,1,18,2,1,84.36,0
28,18,83.48,71.79,insufficient_funds,elo,0.603,2,16,4,1,150.2,1
69,4,26.37,25.19,processing_error,mastercard,0.688,2,21,6,2,137.6,1
2,15,20.81,23.81,insufficient_funds,mastercard,0.59,0,16,3,1,20.81,1
52,8,776.03,832.14,insufficient_funds,mastercard,0.876,3,17,4,1,3377.56,1
0,25,103.38,104.15,insufficient_funds,mastercard,0.416,2,15,6,4,103.38,0
55,17,117.14,129.87,expired_card,elo,0.63,1,6,2,1,560.52,1
1,7,95.12,81.51,do_not_honor,visa,0.653,0,15,0,2,95.12,1
2,28,46.86,53.29,do_not_honor,visa,0.477,2,4,2,1,46.86,0
2,25,74.41,78.87,insufficient_funds,elo,0.475,4,17,0,2,74.41,1
0,8,106.0,90.52,expired_card,mastercard,0.444,2,11,6,2,106.0,0
3,29,82.08,87.14,insufficient_funds,amex,0.496,1,0,5,1,82.08,1
1,8,50.11,43.84,processing_error,hipercard,0.261,1,19,5,1,50.11,0
68,9,149.65,155.92,insufficient_funds,amex,0.964,3,13,2,2,839.37,1
8,12,115.55,108.65,insufficient_funds,mastercard,0.571,1,17,4,3,115.55,1
5,6,138.58,126.61,insufficient_funds,elo,0.356,1,18,3,1,138.58,1
65,21,182.85,189.88,insufficient_funds,visa,0.699,0,15,0,1,977.09,1
0,17,84.01,82.35,generic_decline,visa,0.454,0,0,0,3,84.01,0
52,27,84.13,73.14,insufficient_funds,elo,0.648,1,20,5,2,296.87,1
2,8,364.77,400.04,generic_decline,elo,0.602,1,14,6,4,364.77,0
2,6,42.26,39.29,insufficient_funds,visa,0.536,1,11,4,1,42.26,1
2,12,18.51,19.17,insufficient_funds,amex,0.179,1,19,1,2,18.51,1
1,5,160.11,165.36,card_declined,amex,0.597,0,20,6,1,160.11,0
5,28,55.89,48.45,expired_card,visa,0.669,0,20,6,1,55.89,0
7,22,37.54,43.14,do_not_honor,visa,0.51,1,20,4,2,37.54,0
46,24,214.6,211.23,expired_card,amex,0.525,1,10,5,1,750.34,1
36,23,85.95,78.35,insufficient_funds,visa,0.702,1,20,0,2,213.9,0
35,8,31.82,31.22,insufficient_funds,visa,0.45,1,11,4,1,82.71,1
6,5,545.23,562.09,generic_decline,mastercard,0.458,1,13,6,3,545.23,1
0,14,23.37,19.89,expired_card,elo,0.559,0,12,4,1,23.37,1
7,25,90.5,85.07,expired_card,elo,0.716,0,11,6,1,90.5,0
36,11,18.25,18.45,processing_error,mastercard,0.495,1,16,0,3,50.37,1
1,1,124.32,131.57,insufficient_funds,elo,0.603,0,17,0,3,124.32,0
45,20,55.31,52.21,do_not_honor,mastercard,0.812,1,19,6,3,181.1,0
10,6,202.38,196.55,insufficient_funds,mastercard,0.612,2,10,6,1,202.38,0
9,17,96.25,88.2,processing_error,visa,0.392,1,15,1,1,96.25,1
17,1,324.45,304.31,card_declined,mastercard,0.285,0,17,6,1,378.65,0
4,16,66.73,70.48,insufficient_funds,mastercard,0.562,3,14,0,2,66.73,1
55,13,23.5,22.35,card_declined,visa,0.653,0,11,2,1,96.46,1
10,26,120.71,112.73,card_declined,mastercard,0.481,1,8,1,2,120.71,1
4,22,78.1,73.38,insufficient_funds,visa,0.646,1,12,6,2,78.1,1
6,2,19.42,20.08,card_declined,visa,0.606,2,16,6,3,19.42,0
8,24,38.28,38.98,insufficient_funds,mastercard,0.309,0,10,0,2,38.28,0
27,24,50.79,49.37,processing_error,visa,0.37,1,22,6,1,99.42,0
9,20,389.18,404.63,processing_error,visa,0.486,2,18,0,3,389.18,1
5,28,183.25,191.1,insufficient_funds,elo,0.65,3,8,6,1,183.25,1
27,24,71.77,61.29,insufficient_funds,elo,0.71,1,11,6,2,123.42,0
8,7,148.51,141.34,insufficient_funds,mastercard,0.47,1,5,5,1,148.51,0
40,12,15.97,14.74,card_declined,visa,0.702,1,21,0,1,45.04,0
0,11,59.18,65.02,do_not_honor,mastercard,0.456,1,11,1,2,59.18,0
48,16,139.58,130.18,card_declined,elo,0.722,2,23,3,2,484.27,1
22,29,113.22,107.01,processing_error,visa,0.625,3,23,2,1,173.95,0
1,18,60.54,61.23,expired_card,visa,0.476,2,11,2,2,60.54,1
0,10,94.48,95.82,insufficient_funds,mastercard,0.555,3,22,4,1,94.48,1
4,28,131.99,144.3,generic_decline,mastercard,0.672,0,13,0,2,131.99,1
20,22,96.94,93.68,insufficient_funds,visa,0.593,2,13,4,4,137.92,0
5,8,210.03,196.24,insufficient_funds,visa,0.493,1,22,0,2,210.03,1
40,27,129.74,133.95,insufficient_funds,mastercard,0.505,1,16,1,1,409.29,1
2,11,153.94,164.48,insufficient_funds,mastercard,0.502,0,18,3,2,153.94,0
7,16,447.89,514.08,expired_card,mastercard,0.649,1,14,4,1,447.89,0
1,15,203.87,211.11,insufficient_funds,hipercard,0.548,3,16,1,1,203.87,0
5,28,458.93,457.65,insufficient_funds,visa,0.562,2,20,1,3,458.93,1
6,8,53.81,47.89,insufficient_funds,elo,0.543,1,10,4,4,53.81,1
24,11,23.76,27.23,insufficient_funds,visa,0.712,0,23,3,1,48.47,0
6,20,86.3,91.09,insufficient_funds,elo,0.48,2,20,1,2,86.3,0
2,26,80.0,71.96,do_not_honor,elo,0.501,1,12,3,2,80.0,0
0,4,357.38,353.06,expired_card,mastercard,0.533,2,18,0,4,357.38,0
58,6,35.82,36.47,processing_error,mastercard,0.74,2,0,2,2,166.87,1
19,28,91.13,83.39,insufficient_funds,mastercard,0.701,2,19,5,1,116.41,1
11,24,140.1,149.87,insufficient_funds,elo,0.624,2,20,6,1,140.1,1
6,11,106.84,111.66,card_declined,visa,0.648,2,9,0,3,106.84,1
21,12,83.93,77.23,insufficient_funds,visa,0.711,1,13,4,2,119.61,0
15,15,134.41,154.16,insufficient_funds,elo,0.633,5,17,0,4,168.61,0
65,20,254.92,289.23,expired_card,mastercard,0.849,1,18,4,1,1488.33,1
17,17,382.45,355.55,processing_error,visa,0.728,2,7,5,4,442.41,0
5,24,100.64,98.88,do_not_honor,hipercard,0.472,1,14,6,1,100.64,0
13,2,47.36,52.97,insufficient_funds,hipercard,0.462,4,15,0,2,50.02,0
3,25,382.04,371.3,expired_card,mastercard,0.404,1,18,0,2,382.04,0
45,2,37.53,42.65,insufficient_funds,mastercard,0.695,0,13,2,1,147.94,1
4,26,479.61,436.5,card_declined,visa,0.225,2,14,1,2,479.61,0
0,2,322.59,344.27,do_not_honor,mastercard,0.322,3,11,2,1,322.59,0
35,4,367.03,377.99,expired_card,hipercard,0.518,0,22,0,3,1001.41,1
6,6,179.69,171.4,insufficient_funds,visa,0.569,1,8,5,2,179.69,1
2,7,14.97,15.95,processing_error,visa,0.591,0,15,4,1,14.97,0
2,13,38.84,33.3,expired_card,amex,0.618,5,9,2,2,38.84,0
12,20,128.38,118.01,do_not_honor,visa,0.596,3,1,4,4,128.38,0
7,26,53.64,49.8,expired_card,hipercard,0.665,0,18,2,3,53.64,1
39,16,73.87,65.39,do_not_honor,visa,0.469,0,10,3,2,194.45,0
0,16,168.47,144.92,insufficient_funds,visa,0.339,1,16,2,4,168.47,0
11,10,84.05,80.34,card_declined,hipercard,0.291,1,17,1,2,84.05,0
1,24,33.1,30.3,insufficient_funds,visa,0.563,2,23,0,1,33.1,1
0,4,214.68,191.04,card_declined,mastercard,0.498,2,14,1,1,214.68,0
59,9,154.44,138.56,generic_decline,visa,0.868,1,8,2,1,646.06,1
5,4,78.35,86.02,expired_card,elo,0.595,2,15,1,2,78.35,0
3,7,183.87,161.52,card_declined,visa,0.418,1,9,6,1,183.87,1
0,17,106.36,113.53,insufficient_funds,elo,0.607,2,16,1,2,106.36,0
22,4,318.95,276.27,insufficient_funds,hipercard,0.637,2,15,2,1,449.09,0
16,4,111.8,96.39,expired_card,visa,0.592,2,15,4,1,112.67,0
12,25,316.86,311.37,insufficient_funds,visa,0.518,3,20,1,4,316.86,0
6,4,18.5,17.84,insufficient_funds,elo,0.474,1,14,3,3,18.5,1
35,18,146.98,149.0,card_declined,hipercard,0.797,4,19,4,1,394.75,1
9,12,68.65,72.82,card_declined,visa,0.501,1,20,6,1,68.65,1
35,27,45.57,42.97,insufficient_funds,hipercard,0.648,0,14,3,1,113.84,1
2,22,273.55,248.47,insufficient_funds,amex,0.187,2,13,4,1,273.55,0
3,2,215.33,236.14,insufficient_funds,elo,0.579,1,0,5,2,215.33,1
2,27,16.45,14.8,expired_card,visa,0.504,1,20,2,2,16.45,0
7,13,184.56,201.08,do_not_honor,mastercard,0.297,1,19,2,2,184.56,0
4,9,165.7,170.03,insufficient_funds,elo,0.595,2,10,6,3,165.7,1
3,20,51.42,48.17,insufficient_funds,mastercard,0.599,1,10,4,1,51.42,0
6,22,46.54,43.95,processing_error,visa,0.319,1,20,0,1,46.54,0
3,9,23.8,22.88,insufficient_funds,mastercard,0.678,3,9,6,4,23.8,1
34,12,72.43,74.41,expired_card,elo,0.701,1,20,2,2,191.15,0
0,5,83.49,95.5,insufficient_funds,mastercard,0.562,1,11,4,1,83.49,1
3,18,198.42,187.6,do_not_honor,mastercard,0.578,0,15,2,3,198.42,0
5,29,124.17,140.63,card_declined,visa,0.494,0,10,3,1,124.17,1
18,13,38.13,34.76,insufficient_funds,visa,0.648,1,11,3,2,45.88,0
10,31,120.86,106.83,insufficient_funds,visa,0.639,3,16,0,1,120.86,1
3,6,78.0,78.75,insufficient_funds,mastercard,0.627,1,21,2,4,78.0,1
36,24,42.61,48.7,insufficient_funds,mastercard,0.769,1,16,1,2,132.95,1
1,28,23.82,23.71,insufficient_funds,elo,0.517,1,11,3,1,23.82,1
2,21,170.27,185.59,expired_card,visa,0.549,0,16,6,1,170.27,1
1,4,145.32,144.12,processing_error,visa,0.452,2,10,5,2,145.32,0
7,10,160.29,177.12,insufficient_funds,elo,0.486,3,16,6,3,160.29,1
69,4,51.19,55.99,insufficient_funds,visa,0.976,0,11,3,1,305.85,1
1,18,113.79,120.15,processing_error,hipercard,0.48,0,20,0,2,113.79,0
2,31,28.81,29.81,insufficient_funds,mastercard,0.545,2,21,1,1,28.81,0
9,12,40.69,40.91,expired_card,hipercard,0.555,2,17,3,1,40.69,0
61,6,100.72,114.52,processing_error,elo,0.539,0,14,2,1,553.04,1
1,8,123.4,125.52,card_declined,hipercard,0.479,0,21,2,1,123.4,0
15,17,23.0,21.88,insufficient_funds,mastercard,0.71,1,14,6,1,23.93,1
12,17,38.21,42.59,generic_decline,visa,0.484,2,13,0,1,38.21,1
10,7,70.66,74.05,insufficient_funds,elo,0.601,3,9,1,2,70.66,1
28,23,229.03,233.03,insufficient_funds,visa,0.825,1,21,6,2,487.55,1
12,4,47.47,50.06,insufficient_funds,mastercard,0.575,0,9,4,1,47.47,0
14,19,110.75,105.73,insufficient_funds,visa,0.483,4,23,2,1,110.75,0
11,14,121.56,118.67,insufficient_funds,elo,0.668,0,19,1,1,121.56,1
1,4,78.3,71.15,insufficient_funds,elo,0.511,2,21,2,1,78.3,1
4,19,124.02,137.23,card_declined,amex,0.325,2,15,5,2,124.02,0
46,20,29.6,31.07,insufficient_funds,visa,0.786,0,11,6,2,110.37,1
4,14,54.59,59.9,processing_error,hipercard,0.328,7,15,1,2,54.59,1
0,24,349.51,330.36,insufficient_funds,elo,0.546,1,20,5,1,349.51,1
3,16,372.07,427.37,expired_card,visa,0.526,0,15,0,2,372.07,0
29,9,206.68,197.83,insufficient_funds,visa,0.799,2,12,4,3,429.48,0
2,29,259.79,248.39,insufficient_funds,visa,0.659,5,16,5,2,259.79,0
5,28,19.31,21.98,card_declined,visa,0.576,1,1,1,1,19.31,1
1,4,42.08,44.04,insufficient_funds,mastercard,0.473,1,19,4,2,42.08,0
35,28,74.15,83.79,card_declined,visa,0.708,2,18,6,4,221.99,0
0,24,835.65,866.52,card_declined,mastercard,0.426,1,11,4,2,835.65,0
0,4,74.02,68.39,card_declined,mastercard,0.555,0,11,3,1,74.02,0
2,16,189.44,183.23,expired_card,mastercard,0.421,0,20,0,3,189.44,1
3,2,136.8,151.53,do_not_honor,amex,0.593,2,12,1,1,136.8,0
49,18,134.12,133.7,insufficient_funds,visa,0.818,3,16,1,1,508.64,1
8,28,95.73,101.73,do_not_honor,mastercard,0.684,0,16,0,4,95.73,0
63,12,33.66,30.29,insufficient_funds,amex,0.589,3,17,0,1,151.07,1
1,16,8.87,8.6,insufficient_funds,visa,0.367,1,3,6,1,8.87,1
1,7,305.23,336.31,do_not_honor,mastercard,0.395,2,15,1,4,305.23,0
0,16,56.53,64.01,insufficient_funds,hipercard,0.362,3,20,6,3,56.53,0
11,24,18.61,17.63,processing_error,mastercard,0.606,2,19,6,1,18.61,0
55,7,144.23,130.06,expired_card,amex,0.777,2,14,2,3,561.34,0
18,17,141.8,121.53,do_not_honor,hipercard,0.718,0,9,1,1,160.42,1
26,12,193.35,171.74,insufficient_funds,visa,0.775,5,16,5,2,332.41,0
3,23,263.35,289.87,expired_card,elo,0.552,2,17,6,2,263.35,1
0,22,43.21,42.64,insufficient_funds,mastercard,0.463,3,20,0,2,43.21,0
21,22,44.93,42.12,insufficient_funds,hipercard,0.49,0,20,2,4,65.23,1
10,12,73.65,79.74,card_declined,mastercard,0.642,0,14,5,2,73.65,0
16,18,202.81,220.66,card_declined,elo,0.645,2,17,0,1,257.93,1
55,19,15.1,14.48,card_declined,visa,0.9,2,16,2,1,62.5,1
1,21,109.54,122.73,card_declined,mastercard,0.559,2,11,0,2,109.54,1
4,17,223.72,221.24,processing_error,elo,0.57,2,12,5,1,223.72,1
12,26,215.67,200.22,insufficient_funds,hipercard,0.565,0,18,1,2,215.67,1
32,8,183.43,205.43,insufficient_funds,visa,0.684,3,19,4,2,494.86,1
17,2,251.3,225.14,card_declined,visa,0.623,2,18,3,1,280.14,0
51,29,8.52,9.79,expired_card,hipercard,0.713,3,13,6,1,38.9,1
2,2,409.79,423.71,insufficient_funds,mastercard,0.581,3,15,0,2,409.79,1
2,27,131.09,147.42,insufficient_funds,visa,0.535,2,10,3,2,131.09,0
1,18,319.89,289.07,insufficient_funds,mastercard,0.589,0,18,6,1,319.89,1
36,28,34.43,33.28,processing_error,hipercard,0.791,3,13,3,1,90.85,1
45,17,20.58,22.88,insufficient_funds,hipercard,0.711,1,13,6,3,79.36,0
0,25,477.82,526.14,expired_card,visa,0.527,1,13,1,3,477.82,0
1,22,42.92,47.71,card_declined,elo,0.506,2,4,3,2,42.92,0
9,16,74.16,69.28,generic_decline,mastercard,0.671,0,15,5,1,74.16,1
39,12,156.17,161.68,insufficient_funds,visa,0.662,2,16,2,2,480.8,1
13,1,194.21,187.78,do_not_honor,elo,0.573,7,7,1,1,194.21,0
0,8,254.77,241.07,expired_card,visa,0.542,0,14,0,4,254.77,0
2,29,119.2,119.92,insufficient_funds,mastercard,0.586,4,23,5,1,119.2,0
7,8,38.32,40.79,insufficient_funds,visa,0.586,1,15,0,2,38.32,1
19,23,183.11,184.13,insufficient_funds,visa,0.607,1,14,0,1,257.04,1
3,16,185.72,170.7,insufficient_funds,visa,0.304,4,16,2,1,185.72,0
45,10,19.49,21.29,insufficient_funds,hipercard,0.84,2,14,6,2,73.85,1
4,31,344.68,394.09,insufficient_funds,mastercard,0.641,0,9,3,1,344.68,1
39,2,10.73,10.29,processing_error,mastercard,0.375,0,20,2,2,30.6,1
61,17,245.0,270.67,insufficient_funds,visa,0.934,2,20,6,3,1307.11,0
10,15,55.65,61.72,insufficient_funds,amex,0.463,2,19,1,1,55.65,1
21,3,182.93,169.79,expired_card,mastercard,0.512,2,12,0,3,262.96,1
16,7,153.79,163.26,do_not_honor,hipercard,0.579,2,16,2,1,190.83,1
7,21,94.58,107.02,do_not_honor,visa,0.456,2,15,4,1,94.58,0
36,4,145.93,156.43,do_not_honor,mastercard,0.776,0,18,6,3,427.05,0
0,24,90.52,77.76,do_not_honor,visa,0.49,2,18,4,2,90.52,0
66,19,184.31,190.09,insufficient_funds,visa,0.477,2,14,3,2,993.22,0
9,4,681.01,737.9,insufficient_funds,mastercard,0.556,3,20,4,1,681.01,1
19,9,29.69,30.74,insufficient_funds,elo,0.533,0,17,1,1,42.91,0
41,5,5.76,4.95,do_not_honor,visa,0.764,1,19,6,2,15.53,1
11,24,67.57,59.87,insufficient_funds,elo,0.433,1,18,3,1,67.57,0
21,16,63.59,69.34,expired_card,mastercard,0.763,2,20,3,1,107.39,1
1,1,69.9,69.65,insufficient_funds,mastercard,0.367,2,16,4,1,69.9,0
0,17,42.92,48.82,processing_error,elo,0.561,1,17,0,1,42.92,1
20,15,212.17,206.76,insufficient_funds,mastercard,0.681,2,9,4,2,304.4,1
11,19,28.66,31.43,do_not_honor,hipercard,0.624,2,16,0,3,28.66,0
7,2,145.89,125.56,do_not_honor,elo,0.607,3,22,3,2,145.89,1
46,2,172.35,189.98,insufficient_funds,amex,0.661,0,12,5,1,674.85,1
25,11,129.48,143.43,card_declined,visa,0.494,3,14,0,2,266.44,1
15,21,150.68,144.45,insufficient_funds,elo,0.433,3,17,2,4,157.99,0
71,20,227.16,214.17,insufficient_funds,hipercard,0.855,1,12,4,3,1203.81,0
62,9,102.51,115.12,insufficient_funds,visa,0.715,4,11,4,1,565.05,1
1,7,71.85,77.84,expired_card,mastercard,0.281,1,22,0,2,71.85,1
0,21,150.57,154.99,insufficient_funds,amex,0.471,0,7,1,1,150.57,0
7,2,166.62,163.44,card_declined,visa,0.631,0,11,0,3,166.62,1
9,17,215.44,242.07,processing_error,mastercard,0.651,1,17,5,1,215.44,1
12,14,21.35,22.93,insufficient_funds,elo,0.636,0,21,5,1,21.35,1
33,7,83.04,80.97,insufficient_funds,elo,0.524,5,9,3,2,201.51,1
2,16,37.94,37.9,insufficient_funds,visa,0.562,0,13,6,2,37.94,0
5,7,160.89,141.51,insufficient_funds,visa,0.676,3,20,0,2,160.89,0
33,17,186.41,203.79,generic_decline,visa,0.386,2,10,4,3,507.18,0
20,5,76.6,84.45,insufficient_funds,visa,0.669,4,7,1,1,124.33,0
6,13,51.14,48.93,card_declined,visa,0.674,1,3,2,3,51.14,0
33,16,166.12,156.63,do_not_honor,elo,0.673,1,22,0,1,389.81,0
8,2,86.84,80.39,insufficient_funds,amex,0.679,1,20,0,1,86.84,0
6,18,347.07,313.07,expired_card,hipercard,0.45,0,15,2,4,347.07,0
19,23,472.16,535.59,do_not_honor,hipercard,0.722,1,22,3,3,747.67,0
40,29,237.78,256.26,expired_card,hipercard,0.686,1,8,3,1,783.02,1
3,6,120.19,117.79,insufficient_funds,visa,0.668,1,3,6,1,120.19,0
1,6,494.75,436.89,card_declined,visa,0.535,0,15,5,1,494.75,0
4,9,121.05,107.96,do_not_honor,visa,0.535,0,20,0,2,121.05,1
69,26,63.86,67.88,card_declined,mastercard,0.83,0,8,0,4,370.79,0
6,13,53.65,48.87,card_declined,hipercard,0.436,2,13,6,2,53.65,0
23,9,52.33,49.94,card_declined,visa,0.569,2,9,3,2,85.03,0
0,23,97.2,110.53,expired_card,mastercard,0.626,1,18,6,3,97.2,0
1,2,147.49,151.08,insufficient_funds,mastercard,0.354,2,12,0,2,147.49,1
5,17,27.81,30.38,do_not_honor,visa,0.612,3,16,6,2,27.81,0
69,15,65.6,57.8,insufficient_funds,elo,0.821,1,0,4,1,315.73,1
13,19,118.09,112.08,processing_error,visa,0.619,1,14,3,2,118.09,1
59,23,173.15,193.7,insufficient_funds,mastercard,0.954,4,8,1,2,903.15,1
18,10,95.52,104.42,card_declined,hipercard,0.619,1,22,3,2,137.83,0
7,19,121.46,129.6,processing_error,visa,0.61,3,17,4,1,121.46,1
18,16,32.53,33.38,processing_error,visa,0.504,0,16,1,1,44.06,1
67,5,43.49,40.48,insufficient_funds,elo,0.736,1,13,5,1,214.71,1
0,26,92.6,94.97,expired_card,mastercard,0.368,1,0,5,4,92.6,0
20,23,153.84,133.11,insufficient_funds,mastercard,0.473,1,14,4,1,195.97,0
6,28,120.05,109.33,insufficient_funds,mastercard,0.715,3,11,3,2,120.05,1
13,22,45.99,46.24,insufficient_funds,visa,0.63,0,15,6,2,45.99,1
67,8,79.22,67.38,generic_decline,visa,0.68,3,9,2,1,357.39,1
52,14,374.42,344.34,generic_decline,amex,0.866,1,16,4,1,1397.64,1
52,12,158.52,141.98,expired_card,visa,0.828,2,21,2,1,576.28,0
3,2,84.61,80.69,card_declined,hipercard,0.543,1,14,1,2,84.61,0
9,13,39.3,43.52,insufficient_funds,visa,0.571,0,5,6,1,39.3,0
20,11,51.87,58.83,insufficient_funds,amex,0.586,3,16,1,1,86.61,1
14,1,98.32,88.44,card_declined,hipercard,0.437,4,23,4,1,98.32,1
37,25,124.9,114.82,processing_error,visa,0.568,0,23,1,1,322.76,1
48,5,161.55,178.36,card_declined,mastercard,0.78,2,14,4,1,663.5,0
2,16,137.97,124.42,insufficient_funds,elo,0.543,2,14,4,1,137.97,0
2,24,70.35,75.44,insufficient_funds,mastercard,0.592,1,12,2,3,70.35,1
30,18,62.08,54.36,insufficient_funds,amex,0.774,0,22,2,4,122.31,1
69,6,602.29,629.09,processing_error,visa,0.918,2,11,3,2,3436.4,1
24,19,59.63,55.44,insufficient_funds,hipercard,0.765,0,16,3,1,98.68,1
2,24,31.03,33.35,insufficient_funds,mastercard,0.653,1,15,3,2,31.03,0
1,25,22.8,22.93,expired_card,visa,0.34,0,8,0,3,22.8,0
15,10,71.43,64.55,insufficient_funds,mastercard,0.483,1,15,3,3,71.43,0
8,2,225.29,218.68,insufficient_funds,visa,0.527,0,16,4,2,225.29,0
2,18,58.6,58.85,card_declined,mastercard,0.629,1,12,4,1,58.6,0
43,7,363.17,417.21,insufficient_funds,visa,0.663,5,10,4,1,1377.89,0
6,24,97.12,96.55,expired_card,elo,0.394,1,15,2,4,97.12,1
65,21,261.92,234.52,generic_decline,visa,0.802,0,23,3,3,1206.8,0
48,24,49.86,50.69,insufficient_funds,mastercard,0.614,1,23,5,2,188.57,1
5,29,50.56,46.32,insufficient_funds,amex,0.639,1,14,0,1,50.56,1
5,17,105.98,118.05,card_declined,amex,0.507,1,20,3,1,105.98,0
18,27,150.06,165.1,expired_card,elo,0.586,3,20,2,1,217.93,1
14,19,83.38,74.09,generic_decline,visa,0.71,0,23,4,1,83.38,1
32,6,126.75,130.11,insufficient_funds,amex,0.497,4,18,4,1,313.42,0
35,24,164.87,174.59,do_not_honor,visa,0.677,2,12,1,3,462.54,0
5,21,27.68,25.62,insufficient_funds,mastercard,0.551,1,23,1,1,27.68,0
5,30,72.21,74.95,insufficient_funds,amex,0.515,3,13,0,1,72.21,0
38,8,61.66,60.97,insufficient_funds,visa,0.82,3,9,4,1,176.34,1
3,11,64.38,64.03,insufficient_funds,visa,0.357,2,15,3,4,64.38,0
1,25,140.31,142.47,insufficient_funds,mastercard,0.563,2,23,1,1,140.31,0
6,2,62.43,63.74,insufficient_funds,mastercard,0.612,2,17,3,2,62.43,0
0,19,16.47,17.51,insufficient_funds,visa,0.618,1,17,5,4,16.47,0
0,16,79.23,78.1,expired_card,elo,0.524,5,13,0,3,79.23,0
0,6,37.97,40.51,insufficient_funds,amex,0.43,0,19,1,2,37.97,1
11,6,151.91,151.27,insufficient_funds,hipercard,0.523,2,10,1,2,151.91,1
31,24,199.96,209.73,insufficient_funds,visa,0.749,2,8,4,2,488.53,1
13,1,14.16,13.15,card_declined,mastercard,0.492,1,22,6,1,14.16,1
58,23,49.14,49.75,generic_decline,amex,0.901,0,16,0,1,227.63,1
8,23,133.79,132.51,insufficient_funds,visa,0.24,2,22,5,1,133.79,1
65,19,27.96,26.3,generic_decline,mastercard,0.81,1,2,2,2,135.34,0
0,13,195.91,170.19,card_declined,visa,0.485,0,18,5,2,195.91,0
1,2,248.27,249.03,do_not_honor,visa,0.478,0,9,5,2,248.27,1
15,24,84.65,72.2,expired_card,visa,0.544,2,9,4,1,84.65,0
3,4,49.15,47.53,insufficient_funds,elo,0.252,3,11,1,2,49.15,0
8,9,12.55,12.06,processing_error,mastercard,0.444,1,3,0,1,12.55,1
0,28,201.44,209.52,expired_card,visa,0.635,2,23,1,3,201.44,0
0,9,578.97,663.63,do_not_honor,mastercard,0.3,1,17,1,4,578.97,0
47,8,481.77,533.51,do_not_honor,visa,0.92,0,22,5,2,1939.83,1
4,30,82.2,93.92,expired_card,visa,0.582,0,9,4,2,82.2,0
11,4,37.03,42.04,expired_card,amex,0.475,0,20,3,1,37.03,0
1,6,205.71,179.43,insufficient_funds,mastercard,0.596,2,8,0,1,205.71,0
4,14,87.33,81.62,card_declined,elo,0.488,2,9,0,2,87.33,0
16,24,149.47,140.37,card_declined,visa,0.52,4,22,6,2,164.08,1
0,26,127.91,111.45,expired_card,visa,0.596,1,10,4,1,127.91,0
71,23,106.17,117.21,insufficient_funds,amex,0.766,1,20,6,1,658.82,1
2,30,243.72,272.62,generic_decline,visa,0.365,4,22,3,1,243.72,0
1,1,251.9,259.83,insufficient_funds,visa,0.537,2,3,0,2,251.9,0
19,19,61.44,68.65,insufficient_funds,elo,0.635,1,23,5,1,95.83,0
2,4,43.05,45.82,insufficient_funds,mastercard,0.57,2,16,6,2,43.05,1
2,27,10.62,10.43,insufficient_funds,amex,0.58,3,17,3,1,10.62,0
1,28,71.87,64.32,insufficient_funds,hipercard,0.642,2,21,0,2,71.87,0
30,9,37.01,42.1,insufficient_funds,visa,0.758,0,18,4,1,94.72,1
30,25,141.85,150.03,insufficient_funds,visa,0.692,0,23,4,4,337.57,1
46,19,72.53,69.36,insufficient_funds,mastercard,0.533,3,22,5,2,246.38,0
1,4,79.87,70.97,insufficient_funds,visa,0.612,2,11,4,2,79.87,1
44,18,201.07,219.1,generic_decline,mastercard,0.543,2,19,6,2,741.78,1
18,30,139.11,151.71,expired_card,visa,0.689,0,14,2,3,200.26,0
29,10,88.12,89.26,insufficient_funds,amex,0.526,1,9,4,2,193.78,0
12,1,437.23,502.81,expired_card,amex,0.658,0,13,4,1,437.44,1
5,30,188.31,181.89,expired_card,visa,0.613,0,5,2,1,188.31,1
4,13,67.56,76.52,expired_card,visa,0.492,1,16,6,1,67.56,1
4,14,70.29,73.04,insufficient_funds,hipercard,0.514,3,0,1,4,70.29,0
11,22,196.9,210.87,expired_card,visa,0.654,2,10,4,3,196.9,0
7,18,117.05,131.7,insufficient_funds,visa,0.499,0,23,2,1,117.05,0
16,9,36.11,39.7,insufficient_funds,visa,0.344,1,23,1,1,46.4,1
0,4,216.41,202.69,generic_decline,visa,0.636,2,17,0,1,216.41,0
11,25,298.63,331.53,insufficient_funds,visa,0.589,0,23,0,1,298.63,1
5,15,279.17,282.5,insufficient_funds,visa,0.424,0,15,1,2,279.17,1
44,20,384.84,332.29,insufficient_funds,visa,0.686,2,15,4,4,1124.99,0
2,26,614.29,646.32,card_declined,elo,0.572,5,15,3,2,614.29,0
6,1,454.47,454.43,insufficient_funds,visa,0.633,2,2,5,1,454.47,0
45,26,132.29,133.74,insufficient_funds,elo,0.738,1,13,6,1,463.91,1
6,23,81.23,79.07,insufficient_funds,mastercard,0.329,1,16,0,3,81.23,1
17,28,19.24,16.72,insufficient_funds,mastercard,0.498,1,16,2,3,20.8,0
64,7,98.7,89.23,insufficient_funds,hipercard,0.937,3,15,1,1,452.1,1
7,10,155.02,166.95,insufficient_funds,visa,0.428,1,13,3,1,155.02,1
7,20,101.6,93.5,insufficient_funds,visa,0.603,4,18,5,1,101.6,0
0,28,18.27,18.97,insufficient_funds,mastercard,0.526,1,23,1,3,18.27,0
2,31,75.78,76.73,generic_decline,visa,0.487,1,20,5,2,75.78,1
15,13,173.41,158.92,expired_card,visa,0.541,1,13,0,1,173.82,1
0,16,39.29,36.7,insufficient_funds,amex,0.623,0,12,4,2,39.29,0
28,6,113.25,109.29,insufficient_funds,amex,0.671,2,22,5,2,228.66,1
16,21,143.43,159.79,card_declined,mastercard,0.575,4,11,6,1,186.78,0
53,25,263.88,298.82,card_declined,mastercard,0.91,1,9,2,4,1238.4,0
0,24,447.51,432.31,insufficient_funds,mastercard,0.545,1,12,0,3,447.51,0
4,11,69.88,60.37,insufficient_funds,visa,0.656,4,16,3,2,69.88,1
7,29,115.08,118.56,expired_card,visa,0.678,1,0,2,1,115.08,1
0,4,118.33,115.4,insufficient_funds,mastercard,0.506,0,10,4,1,118.33,1
8,16,174.03,173.63,insufficient_funds,visa,0.408,3,11,3,1,174.03,0
13,17,157.56,154.82,insufficient_funds,visa,0.398,1,16,1,3,157.56,0
4,16,346.62,362.69,card_declined,mastercard,0.54,0,19,0,3,346.62,0
41,24,12.32,11.6,insufficient_funds,mastercard,0.805,1,23,6,1,36.4,0
1,18,141.7,158.39,insufficient_funds,visa,0.473,1,10,2,1,141.7,0
7,3,150.71,147.15,insufficient_funds,hipercard,0.408,2,18,3,2,150.71,1
62,6,79.32,75.55,expired_card,elo,0.835,4,11,0,2,370.82,1
0,16,13.08,14.74,expired_card,mastercard,0.467,1,17,1,1,13.08,0
2,21,92.59,88.65,card_declined,visa,0.644,1,11,3,1,92.59,0
42,16,52.0,45.5,expired_card,mastercard,0.685,0,15,2,1,146.51,0
0,12,433.95,389.08,insufficient_funds,mastercard,0.475,3,15,1,1,433.95,1
19,2,136.42,145.19,insufficient_funds,mastercard,0.361,0,23,5,1,202.68,0
6,24,48.22,49.12,generic_decline,mastercard,0.553,2,12,6,1,48.22,0
4,16,15.78,15.94,do_not_honor,visa,0.362,2,20,1,2,15.78,0
17,16,165.18,144.47,insufficient_funds,visa,0.434,2,19,4,4,179.76,0
10,15,181.42,163.14,expired_card,amex,0.57,1,16,0,1,181.42,1
21,8,80.7,78.19,insufficient_funds,visa,0.708,2,18,0,3,121.1,0
2,9,167.11,164.5,insufficient_funds,mastercard,0.513,1,13,1,1,167.11,0
27,3,71.74,69.08,insufficient_funds,amex,0.64,1,17,0,2,139.11,0
71,22,252.25,252.46,card_declined,visa,0.897,0,9,3,1,1419.04,0
27,8,236.09,252.63,do_not_honor,hipercard,0.752,2,20,1,1,508.73,1
69,9,22.8,23.73,card_declined,amex,0.669,2,13,1,1,129.63,0
58,31,28.31,29.26,card_declined,elo,0.599,4,23,1,1,133.88,1
30,12,593.95,604.25,insufficient_funds,elo,0.687,2,14,4,1,1359.56,1
1,16,223.74,203.67,do_not_honor,amex,0.526,0,22,6,1,223.74,1
11,12,31.85,32.85,insufficient_funds,visa,0.563,1,12,1,1,31.85,1
6,9,24.23,21.75,generic_decline,mastercard,0.684,0,12,1,1,24.23,0
41,1,117.56,125.07,insufficient_funds,visa,0.757,3,20,0,4,392.42,0
18,25,35.43,34.92,insufficient_funds,amex,0.364,0,22,6,3,46.09,1
28,15,73.78,75.58,expired_card,mastercard,0.739,1,15,5,1,158.13,1
70,22,93.73,103.93,insufficient_funds,elo,0.933,0,7,2,2,575.95,1
14,29,90.2,86.77,insufficient_funds,visa,0.533,4,13,0,1,90.2,0
0,1,265.9,233.97,card_declined,visa,0.42,4,20,3,2,265.9,0
31,20,498.8,557.37,card_declined,elo,0.729,0,15,1,1,1298.29,1
2,4,63.88,61.29,insufficient_funds,visa,0.463,1,18,0,2,63.88,0
12,15,35.8,34.8,expired_card,mastercard,0.387,3,14,2,1,35.8,1
50,25,138.08,129.63,expired_card,elo,0.814,1,1,4,1,504.12,0
6,3,416.4,406.43,insufficient_funds,visa,0.605,2,18,5,3,416.4,1
22,31,68.32,68.75,insufficient_funds,visa,0.628,4,12,1,4,111.76,0
21,17,208.05,229.48,expired_card,visa,0.685,0,15,3,1,355.41,1
2,13,46.47,49.54,do_not_honor,amex,0.489,1,22,4,1,46.47,1
8,1,99.61,100.01,insufficient_funds,visa,0.658,0,11,6,1,99.61,0
45,17,34.82,37.58,card_declined,visa,0.737,5,13,6,2,130.36,0
3,16,98.69,108.99,insufficient_funds,hipercard,0.45,4,10,1,2,98.69,0
60,7,88.14,76.46,card_declined,elo,0.64,2,2,2,3,363.18,1
2,16,167.77,172.41,processing_error,mastercard,0.363,2,14,6,2,167.77,0
6,1,474.31,409.32,expired_card,mastercard,0.677,2,8,3,3,474.31,0
12,31,69.2,65.22,insufficient_funds,elo,0.506,4,12,0,2,69.2,0
1,11,16.54,17.84,do_not_honor,hipercard,0.505,3,21,4,4,16.54,0
1,15,81.69,88.83,expired_card,amex,0.478,1,4,2,2,81.69,0
58,24,127.52,142.2,expired_card,mastercard,0.777,1,17,4,1,650.64,0
63,22,116.95,116.89,insufficient_funds,elo,0.758,2,14,6,2,582.99,1
57,26,84.99,74.39,insufficient_funds,elo,0.709,2,14,2,1,333.92,1
1,28,366.48,325.45,insufficient_funds,elo,0.384,4,15,2,1,366.48,1
6,6,110.32,101.86,expired_card,elo,0.544,2,13,2,4,110.32,0
0,12,89.06,85.64,insufficient_funds,visa,0.637,4,8,2,4,89.06,0
34,21,48.99,49.38,insufficient_funds,elo,0.443,0,22,3,1,126.85,1
2,2,20.71,21.62,card_declined,visa,0.317,1,10,4,1,20.71,0
67,22,130.96,117.7,insufficient_funds,visa,0.89,1,18,0,4,624.3,1
70,1,121.56,110.22,card_declined,visa,0.889,0,19,6,1,610.8,1
15,27,38.15,34.41,insufficient_funds,visa,0.669,1,11,6,4,38.15,1
8,22,93.97,101.16,insufficient_funds,mastercard,0.613,2,10,1,4,93.97,0
0,17,86.02,80.91,insufficient_funds,visa,0.498,2,22,0,3,86.02,0
4,14,56.13,50.52,card_declined,mastercard,0.249,3,0,4,3,56.13,0
7,31,48.31,47.32,expired_card,hipercard,0.673,2,14,6,2,48.31,1
7,23,140.08,129.47,insufficient_funds,visa,0.642,0,7,0,4,140.08,1
22,24,79.98,76.84,generic_decline,visa,0.608,3,14,5,1,124.91,1
0,25,57.82,63.44,insufficient_funds,visa,0.602,1,10,6,1,57.82,1
28,1,45.47,43.2,insufficient_funds,elo,0.78,2,22,5,2,90.38,0
1,2,87.09,78.6,card_declined,visa,0.676,3,13,3,1,87.09,0
3,6,222.21,204.37,expired_card,visa,0.634,1,20,6,2,222.21,0
6,20,117.44,101.03,expired_card,visa,0.61,0,14,0,2,117.44,0
28,19,79.18,88.71,generic_decline,visa,0.658,2,16,5,2,185.6,0
61,10,128.56,136.16,card_declined,elo,0.884,0,18,4,1,657.54,0
60,30,328.45,324.84,insufficient_funds,elo,0.835,3,18,2,4,1542.99,0
8,4,151.11,153.87,insufficient_funds,visa,0.4,4,21,5,2,151.11,0
2,24,123.17,114.08,do_not_honor,mastercard,0.64,0,13,4,1,123.17,0
22,15,172.36,167.38,insufficient_funds,mastercard,0.516,5,15,5,2,272.09,1
13,13,84.95,80.36,insufficient_funds,hipercard,0.586,1,21,1,1,84.95,0
3,1,115.11,126.32,do_not_honor,elo,0.297,1,13,3,3,115.11,0
12,23,63.31,67.93,card_declined,elo,0.474,2,11,2,2,63.31,0
36,24,24.66,23.06,insufficient_funds,hipercard,0.64,1,12,4,1,62.95,0
35,10,132.55,142.98,card_declined,visa,0.498,4,13,4,3,378.8,0
8,16,133.0,116.8,insufficient_funds,visa,0.633,0,10,4,1,133.0,0
5,18,75.7,68.95,do_not_honor,elo,0.423,0,10,6,4,75.7,0
24,12,245.31,216.34,expired_card,visa,0.498,1,5,0,1,385.09,0
12,18,51.49,47.45,expired_card,mastercard,0.52,0,11,3,2,51.49,0
70,14,20.26,18.6,insufficient_funds,elo,0.749,3,22,3,1,103.07,0
18,26,52.62,58.94,insufficient_funds,mastercard,0.387,4,17,4,2,77.8,0
0,22,24.87,23.58,insufficient_funds,visa,0.525,1,13,3,4,24.87,0
69,4,131.98,126.25,card_declined,mastercard,0.946,0,20,1,1,689.64,1
3,24,50.12,44.1,expired_card,visa,0.629,2,17,1,3,50.12,0
40,11,234.42,203.9,do_not_honor,visa,0.753,1,10,2,3,623.03,0
18,28,230.11,210.74,insufficient_funds,mastercard,0.531,2,17,2,2,278.18,0
8,18,42.98,38.27,insufficient_funds,visa,0.456,1,23,4,2,42.98,1
66,2,47.68,45.46,expired_card,hipercard,0.933,0,8,2,2,237.53,1
0,23,157.14,142.34,expired_card,mastercard,0.549,2,23,1,2,157.14,1
18,4,233.41,210.87,insufficient_funds,amex,0.736,2,14,0,4,278.35,1
6,26,16.36,17.08,insufficient_funds,hipercard,0.57,0,15,4,1,16.36,0
8,28,125.54,142.19,insufficient_funds,mastercard,0.656,2,0,0,4,125.54,1
0,21,13.88,11.85,card_declined,mastercard,0.291,0,12,1,1,13.88,0
32,16,60.05,63.75,do_not_honor,amex,0.617,2,14,1,1,153.57,1
58,18,258.24,270.57,processing_error,visa,0.677,1,23,0,1,1238.01,1
61,14,1312.67,1346.16,card_declined,mastercard,0.872,0,19,6,1,6500.83,0
58,3,79.06,83.62,expired_card,visa,0.924,1,23,0,1,382.61,0
5,28,32.28,32.36,card_declined,elo,0.462,1,19,1,3,32.28,0
13,10,61.95,69.88,card_declined,elo,0.532,1,21,1,4,65.99,0
70,10,103.66,93.03,insufficient_funds,mastercard,0.683,1,1,5,4,515.54,1
0,6,53.89,53.46,insufficient_funds,mastercard,0.596,1,21,6,1,53.89,0
1,31,42.99,44.96,do_not_honor,mastercard,0.641,6,20,3,1,42.99,0
1,28,66.9,75.1,processing_error,mastercard,0.416,1,16,4,1,66.9,0
48,11,138.91,138.39,card_declined,mastercard,0.457,1,18,5,2,514.81,1
1,8,84.09,96.12,insufficient_funds,amex,0.386,2,20,1,1,84.09,0
19,24,44.67,46.77,processing_error,visa,0.733,1,5,3,2,65.29,1
51,14,53.9,57.12,insufficient_funds,visa,0.601,1,11,0,1,226.98,1
3,29,67.68,74.14,insufficient_funds,visa,0.439,3,23,1,2,67.68,1
36,27,40.23,43.05,expired_card,mastercard,0.756,2,13,3,1,117.53,0
9,24,52.16,52.51,expired_card,amex,0.614,0,8,2,4,52.16,0
14,4,173.15,187.31,insufficient_funds,visa,0.566,1,18,0,1,190.85,1
0,22,79.66,68.56,expired_card,mastercard,0.274,1,14,0,1,79.66,1
46,31,20.59,23.26,card_declined,hipercard,0.858,2,21,5,1,82.62,1
49,12,242.95,266.5,insufficient_funds,visa,0.75,1,16,4,1,1013.85,1
53,26,141.54,147.39,insufficient_funds,amex,0.793,1,23,5,2,610.83,1
1,13,28.61,24.91,card_declined,hipercard,0.338,4,18,4,1,28.61,0
23,29,70.66,66.31,do_not_honor,elo,0.719,3,17,1,2,112.9,1
6,20,48.37,44.79,do_not_honor,visa,0.445,0,15,4,2,48.37,1
4,4,178.34,165.34,insufficient_funds,mastercard,0.578,1,7,3,2,178.34,0
22,15,70.26,73.89,expired_card,visa,0.601,3,1,0,2,120.11,1
18,2,91.63,101.97,processing_error,visa,0.734,1,19,0,1,134.6,1
2,13,82.63,87.13,insufficient_funds,visa,0.376,1,19,1,1,82.63,1
53,28,26.25,25.37,expired_card,visa,0.927,0,11,5,1,105.14,1
0,7,340.64,388.59,insufficient_funds,hipercard,0.473,2,16,3,1,340.64,0
9,28,176.05,195.2,expired_card,mastercard,0.461,2,13,3,1,176.05,1
23,4,50.32,53.12,insufficient_funds,visa,0.394,1,19,6,1,90.44,1
2,20,115.91,112.34,insufficient_funds,mastercard,0.57,0,20,3,4,115.91,1
22,29,232.23,245.04,insufficient_funds,mastercard,0.779,3,15,2,1,398.33,1
3,20,102.71,99.88,insufficient_funds,visa,0.687,2,18,2,4,102.71,1
64,27,389.66,349.35,insufficient_funds,visa,0.934,0,14,1,2,1770.04,0
0,31,1305.48,1352.02,insufficient_funds,mastercard,0.511,2,16,1,1,1305.48,0
18,19,87.39,92.58,expired_card,elo,0.41,2,19,0,3,122.21,0
8,24,58.26,55.63,insufficient_funds,visa,0.316,1,9,1,2,58.26,1
3,2,40.59,45.82,insufficient_funds,amex,0.519,2,0,0,2,40.59,1
2,14,13.68,15.13,insufficient_funds,mastercard,0.563,2,17,0,1,13.68,0
65,9,296.23,303.59,generic_decline,mastercard,0.913,2,20,3,1,1562.22,0
7,25,71.41,61.99,insufficient_funds,visa,0.602,2,17,1,3,71.41,1
67,20,212.72,181.91,expired_card,mastercard,0.828,2,10,0,2,964.88,1
25,18,254.32,264.99,insufficient_funds,visa,0.792,2,15,3,2,492.26,0
4,28,37.42,40.94,insufficient_funds,visa,0.585,3,14,0,3,37.42,0
3,4,42.76,42.76,do_not_honor,amex,0.322,2,23,3,2,42.76,0
3,29,460.45,394.63,expired_card,mastercard,0.683,1,18,2,2,460.45,1
25,4,91.85,82.06,expired_card,visa,0.678,1,16,1,4,152.44,0
38,11,54.37,49.66,insufficient_funds,visa,0.455,3,14,0,1,143.63,1
0,19,38.63,40.11,insufficient_funds,visa,0.577,0,13,1,1,38.63,0
1,11,86.21,85.85,insufficient_funds,hipercard,0.477,2,9,4,1,86.21,0
7,21,373.11,328.58,insufficient_funds,visa,0.267,3,18,2,1,373.11,0
2,24,179.7,179.79,do_not_honor,mastercard,0.382,1,16,4,3,179.7,0
40,25,114.88,127.61,insufficient_funds,elo,0.892,3,8,5,2,389.92,1
31,6,400.81,393.49,insufficient_funds,visa,0.768,1,14,5,2,916.56,1
51,6,337.74,302.25,insufficient_funds,mastercard,0.717,1,20,5,1,1201.07,0
0,2,131.53,134.61,insufficient_funds,mastercard,0.509,1,9,0,2,131.53,0
5,16,1151.05,1299.32,insufficient_funds,amex,0.289,0,20,4,2,1151.05,0
8,5,78.46,69.42,insufficient_funds,mastercard,0.356,1,15,1,1,78.46,1
2,10,259.25,232.53,generic_decline,visa,0.278,3,7,4,1,259.25,1
3,25,68.94,70.32,expired_card,visa,0.352,3,23,2,1,68.94,0
27,28,217.98,207.52,insufficient_funds,visa,0.743,0,10,6,3,417.89,1
49,25,78.39,87.69,insufficient_funds,visa,0.758,0,4,2,2,333.6,0
3,1,147.26,156.66,expired_card,hipercard,0.473,2,16,5,2,147.26,0
9,17,816.93,730.44,insufficient_funds,visa,0.593,2,9,1,1,816.93,0
59,6,227.68,253.0,do_not_honor,visa,0.824,0,4,0,1,1179.65,0
67,12,149.3,155.67,expired_card,mastercard,0.585,3,18,4,1,825.7,0
13,14,49.12,49.03,insufficient_funds,visa,0.321,0,9,4,3,49.12,1
2,28,115.54,107.1,card_declined,mastercard,0.472,0,23,1,1,115.54,0
2,19,39.92,41.71,insufficient_funds,visa,0.595,2,20,1,1,39.92,1
7,8,214.93,240.62,insufficient_funds,elo,0.585,1,22,6,2,214.93,0
3,19,210.19,181.09,expired_card,visa,0.603,1,18,2,2,210.19,0
5,29,83.33,80.21,insufficient_funds,mastercard,0.457,2,16,3,3,83.33,0
59,2,428.42,484.41,insufficient_funds,mastercard,0.826,2,18,0,3,2258.63,1
3,24,378.11,364.83,do_not_honor,visa,0.599,1,16,0,3,378.11,0
66,7,111.65,96.1,processing_error,visa,0.953,2,20,4,3,502.12,1
4,5,161.54,142.23,insufficient_funds,mastercard,0.579,0,10,1,1,161.54,1
37,27,57.96,61.28,do_not_honor,elo,0.839,1,9,4,2,172.26,0
2,1,76.76,81.37,insufficient_funds,mastercard,0.573,3,18,0,1,76.76,0
21,23,37.52,33.19,processing_error,mastercard,0.424,0,10,0,2,51.4,1
56,4,63.91,58.53,insufficient_funds,mastercard,0.733,2,23,2,3,257.66,1
20,18,89.09,90.8,insufficient_funds,mastercard,0.78,3,9,2,2,133.68,0
25,19,22.36,23.61,card_declined,elo,0.759,2,18,6,1,43.86,1
5,26,163.17,146.37,insufficient_funds,visa,0.601,1,20,0,4,163.17,1
0,25,242.34,239.17,do_not_honor,mastercard,0.517,0,12,4,1,242.34,0
28,21,97.06,98.87,insufficient_funds,amex,0.627,2,18,5,1,206.86,1
39,12,8.9,7.7,generic_decline,mastercard,0.749,2,23,2,2,22.9,0
25,6,78.07,71.6,insufficient_funds,mastercard,0.732,2,23,4,2,133.01,1
1,19,28.35,31.91,insufficient_funds,elo,0.627,1,9,5,1,28.35,0
1,16,56.88,63.36,insufficient_funds,visa,0.557,3,9,1,1,56.88,0
56,3,355.01,336.1,insufficient_funds,mastercard,0.646,3,13,5,4,1479.59,0
11,29,11.24,12.48,expired_card,visa,0.413,1,6,6,1,11.24,1
0,10,47.33,49.21,expired_card,visa,0.547,2,9,1,2,47.33,0
0,1,204.24,233.75,processing_error,visa,0.603,1,14,1,1,204.24,1
15,27,52.4,59.73,expired_card,elo,0.544,0,0,6,2,65.33,0
57,17,48.96,50.68,insufficient_funds,mastercard,0.902,1,7,0,2,227.49,1
49,23,594.54,588.8,insufficient_funds,hipercard,0.9,3,23,0,1,2239.98,1
0,5,136.8,122.12,expired_card,visa,0.493,1,18,2,1,136.8,0
8,13,224.16,226.2,do_not_honor,visa,0.452,2,13,4,2,224.16,1
5,19,151.69,147.06,insufficient_funds,mastercard,0.437,1,9,6,1,151.69,1
1,8,112.85,117.78,insufficient_funds,visa,0.48,2,15,3,1,112.85,1
4,22,300.44,263.44,insufficient_funds,mastercard,0.652,0,17,5,4,300.44,0
5,7,531.08,584.44,insufficient_funds,visa,0.548,2,12,1,1,531.08,0
11,6,21.91,24.98,expired_card,visa,0.698,2,16,4,1,21.91,1
4,1,94.73,86.47,insufficient_funds,mastercard,0.649,1,15,1,2,94.73,0
0,9,94.07,97.82,processing_error,mastercard,0.591,1,17,5,3,94.07,0
2,8,66.76,72.81,insufficient_funds,visa,0.478,1,14,2,1,66.76,1
61,24,233.66,237.47,insufficient_funds,visa,0.934,1,15,4,4,1146.78,0
57,17,122.8,138.84,insufficient_funds,visa,0.637,1,9,2,2,623.22,1
2,6,540.66,542.58,insufficient_funds,visa,0.656,2,11,3,1,540.66,1
1,17,259.76,241.88,card_declined,hipercard,0.582,2,15,4,3,259.76,0
1,7,328.54,325.74,do_not_honor,mastercard,0.547,2,16,1,2,328.54,0
0,14,33.69,33.57,insufficient_funds,visa,0.654,1,20,1,2,33.69,1
0,26,47.77,44.24,insufficient_funds,visa,0.592,4,10,1,1,47.77,1
71,22,51.4,55.82,card_declined,visa,0.81,0,18,2,3,313.75,1
10,19,316.63,327.81,card_declined,visa,0.612,1,15,0,3,316.63,1
15,9,41.4,39.79,card_declined,hipercard,0.428,1,1,6,1,43.52,0
0,4,42.49,41.49,insufficient_funds,visa,0.328,5,5,1,1,42.49,0
20,23,36.1,34.71,expired_card,amex,0.714,1,16,2,2,51.1,0
1,17,1127.68,1110.05,insufficient_funds,elo,0.458,0,18,1,4,1127.68,0
29,19,86.15,86.88,insufficient_funds,elo,0.573,1,21,2,2,188.61,0
12,30,156.51,148.57,do_not_honor,mastercard,0.681,2,11,6,1,156.51,1
5,11,35.49,38.88,insufficient_funds,visa,0.638,0,20,4,1,35.49,1
24,24,229.18,258.63,insufficient_funds,elo,0.731,3,10,3,2,460.36,0
3,17,20.22,20.36,insufficient_funds,elo,0.361,1,17,4,3,20.22,0
31,7,40.97,43.57,insufficient_funds,mastercard,0.794,1,10,3,4,101.49,0
23,2,51.05,57.64,do_not_honor,visa,0.748,2,17,1,2,98.14,0
15,18,118.73,107.76,insufficient_funds,visa,0.658,0,12,1,2,118.73,0
4,9,48.32,43.82,insufficient_funds,visa,0.503,2,14,3,2,48.32,1
8,21,378.48,329.95,processing_error,visa,0.719,0,17,4,3,378.48,0
1,22,152.84,150.19,insufficient_funds,mastercard,0.478,1,16,0,2,152.84,0
0,15,52.98,50.3,insufficient_funds,amex,0.417,3,8,2,1,52.98,0
33,16,237.12,241.43,insufficient_funds,mastercard,0.597,0,17,0,1,600.86,1
4,19,68.93,67.92,insufficient_funds,mastercard,0.656,3,16,4,2,68.93,0
2,15,57.85,52.47,insufficient_funds,elo,0.642,0,19,1,3,57.85,1
1,26,216.62,209.55,expired_card,mastercard,0.522,4,21,2,2,216.62,0
9,3,11.06,9.5,insufficient_funds,mastercard,0.447,0,10,2,2,11.06,1
1,30,187.76,189.87,expired_card,elo,0.535,3,18,2,1,187.76,1
71,2,51.88,48.32,do_not_honor,visa,0.92,0,13,3,4,271.6,0
5,6,51.81,45.78,insufficient_funds,amex,0.52,0,11,0,1,51.81,1
46,22,556.58,484.09,insufficient_funds,visa,0.873,0,18,5,1,1719.6,1
2,4,60.98,64.9,insufficient_funds,mastercard,0.567,2,16,3,1,60.98,0
68,8,228.5,211.18,insufficient_funds,mastercard,0.962,1,22,3,1,1136.85,1
2,5,125.27,131.24,insufficient_funds,mastercard,0.545,2,11,1,1,125.27,0
27,23,137.36,150.36,insufficient_funds,mastercard,0.725,0,10,0,1,302.79,0
8,17,78.24,78.24,insufficient_funds,visa,0.72,3,15,4,4,78.24,0
14,3,74.7,66.48,insufficient_funds,elo,0.583,3,20,3,1,74.7,1
7,15,379.83,392.88,insufficient_funds,visa,0.373,0,16,2,1,379.83,1
7,6,223.39,194.68,card_declined,mastercard,0.639,1,14,3,1,223.39,0
26,29,62.71,68.68,insufficient_funds,elo,0.611,1,17,4,2,132.93,1
27,4,38.6,41.63,card_declined,mastercard,0.596,0,16,3,3,83.83,0
17,18,58.16,56.45,expired_card,amex,0.371,3,17,2,2,70.24,1
28,15,233.75,217.56,insufficient_funds,visa,0.675,2,19,6,2,455.18,1
0,17,278.5,296.01,expired_card,visa,0.611,0,23,3,1,278.5,1
2,29,160.03,163.26,insufficient_funds,visa,0.339,0,11,1,3,160.03,0
4,11,23.25,20.77,card_declined,amex,0.501,2,17,1,3,23.25,0
66,23,190.94,205.79,insufficient_funds,elo,0.873,1,17,3,1,1075.25,1
19,15,311.18,295.68,insufficient_funds,elo,0.422,3,11,0,1,412.76,1
2,20,114.04,127.51,expired_card,mastercard,0.562,0,23,0,3,114.04,0
0,12,567.4,623.48,expired_card,visa,0.409,1,20,3,1,567.4,0
5,7,30.23,28.2,card_declined,visa,0.661,2,11,2,1,30.23,1
4,3,179.6,166.41,insufficient_funds,mastercard,0.416,1,23,5,1,179.6,1
66,4,39.49,38.28,insufficient_funds,visa,0.807,2,11,0,1,200.01,1
43,29,250.31,273.17,insufficient_funds,mastercard,0.799,1,11,4,1,902.18,0
4,24,168.48,149.81,insufficient_funds,amex,0.398,2,0,4,2,168.48,0
3,8,484.22,457.5,insufficient_funds,visa,0.65,1,9,5,1,484.22,1
63,16,152.37,159.64,expired_card,mastercard,0.714,0,8,5,2,796.2,0
5,22,68.27,58.72,expired_card,mastercard,0.652,1,22,6,4,68.27,1
59,12,63.19,54.77,processing_error,visa,0.779,0,21,0,4,255.37,0
66,14,78.27,84.43,expired_card,visa,0.829,0,18,2,2,441.15,1
15,22,62.1,62.52,card_declined,mastercard,0.577,0,14,6,1,68.38,0
1,7,323.45,329.04,do_not_honor,elo,0.575,1,19,5,1,323.45,0
2,16,303.55,280.68,insufficient_funds,mastercard,0.407,1,15,5,2,303.55,1
45,6,25.87,26.12,card_declined,visa,0.524,1,23,3,3,90.6,0
8,1,101.14,102.51,insufficient_funds,visa,0.334,0,1,6,1,101.14,0
5,21,103.33,100.66,insufficient_funds,elo,0.685,3,0,2,1,103.33,1
29,22,48.83,55.63,generic_decline,visa,0.826,3,14,2,1,120.77,1
5,31,144.27,124.76,insufficient_funds,mastercard,0.619,1,21,6,2,144.27,0
3,6,357.84,348.71,do_not_honor,visa,0.401,0,18,2,1,357.84,0
14,23,215.85,239.0,processing_error,elo,0.651,1,13,6,4,243.51,1
71,28,323.44,294.94,do_not_honor,visa,0.802,1,8,2,1,1657.81,1
21,19,51.63,58.37,expired_card,visa,0.604,4,16,4,2,90.4,1
6,29,100.97,98.71,expired_card,mastercard,0.482,2,16,3,3,100.97,1
38,31,49.51,44.41,insufficient_funds,elo,0.766,1,1,3,3,128.44,1
0,24,120.91,106.15,insufficient_funds,hipercard,0.549,1,21,6,1,120.91,1
1,31,130.98,124.18,processing_error,hipercard,0.537,1,19,4,2,130.98,0
8,19,229.3,258.17,insufficient_funds,mastercard,0.495,1,15,5,2,229.3,1
48,16,313.93,355.28,insufficient_funds,mastercard,0.804,2,10,2,2,1321.64,1
3,28,180.26,183.68,generic_decline,mastercard,0.479,2,16,0,3,180.26,0
6,25,45.53,40.31,insufficient_funds,mastercard,0.564,1,17,6,1,45.53,1
10,4,29.41,29.03,processing_error,visa,0.609,2,22,6,1,29.41,0
46,9,155.14,151.31,insufficient_funds,mastercard,0.77,2,11,1,1,537.49,1
7,8,370.67,340.76,insufficient_funds,hipercard,0.626,1,20,6,2,370.67,1
9,25,95.62,83.46,expired_card,visa,0.351,4,15,3,2,95.62,0
23,7,25.17,24.28,insufficient_funds,visa,0.393,1,5,2,3,41.34,0
53,9,622.84,598.9,processing_error,visa,0.811,0,20,0,3,2482.02,1
61,16,150.98,160.22,insufficient_funds,mastercard,0.619,0,16,5,2,773.73,1
4,3,113.8,110.19,insufficient_funds,mastercard,0.638,2,4,6,2,113.8,0
35,29,34.64,29.58,do_not_honor,visa,0.667,0,18,1,1,78.37,0
21,16,99.17,84.89,insufficient_funds,mastercard,0.746,0,16,0,2,131.47,1
3,6,179.93,190.05,insufficient_funds,elo,0.679,1,14,1,2,179.93,1
5,8,152.82,160.19,insufficient_funds,visa,0.439,2,8,6,2,152.82,0
43,24,53.43,47.99,do_not_honor,elo,0.674,1,22,6,2,158.49,0
1,19,92.92,103.13,do_not_honor,elo,0.581,1,22,2,2,92.92,0
4,15,56.55,59.31,insufficient_funds,mastercard,0.391,1,23,5,3,56.55,0
27,11,428.66,384.17,insufficient_funds,visa,0.778,0,17,1,3,773.62,1
40,27,216.44,202.65,generic_decline,hipercard,0.744,2,7,3,2,619.21,1
31,24,61.35,70.07,do_not_honor,visa,0.688,2,17,4,3,163.21,0
19,22,34.62,33.66,expired_card,visa,0.61,1,21,0,2,46.99,0
4,14,125.11,115.23,expired_card,visa,0.437,3,23,0,1,125.11,0
36,30,63.09,63.55,insufficient_funds,amex,0.643,2,16,0,1,173.49,1
65,22,67.41,61.46,insufficient_funds,visa,0.835,2,13,6,3,316.26,1
2,14,35.66,38.78,card_declined,mastercard,0.59,0,15,2,2,35.66,0
2,29,39.8,43.31,card_declined,mastercard,0.481,0,16,1,3,39.8,1
31,27,112.94,123.13,expired_card,mastercard,0.478,3,21,2,2,286.81,0
6,23,77.12,79.83,processing_error,mastercard,0.465,2,23,6,1,77.12,0
5,24,897.9,950.17,insufficient_funds,visa,0.536,1,11,0,2,897.9,0
55,14,165.72,156.84,do_not_honor,mastercard,0.629,1,11,6,2,676.92,1
1,16,35.14,39.13,insufficient_funds,visa,0.424,1,21,3,2,35.14,0
4,6,24.99,22.32,generic_decline,visa,0.643,2,15,3,3,24.99,0
2,18,139.23,128.98,insufficient_funds,visa,0.611,4,12,2,1,139.23,0
12,12,68.71,78.87,insufficient_funds,mastercard,0.636,0,9,0,2,68.71,0
23,11,318.99,363.05,expired_card,visa,0.642,0,10,5,2,618.14,0
5,28,125.56,125.85,insufficient_funds,mastercard,0.652,3,13,3,3,125.56,0
48,6,16.8,16.8,insufficient_funds,visa,0.748,1,1,0,2,62.5,1
9,25,39.52,34.98,card_declined,mastercard,0.474,0,23,4,1,39.52,1
69,9,53.65,56.22,insufficient_funds,visa,0.902,2,16,2,1,307.1,0
0,2,144.76,124.39,processing_error,mastercard,0.468,3,20,2,1,144.76,0
5,2,38.37,36.23,insufficient_funds,elo,0.425,4,15,0,2,38.37,0
0,14,111.96,109.22,insufficient_funds,visa,0.561,3,23,4,4,111.96,0
1,15,29.83,33.36,insufficient_funds,elo,0.637,2,14,4,1,29.83,1
54,10,98.29,112.1,insufficient_funds,mastercard,0.708,2,14,6,2,474.18,0
15,20,135.79,155.1,insufficient_funds,visa,0.609,1,19,0,2,169.64,1
26,15,358.05,390.15,insufficient_funds,visa,0.724,0,16,6,1,755.16,1
59,3,121.58,113.92,insufficient_funds,visa,0.927,4,13,3,2,531.17,1
41,11,47.32,40.87,insufficient_funds,elo,0.732,2,0,0,1,128.24,1
57,4,368.2,359.98,expired_card,visa,0.876,0,9,4,2,1615.86,1
48,2,83.07,78.02,insufficient_funds,hipercard,0.725,1,12,2,3,290.23,0
8,6,194.33,203.38,insufficient_funds,mastercard,0.482,0,9,0,3,194.33,1
6,22,56.71,54.52,insufficient_funds,mastercard,0.629,1,16,0,2,56.71,1
5,22,105.96,118.38,do_not_honor,hipercard,0.618,0,13,6,4,105.96,0
70,26,47.97,46.16,insufficient_funds,visa,0.965,2,18,4,1,255.8,0
1,24,130.15,125.39,do_not_honor,elo,0.588,5,15,6,2,130.15,0
11,16,199.62,215.14,insufficient_funds,visa,0.627,1,11,5,1,199.62,1
63,10,62.98,64.68,generic_decline,mastercard,0.852,0,15,4,1,322.59,0
14,1,59.92,55.52,insufficient_funds,visa,0.607,2,19,0,2,59.92,1
67,19,134.2,141.31,expired_card,elo,0.837,0,16,2,2,749.53,0
1,9,46.97,47.86,insufficient_funds,visa,0.611,0,14,1,1,46.97,0
1,8,25.38,22.37,do_not_honor,mastercard,0.6,3,14,0,3,25.38,0
34,30,133.77,132.46,insufficient_funds,amex,0.78,0,18,3,1,340.28,0
11,6,88.83,99.99,card_declined,visa,0.366,1,18,1,1,88.83,0
3,2,87.18,79.64,insufficient_funds,hipercard,0.446,0,17,6,1,87.18,1
2,28,155.29,151.31,expired_card,mastercard,0.506,1,16,0,1,155.29,1
9,10,175.8,163.98,card_declined,elo,0.556,3,13,0,2,175.8,0
2,13,84.72,85.66,insufficient_funds,mastercard,0.43,1,19,4,2,84.72,0
10,3,36.06,41.2,expired_card,elo,0.576,1,22,0,2,36.06,1
53,13,55.43,52.27,card_declined,amex,0.701,4,9,3,2,216.62,0
1,30,164.35,180.76,insufficient_funds,visa,0.425,4,22,5,1,164.35,0
26,21,110.34,121.54,insufficient_funds,elo,0.408,3,11,0,1,235.25,0
15,15,59.98,55.65,insufficient_funds,hipercard,0.648,1,9,0,4,60.87,0
40,10,48.7,52.68,card_declined,elo,0.798,3,18,6,1,160.97,0
9,12,169.22,194.0,insufficient_funds,hipercard,0.679,1,15,5,2,169.22,1
4,18,80.28,91.21,expired_card,elo,0.642,0,23,1,3,80.28,0
7,8,190.76,196.81,insufficient_funds,visa,0.492,1,14,3,2,190.76,1
64,5,213.47,191.17,do_not_honor,elo,0.818,0,17,0,4,968.59,0
65,22,74.03,65.58,expired_card,mastercard,0.812,2,9,5,4,337.46,0
16,26,227.23,211.33,insufficient_funds,visa,0.264,4,14,1,3,247.02,0
9,27,110.54,113.9,processing_error,visa,0.613,0,18,5,1,110.54,1
0,25,124.0,119.77,processing_error,visa,0.484,1,9,1,3,124.0,0
3,16,13.99,14.83,insufficient_funds,elo,0.401,0,16,0,2,13.99,1
5,24,41.26,44.82,insufficient_funds,elo,0.602,4,23,1,3,41.26,0
33,28,43.3,39.15,insufficient_funds,elo,0.68,3,12,3,1,97.43,0
40,1,73.65,82.6,insufficient_funds,visa,0.673,2,17,6,1,252.39,0
3,13,108.2,93.94,insufficient_funds,visa,0.414,2,17,0,2,108.2,1
0,6,112.2,104.29,insufficient_funds,visa,0.465,1,21,0,2,112.2,1
20,31,125.99,137.89,insufficient_funds,mastercard,0.488,0,10,3,2,203.0,1
26,28,53.19,48.14,insufficient_funds,elo,0.725,3,18,0,3,93.18,1
0,24,180.65,165.48,insufficient_funds,amex,0.452,2,16,2,3,180.65,0
29,9,487.65,557.24,insufficient_funds,visa,0.366,2,16,2,1,1209.75,1
6,29,71.42,80.26,insufficient_funds,elo,0.531,1,17,3,1,71.42,0
0,2,54.21,59.3,insufficient_funds,mastercard,0.51,1,20,4,2,54.21,0
2,6,53.18,47.98,insufficient_funds,amex,0.517,2,18,1,2,53.18,1
56,18,105.46,97.71,processing_error,elo,0.779,0,6,1,1,430.14,1
0,24,61.27,56.4,expired_card,mastercard,0.557,6,15,2,1,61.27,1
18,26,21.02,19.06,do_not_honor,elo,0.737,3,18,2,1,25.16,1
0,9,26.8,30.58,generic_decline,visa,0.613,2,0,4,1,26.8,0
0,12,241.93,217.69,expired_card,elo,0.613,2,13,0,1,241.93,1
25,15,305.22,327.81,processing_error,elo,0.788,2,9,0,4,608.95,1
0,2,404.88,350.34,insufficient_funds,amex,0.489,2,13,0,4,404.88,0
21,26,119.51,121.08,card_declined,visa,0.636,1,19,3,1,187.52,0
9,11,40.54,35.32,expired_card,elo,0.639,1,20,0,2,40.54,0
1,6,66.24,57.53,card_declined,visa,0.497,1,18,0,3,66.24,0
6,13,25.99,23.89,insufficient_funds,elo,0.414,5,9,5,2,25.99,0
12,22,25.11,28.32,do_not_honor,amex,0.58,4,19,6,2,25.11,0
71,26,122.63,127.74,insufficient_funds,visa,0.683,1,19,0,1,718.01,1
71,7,157.78,164.95,card_declined,mastercard,0.657,1,4,1,2,927.16,0
1,6,556.7,522.91,generic_decline,mastercard,0.627,1,16,3,1,556.7,1
0,28,90.79,96.88,do_not_honor,elo,0.346,4,15,6,2,90.79,0
3,17,29.26,30.85,insufficient_funds,visa,0.567,3,17,3,1,29.26,1
29,12,87.72,86.71,insufficient_funds,amex,0.73,3,18,2,3,188.25,1
4,6,76.06,80.23,expired_card,hipercard,0.679,2,7,5,3,76.06,0
2,31,63.18,70.14,expired_card,mastercard,0.38,1,11,5,2,63.18,0
14,22,132.66,150.98,insufficient_funds,mastercard,0.588,0,20,5,1,153.83,1
38,7,33.23,38.18,expired_card,mastercard,0.74,0,16,1,2,110.43,0
3,4,109.78,109.4,do_not_honor,visa,0.28,2,20,4,2,109.78,1
31,6,174.37,149.93,insufficient_funds,elo,0.615,1,11,1,2,349.23,0
7,8,345.0,316.97,insufficient_funds,visa,0.647,3,23,2,2,345.0,1
20,4,128.78,117.07,card_declined,visa,0.791,2,15,5,1,172.35,0
71,7,246.91,232.14,expired_card,visa,0.625,2,15,5,2,1304.82,1
0,4,65.9,63.14,do_not_honor,elo,0.347,1,12,3,1,65.9,0
6,12,74.6,78.37,card_declined,mastercard,0.638,0,20,5,2,74.6,1
44,15,323.66,326.15,insufficient_funds,mastercard,0.795,1,18,0,3,1104.2,0
33,15,28.91,30.21,expired_card,visa,0.821,2,21,5,2,75.19,0
2,25,68.33,78.0,do_not_honor,visa,0.493,3,14,5,3,68.33,0
1,8,266.35,230.32,insufficient_funds,mastercard,0.499,3,20,4,1,266.35,1
1,26,81.03,69.23,insufficient_funds,mastercard,0.523,1,15,0,1,81.03,1
1,27,75.85,79.62,expired_card,visa,0.321,3,13,1,1,75.85,1
18,29,77.22,78.29,insufficient_funds,mastercard,0.769,3,23,1,1,103.34,1
2,6,108.47,107.91,do_not_honor,visa,0.52,2,12,4,1,108.47,0
19,8,256.51,283.7,insufficient_funds,amex,0.306,0,10,1,3,396.04,0
2,19,222.16,199.42,insufficient_funds,mastercard,0.533,2,16,0,4,222.16,0
1,5,98.75,100.93,generic_decline,visa,0.253,2,20,3,1,98.75,0
11,4,257.95,291.37,insufficient_funds,visa,0.686,0,9,2,1,257.95,1
8,3,132.42,130.27,insufficient_funds,visa,0.543,1,20,3,1,132.42,1
4,18,209.67,214.7,insufficient_funds,visa,0.426,2,23,4,3,209.67,0
9,24,39.21,34.15,generic_decline,elo,0.625,4,16,1,2,39.21,0
18,8,457.95,437.23,generic_decline,elo,0.694,0,23,6,4,577.14,1
8,28,118.87,102.52,insufficient_funds,visa,0.583,2,9,4,4,118.87,1
12,24,8.51,8.69,card_declined,amex,0.493,2,16,5,1,8.51,1
32,3,426.9,438.49,card_declined,visa,0.481,0,22,2,1,1056.27,1
5,13,98.19,111.47,insufficient_funds,elo,0.688,2,15,3,1,98.19,1
5,3,68.79,71.65,insufficient_funds,visa,0.59,0,21,5,2,68.79,1
71,28,57.08,48.57,do_not_honor,visa,0.529,0,17,0,3,273.0,1
37,23,144.43,158.87,insufficient_funds,elo,0.814,0,12,2,2,446.58,1
1,21,44.4,42.13,expired_card,visa,0.654,4,22,0,1,44.4,0
41,21,58.55,62.31,insufficient_funds,visa,0.615,1,14,5,1,195.51,1
27,9,59.82,55.59,expired_card,elo,0.808,1,4,6,3,111.94,1
2,28,75.4,81.29,insufficient_funds,mastercard,0.33,2,11,6,1,75.4,0
4,28,61.85,69.78,insufficient_funds,amex,0.545,2,20,6,1,61.85,1
0,23,208.5,182.19,insufficient_funds,mastercard,0.528,2,18,2,3,208.5,0
12,15,124.36,126.02,generic_decline,visa,0.378,2,18,3,1,124.36,0
0,2,138.59,140.27,insufficient_funds,mastercard,0.609,3,8,2,1,138.59,0
5,2,168.14,157.37,insufficient_funds,elo,0.371,2,20,2,3,168.14,0
17,5,89.99,85.72,insufficient_funds,visa,0.512,1,17,0,4,106.66,1
2,18,39.49,41.58,insufficient_funds,visa,0.407,1,9,3,3,39.49,0
43,24,485.87,455.64,processing_error,mastercard,0.886,2,15,5,2,1504.81,1
0,28,222.81,191.44,insufficient_funds,elo,0.55,5,13,2,3,222.81,0
34,6,409.56,442.63,expired_card,visa,0.838,3,18,5,2,1137.07,0
13,8,245.03,254.23,expired_card,elo,0.67,0,14,2,2,245.03,0
45,2,64.94,60.08,do_not_honor,visa,0.678,6,18,4,1,208.4,0
4,31,12.14,13.82,processing_error,mastercard,0.51,0,22,0,4,12.14,1
5,24,32.81,36.73,insufficient_funds,elo,0.652,2,14,4,1,32.81,0
9,15,172.06,196.03,card_declined,visa,0.638,2,22,1,1,172.06,0
4,17,89.3,89.63,processing_error,visa,0.521,1,13,5,1,89.3,0
21,17,67.32,61.97,do_not_honor,mastercard,0.732,2,13,0,1,95.98,0
7,8,10.65,9.61,generic_decline,visa,0.704,4,10,0,1,10.65,0
5,6,96.62,109.62,card_declined,amex,0.453,1,19,5,1,96.62,0
2,9,37.39,41.77,insufficient_funds,hipercard,0.663,1,19,2,1,37.39,0
5,8,51.36,55.07,insufficient_funds,mastercard,0.515,1,9,1,1,51.36,0
10,17,208.0,208.66,do_not_honor,elo,0.505,2,22,0,4,208.0,0
2,10,39.18,37.82,do_not_honor,amex,0.616,3,14,2,2,39.18,0
13,23,42.65,45.25,insufficient_funds,elo,0.571,2,17,5,1,42.73,0
5,17,115.27,98.31,expired_card,elo,0.632,2,21,3,2,115.27,1
2,16,212.16,213.71,insufficient_funds,visa,0.492,0,15,0,4,212.16,0
34,29,68.35,72.01,insufficient_funds,elo,0.712,4,22,2,1,184.99,1
9,10,359.86,387.26,insufficient_funds,visa,0.547,0,19,2,2,359.86,0
49,19,31.39,30.93,insufficient_funds,visa,0.809,2,14,0,1,117.67,0
9,1,26.86,28.84,card_declined,mastercard,0.517,2,15,2,2,26.86,0
31,23,24.9,21.88,insufficient_funds,visa,0.833,2,17,0,2,50.97,0
5,16,22.53,20.73,expired_card,visa,0.581,2,22,4,1,22.53,0
3,6,131.81,117.76,expired_card,mastercard,0.584,2,23,1,2,131.81,0
46,1,41.01,39.04,processing_error,visa,0.703,0,10,1,1,138.68,1
7,22,27.93,26.62,insufficient_funds,amex,0.559,1,17,0,3,27.93,1
31,20,136.97,131.79,insufficient_funds,hipercard,0.84,1,22,5,1,306.98,0
9,20,203.23,201.15,card_declined,elo,0.598,2,12,6,1,203.23,1
0,14,248.61,243.86,card_declined,visa,0.597,0,15,1,3,248.61,0
65,19,212.71,212.1,insufficient_funds,mastercard,0.945,1,18,3,1,1091.43,1
8,17,43.24,46.52,insufficient_funds,visa,0.586,2,15,6,2,43.24,1
58,7,124.92,111.5,generic_decline,mastercard,0.532,4,10,6,1,510.17,1
15,16,151.98,145.17,insufficient_funds,visa,0.397,0,10,0,1,158.78,0
32,16,64.11,54.5,insufficient_funds,mastercard,0.636,4,16,3,4,131.28,1
2,25,113.15,97.14,generic_decline,visa,0.69,1,23,3,1,113.15,1
2,14,32.16,33.19,processing_error,hipercard,0.467,3,9,2,1,32.16,1
12,14,55.97,62.28,insufficient_funds,visa,0.491,2,15,5,3,55.97,0
3,30,136.0,128.08,do_not_honor,mastercard,0.435,1,8,0,2,136.0,0
0,27,372.99,362.01,insufficient_funds,visa,0.549,1,19,5,1,372.99,1
6,8,271.84,248.18,processing_error,mastercard,0.68,1,20,1,1,271.84,1
9,27,175.82,156.98,expired_card,amex,0.436,0,18,0,1,175.82,0
48,5,104.92,117.01,insufficient_funds,visa,0.815,1,18,4,1,435.28,1
0,25,91.43,93.41,do_not_honor,visa,0.568,0,20,6,1,91.43,0
1,6,27.02,28.68,processing_error,visa,0.615,3,18,3,2,27.02,1
5,14,46.54,51.87,insufficient_funds,mastercard,0.376,3,17,6,1,46.54,1
8,30,47.91,49.18,card_declined,mastercard,0.595,2,18,4,3,47.91,0
45,4,162.87,147.25,processing_error,elo,0.653,1,9,3,3,510.77,0
1,25,226.29,240.77,expired_card,elo,0.556,1,13,1,2,226.29,0
25,16,188.05,202.03,insufficient_funds,visa,0.474,2,18,0,1,375.3,1
6,4,279.49,272.27,insufficient_funds,amex,0.373,1,20,4,2,279.49,1
12,29,104.23,107.88,generic_decline,elo,0.513,1,11,0,1,104.23,0
7,17,40.82,40.63,insufficient_funds,mastercard,0.644,0,13,6,1,40.82,1
12,26,93.51,88.83,expired_card,visa,0.454,2,15,1,2,93.51,0
0,26,51.34,54.0,expired_card,elo,0.339,4,22,2,4,51.34,0
6,1,175.35,162.06,insufficient_funds,mastercard,0.534,3,14,1,1,175.35,0
7,8,71.05,67.37,insufficient_funds,visa,0.548,2,9,2,1,71.05,1
1,11,89.56,87.03,insufficient_funds,visa,0.369,1,22,1,1,89.56,1
7,16,181.01,187.23,insufficient_funds,mastercard,0.62,2,14,5,1,181.01,1
4,3,50.61,55.96,do_not_honor,mastercard,0.409,0,21,0,2,50.61,0
0,12,230.14,238.07,insufficient_funds,visa,0.322,1,8,2,1,230.14,0
11,24,29.53,31.53,insufficient_funds,amex,0.307,2,23,5,3,29.53,0
15,6,128.34,120.36,expired_card,visa,0.457,1,23,6,4,131.64,0
2,22,90.17,92.53,do_not_honor,visa,0.384,0,12,6,4,90.17,0
22,15,203.84,179.61,insufficient_funds,visa,0.612,1,2,0,2,291.97,1
62,3,28.83,28.51,insufficient_funds,mastercard,0.874,3,14,0,1,139.94,1
0,6,25.09,26.52,card_declined,visa,0.583,1,11,1,3,25.09,1
4,5,190.31,172.02,expired_card,elo,0.42,0,20,6,3,190.31,0
0,19,69.07,77.4,expired_card,mastercard,0.59,3,4,6,1,69.07,1
68,4,90.17,87.93,insufficient_funds,visa,0.883,0,9,3,2,473.36,1
2,25,54.4,57.19,do_not_honor,visa,0.448,1,18,4,1,54.4,0
5,24,219.92,217.93,expired_card,mastercard,0.445,1,20,2,2,219.92,0
2,3,127.51,136.39,processing_error,mastercard,0.345,0,1,6,3,127.51,1
36,26,121.05,124.11,generic_decline,visa,0.699,3,11,0,1,338.82,1
1,29,34.59,30.67,card_declined,mastercard,0.597,2,17,5,1,34.59,0
0,2,152.61,172.05,insufficient_funds,mastercard,0.688,5,12,3,1,152.61,1
8,28,40.49,42.43,card_declined,hipercard,0.736,1,17,2,1,40.49,1
48,9,54.46,54.0,expired_card,elo,0.877,3,17,3,1,200.88,0
10,20,29.07,30.61,insufficient_funds,visa,0.462,2,15,3,4,29.07,1
9,6,85.06,78.96,insufficient_funds,mastercard,0.515,2,20,5,1,85.06,1
20,24,251.63,271.93,insufficient_funds,visa,0.449,1,8,1,1,400.34,1
1,25,119.55,116.37,do_not_honor,mastercard,0.664,0,9,0,2,119.55,0
4,30,66.02,72.06,processing_error,visa,0.601,2,9,4,2,66.02,1
67,31,107.7,100.4,card_declined,amex,0.664,0,23,4,1,532.54,0
45,3,107.17,116.5,card_declined,mastercard,0.841,2,12,3,3,404.11,0
20,20,103.66,116.31,expired_card,elo,0.519,7,14,4,1,171.23,0
2,8,114.43,130.94,do_not_honor,mastercard,0.553,3,12,3,1,114.43,0
66,4,38.81,42.03,insufficient_funds,visa,0.918,3,19,5,3,219.61,1
5,5,107.45,114.03,insufficient_funds,visa,0.695,2,12,4,3,107.45,0
28,28,20.56,20.68,expired_card,visa,0.571,2,16,6,2,43.27,0
0,21,163.0,143.72,processing_error,elo,0.517,2,9,4,1,163.0,0
42,2,36.7,37.36,processing_error,amex,0.77,4,20,4,4,120.3,0
0,30,278.23,283.51,generic_decline,visa,0.552,0,23,3,1,278.23,0
8,24,11.14,9.69,card_declined,mastercard,0.323,1,13,3,2,11.14,0
24,10,432.59,457.33,insufficient_funds,visa,0.534,2,8,0,4,814.05,0
7,15,22.79,20.39,insufficient_funds,mastercard,0.489,3,13,2,3,22.79,0
1,23,33.67,34.65,insufficient_funds,amex,0.513,1,10,1,2,33.67,0
2,20,127.49,126.44,expired_card,visa,0.556,0,22,6,2,127.49,0
5,15,169.36,188.42,insufficient_funds,visa,0.36,0,23,6,1,169.36,1
19,16,76.0,69.9,insufficient_funds,mastercard,0.709,1,12,2,3,97.58,1
17,2,216.01,194.7,insufficient_funds,visa,0.715,3,19,0,4,242.27,0
42,16,48.17,48.91,processing_error,visa,0.706,4,20,2,3,157.49,1
28,11,68.54,67.72,insufficient_funds,visa,0.669,0,20,6,2,141.69,1
18,9,74.74,67.15,expired_card,mastercard,0.666,1,8,0,4,88.64,0
50,8,60.59,62.66,insufficient_funds,hipercard,0.92,0,21,6,1,243.68,1
12,19,17.54,19.68,expired_card,amex,0.586,1,15,0,1,17.54,0
22,14,95.63,102.52,card_declined,mastercard,0.427,1,20,3,3,166.65,1
3,14,88.26,80.57,insufficient_funds,elo,0.46,1,13,6,4,88.26,1
10,5,254.72,234.73,card_declined,mastercard,0.604,0,22,4,4,254.72,1
0,29,31.19,31.73,card_declined,mastercard,0.604,1,11,1,2,31.19,0
1,7,55.39,58.34,insufficient_funds,visa,0.363,0,10,6,4,55.39,1
26,13,284.71,325.62,do_not_honor,visa,0.684,2,0,5,2,630.26,1
5,6,126.84,111.8,processing_error,mastercard,0.49,1,12,0,2,126.84,1
23,22,159.24,161.45,expired_card,hipercard,0.671,2,14,3,2,274.89,0
9,14,146.23,167.61,insufficient_funds,mastercard,0.67,0,20,4,1,146.23,1
4,13,146.81,129.67,insufficient_funds,hipercard,0.558,1,7,3,1,146.81,0
7,26,492.77,562.63,insufficient_funds,visa,0.52,2,11,2,2,492.77,1
15,24,106.03,104.83,insufficient_funds,visa,0.523,0,17,5,3,114.66,1
39,16,39.81,42.41,expired_card,hipercard,0.802,4,20,1,2,126.12,1
18,15,172.4,168.54,do_not_honor,visa,0.549,3,18,1,2,222.47,1
60,29,59.09,65.14,insufficient_funds,mastercard,0.903,1,20,3,1,309.42,0
6,29,88.65,99.51,card_declined,visa,0.223,1,20,0,1,88.65,0
18,22,135.81,122.23,expired_card,amex,0.587,2,10,0,4,161.34,0
35,24,47.12,50.62,card_declined,visa,0.646,1,12,6,1,134.11,1
9,27,62.12,53.19,processing_error,amex,0.528,1,22,2,2,62.12,1
6,29,149.17,139.18,insufficient_funds,visa,0.338,1,19,3,1,149.17,0
11,3,60.04,60.98,expired_card,visa,0.594,2,23,6,2,60.04,1
52,31,232.07,239.26,insufficient_funds,elo,0.723,0,23,6,1,971.13,0
24,22,40.71,39.06,insufficient_funds,visa,0.744,1,0,5,1,69.53,1
59,18,40.59,37.79,insufficient_funds,visa,0.864,1,16,3,1,176.2,1
5,13,531.42,479.07,insufficient_funds,mastercard,0.573,0,20,1,3,531.42,1
63,11,25.11,23.15,insufficient_funds,visa,0.724,2,17,1,1,115.46,1
4,24,95.46,84.87,insufficient_funds,visa,0.56,0,7,0,4,95.46,1
2,20,506.27,470.0,insufficient_funds,visa,0.66,0,18,2,1,506.27,1
6,6,95.3,104.49,insufficient_funds,mastercard,0.588,0,15,1,4,95.3,1
2,18,323.35,302.74,insufficient_funds,visa,0.557,0,16,5,1,323.35,1
9,5,174.51,195.85,insufficient_funds,elo,0.689,0,20,6,3,174.51,1
3,16,97.13,89.71,card_declined,elo,0.471,1,10,4,1,97.13,0
8,17,87.04,86.83,expired_card,visa,0.58,3,13,4,1,87.04,0
28,19,14.88,13.4,generic_decline,mastercard,0.565,4,5,3,2,28.04,0
6,5,73.62,62.95,do_not_honor,mastercard,0.545,3,16,0,4,73.62,0
13,4,120.14,124.66,do_not_honor,mastercard,0.538,1,8,5,4,120.14,0
6,8,120.08,114.24,card_declined,mastercard,0.266,3,11,0,3,120.08,0
2,18,873.77,833.16,insufficient_funds,mastercard,0.562,1,19,4,3,873.77,0
5,28,125.46,121.99,insufficient_funds,visa,0.616,1,9,0,4,125.46,0
33,24,171.08,185.34,generic_decline,mastercard,0.809,2,13,5,3,461.26,0
8,23,275.13,266.85,generic_decline,visa,0.306,0,19,4,1,275.13,0
1,11,157.99,138.39,insufficient_funds,hipercard,0.387,1,20,1,1,157.99,0
5,4,90.56,84.55,expired_card,mastercard,0.569,1,19,5,2,90.56,1
40,26,90.95,93.03,insufficient_funds,mastercard,0.853,1,17,5,4,284.26,1
1,16,71.59,82.19,insufficient_funds,mastercard,0.589,2,18,3,1,71.59,1
0,4,145.04,129.51,expired_card,visa,0.311,3,18,3,4,145.04,0
9,16,84.02,79.57,insufficient_funds,visa,0.661,2,16,0,4,84.02,0
2,20,170.29,169.55,insufficient_funds,visa,0.395,1,14,2,1,170.29,0
29,10,39.89,45.21,processing_error,mastercard,0.763,0,9,4,1,98.15,1
6,1,111.37,98.29,processing_error,mastercard,0.191,1,21,0,2,111.37,0
0,19,388.04,422.24,do_not_honor,visa,0.602,2,15,2,1,388.04,0
15,2,80.07,85.43,insufficient_funds,mastercard,0.384,2,20,2,2,93.44,0
37,14,502.47,473.29,insufficient_funds,visa,0.324,3,15,4,1,1330.41,1
9,25,113.05,122.33,expired_card,mastercard,0.61,2,17,2,1,113.05,1
22,31,92.96,95.05,expired_card,visa,0.552,4,23,6,1,154.51,0
4,12,108.42,97.73,generic_decline,amex,0.585,1,8,5,3,108.42,1
61,1,74.13,69.37,insufficient_funds,mastercard,0.83,1,12,3,4,335.0,1
3,16,16.83,15.96,insufficient_funds,mastercard,0.487,0,12,4,1,16.83,1
17,9,213.63,202.29,insufficient_funds,elo,0.584,0,22,1,1,251.71,0
15,26,685.53,736.2,insufficient_funds,elo,0.573,1,9,3,2,805.22,1
0,22,149.78,156.98,insufficient_funds,mastercard,0.431,1,21,3,4,149.78,0
1,13,158.1,173.27,insufficient_funds,visa,0.347,4,9,1,4,158.1,0
31,24,83.11,83.38,insufficient_funds,visa,0.505,1,23,5,3,194.22,1
23,11,273.38,261.12,insufficient_funds,visa,0.548,3,9,3,1,444.59,1
3,16,94.4,82.16,card_declined,elo,0.669,2,3,2,1,94.4,0
4,28,123.94,134.89,insufficient_funds,mastercard,0.609,1,22,1,1,123.94,1
0,6,24.34,21.23,do_not_honor,visa,0.601,0,22,6,1,24.34,0
1,10,61.08,57.44,expired_card,visa,0.463,1,15,1,2,61.08,1
14,26,135.47,142.33,insufficient_funds,mastercard,0.596,2,17,0,1,145.02,1
4,15,218.83,236.17,insufficient_funds,mastercard,0.409,3,10,0,4,218.83,1
14,10,224.28,195.25,insufficient_funds,elo,0.523,4,23,5,2,224.28,0
37,2,24.04,24.82,insufficient_funds,mastercard,0.841,0,21,1,3,69.77,1
21,13,26.3,23.44,expired_card,visa,0.571,0,22,4,4,36.3,0
2,16,164.23,176.9,generic_decline,elo,0.568,4,21,6,1,164.23,0
2,13,50.35,53.82,insufficient_funds,mastercard,0.185,1,16,1,1,50.35,0
10,9,216.39,232.49,insufficient_funds,mastercard,0.42,1,13,4,1,216.39,0
7,12,22.97,19.96,do_not_honor,visa,0.603,2,23,3,3,22.97,0
0,19,89.57,91.17,insufficient_funds,elo,0.616,4,14,0,1,89.57,0
16,26,94.82,87.45,insufficient_funds,visa,0.548,1,23,2,2,102.22,1
50,19,149.78,149.59,insufficient_funds,visa,0.815,1,11,0,2,581.74,0
36,19,39.11,44.85,insufficient_funds,visa,0.636,3,17,1,2,122.44,1
0,24,17.04,14.95,insufficient_funds,elo,0.435,3,16,5,4,17.04,0
6,6,113.81,117.02,generic_decline,elo,0.529,0,12,1,1,113.81,0
43,9,156.03,140.35,expired_card,visa,0.76,3,12,0,2,463.53,1
50,2,239.21,239.93,insufficient_funds,visa,0.646,1,20,6,1,933.06,1
4,11,71.09,71.54,generic_decline,visa,0.637,0,13,6,1,71.09,0
1,31,194.7,192.14,insufficient_funds,mastercard,0.468,1,18,3,2,194.7,1
60,10,150.49,156.79,insufficient_funds,mastercard,0.908,3,16,2,1,744.75,0
55,26,316.43,361.44,generic_decline,elo,0.873,2,10,5,1,1559.96,0
8,4,93.06,101.58,expired_card,elo,0.36,1,12,0,2,93.06,1
1,15,21.03,23.92,card_declined,elo,0.455,0,13,4,4,21.03,0
10,12,92.05,83.47,insufficient_funds,mastercard,0.576,2,12,0,1,92.05,0
19,6,105.74,121.39,insufficient_funds,elo,0.518,3,8,5,1,169.46,0
3,12,154.89,145.84,generic_decline,mastercard,0.579,5,0,5,2,154.89,0
10,19,25.05,21.55,insufficient_funds,elo,0.466,3,20,6,3,25.05,1
61,16,74.08,72.66,do_not_honor,mastercard,0.887,2,12,6,2,350.89,0
61,25,211.35,195.26,card_declined,amex,0.933,0,22,5,1,942.94,1
10,27,89.12,96.13,insufficient_funds,visa,0.525,0,0,1,1,89.12,0
9,15,74.5,65.27,do_not_honor,mastercard,0.469,2,20,4,1,74.5,0
56,30,531.55,539.2,do_not_honor,mastercard,0.754,1,12,6,4,2373.68,0
3,3,37.79,35.4,do_not_honor,hipercard,0.522,4,18,1,1,37.79,0
29,9,292.31,266.59,insufficient_funds,visa,0.662,2,18,1,2,578.76,0
8,13,242.15,269.44,expired_card,mastercard,0.367,1,11,4,2,242.15,0
13,17,80.03,80.4,insufficient_funds,visa,0.433,1,11,4,3,80.03,0
0,17,94.93,89.96,insufficient_funds,amex,0.631,5,21,2,1,94.93,1
48,17,94.63,101.62,do_not_honor,elo,0.47,3,11,0,2,378.03,0
16,27,114.9,127.07,generic_decline,mastercard,0.671,1,9,4,2,148.53,1
5,9,57.64,56.64,insufficient_funds,mastercard,0.569,0,18,2,3,57.64,1
56,24,66.82,60.45,card_declined,mastercard,0.787,2,11,6,4,266.11,0
24,17,71.3,81.87,generic_decline,mastercard,0.719,1,19,3,2,145.73,0
0,16,73.35,70.25,expired_card,visa,0.633,1,15,4,2,73.35,0
14,9,74.17,67.62,insufficient_funds,elo,0.286,3,14,1,1,74.17,1
25,9,13.35,11.76,insufficient_funds,mastercard,0.665,0,7,4,2,21.85,0
6,12,106.61,94.58,insufficient_funds,visa,0.484,3,12,6,3,106.61,1
59,24,61.18,69.31,do_not_honor,mastercard,0.861,2,12,1,4,323.17,0
26,15,18.62,21.12,insufficient_funds,visa,0.549,2,19,4,1,40.88,1
62,5,71.63,71.8,insufficient_funds,elo,0.85,1,15,2,1,352.42,1
12,24,69.69,73.71,processing_error,mastercard,0.534,0,22,0,3,69.69,0
2,20,303.44,333.72,processing_error,mastercard,0.501,0,8,6,1,303.44,0
13,28,60.55,61.59,generic_decline,visa,0.418,0,16,2,2,60.55,0
0,16,176.9,185.76,processing_error,elo,0.463,3,11,2,1,176.9,0
52,20,333.87,380.64,expired_card,elo,0.706,0,15,5,4,1544.98,1
0,15,55.95,50.45,do_not_honor,elo,0.453,1,10,0,3,55.95,0
3,21,93.71,83.56,expired_card,mastercard,0.433,4,13,3,2,93.71,0
7,14,453.95,488.41,expired_card,mastercard,0.597,0,18,0,1,453.95,0
8,5,119.8,127.11,insufficient_funds,mastercard,0.412,2,20,6,2,119.8,0
5,31,136.24,123.4,insufficient_funds,visa,0.356,1,16,6,1,136.24,0
5,22,68.08,64.04,insufficient_funds,visa,0.471,1,13,4,1,68.08,1
9,18,179.96,189.96,do_not_honor,mastercard,0.571,1,14,3,2,179.96,0
1,15,94.37,94.21,insufficient_funds,elo,0.46,0,16,5,1,94.37,0
0,22,19.2,21.47,insufficient_funds,visa,0.673,5,16,4,1,19.2,0
29,4,71.3,78.51,generic_decline,elo,0.814,2,20,2,1,170.44,0
2,10,34.17,34.04,processing_error,mastercard,0.546,0,23,0,4,34.17,1
24,4,108.0,113.41,card_declined,visa,0.66,3,11,5,3,201.87,0
28,4,43.29,45.15,card_declined,visa,0.798,1,22,4,2,94.46,1
5,1,149.47,131.18,insufficient_funds,mastercard,0.64,1,16,1,1,149.47,1
2,23,101.71,99.44,insufficient_funds,visa,0.314,1,13,2,1,101.71,0
41,7,32.26,31.68,processing_error,visa,0.559,0,10,4,3,99.4,1
0,25,63.11,70.63,do_not_honor,elo,0.384,3,17,4,1,63.11,0
1,27,169.63,189.24,insufficient_funds,hipercard,0.678,2,18,6,2,169.63,1
67,6,271.01,235.04,insufficient_funds,visa,0.885,2,22,0,4,1246.69,0
36,22,43.85,48.39,insufficient_funds,visa,0.751,0,13,4,2,132.1,0
1,15,36.88,38.12,expired_card,mastercard,0.666,1,16,2,4,36.88,0
13,28,553.06,472.79,insufficient_funds,hipercard,0.572,3,17,1,2,553.06,0
17,15,96.9,93.46,insufficient_funds,hipercard,0.525,2,20,6,2,116.29,0
9,12,106.02,118.36,insufficient_funds,hipercard,0.457,1,21,2,1,106.02,1
0,9,50.68,48.52,expired_card,mastercard,0.394,4,19,2,1,50.68,0
20,27,118.34,124.6,expired_card,hipercard,0.505,0,12,1,1,183.44,0
14,7,448.5,457.34,insufficient_funds,visa,0.671,4,15,4,1,465.98,1
13,25,122.53,125.83,insufficient_funds,visa,0.534,1,16,2,2,122.53,1
17,6,251.74,250.29,insufficient_funds,elo,0.313,1,23,2,2,311.44,1
5,19,100.3,99.77,expired_card,mastercard,0.334,2,16,4,2,100.3,1
3,15,39.3,44.05,insufficient_funds,elo,0.541,2,3,4,1,39.3,1
0,4,53.28,51.9,do_not_honor,mastercard,0.574,1,19,6,1,53.28,0
0,4,36.21,32.86,insufficient_funds,elo,0.558,3,14,1,3,36.21,0
3,9,118.61,115.75,processing_error,visa,0.53,1,16,6,1,118.61,1
61,24,289.91,310.17,insufficient_funds,visa,0.704,0,19,3,1,1497.86,1
0,23,112.78,111.94,expired_card,elo,0.226,0,23,0,2,112.78,0
19,6,74.37,79.55,card_declined,mastercard,0.394,3,20,4,2,111.05,0
59,15,48.47,44.69,insufficient_funds,visa,0.776,0,11,2,1,208.37,1
2,4,134.04,137.37,insufficient_funds,visa,0.674,4,11,6,1,134.04,1
15,22,32.54,36.1,insufficient_funds,elo,0.617,1,23,2,2,39.48,1
4,24,35.69,36.0,insufficient_funds,amex,0.416,0,11,0,1,35.69,1
2,26,217.46,226.39,do_not_honor,elo,0.669,0,9,4,1,217.46,0
11,26,76.38,80.48,expired_card,elo,0.489,1,22,2,2,76.38,1
67,11,75.05,80.45,card_declined,elo,0.696,4,15,4,1,426.72,0
0,8,84.12,80.34,insufficient_funds,visa,0.336,0,4,1,1,84.12,1
52,27,186.27,193.36,insufficient_funds,mastercard,0.85,3,16,2,2,784.83,1
0,5,113.23,110.38,card_declined,mastercard,0.535,0,14,3,4,113.23,0
26,2,50.52,48.87,insufficient_funds,hipercard,0.523,3,15,3,1,94.59,0
71,10,52.16,51.77,insufficient_funds,visa,0.738,0,17,6,1,290.99,1
4,24,82.19,79.92,insufficient_funds,hipercard,0.637,0,23,3,1,82.19,1
70,21,127.85,109.66,insufficient_funds,elo,0.955,1,9,4,1,607.7,0
3,31,94.71,101.59,generic_decline,visa,0.514,1,11,5,1,94.71,1
2,12,87.52,89.73,insufficient_funds,mastercard,0.508,1,21,0,1,87.52,0
20,9,101.85,90.78,insufficient_funds,visa,0.578,1,9,6,2,133.65,1
27,12,94.65,87.87,insufficient_funds,mastercard,0.8,1,23,2,4,176.95,1
8,24,48.87,50.5,insufficient_funds,mastercard,0.378,5,13,5,3,48.87,0
18,7,261.33,262.74,insufficient_funds,elo,0.667,1,17,3,3,346.82,0
67,28,63.69,67.96,insufficient_funds,mastercard,0.889,3,10,5,1,360.47,1
3,16,109.64,109.29,insufficient_funds,elo,0.555,0,13,2,2,109.64,0
59,24,15.68,17.3,insufficient_funds,visa,0.853,3,16,5,1,80.66,1
0,25,80.74,70.51,processing_error,amex,0.495,1,23,6,1,80.74,1
7,15,36.81,38.06,expired_card,amex,0.404,1,14,1,2,36.81,0
16,23,40.97,39.39,card_declined,mastercard,0.414,1,22,4,1,46.04,0
10,12,840.53,791.82,insufficient_funds,visa,0.566,0,11,1,3,840.53,0
46,24,122.0,138.24,insufficient_funds,hipercard,0.691,0,2,4,2,491.06,1
1,25,290.46,322.16,generic_decline,elo,0.618,2,21,6,2,290.46,1
3,17,208.96,189.13,insufficient_funds,amex,0.685,1,18,4,3,208.96,1
3,7,234.12,203.04,insufficient_funds,visa,0.287,2,9,4,1,234.12,0
28,29,81.91,90.93,insufficient_funds,elo,0.576,1,0,6,4,190.25,0
1,28,407.23,366.83,insufficient_funds,visa,0.573,1,20,4,1,407.23,0
25,19,207.37,234.01,expired_card,mastercard,0.77,0,10,1,1,434.71,0
20,30,101.4,94.63,expired_card,elo,0.715,2,15,4,3,139.32,0
3,16,123.5,120.23,insufficient_funds,mastercard,0.592,1,21,6,3,123.5,0
3,12,86.57,74.75,insufficient_funds,visa,0.42,5,16,4,2,86.57,0
16,15,102.39,103.54,insufficient_funds,mastercard,0.515,1,22,1,1,121.03,1
12,2,94.04,85.26,insufficient_funds,visa,0.574,1,3,6,3,94.04,1
52,17,137.18,134.34,processing_error,mastercard,0.704,1,14,6,3,545.27,1
3,20,458.53,516.22,card_declined,visa,0.514,1,10,1,1,458.53,0
30,4,33.51,31.02,insufficient_funds,mastercard,0.445,0,14,2,1,69.8,1
50,8,269.66,280.57,insufficient_funds,mastercard,0.511,2,19,0,2,1091.11,1
3,22,70.48,64.18,card_declined,hipercard,0.458,0,22,6,3,70.48,0
21,24,301.94,311.89,insufficient_funds,mastercard,0.715,0,9,3,3,483.04,0
43,31,72.69,68.09,do_not_honor,mastercard,0.564,0,13,1,1,224.88,0
56,8,141.04,148.72,processing_error,hipercard,0.922,1,15,1,2,654.7,1
1,25,84.89,91.78,insufficient_funds,amex,0.569,3,11,3,2,84.89,0
2,6,21.01,23.41,processing_error,mastercard,0.581,1,10,6,1,21.01,1
2,4,458.12,515.65,insufficient_funds,mastercard,0.624,2,20,2,1,458.12,1
11,23,42.31,39.03,insufficient_funds,visa,0.64,1,21,6,1,42.31,1
42,14,105.31,93.59,generic_decline,mastercard,0.885,1,1,4,1,301.36,0
16,24,38.38,33.18,card_declined,elo,0.604,0,22,4,1,38.78,0
3,9,29.81,31.78,insufficient_funds,hipercard,0.702,0,20,0,2,29.81,1
49,7,81.48,73.83,processing_error,visa,0.849,1,12,1,2,280.87,1
1,17,57.7,62.9,insufficient_funds,visa,0.506,0,17,4,1,57.7,1
9,4,34.61,39.44,card_declined,amex,0.327,0,15,0,3,34.61,0
18,9,94.72,84.72,generic_decline,amex,0.494,1,11,3,2,111.83,0
0,6,26.21,24.51,processing_error,elo,0.571,1,9,3,1,26.21,0
6,10,109.27,110.06,insufficient_funds,visa,0.58,4,16,4,1,109.27,0
24,24,87.3,85.48,insufficient_funds,elo,0.57,5,1,3,4,152.15,0
45,4,10.79,10.55,do_not_honor,mastercard,0.516,2,20,1,2,36.6,1
1,18,61.42,56.21,insufficient_funds,visa,0.402,3,18,5,2,61.42,1
67,17,148.19,165.49,do_not_honor,visa,0.745,1,17,5,4,877.79,0
56,16,38.0,40.07,insufficient_funds,visa,0.951,4,16,0,1,176.4,1
3,15,154.01,138.02,insufficient_funds,mastercard,0.618,1,17,3,1,154.01,0
10,20,143.56,122.22,insufficient_funds,visa,0.658,2,22,0,2,143.56,0
13,25,39.58,42.7,expired_card,mastercard,0.515,3,16,0,1,40.32,0
39,6,96.69,82.65,insufficient_funds,visa,0.776,0,12,0,1,245.78,1
6,24,203.41,226.62,insufficient_funds,mastercard,0.46,1,19,4,1,203.41,0
2,2,44.87,45.27,do_not_honor,hipercard,0.431,2,13,3,3,44.87,0
22,15,81.42,91.93,insufficient_funds,elo,0.715,3,21,3,1,149.44,1
47,16,271.55,293.7,expired_card,visa,0.77,2,15,1,3,1067.89,1
1,6,45.63,51.03,insufficient_funds,mastercard,0.509,1,12,0,1,45.63,1
1,4,146.98,157.73,expired_card,visa,0.65,0,8,1,2,146.98,1
7,3,37.48,38.34,insufficient_funds,mastercard,0.529,2,13,1,1,37.48,0
63,2,84.73,76.42,do_not_honor,visa,0.732,1,16,6,2,381.14,0
6,17,145.36,155.29,insufficient_funds,hipercard,0.536,1,8,0,2,145.36,0
2,5,11.55,11.87,insufficient_funds,visa,0.454,3,23,1,2,11.55,0
6,24,60.81,59.98,insufficient_funds,amex,0.362,0,17,0,1,60.81,1
45,27,143.13,145.65,insufficient_funds,elo,0.704,3,20,5,1,505.22,1
12,9,119.46,109.86,insufficient_funds,visa,0.617,1,8,0,3,119.46,0
20,6,61.46,59.7,expired_card,amex,0.551,1,14,0,1,87.89,1
26,13,36.64,32.51,insufficient_funds,mastercard,0.443,3,14,3,3,62.92,1
3,26,170.83,166.21,processing_error,mastercard,0.448,2,18,3,3,170.83,0
13,13,73.41,72.68,insufficient_funds,elo,0.537,0,15,2,4,73.41,1
37,4,158.67,175.7,expired_card,visa,0.756,0,11,5,2,493.89,1
12,30,137.02,138.14,insufficient_funds,visa,0.463,0,19,3,1,137.02,1
15,16,65.69,73.75,card_declined,amex,0.65,0,18,0,1,80.66,1
15,11,253.45,289.03,generic_decline,visa,0.655,2,14,1,3,316.13,0
27,26,57.66,49.86,insufficient_funds,hipercard,0.506,0,22,5,2,100.41,0
2,28,281.43,289.63,insufficient_funds,visa,0.422,2,9,0,1,281.43,0
58,16,316.11,297.07,expired_card,mastercard,0.943,1,16,5,3,1359.26,0
64,10,248.44,274.63,insufficient_funds,mastercard,0.916,1,21,3,2,1391.46,1
2,15,83.26,83.11,insufficient_funds,mastercard,0.643,3,18,1,1,83.26,0
6,7,939.15,820.28,insufficient_funds,hipercard,0.647,2,16,1,2,939.15,0
25,15,111.86,102.3,insufficient_funds,visa,0.679,0,8,1,3,190.04,1
42,7,121.09,127.41,do_not_honor,mastercard,0.675,1,1,0,1,410.26,0
5,19,95.85,83.76,insufficient_funds,visa,0.625,3,18,3,1,95.85,1
6,24,35.83,34.53,insufficient_funds,visa,0.541,0,15,1,4,35.83,0
2,29,308.84,343.27,insufficient_funds,visa,0.648,3,14,6,2,308.84,0
50,25,58.79,50.49,insufficient_funds,mastercard,0.849,5,14,0,3,196.35,0
4,4,221.25,234.27,expired_card,mastercard,0.484,5,10,2,1,221.25,0
